{
"type": "FeatureCollection",
"name": "geo_42_小学校",
"crs": { "type": "name", "properties": { "name": "urn:ogc:def:crs:EPSG::6668" } },
"features": [
{ "type": "Feature", "properties": { "P29_001": "42201", "P29_002": "B142110000011", "P29_003": "16001", "P29_004": "長崎大学教育学部附属小学校", "P29_005": "長崎県長崎市文教町4-23", "P29_006": "1", "P29_007": "1", "P29_008": "00", "P29_009": null }, "geometry": { "type": "Point", "coordinates": [ 129.868846880306535, 32.789680062870787 ] } },
{ "type": "Feature", "properties": { "P29_001": "42201", "P29_002": "B142210000019", "P29_003": "16001", "P29_004": "長崎市立日見小学校", "P29_005": "長崎県長崎市界2-14-1", "P29_006": "3", "P29_007": "1", "P29_008": "00", "P29_009": null }, "geometry": { "type": "Point", "coordinates": [ 129.941725387841672, 32.756907835428031 ] } },
{ "type": "Feature", "properties": { "P29_001": "42201", "P29_002": "B142210000028", "P29_003": "16001", "P29_004": "長崎市立伊良林小学校", "P29_005": "長崎県長崎市伊良林1-10-1", "P29_006": "3", "P29_007": "1", "P29_008": "00", "P29_009": null }, "geometry": { "type": "Point", "coordinates": [ 129.888957140248067, 32.751638123385142 ] } },
{ "type": "Feature", "properties": { "P29_001": "42201", "P29_002": "B142210000037", "P29_003": "16001", "P29_004": "長崎市立上長崎小学校", "P29_005": "長崎県長崎市下西山町9-1", "P29_006": "3", "P29_007": "1", "P29_008": "00", "P29_009": null }, "geometry": { "type": "Point", "coordinates": [ 129.885796089392386, 32.756683041496444 ] } },
{ "type": "Feature", "properties": { "P29_001": "42201", "P29_002": "B142210000046", "P29_003": "16001", "P29_004": "長崎市立西坂小学校", "P29_005": "長崎県長崎市御船蔵町6-53", "P29_006": "3", "P29_007": "1", "P29_008": "00", "P29_009": null }, "geometry": { "type": "Point", "coordinates": [ 129.872236000598946, 32.756556995161056 ] } },
{ "type": "Feature", "properties": { "P29_001": "42201", "P29_002": "B142210000055", "P29_003": "16001", "P29_004": "長崎市立小島小学校", "P29_005": "長崎県長崎市愛宕1-4-16", "P29_006": "3", "P29_007": "1", "P29_008": "00", "P29_009": null }, "geometry": { "type": "Point", "coordinates": [ 129.886485995709478, 32.737058997586601 ] } },
{ "type": "Feature", "properties": { "P29_001": "42201", "P29_002": "B142210000064", "P29_003": "16001", "P29_004": "長崎市立愛宕小学校", "P29_005": "長崎県長崎市白木町17-1", "P29_006": "3", "P29_007": "1", "P29_008": "00", "P29_009": null }, "geometry": { "type": "Point", "coordinates": [ 129.899386953873432, 32.736048634812086 ] } },
{ "type": "Feature", "properties": { "P29_001": "42201", "P29_002": "B142210000073", "P29_003": "16001", "P29_004": "長崎市立戸町小学校", "P29_005": "長崎県長崎市戸町2-9-1", "P29_006": "3", "P29_007": "1", "P29_008": "00", "P29_009": null }, "geometry": { "type": "Point", "coordinates": [ 129.864487406184963, 32.72112286303453 ] } },
{ "type": "Feature", "properties": { "P29_001": "42201", "P29_002": "B142210000082", "P29_003": "16001", "P29_004": "長崎市立小ケ倉小学校", "P29_005": "長崎県長崎市小ヶ倉町1-408", "P29_006": "3", "P29_007": "1", "P29_008": "00", "P29_009": null }, "geometry": { "type": "Point", "coordinates": [ 129.851477711624341, 32.706217601709277 ] } },
{ "type": "Feature", "properties": { "P29_001": "42201", "P29_002": "B142210000091", "P29_003": "16001", "P29_004": "長崎市立土井首小学校", "P29_005": "長崎県長崎市柳田町194", "P29_006": "3", "P29_007": "1", "P29_008": "00", "P29_009": null }, "geometry": { "type": "Point", "coordinates": [ 129.846225316376433, 32.685678958653355 ] } },
{ "type": "Feature", "properties": { "P29_001": "42201", "P29_002": "B142210000108", "P29_003": "16001", "P29_004": "長崎市立深堀小学校", "P29_005": "長崎県長崎市深堀町5-148", "P29_006": "3", "P29_007": "1", "P29_008": "00", "P29_009": null }, "geometry": { "type": "Point", "coordinates": [ 129.822570011378076, 32.684773454181268 ] } },
{ "type": "Feature", "properties": { "P29_001": "42201", "P29_002": "B142210000117", "P29_003": "16001", "P29_004": "長崎市立手熊小学校", "P29_005": "長崎県長崎市手熊町1382-1", "P29_006": "3", "P29_007": "1", "P29_008": "00", "P29_009": null }, "geometry": { "type": "Point", "coordinates": [ 129.805952205405731, 32.780961603749802 ] } },
{ "type": "Feature", "properties": { "P29_001": "42201", "P29_002": "B142210000126", "P29_003": "16001", "P29_004": "長崎市立福田小学校", "P29_005": "長崎県長崎市福田本町1493-1", "P29_006": "3", "P29_007": "1", "P29_008": "00", "P29_009": null }, "geometry": { "type": "Point", "coordinates": [ 129.815035733601945, 32.742453899446211 ] } },
{ "type": "Feature", "properties": { "P29_001": "42201", "P29_002": "B142210000135", "P29_003": "16001", "P29_004": "長崎市立小榊小学校", "P29_005": "長崎県長崎市みなと坂1-35-6", "P29_006": "3", "P29_007": "1", "P29_008": "00", "P29_009": null }, "geometry": { "type": "Point", "coordinates": [ 129.833784633890644, 32.729706526548284 ] } },
{ "type": "Feature", "properties": { "P29_001": "42201", "P29_002": "B142210000144", "P29_003": "16001", "P29_004": "長崎市立飽浦小学校", "P29_005": "長崎県長崎市飽の浦町17-1", "P29_006": "3", "P29_007": "1", "P29_008": "00", "P29_009": null }, "geometry": { "type": "Point", "coordinates": [ 129.853984133596668, 32.743744338524934 ] } },
{ "type": "Feature", "properties": { "P29_001": "42201", "P29_002": "B142210000153", "P29_003": "16001", "P29_004": "長崎市立朝日小学校", "P29_005": "長崎県長崎市平戸小屋町10-1", "P29_006": "3", "P29_007": "1", "P29_008": "00", "P29_009": null }, "geometry": { "type": "Point", "coordinates": [ 129.858945753601489, 32.750921484970092 ] } },
{ "type": "Feature", "properties": { "P29_001": "42201", "P29_002": "B142210000162", "P29_003": "16001", "P29_004": "長崎市立稲佐小学校", "P29_005": "長崎県長崎市稲佐町11-1", "P29_006": "3", "P29_007": "1", "P29_008": "00", "P29_009": null }, "geometry": { "type": "Point", "coordinates": [ 129.86087737957422, 32.75633826538693 ] } },
{ "type": "Feature", "properties": { "P29_001": "42201", "P29_002": "B142210000171", "P29_003": "16001", "P29_004": "長崎市立城山小学校", "P29_005": "長崎県長崎市城山町23-1", "P29_006": "3", "P29_007": "1", "P29_008": "00", "P29_009": null }, "geometry": { "type": "Point", "coordinates": [ 129.857598004032582, 32.773583003041644 ] } },
{ "type": "Feature", "properties": { "P29_001": "42201", "P29_002": "B142210000180", "P29_003": "16001", "P29_004": "長崎市立西城山小学校", "P29_005": "長崎県長崎市金堀町23-1", "P29_006": "3", "P29_007": "1", "P29_008": "00", "P29_009": null }, "geometry": { "type": "Point", "coordinates": [ 129.846641988166596, 32.772617442326414 ] } },
{ "type": "Feature", "properties": { "P29_001": "42201", "P29_002": "B142210000199", "P29_003": "16001", "P29_004": "長崎市立西町小学校", "P29_005": "長崎県長崎市西町2-1", "P29_006": "3", "P29_007": "1", "P29_008": "00", "P29_009": null }, "geometry": { "type": "Point", "coordinates": [ 129.854487002245776, 32.784665000861978 ] } },
{ "type": "Feature", "properties": { "P29_001": "42201", "P29_002": "B142210000206", "P29_003": "16001", "P29_004": "長崎市立西北小学校", "P29_005": "長崎県長崎市西北町13-1", "P29_006": "3", "P29_007": "1", "P29_008": "00", "P29_009": null }, "geometry": { "type": "Point", "coordinates": [ 129.852264000959593, 32.7974410010752 ] } },
{ "type": "Feature", "properties": { "P29_001": "42201", "P29_002": "B142210000215", "P29_003": "16001", "P29_004": "長崎市立滑石小学校", "P29_005": "長崎県長崎市滑石2-20-5", "P29_006": "3", "P29_007": "1", "P29_008": "00", "P29_009": null }, "geometry": { "type": "Point", "coordinates": [ 129.842677077034608, 32.809720499953272 ] } },
{ "type": "Feature", "properties": { "P29_001": "42201", "P29_002": "B142210000224", "P29_003": "16001", "P29_004": "長崎市立大園小学校", "P29_005": "長崎県長崎市滑石6-1-59", "P29_006": "3", "P29_007": "1", "P29_008": "00", "P29_009": null }, "geometry": { "type": "Point", "coordinates": [ 129.836783714199129, 32.805084243232962 ] } },
{ "type": "Feature", "properties": { "P29_001": "42201", "P29_002": "B142210000233", "P29_003": "16001", "P29_004": "長崎市立西浦上小学校", "P29_005": "長崎県長崎市大手1-14-3", "P29_006": "3", "P29_007": "1", "P29_008": "00", "P29_009": null }, "geometry": { "type": "Point", "coordinates": [ 129.872980610589025, 32.792005502059546 ] } },
{ "type": "Feature", "properties": { "P29_001": "42201", "P29_002": "B142210000242", "P29_003": "16001", "P29_004": "長崎市立高尾小学校", "P29_005": "長崎県長崎市高尾町7-49", "P29_006": "3", "P29_007": "1", "P29_008": "00", "P29_009": null }, "geometry": { "type": "Point", "coordinates": [ 129.873990250409889, 32.780981384432984 ] } },
{ "type": "Feature", "properties": { "P29_001": "42201", "P29_002": "B142210000251", "P29_003": "16001", "P29_004": "長崎市立山里小学校", "P29_005": "長崎県長崎市橋口町20-56", "P29_006": "3", "P29_007": "1", "P29_008": "00", "P29_009": null }, "geometry": { "type": "Point", "coordinates": [ 129.865124798933806, 32.780191143611553 ] } },
{ "type": "Feature", "properties": { "P29_001": "42201", "P29_002": "B142210000260", "P29_003": "16001", "P29_004": "長崎市立坂本小学校", "P29_005": "長崎県長崎市坂本3-3-1", "P29_006": "3", "P29_007": "1", "P29_008": "00", "P29_009": null }, "geometry": { "type": "Point", "coordinates": [ 129.870544307790738, 32.770177281279295 ] } },
{ "type": "Feature", "properties": { "P29_001": "42201", "P29_002": "B142210000279", "P29_003": "16001", "P29_004": "長崎市立銭座小学校", "P29_005": "長崎県長崎市銭座町1-16", "P29_006": "3", "P29_007": "1", "P29_008": "00", "P29_009": null }, "geometry": { "type": "Point", "coordinates": [ 129.867422204329586, 32.760610144698823 ] } },
{ "type": "Feature", "properties": { "P29_001": "42201", "P29_002": "B142210000288", "P29_003": "16001", "P29_004": "長崎市立茂木小学校", "P29_005": "長崎県長崎市茂木町283-2", "P29_006": "3", "P29_007": "1", "P29_008": "00", "P29_009": null }, "geometry": { "type": "Point", "coordinates": [ 129.905604903739061, 32.705698821351753 ] } },
{ "type": "Feature", "properties": { "P29_001": "42201", "P29_002": "B142210000297", "P29_003": "16001", "P29_004": "長崎市立日吉小学校", "P29_005": "長崎県長崎市飯香浦町3478", "P29_006": "3", "P29_007": "1", "P29_008": "00", "P29_009": null }, "geometry": { "type": "Point", "coordinates": [ 129.933500784506805, 32.728549378152124 ] } },
{ "type": "Feature", "properties": { "P29_001": "42201", "P29_002": "B142210000304", "P29_003": "16001", "P29_004": "長崎市立南小学校", "P29_005": "長崎県長崎市千々町513", "P29_006": "3", "P29_007": "1", "P29_008": "00", "P29_009": null }, "geometry": { "type": "Point", "coordinates": [ 129.885538208902261, 32.661559433977942 ] } },
{ "type": "Feature", "properties": { "P29_001": "42201", "P29_002": "B142210000313", "P29_003": "16001", "P29_004": "長崎市立式見小学校", "P29_005": "長崎県長崎市式見町678", "P29_006": "3", "P29_007": "1", "P29_008": "00", "P29_009": null }, "geometry": { "type": "Point", "coordinates": [ 129.793025124798817, 32.788167145360539 ] } },
{ "type": "Feature", "properties": { "P29_001": "42201", "P29_002": "B142210000322", "P29_003": "16001", "P29_004": "長崎市立矢上小学校", "P29_005": "長崎県長崎市矢上町12-12", "P29_006": "3", "P29_007": "1", "P29_008": "00", "P29_009": null }, "geometry": { "type": "Point", "coordinates": [ 129.950277999383928, 32.77350700049454 ] } },
{ "type": "Feature", "properties": { "P29_001": "42201", "P29_002": "B142210000331", "P29_003": "16001", "P29_004": "長崎市立戸石小学校", "P29_005": "長崎県長崎市戸石町1281", "P29_006": "3", "P29_007": "1", "P29_008": "00", "P29_009": null }, "geometry": { "type": "Point", "coordinates": [ 129.978690732576581, 32.769062563605367 ] } },
{ "type": "Feature", "properties": { "P29_001": "42201", "P29_002": "B142210000340", "P29_003": "16001", "P29_004": "長崎市立古賀小学校", "P29_005": "長崎県長崎市松原町2462", "P29_006": "3", "P29_007": "1", "P29_008": "00", "P29_009": null }, "geometry": { "type": "Point", "coordinates": [ 129.954716850188078, 32.79952037117031 ] } },
{ "type": "Feature", "properties": { "P29_001": "42201", "P29_002": "B142210000359", "P29_003": "16001", "P29_004": "長崎市立北陽小学校", "P29_005": "長崎県長崎市滑石4-4-8", "P29_006": "3", "P29_007": "1", "P29_008": "00", "P29_009": null }, "geometry": { "type": "Point", "coordinates": [ 129.831387563677055, 32.80698706764214 ] } },
{ "type": "Feature", "properties": { "P29_001": "42201", "P29_002": "B142210000368", "P29_003": "16001", "P29_004": "長崎市立三原小学校", "P29_005": "長崎県長崎市立三原2-16-45", "P29_006": "3", "P29_007": "1", "P29_008": "00", "P29_009": null }, "geometry": { "type": "Point", "coordinates": [ 129.880718016710006, 32.786222197144603 ] } },
{ "type": "Feature", "properties": { "P29_001": "42202", "P29_002": "B142210000377", "P29_003": "16001", "P29_004": "佐世保市立宮小学校", "P29_005": "長崎県佐世保市萩坂町1715", "P29_006": "3", "P29_007": "1", "P29_008": "00", "P29_009": null }, "geometry": { "type": "Point", "coordinates": [ 129.817464877973691, 33.088611855764469 ] } },
{ "type": "Feature", "properties": { "P29_001": "42202", "P29_002": "B142210000386", "P29_003": "16001", "P29_004": "佐世保市立三川内小学校", "P29_005": "長崎県佐世保市口の尾町698", "P29_006": "3", "P29_007": "1", "P29_008": "00", "P29_009": null }, "geometry": { "type": "Point", "coordinates": [ 129.828758184038037, 33.158710772951743 ] } },
{ "type": "Feature", "properties": { "P29_001": "42202", "P29_002": "B142210000395", "P29_003": "16001", "P29_004": "佐世保市立広田小学校", "P29_005": "長崎県佐世保市広田1-25-4", "P29_006": "3", "P29_007": "1", "P29_008": "00", "P29_009": null }, "geometry": { "type": "Point", "coordinates": [ 129.802371419474696, 33.127361150032797 ] } },
{ "type": "Feature", "properties": { "P29_001": "42202", "P29_002": "B142210000402", "P29_003": "16001", "P29_004": "佐世保市立早岐小学校", "P29_005": "長崎県佐世保市早岐2-32-12", "P29_006": "3", "P29_007": "1", "P29_008": "00", "P29_009": null }, "geometry": { "type": "Point", "coordinates": [ 129.797591999154804, 33.139712995346599 ] } },
{ "type": "Feature", "properties": { "P29_001": "42202", "P29_002": "B142210000411", "P29_003": "16001", "P29_004": "佐世保市立江上小学校", "P29_005": "長崎県佐世保市指方町2382", "P29_006": "3", "P29_007": "1", "P29_008": "00", "P29_009": null }, "geometry": { "type": "Point", "coordinates": [ 129.779041933695964, 33.108657122431815 ] } },
{ "type": "Feature", "properties": { "P29_001": "42202", "P29_002": "B142210000420", "P29_003": "16001", "P29_004": "佐世保市立針尾小学校", "P29_005": "長崎県佐世保市針尾中町1863", "P29_006": "3", "P29_007": "1", "P29_008": "00", "P29_009": null }, "geometry": { "type": "Point", "coordinates": [ 129.755123787096636, 33.081848566615342 ] } },
{ "type": "Feature", "properties": { "P29_001": "42202", "P29_002": "B142210000439", "P29_003": "16001", "P29_004": "佐世保市立黒髪小学校", "P29_005": "長崎県佐世保市黒髪町52-1", "P29_006": "3", "P29_007": "1", "P29_008": "00", "P29_009": null }, "geometry": { "type": "Point", "coordinates": [ 129.775631306669595, 33.164596684949863 ] } },
{ "type": "Feature", "properties": { "P29_001": "42202", "P29_002": "B142210000448", "P29_003": "16001", "P29_004": "佐世保市立日宇小学校", "P29_005": "長崎県佐世保市日宇町284", "P29_006": "3", "P29_007": "1", "P29_008": "00", "P29_009": null }, "geometry": { "type": "Point", "coordinates": [ 129.756397231659804, 33.164131016290455 ] } },
{ "type": "Feature", "properties": { "P29_001": "42202", "P29_002": "B142210000457", "P29_003": "16001", "P29_004": "佐世保市立天神小学校", "P29_005": "長崎県佐世保市天神1-11-13", "P29_006": "3", "P29_007": "1", "P29_008": "00", "P29_009": null }, "geometry": { "type": "Point", "coordinates": [ 129.738792000294239, 33.149599003017052 ] } },
{ "type": "Feature", "properties": { "P29_001": "42202", "P29_002": "B142210000466", "P29_003": "16001", "P29_004": "佐世保市立福石小学校", "P29_005": "長崎県佐世保市大宮町32-1", "P29_006": "3", "P29_007": "1", "P29_008": "00", "P29_009": null }, "geometry": { "type": "Point", "coordinates": [ 129.742309401719098, 33.156039149996879 ] } },
{ "type": "Feature", "properties": { "P29_001": "42202", "P29_002": "B142210000475", "P29_003": "16001", "P29_004": "佐世保市立木風小学校", "P29_005": "長崎県佐世保市木風町180", "P29_006": "3", "P29_007": "1", "P29_008": "00", "P29_009": null }, "geometry": { "type": "Point", "coordinates": [ 129.741020773019727, 33.167408953777795 ] } },
{ "type": "Feature", "properties": { "P29_001": "42202", "P29_002": "B142210000484", "P29_003": "16001", "P29_004": "佐世保市立潮見小学校", "P29_005": "長崎県佐世保市須田尾町19-44", "P29_006": "3", "P29_007": "1", "P29_008": "00", "P29_009": null }, "geometry": { "type": "Point", "coordinates": [ 129.734108098923087, 33.165280897047737 ] } },
{ "type": "Feature", "properties": { "P29_001": "42202", "P29_002": "B142210000493", "P29_003": "16001", "P29_004": "佐世保市立白南風小学校", "P29_005": "長崎県佐世保市山祇町387", "P29_006": "3", "P29_007": "1", "P29_008": "00", "P29_009": null }, "geometry": { "type": "Point", "coordinates": [ 129.73332525812495, 33.168513478280246 ] } },
{ "type": "Feature", "properties": { "P29_001": "42202", "P29_002": "B142210000509", "P29_003": "16001", "P29_004": "佐世保市立小佐世保小学校", "P29_005": "長崎県佐世保市小佐世保町18-1", "P29_006": "3", "P29_007": "1", "P29_008": "00", "P29_009": null }, "geometry": { "type": "Point", "coordinates": [ 129.734307467934542, 33.176432304780384 ] } },
{ "type": "Feature", "properties": { "P29_001": "42202", "P29_002": "B142210000518", "P29_003": "16001", "P29_004": "佐世保市立山手小学校", "P29_005": "長崎県佐世保市山手町16-38", "P29_006": "3", "P29_007": "1", "P29_008": "00", "P29_009": null }, "geometry": { "type": "Point", "coordinates": [ 129.727264805480445, 33.187167348602671 ] } },
{ "type": "Feature", "properties": { "P29_001": "42202", "P29_002": "B142210000527", "P29_003": "16001", "P29_004": "佐世保市立春日小学校", "P29_005": "長崎県佐世保市瀬戸越3-19-1", "P29_006": "3", "P29_007": "1", "P29_008": "00", "P29_009": null }, "geometry": { "type": "Point", "coordinates": [ 129.727813737643942, 33.203659066978361 ] } },
{ "type": "Feature", "properties": { "P29_001": "42202", "P29_002": "B142210000536", "P29_003": "16001", "P29_004": "佐世保市立大久保小学校", "P29_005": "長崎県佐世保市東大久保町9-10", "P29_006": "3", "P29_007": "1", "P29_008": "00", "P29_009": null }, "geometry": { "type": "Point", "coordinates": [ 129.710075923145979, 33.177713338810115 ] } },
{ "type": "Feature", "properties": { "P29_001": "42202", "P29_002": "B142210000545", "P29_003": "16001", "P29_004": "佐世保市立赤崎小学校", "P29_005": "長崎県佐世保市鹿子前町330", "P29_006": "3", "P29_007": "1", "P29_008": "00", "P29_009": null }, "geometry": { "type": "Point", "coordinates": [ 129.688646675244968, 33.160266918088652 ] } },
{ "type": "Feature", "properties": { "P29_001": "42202", "P29_002": "B142210000554", "P29_003": "16001", "P29_004": "佐世保市立船越小学校", "P29_005": "長崎県佐世保市船越町759", "P29_006": "3", "P29_007": "1", "P29_008": "00", "P29_009": null }, "geometry": { "type": "Point", "coordinates": [ 129.690264919224802, 33.145418836928314 ] } },
{ "type": "Feature", "properties": { "P29_001": "42202", "P29_002": "B142210000563", "P29_003": "16001", "P29_004": "佐世保市立日野小学校", "P29_005": "長崎県佐世保市日野町1308", "P29_006": "3", "P29_007": "1", "P29_008": "00", "P29_009": null }, "geometry": { "type": "Point", "coordinates": [ 129.677382433964482, 33.172385695228591 ] } },
{ "type": "Feature", "properties": { "P29_001": "42202", "P29_002": "B142210000572", "P29_003": "16001", "P29_004": "佐世保市立相浦小学校", "P29_005": "長崎県佐世保市上相浦町3-9", "P29_006": "3", "P29_007": "1", "P29_008": "00", "P29_009": null }, "geometry": { "type": "Point", "coordinates": [ 129.668091351092386, 33.193010309536405 ] } },
{ "type": "Feature", "properties": { "P29_001": "42202", "P29_002": "B142210000581", "P29_003": "16001", "P29_004": "佐世保市立相浦小学校高島分校", "P29_005": "長崎県佐世保市高島町336", "P29_006": "3", "P29_007": "1", "P29_008": "00", "P29_009": null }, "geometry": { "type": "Point", "coordinates": [ 129.589076615055063, 33.164782903096921 ] } },
{ "type": "Feature", "properties": { "P29_001": "42202", "P29_002": "B142210000590", "P29_003": "16001", "P29_004": "佐世保市立相浦西小学校大崎分校", "P29_005": "長崎県佐世保市大潟町467", "P29_006": "3", "P29_007": "1", "P29_008": "00", "P29_009": null }, "geometry": { "type": "Point", "coordinates": [ 129.645756567468851, 33.173582958558228 ] } },
{ "type": "Feature", "properties": { "P29_001": "42202", "P29_002": "B142210000607", "P29_003": "16001", "P29_004": "佐世保市立中里小学校", "P29_005": "長崎県佐世保市中里町356", "P29_006": "3", "P29_007": "1", "P29_008": "00", "P29_009": null }, "geometry": { "type": "Point", "coordinates": [ 129.68343500391407, 33.203148998287837 ] } },
{ "type": "Feature", "properties": { "P29_001": "42202", "P29_002": "B142210000616", "P29_003": "16001", "P29_004": "佐世保市立皆瀬小学校", "P29_005": "長崎県佐世保市皆瀬町207", "P29_006": "3", "P29_007": "1", "P29_008": "00", "P29_009": null }, "geometry": { "type": "Point", "coordinates": [ 129.697641492195856, 33.214606105746242 ] } },
{ "type": "Feature", "properties": { "P29_001": "42202", "P29_002": "B142210000625", "P29_003": "16001", "P29_004": "佐世保市立大野小学校", "P29_005": "長崎県佐世保市原分町1", "P29_006": "3", "P29_007": "1", "P29_008": "00", "P29_009": null }, "geometry": { "type": "Point", "coordinates": [ 129.725546009202134, 33.210737007054306 ] } },
{ "type": "Feature", "properties": { "P29_001": "42202", "P29_002": "B142210000634", "P29_003": "16001", "P29_004": "佐世保市立柚木小学校", "P29_005": "長崎県佐世保市上柚木町3204", "P29_006": "3", "P29_007": "1", "P29_008": "00", "P29_009": null }, "geometry": { "type": "Point", "coordinates": [ 129.773852907779343, 33.213328412780051 ] } },
{ "type": "Feature", "properties": { "P29_001": "42203", "P29_002": "B142210000643", "P29_003": "16001", "P29_004": "島原市立第一小学校", "P29_005": "長崎県島原市城内1-1129", "P29_006": "3", "P29_007": "1", "P29_008": "00", "P29_009": null }, "geometry": { "type": "Point", "coordinates": [ 130.365978516331978, 32.792807859058698 ] } },
{ "type": "Feature", "properties": { "P29_001": "42203", "P29_002": "B142210000652", "P29_003": "16001", "P29_004": "島原市立第二小学校", "P29_005": "長崎県島原市萩が丘2-5688", "P29_006": "3", "P29_007": "1", "P29_008": "00", "P29_009": null }, "geometry": { "type": "Point", "coordinates": [ 130.359499402615711, 32.782408501044777 ] } },
{ "type": "Feature", "properties": { "P29_001": "42203", "P29_002": "B142210000661", "P29_003": "16001", "P29_004": "島原市立第三小学校", "P29_005": "長崎県島原市広馬場町7758", "P29_006": "3", "P29_007": "1", "P29_008": "00", "P29_009": null }, "geometry": { "type": "Point", "coordinates": [ 130.372149743139346, 32.774392855458537 ] } },
{ "type": "Feature", "properties": { "P29_001": "42203", "P29_002": "B142210000670", "P29_003": "16001", "P29_004": "島原市立第四小学校", "P29_005": "長崎県島原市宇土町乙670-1", "P29_006": "3", "P29_007": "1", "P29_008": "00", "P29_009": null }, "geometry": { "type": "Point", "coordinates": [ 130.347029861624918, 32.798314878237484 ] } },
{ "type": "Feature", "properties": { "P29_001": "42203", "P29_002": "B142210000689", "P29_003": "16001", "P29_004": "島原市立三会小学校", "P29_005": "長崎県島原市中原町乙1462", "P29_006": "3", "P29_007": "1", "P29_008": "00", "P29_009": null }, "geometry": { "type": "Point", "coordinates": [ 130.348651892304389, 32.817007520311599 ] } },
{ "type": "Feature", "properties": { "P29_001": "42203", "P29_002": "B142210000698", "P29_003": "16001", "P29_004": "島原市立三会小学校長貫分校", "P29_005": "長崎県島原市長貫町丙1902", "P29_006": "3", "P29_007": "1", "P29_008": "00", "P29_009": null }, "geometry": { "type": "Point", "coordinates": [ 130.324394509933086, 32.813023127194043 ] } },
{ "type": "Feature", "properties": { "P29_001": "42203", "P29_002": "B142210000705", "P29_003": "16001", "P29_004": "島原市立第五小学校", "P29_005": "長崎県島原市大下町丙1049", "P29_006": "3", "P29_007": "1", "P29_008": "00", "P29_009": null }, "geometry": { "type": "Point", "coordinates": [ 130.360430633069882, 32.754621647251852 ] } },
{ "type": "Feature", "properties": { "P29_001": "42204", "P29_002": "B142210000714", "P29_003": "16001", "P29_004": "諫早市立諫早小学校", "P29_005": "長崎県諫早市仲沖町457-4", "P29_006": "3", "P29_007": "1", "P29_008": "00", "P29_009": null }, "geometry": { "type": "Point", "coordinates": [ 130.068589657067179, 32.844140752651427 ] } },
{ "type": "Feature", "properties": { "P29_001": "42204", "P29_002": "B142210000723", "P29_003": "16001", "P29_004": "諫早市立北諫早小学校", "P29_005": "長崎県諫早市金谷町1-1", "P29_006": "3", "P29_007": "1", "P29_008": "00", "P29_009": null }, "geometry": { "type": "Point", "coordinates": [ 130.050558777777411, 32.849952242480924 ] } },
{ "type": "Feature", "properties": { "P29_001": "42204", "P29_002": "B142210000732", "P29_003": "16001", "P29_004": "諫早市立小野小学校", "P29_005": "長崎県諫早市宗方町365", "P29_006": "3", "P29_007": "1", "P29_008": "00", "P29_009": null }, "geometry": { "type": "Point", "coordinates": [ 130.085964190380196, 32.832411425649006 ] } },
{ "type": "Feature", "properties": { "P29_001": "42204", "P29_002": "B142210000741", "P29_003": "16001", "P29_004": "諫早市立有喜小学校", "P29_005": "長崎県諫早市有喜町800", "P29_006": "3", "P29_007": "1", "P29_008": "00", "P29_009": null }, "geometry": { "type": "Point", "coordinates": [ 130.077164829622177, 32.796631682016127 ] } },
{ "type": "Feature", "properties": { "P29_001": "42204", "P29_002": "B142210000750", "P29_003": "16001", "P29_004": "諫早市立真津山小学校", "P29_005": "長崎県諫早市貝津町715-2", "P29_006": "3", "P29_007": "1", "P29_008": "00", "P29_009": null }, "geometry": { "type": "Point", "coordinates": [ 130.007095971909081, 32.836103497931838 ] } },
{ "type": "Feature", "properties": { "P29_001": "42204", "P29_002": "B142210000769", "P29_003": "16001", "P29_004": "諫早市立本野小学校", "P29_005": "長崎県諫早市本野町94", "P29_006": "3", "P29_007": "1", "P29_008": "00", "P29_009": null }, "geometry": { "type": "Point", "coordinates": [ 130.025122377056277, 32.893818095618613 ] } },
{ "type": "Feature", "properties": { "P29_001": "42204", "P29_002": "B142210000778", "P29_003": "16001", "P29_004": "諫早市立長田小学校", "P29_005": "長崎県諫早市西里町800", "P29_006": "3", "P29_007": "1", "P29_008": "00", "P29_009": null }, "geometry": { "type": "Point", "coordinates": [ 130.075143094472878, 32.863384480156391 ] } },
{ "type": "Feature", "properties": { "P29_001": "42204", "P29_002": "B142210000787", "P29_003": "16001", "P29_004": "諫早市立上諫早小学校", "P29_005": "長崎県諫早市本明町99-2", "P29_006": "3", "P29_007": "1", "P29_008": "00", "P29_009": null }, "geometry": { "type": "Point", "coordinates": [ 130.041275949832425, 32.865948471658861 ] } },
{ "type": "Feature", "properties": { "P29_001": "42204", "P29_002": "B142210000796", "P29_003": "16001", "P29_004": "諫早市立小栗小学校", "P29_005": "長崎県諫早市小川町9", "P29_006": "3", "P29_007": "1", "P29_008": "00", "P29_009": null }, "geometry": { "type": "Point", "coordinates": [ 130.060619676950466, 32.831796087336151 ] } },
{ "type": "Feature", "properties": { "P29_001": "42204", "P29_002": "B142210000803", "P29_003": "16001", "P29_004": "諫早市立真崎小学校", "P29_005": "長崎県諫早市白岩町3-1", "P29_006": "3", "P29_007": "1", "P29_008": "00", "P29_009": null }, "geometry": { "type": "Point", "coordinates": [ 130.021760530916993, 32.847030781184365 ] } },
{ "type": "Feature", "properties": { "P29_001": "42204", "P29_002": "B142210000812", "P29_003": "16001", "P29_004": "諫早市立みはる台小学校", "P29_005": "長崎県諫早市平山町200", "P29_006": "3", "P29_007": "1", "P29_008": "00", "P29_009": null }, "geometry": { "type": "Point", "coordinates": [ 130.038577084143157, 32.83171118697949 ] } },
{ "type": "Feature", "properties": { "P29_001": "42204", "P29_002": "B142210000821", "P29_003": "16001", "P29_004": "諫早市立御館山小学校", "P29_005": "長崎県諫早市西栄田町1250-4", "P29_006": "3", "P29_007": "1", "P29_008": "00", "P29_009": null }, "geometry": { "type": "Point", "coordinates": [ 130.032148404214666, 32.856186827201604 ] } },
{ "type": "Feature", "properties": { "P29_001": "42204", "P29_002": "B142210000830", "P29_003": "16001", "P29_004": "諫早市立上山小学校", "P29_005": "長崎県諫早市西小路町1031-1", "P29_006": "3", "P29_007": "1", "P29_008": "00", "P29_009": null }, "geometry": { "type": "Point", "coordinates": [ 130.049721649643573, 32.83981051492195 ] } },
{ "type": "Feature", "properties": { "P29_001": "42205", "P29_002": "B142210000849", "P29_003": "16001", "P29_004": "大村市立三浦小学校", "P29_005": "長崎県大村市日泊町590", "P29_006": "3", "P29_007": "1", "P29_008": "00", "P29_009": null }, "geometry": { "type": "Point", "coordinates": [ 129.985337563728422, 32.862535704662491 ] } },
{ "type": "Feature", "properties": { "P29_001": "42205", "P29_002": "B142210000858", "P29_003": "16001", "P29_004": "大村市立鈴田小学校", "P29_005": "長崎県大村市大里町1546-1", "P29_006": "3", "P29_007": "1", "P29_008": "00", "P29_009": null }, "geometry": { "type": "Point", "coordinates": [ 129.992609982434089, 32.89056266422935 ] } },
{ "type": "Feature", "properties": { "P29_001": "42205", "P29_002": "B142210000867", "P29_003": "16001", "P29_004": "大村市立三城小学校", "P29_005": "長崎県大村市東三城町17", "P29_006": "3", "P29_007": "1", "P29_008": "00", "P29_009": null }, "geometry": { "type": "Point", "coordinates": [ 129.958303681621743, 32.91194216285183 ] } },
{ "type": "Feature", "properties": { "P29_001": "42205", "P29_002": "B142210000876", "P29_003": "16001", "P29_004": "大村市立大村小学校", "P29_005": "長崎県大村市玖島1-61", "P29_006": "3", "P29_007": "1", "P29_008": "00", "P29_009": null }, "geometry": { "type": "Point", "coordinates": [ 129.960309166816018, 32.89958558847956 ] } },
{ "type": "Feature", "properties": { "P29_001": "42205", "P29_002": "B142210000885", "P29_003": "16001", "P29_004": "大村市立東大村小学校", "P29_005": "長崎県大村市東大村2-1112", "P29_006": "3", "P29_007": "1", "P29_008": "00", "P29_009": null }, "geometry": { "type": "Point", "coordinates": [ 129.996281889776924, 32.926169554763099 ] } },
{ "type": "Feature", "properties": { "P29_001": "42205", "P29_002": "B142210000894", "P29_003": "16001", "P29_004": "大村市立西大村小学校", "P29_005": "長崎県大村市乾馬場町486", "P29_006": "3", "P29_007": "1", "P29_008": "00", "P29_009": null }, "geometry": { "type": "Point", "coordinates": [ 129.958892051302712, 32.921523960759224 ] } },
{ "type": "Feature", "properties": { "P29_001": "42205", "P29_002": "B142210000901", "P29_003": "16001", "P29_004": "大村市立中央小学校", "P29_005": "長崎県大村市松並1-1275", "P29_006": "3", "P29_007": "1", "P29_008": "00", "P29_009": null }, "geometry": { "type": "Point", "coordinates": [ 129.953534633937892, 32.920716066606374 ] } },
{ "type": "Feature", "properties": { "P29_001": "42205", "P29_002": "B142210000910", "P29_003": "16001", "P29_004": "大村市立竹松小学校", "P29_005": "長崎県大村市宮小路1-481", "P29_006": "3", "P29_007": "1", "P29_008": "00", "P29_009": null }, "geometry": { "type": "Point", "coordinates": [ 129.946603928675017, 32.947159700661999 ] } },
{ "type": "Feature", "properties": { "P29_001": "42205", "P29_002": "B142210000929", "P29_003": "16001", "P29_004": "大村市立萱瀬小学校", "P29_005": "長崎県大村市宮代町1167-1", "P29_006": "3", "P29_007": "1", "P29_008": "00", "P29_009": null }, "geometry": { "type": "Point", "coordinates": [ 129.989684044877379, 32.951752921905758 ] } },
{ "type": "Feature", "properties": { "P29_001": "42205", "P29_002": "B142210000938", "P29_003": "16001", "P29_004": "大村市立黒木小学校", "P29_005": "長崎県大村市黒木町530", "P29_006": "3", "P29_007": "1", "P29_008": "00", "P29_009": null }, "geometry": { "type": "Point", "coordinates": [ 130.034151660675519, 32.98135899962719 ] } },
{ "type": "Feature", "properties": { "P29_001": "42205", "P29_002": "B142210000947", "P29_003": "16001", "P29_004": "大村市立福重小学校", "P29_005": "長崎県大村市福重町230", "P29_006": "3", "P29_007": "1", "P29_008": "00", "P29_009": null }, "geometry": { "type": "Point", "coordinates": [ 129.950116238136729, 32.965805059676413 ] } },
{ "type": "Feature", "properties": { "P29_001": "42205", "P29_002": "B142210000956", "P29_003": "16001", "P29_004": "大村市立松原小学校", "P29_005": "長崎県大村市松原本町5-1", "P29_006": "3", "P29_007": "1", "P29_008": "00", "P29_009": null }, "geometry": { "type": "Point", "coordinates": [ 129.942715948849013, 32.973736324255825 ] } },
{ "type": "Feature", "properties": { "P29_001": "42211", "P29_002": "B142210000965", "P29_003": "16001", "P29_004": "五島市立福江小学校", "P29_005": "長崎県五島市錦町1-1", "P29_006": "3", "P29_007": "1", "P29_008": "00", "P29_009": null }, "geometry": { "type": "Point", "coordinates": [ 128.842870154344183, 32.693098775067568 ] } },
{ "type": "Feature", "properties": { "P29_001": "42211", "P29_002": "B142210000974", "P29_003": "16001", "P29_004": "五島市立緑丘小学校", "P29_005": "長崎県五島市木場町765", "P29_006": "3", "P29_007": "1", "P29_008": "00", "P29_009": null }, "geometry": { "type": "Point", "coordinates": [ 128.831472060246995, 32.6949766119073 ] } },
{ "type": "Feature", "properties": { "P29_001": "42211", "P29_002": "B142210000983", "P29_003": "16001", "P29_004": "五島市立奥浦小学校", "P29_005": "長崎県五島市奥浦町1316", "P29_006": "3", "P29_007": "1", "P29_008": "00", "P29_009": null }, "geometry": { "type": "Point", "coordinates": [ 128.827762115425202, 32.737092330802788 ] } },
{ "type": "Feature", "properties": { "P29_001": "42211", "P29_002": "B142210000992", "P29_003": "16001", "P29_004": "五島市立崎山小学校", "P29_005": "長崎県五島市下崎山町1233", "P29_006": "3", "P29_007": "1", "P29_008": "00", "P29_009": null }, "geometry": { "type": "Point", "coordinates": [ 128.877794738743546, 32.660534487094473 ] } },
{ "type": "Feature", "properties": { "P29_001": "42211", "P29_002": "B142210001009", "P29_003": "16001", "P29_004": "五島市立本山小学校", "P29_005": "長崎県五島市堤町1341", "P29_006": "3", "P29_007": "1", "P29_008": "00", "P29_009": null }, "geometry": { "type": "Point", "coordinates": [ 128.820711104938766, 32.668581584040254 ] } },
{ "type": "Feature", "properties": { "P29_001": "42211", "P29_002": "B142210001018", "P29_003": "16001", "P29_004": "五島市立大浜小学校", "P29_005": "長崎県五島市小泊町326-1", "P29_006": "3", "P29_007": "1", "P29_008": "00", "P29_009": null }, "geometry": { "type": "Point", "coordinates": [ 128.814644650885185, 32.651506797761421 ] } },
{ "type": "Feature", "properties": { "P29_001": "42211", "P29_002": "B142210001027", "P29_003": "16001", "P29_004": "五島市立福江小学校椛島分校", "P29_005": "長崎県五島市伊福貴町931-2", "P29_006": "3", "P29_007": "1", "P29_008": "00", "P29_009": null }, "geometry": { "type": "Point", "coordinates": [ 128.989639066849833, 32.757373707338559 ] } },
{ "type": "Feature", "properties": { "P29_001": "42211", "P29_002": "B142210001036", "P29_003": "16001", "P29_004": "五島市立久賀小学校", "P29_005": "長崎県五島市久賀町245-8", "P29_006": "3", "P29_007": "1", "P29_008": "00", "P29_009": null }, "geometry": { "type": "Point", "coordinates": [ 128.869654653979609, 32.791948293513869 ] } },
{ "type": "Feature", "properties": { "P29_001": "42207", "P29_002": "B142210001045", "P29_003": "16001", "P29_004": "平戸市立平戸小学校", "P29_005": "長崎県平戸市岩の上町1509", "P29_006": "3", "P29_007": "1", "P29_008": "00", "P29_009": null }, "geometry": { "type": "Point", "coordinates": [ 129.554434518951041, 33.36756106842487 ] } },
{ "type": "Feature", "properties": { "P29_001": "42207", "P29_002": "B142210001054", "P29_003": "16001", "P29_004": "平戸市立田助小学校", "P29_005": "長崎県平戸市大久保町441-1", "P29_006": "3", "P29_007": "1", "P29_008": "00", "P29_009": null }, "geometry": { "type": "Point", "coordinates": [ 129.549552034381037, 33.393757300842083 ] } },
{ "type": "Feature", "properties": { "P29_001": "42207", "P29_002": "B142210001063", "P29_003": "16001", "P29_004": "平戸市立中野小学校", "P29_005": "長崎県平戸市中野大久保町888", "P29_006": "3", "P29_007": "1", "P29_008": "00", "P29_009": null }, "geometry": { "type": "Point", "coordinates": [ 129.512557352529313, 33.334771159747703 ] } },
{ "type": "Feature", "properties": { "P29_001": "42207", "P29_002": "B142210001072", "P29_003": "16001", "P29_004": "平戸市立根獅子小学校", "P29_005": "長崎県平戸市根獅子町181", "P29_006": "3", "P29_007": "1", "P29_008": "00", "P29_009": null }, "geometry": { "type": "Point", "coordinates": [ 129.446847739495922, 33.288852425359181 ] } },
{ "type": "Feature", "properties": { "P29_001": "42207", "P29_002": "B142210001081", "P29_003": "16001", "P29_004": "平戸市立紐差小学校", "P29_005": "長崎県平戸市紐差町665", "P29_006": "3", "P29_007": "1", "P29_008": "00", "P29_009": null }, "geometry": { "type": "Point", "coordinates": [ 129.476104664095487, 33.286180035204069 ] } },
{ "type": "Feature", "properties": { "P29_001": "42207", "P29_002": "B142210001090", "P29_003": "16001", "P29_004": "平戸市立津吉小学校", "P29_005": "長崎県平戸市田代町575", "P29_006": "3", "P29_007": "1", "P29_008": "00", "P29_009": null }, "geometry": { "type": "Point", "coordinates": [ 129.436086277976415, 33.211821329126039 ] } },
{ "type": "Feature", "properties": { "P29_001": "42207", "P29_002": "B142210001107", "P29_003": "16001", "P29_004": "平戸市立志々伎小学校", "P29_005": "長崎県平戸市志々伎町1295", "P29_006": "3", "P29_007": "1", "P29_008": "00", "P29_009": null }, "geometry": { "type": "Point", "coordinates": [ 129.407909896359854, 33.199663498915228 ] } },
{ "type": "Feature", "properties": { "P29_001": "42207", "P29_002": "B142210001116", "P29_003": "16001", "P29_004": "平戸市立野子小学校", "P29_005": "長崎県平戸市野子町1955", "P29_006": "3", "P29_007": "1", "P29_008": "00", "P29_009": null }, "geometry": { "type": "Point", "coordinates": [ 129.366007110829685, 33.189784836135487 ] } },
{ "type": "Feature", "properties": { "P29_001": "42207", "P29_002": "B142210001125", "P29_003": "16001", "P29_004": "平戸市立度島小学校", "P29_005": "長崎県平戸市度島町1082", "P29_006": "3", "P29_007": "1", "P29_008": "00", "P29_009": null }, "geometry": { "type": "Point", "coordinates": [ 129.523785487019381, 33.438516435417938 ] } },
{ "type": "Feature", "properties": { "P29_001": "42208", "P29_002": "B142210001134", "P29_003": "16001", "P29_004": "松浦市立御厨小学校", "P29_005": "長崎県松浦市御厨町前田免10", "P29_006": "3", "P29_007": "1", "P29_008": "00", "P29_009": null }, "geometry": { "type": "Point", "coordinates": [ 129.662668445014248, 33.362983706144071 ] } },
{ "type": "Feature", "properties": { "P29_001": "42208", "P29_002": "B142210001143", "P29_003": "16001", "P29_004": "松浦市立星鹿小学校", "P29_005": "長崎県松浦市星鹿町下田免700", "P29_006": "3", "P29_007": "1", "P29_008": "00", "P29_009": null }, "geometry": { "type": "Point", "coordinates": [ 129.671382484251353, 33.384433399792698 ] } },
{ "type": "Feature", "properties": { "P29_001": "42208", "P29_002": "B142210001152", "P29_003": "16001", "P29_004": "松浦市立青島小学校", "P29_005": "長崎県松浦市星鹿町青島免701", "P29_006": "3", "P29_007": "1", "P29_008": "00", "P29_009": null }, "geometry": { "type": "Point", "coordinates": [ 129.686172351185093, 33.413445432214189 ] } },
{ "type": "Feature", "properties": { "P29_001": "42208", "P29_002": "B142210001161", "P29_003": "16001", "P29_004": "松浦市立志佐小学校", "P29_005": "長崎県松浦市志佐町浦免1590", "P29_006": "3", "P29_007": "1", "P29_008": "00", "P29_009": null }, "geometry": { "type": "Point", "coordinates": [ 129.706970372073386, 33.336663952865571 ] } },
{ "type": "Feature", "properties": { "P29_001": "42208", "P29_002": "B142210001170", "P29_003": "16001", "P29_004": "松浦市立上志佐小学校", "P29_005": "長崎県松浦市志佐町笛吹免901", "P29_006": "3", "P29_007": "1", "P29_008": "00", "P29_009": null }, "geometry": { "type": "Point", "coordinates": [ 129.728294539827203, 33.306604444150885 ] } },
{ "type": "Feature", "properties": { "P29_001": "42208", "P29_002": "B142210001189", "P29_003": "16001", "P29_004": "松浦市立調川小学校", "P29_005": "長崎県松浦市調川町下免986", "P29_006": "3", "P29_007": "1", "P29_008": "00", "P29_009": null }, "geometry": { "type": "Point", "coordinates": [ 129.733699094800016, 33.352414150412564 ] } },
{ "type": "Feature", "properties": { "P29_001": "42208", "P29_002": "B142210001198", "P29_003": "16001", "P29_004": "松浦市立今福小学校", "P29_005": "長崎県松浦市今福町東免16", "P29_006": "3", "P29_007": "1", "P29_008": "00", "P29_009": null }, "geometry": { "type": "Point", "coordinates": [ 129.768368754785001, 33.35005615532733 ] } },
{ "type": "Feature", "properties": { "P29_001": "42201", "P29_002": "B142210001205", "P29_003": "16001", "P29_004": "長崎市立香焼小学校", "P29_005": "長崎県長崎市香焼町493", "P29_006": "3", "P29_007": "1", "P29_008": "00", "P29_009": null }, "geometry": { "type": "Point", "coordinates": [ 129.814382444996824, 32.688758984827466 ] } },
{ "type": "Feature", "properties": { "P29_001": "42201", "P29_002": "B142210001214", "P29_003": "16001", "P29_004": "長崎市立伊王島小学校", "P29_005": "長崎県長崎市伊王島町1-甲3273", "P29_006": "3", "P29_007": "1", "P29_008": "00", "P29_009": null }, "geometry": { "type": "Point", "coordinates": [ 129.77733225708576, 32.705521734573374 ] } },
{ "type": "Feature", "properties": { "P29_001": "42201", "P29_002": "B142210001223", "P29_003": "16001", "P29_004": "長崎市立高島小学校", "P29_005": "長崎県長崎市高島町1947-2", "P29_006": "3", "P29_007": "1", "P29_008": "00", "P29_009": null }, "geometry": { "type": "Point", "coordinates": [ 129.752170960422831, 32.66221393349727 ] } },
{ "type": "Feature", "properties": { "P29_001": "42201", "P29_002": "B142210001232", "P29_003": "16001", "P29_004": "長崎市立蚊焼小学校", "P29_005": "長崎県長崎市蚊焼町1778", "P29_006": "3", "P29_007": "1", "P29_008": "00", "P29_009": null }, "geometry": { "type": "Point", "coordinates": [ 129.817980778200877, 32.65286563583166 ] } },
{ "type": "Feature", "properties": { "P29_001": "42201", "P29_002": "B142210001241", "P29_003": "16001", "P29_004": "長崎市立為石小学校", "P29_005": "長崎県長崎市為石町2119", "P29_006": "3", "P29_007": "1", "P29_008": "00", "P29_009": null }, "geometry": { "type": "Point", "coordinates": [ 129.838279955257462, 32.643720677143428 ] } },
{ "type": "Feature", "properties": { "P29_001": "42201", "P29_002": "B142210001250", "P29_003": "16001", "P29_004": "長崎市立川原小学校", "P29_005": "長崎県長崎市宮崎町127", "P29_006": "3", "P29_007": "1", "P29_008": "00", "P29_009": null }, "geometry": { "type": "Point", "coordinates": [ 129.833912619479747, 32.626111796977831 ] } },
{ "type": "Feature", "properties": { "P29_001": "42204", "P29_002": "B142210001269", "P29_003": "16001", "P29_004": "諫早市立喜々津小学校", "P29_005": "長崎県諫早市多良見町中里27", "P29_006": "3", "P29_007": "1", "P29_008": "00", "P29_009": null }, "geometry": { "type": "Point", "coordinates": [ 129.975462249436845, 32.825941679654726 ] } },
{ "type": "Feature", "properties": { "P29_001": "42204", "P29_002": "B142210001278", "P29_003": "16001", "P29_004": "諫早市立大草小学校", "P29_005": "長崎県諫早市多良見町野副59", "P29_006": "3", "P29_007": "1", "P29_008": "00", "P29_009": null }, "geometry": { "type": "Point", "coordinates": [ 129.9527834098688, 32.845784171390584 ] } },
{ "type": "Feature", "properties": { "P29_001": "42204", "P29_002": "B142210001287", "P29_003": "16001", "P29_004": "諫早市立伊木力小学校", "P29_005": "長崎県諫早市多良見町舟津1107-1", "P29_006": "3", "P29_007": "1", "P29_008": "00", "P29_009": null }, "geometry": { "type": "Point", "coordinates": [ 129.928744115581878, 32.858556476869879 ] } },
{ "type": "Feature", "properties": { "P29_001": "42307", "P29_002": "B142210001296", "P29_003": "16001", "P29_004": "長与町立長与小学校", "P29_005": "長崎県西彼杵郡長与町嬉里郷659-2", "P29_006": "3", "P29_007": "1", "P29_008": "00", "P29_009": null }, "geometry": { "type": "Point", "coordinates": [ 129.874667782684242, 32.825956014618939 ] } },
{ "type": "Feature", "properties": { "P29_001": "42307", "P29_002": "B142210001303", "P29_003": "16001", "P29_004": "長与町立高田小学校", "P29_005": "長崎県西彼杵郡長与町高田郷2207", "P29_006": "3", "P29_007": "1", "P29_008": "00", "P29_009": null }, "geometry": { "type": "Point", "coordinates": [ 129.852992650108661, 32.809807874166175 ] } },
{ "type": "Feature", "properties": { "P29_001": "42307", "P29_002": "B142210001312", "P29_003": "16001", "P29_004": "長与町立洗切小学校", "P29_005": "長崎県西彼杵郡長与町平木場郷151", "P29_006": "3", "P29_007": "1", "P29_008": "00", "P29_009": null }, "geometry": { "type": "Point", "coordinates": [ 129.90082428643683, 32.82354546120299 ] } },
{ "type": "Feature", "properties": { "P29_001": "42308", "P29_002": "B142210001321", "P29_003": "16001", "P29_004": "時津町立時津小学校", "P29_005": "長崎県西彼杵郡時津町野田郷2", "P29_006": "3", "P29_007": "1", "P29_008": "00", "P29_009": null }, "geometry": { "type": "Point", "coordinates": [ 129.846516158933554, 32.827893088514735 ] } },
{ "type": "Feature", "properties": { "P29_001": "42308", "P29_002": "B142210001330", "P29_003": "16001", "P29_004": "時津町立時津北小学校", "P29_005": "長崎県西彼杵郡時津町日並郷2192", "P29_006": "3", "P29_007": "1", "P29_008": "00", "P29_009": null }, "geometry": { "type": "Point", "coordinates": [ 129.828818872718529, 32.848333701436538 ] } },
{ "type": "Feature", "properties": { "P29_001": "42201", "P29_002": "B142210001349", "P29_003": "16001", "P29_004": "長崎市立村松小学校", "P29_005": "長崎県長崎市琴海村松町701-8", "P29_006": "3", "P29_007": "1", "P29_008": "00", "P29_009": null }, "geometry": { "type": "Point", "coordinates": [ 129.788061091238461, 32.867753162974836 ] } },
{ "type": "Feature", "properties": { "P29_001": "42201", "P29_002": "B142210001358", "P29_003": "16001", "P29_004": "長崎市立長浦小学校", "P29_005": "長崎県長崎市長浦町2751-4", "P29_006": "3", "P29_007": "1", "P29_008": "00", "P29_009": null }, "geometry": { "type": "Point", "coordinates": [ 129.783450715784795, 32.90719701164258 ] } },
{ "type": "Feature", "properties": { "P29_001": "42201", "P29_002": "B142210001367", "P29_003": "16001", "P29_004": "長崎市立形上小学校", "P29_005": "長崎県長崎市琴海形上町1826-2", "P29_006": "3", "P29_007": "1", "P29_008": "00", "P29_009": null }, "geometry": { "type": "Point", "coordinates": [ 129.782779859135871, 32.947737087718693 ] } },
{ "type": "Feature", "properties": { "P29_001": "42212", "P29_002": "B142210001376", "P29_003": "16001", "P29_004": "西海市立大串小学校", "P29_005": "長崎県西海市西彼町平山郷2333-2", "P29_006": "3", "P29_007": "1", "P29_008": "00", "P29_009": null }, "geometry": { "type": "Point", "coordinates": [ 129.730676243972482, 32.999378583839551 ] } },
{ "type": "Feature", "properties": { "P29_001": "42212", "P29_002": "B142210001385", "P29_003": "16001", "P29_004": "西海市立西彼北小学校", "P29_005": "長崎県西海市西彼町小迎郷2532-1", "P29_006": "3", "P29_007": "1", "P29_008": "00", "P29_009": null }, "geometry": { "type": "Point", "coordinates": [ 129.743246808490284, 33.042682258311849 ] } },
{ "type": "Feature", "properties": { "P29_001": "42212", "P29_002": "B142210001394", "P29_003": "16001", "P29_004": "西海市立西海東小学校", "P29_005": "長崎県西海市西海町丹納郷2029-1", "P29_006": "3", "P29_007": "1", "P29_008": "00", "P29_009": null }, "geometry": { "type": "Point", "coordinates": [ 129.701741001606678, 33.058858000732428 ] } },
{ "type": "Feature", "properties": { "P29_001": "42212", "P29_002": "B142210001401", "P29_003": "16001", "P29_004": "西海市立西海北小学校", "P29_005": "長崎県西海市西海町横瀬郷660", "P29_006": "3", "P29_007": "1", "P29_008": "00", "P29_009": null }, "geometry": { "type": "Point", "coordinates": [ 129.689077761200963, 33.081096514409907 ] } },
{ "type": "Feature", "properties": { "P29_001": "42212", "P29_002": "B142210001447", "P29_003": "16001", "P29_004": "西海市立江島小学校", "P29_005": "長崎県西海市崎戸町江島203-1", "P29_006": "3", "P29_007": "9", "P29_008": "00", "P29_009": null }, "geometry": { "type": "Point", "coordinates": [ 129.348724499861106, 33.003636442135338 ] } },
{ "type": "Feature", "properties": { "P29_001": "42212", "P29_002": "B142210001456", "P29_003": "16001", "P29_004": "西海市立平島小学校", "P29_005": "長崎県西海市崎戸町平島734", "P29_006": "3", "P29_007": "1", "P29_008": "00", "P29_009": null }, "geometry": { "type": "Point", "coordinates": [ 129.239593212779084, 33.000059498120144 ] } },
{ "type": "Feature", "properties": { "P29_001": "42212", "P29_002": "B142210001465", "P29_003": "16001", "P29_004": "西海市立雪浦小学校", "P29_005": "長崎県西海市大瀬戸町雪浦下郷1324", "P29_006": "3", "P29_007": "1", "P29_008": "00", "P29_009": null }, "geometry": { "type": "Point", "coordinates": [ 129.66534902482698, 32.919681929760081 ] } },
{ "type": "Feature", "properties": { "P29_001": "42201", "P29_002": "B142210001474", "P29_003": "16001", "P29_004": "長崎市立神浦小学校", "P29_005": "長崎県長崎市神浦向町103", "P29_006": "3", "P29_007": "1", "P29_008": "00", "P29_009": null }, "geometry": { "type": "Point", "coordinates": [ 129.68460236695455, 32.878853984647812 ] } },
{ "type": "Feature", "properties": { "P29_001": "42201", "P29_002": "B142210001483", "P29_003": "16001", "P29_004": "長崎市立池島小学校", "P29_005": "長崎県長崎市池島町1522", "P29_006": "3", "P29_007": "1", "P29_008": "00", "P29_009": null }, "geometry": { "type": "Point", "coordinates": [ 129.595811490370124, 32.883806575621342 ] } },
{ "type": "Feature", "properties": { "P29_001": "42201", "P29_002": "B142210001492", "P29_003": "16001", "P29_004": "長崎市立三重小学校", "P29_005": "長崎県長崎市三重町1125", "P29_006": "3", "P29_007": "1", "P29_008": "00", "P29_009": null }, "geometry": { "type": "Point", "coordinates": [ 129.747937765766608, 32.825604354344797 ] } },
{ "type": "Feature", "properties": { "P29_001": "42201", "P29_002": "B142210001508", "P29_003": "16001", "P29_004": "長崎市立畝刈小学校", "P29_005": "長崎県長崎市京泊1-3-1", "P29_006": "3", "P29_007": "1", "P29_008": "00", "P29_009": null }, "geometry": { "type": "Point", "coordinates": [ 129.775064670553775, 32.827073697644508 ] } },
{ "type": "Feature", "properties": { "P29_001": "42321", "P29_002": "B142210001517", "P29_003": "16001", "P29_004": "東彼杵町立千綿小学校", "P29_005": "長崎県東彼杵郡東彼杵町平似田郷740", "P29_006": "3", "P29_007": "1", "P29_008": "00", "P29_009": null }, "geometry": { "type": "Point", "coordinates": [ 129.946964790152322, 33.012173004173434 ] } },
{ "type": "Feature", "properties": { "P29_001": "42321", "P29_002": "B142210001526", "P29_003": "16001", "P29_004": "東彼杵町立彼杵小学校", "P29_005": "長崎県東彼杵郡東彼杵町蔵本郷1881", "P29_006": "3", "P29_007": "1", "P29_008": "00", "P29_009": null }, "geometry": { "type": "Point", "coordinates": [ 129.91518723827545, 33.03759061516979 ] } },
{ "type": "Feature", "properties": { "P29_001": "42322", "P29_002": "B142210001535", "P29_003": "16001", "P29_004": "川棚町立川棚小学校", "P29_005": "長崎県東彼杵郡川棚町中組郷1555", "P29_006": "3", "P29_007": "1", "P29_008": "00", "P29_009": null }, "geometry": { "type": "Point", "coordinates": [ 129.862659971459891, 33.074115659314657 ] } },
{ "type": "Feature", "properties": { "P29_001": "42322", "P29_002": "B142210001544", "P29_003": "16001", "P29_004": "川棚町立石木小学校", "P29_005": "長崎県東彼杵郡川棚町石木郷120-2", "P29_006": "3", "P29_007": "1", "P29_008": "00", "P29_009": null }, "geometry": { "type": "Point", "coordinates": [ 129.871746625250012, 33.083221762097359 ] } },
{ "type": "Feature", "properties": { "P29_001": "42322", "P29_002": "B142210001553", "P29_003": "16001", "P29_004": "川棚町立小串小学校", "P29_005": "長崎県東彼杵郡川棚町小串郷1207", "P29_006": "3", "P29_007": "1", "P29_008": "00", "P29_009": null }, "geometry": { "type": "Point", "coordinates": [ 129.839842930965403, 33.064081999728415 ] } },
{ "type": "Feature", "properties": { "P29_001": "42323", "P29_002": "B142210001562", "P29_003": "16001", "P29_004": "波佐見町立南小学校", "P29_005": "長崎県東彼杵郡波佐見町長野郷228", "P29_006": "3", "P29_007": "1", "P29_008": "00", "P29_009": null }, "geometry": { "type": "Point", "coordinates": [ 129.87174872867368, 33.120282267460681 ] } },
{ "type": "Feature", "properties": { "P29_001": "42323", "P29_002": "B142210001571", "P29_003": "16001", "P29_004": "波佐見町立中央小学校", "P29_005": "長崎県東彼杵郡波佐見町折敷瀬郷1986", "P29_006": "3", "P29_007": "1", "P29_008": "00", "P29_009": null }, "geometry": { "type": "Point", "coordinates": [ 129.896591266557635, 33.14205812547528 ] } },
{ "type": "Feature", "properties": { "P29_001": "42204", "P29_002": "B142210001580", "P29_003": "16001", "P29_004": "諫早市立森山西小学校", "P29_005": "長崎県諫早市森山町下井牟田473-1", "P29_006": "3", "P29_007": "1", "P29_008": "00", "P29_009": null }, "geometry": { "type": "Point", "coordinates": [ 130.115468528820514, 32.824647198393052 ] } },
{ "type": "Feature", "properties": { "P29_001": "42204", "P29_002": "B142210001599", "P29_003": "16001", "P29_004": "諫早市立森山東小学校", "P29_005": "長崎県諫早市森山町杉谷2343", "P29_006": "3", "P29_007": "1", "P29_008": "00", "P29_009": null }, "geometry": { "type": "Point", "coordinates": [ 130.135397949907826, 32.810895387608809 ] } },
{ "type": "Feature", "properties": { "P29_001": "42204", "P29_002": "B142210001606", "P29_003": "16001", "P29_004": "諫早市立飯盛西小学校", "P29_005": "長崎県諫早市飯盛町里620", "P29_006": "3", "P29_007": "1", "P29_008": "00", "P29_009": null }, "geometry": { "type": "Point", "coordinates": [ 129.993841084402334, 32.770171914079214 ] } },
{ "type": "Feature", "properties": { "P29_001": "42204", "P29_002": "B142210001615", "P29_003": "16001", "P29_004": "諫早市立飯盛東小学校", "P29_005": "長崎県諫早市中山653", "P29_006": "3", "P29_007": "1", "P29_008": "00", "P29_009": null }, "geometry": { "type": "Point", "coordinates": [ 130.022395101719781, 32.782723416706915 ] } },
{ "type": "Feature", "properties": { "P29_001": "42204", "P29_002": "B142210001624", "P29_003": "16001", "P29_004": "諫早市立高来西小学校", "P29_005": "長崎県諫早市高来町峰50-1", "P29_006": "3", "P29_007": "1", "P29_008": "00", "P29_009": null }, "geometry": { "type": "Point", "coordinates": [ 130.109506213842138, 32.890598591048644 ] } },
{ "type": "Feature", "properties": { "P29_001": "42204", "P29_002": "B142210001633", "P29_003": "16001", "P29_004": "諫早市立湯江小学校", "P29_005": "長崎県諫早市高来町三部壱553", "P29_006": "3", "P29_007": "1", "P29_008": "00", "P29_009": null }, "geometry": { "type": "Point", "coordinates": [ 130.142072196646353, 32.909850231968719 ] } },
{ "type": "Feature", "properties": { "P29_001": "42204", "P29_002": "B142210001642", "P29_003": "16001", "P29_004": "諫早市立長里小学校", "P29_005": "長崎県諫早市小長井町大峰31", "P29_006": "3", "P29_007": "1", "P29_008": "00", "P29_009": null }, "geometry": { "type": "Point", "coordinates": [ 130.162893356760605, 32.915100061224791 ] } },
{ "type": "Feature", "properties": { "P29_001": "42204", "P29_002": "B142210001651", "P29_003": "16001", "P29_004": "諫早市立小長井小学校", "P29_005": "長崎県諫早市小長井町小川原浦958", "P29_006": "3", "P29_007": "1", "P29_008": "00", "P29_009": null }, "geometry": { "type": "Point", "coordinates": [ 130.185779710471763, 32.920787616504306 ] } },
{ "type": "Feature", "properties": { "P29_001": "42204", "P29_002": "B142210001660", "P29_003": "16001", "P29_004": "諫早市立遠竹小学校", "P29_005": "長崎県諫早市小長井町遠竹557", "P29_006": "3", "P29_007": "1", "P29_008": "00", "P29_009": null }, "geometry": { "type": "Point", "coordinates": [ 130.196310547692747, 32.953716022189852 ] } },
{ "type": "Feature", "properties": { "P29_001": "42203", "P29_002": "B142210001679", "P29_003": "16001", "P29_004": "島原市立大三東小学校", "P29_005": "長崎県島原市有明町大三東丙582-1", "P29_006": "3", "P29_007": "1", "P29_008": "00", "P29_009": null }, "geometry": { "type": "Point", "coordinates": [ 130.339416542708278, 32.842448989631848 ] } },
{ "type": "Feature", "properties": { "P29_001": "42203", "P29_002": "B142210001688", "P29_003": "16001", "P29_004": "島原市立高野小学校", "P29_005": "長崎県島原市有明町大三東丁2133-1", "P29_006": "3", "P29_007": "1", "P29_008": "00", "P29_009": null }, "geometry": { "type": "Point", "coordinates": [ 130.32213008464683, 32.823171419320765 ] } },
{ "type": "Feature", "properties": { "P29_001": "42203", "P29_002": "B142210001697", "P29_003": "16001", "P29_004": "島原市立湯江小学校", "P29_005": "長崎県島原市有明町湯江丙839", "P29_006": "3", "P29_007": "1", "P29_008": "00", "P29_009": null }, "geometry": { "type": "Point", "coordinates": [ 130.321051653426338, 32.853699130427138 ] } },
{ "type": "Feature", "properties": { "P29_001": "42213", "P29_002": "B142210001704", "P29_003": "16001", "P29_004": "雲仙市立多比良小学校", "P29_005": "長崎県雲仙市国見町多比良丙724", "P29_006": "3", "P29_007": "1", "P29_008": "00", "P29_009": null }, "geometry": { "type": "Point", "coordinates": [ 130.30227215235567, 32.861314646684491 ] } },
{ "type": "Feature", "properties": { "P29_001": "42213", "P29_002": "B142210001713", "P29_003": "16001", "P29_004": "雲仙市立土黒小学校", "P29_005": "長崎県雲仙市国見町土黒乙100", "P29_006": "3", "P29_007": "1", "P29_008": "00", "P29_009": null }, "geometry": { "type": "Point", "coordinates": [ 130.294578397631057, 32.867057871047507 ] } },
{ "type": "Feature", "properties": { "P29_001": "42213", "P29_002": "B142210001722", "P29_003": "16001", "P29_004": "雲仙市立八斗木小学校", "P29_005": "長崎県雲仙市国見町土黒庚337", "P29_006": "3", "P29_007": "1", "P29_008": "00", "P29_009": null }, "geometry": { "type": "Point", "coordinates": [ 130.290175378971043, 32.835983653174097 ] } },
{ "type": "Feature", "properties": { "P29_001": "42213", "P29_002": "B142210001731", "P29_003": "16001", "P29_004": "雲仙市立神代小学校", "P29_005": "長崎県雲仙市国見町神代丙250", "P29_006": "3", "P29_007": "1", "P29_008": "00", "P29_009": null }, "geometry": { "type": "Point", "coordinates": [ 130.271403928144252, 32.869371119039151 ] } },
{ "type": "Feature", "properties": { "P29_001": "42213", "P29_002": "B142210001740", "P29_003": "16001", "P29_004": "雲仙市立西郷小学校", "P29_005": "長崎県雲仙市瑞穂町西郷甲1165-1", "P29_006": "3", "P29_007": "1", "P29_008": "00", "P29_009": null }, "geometry": { "type": "Point", "coordinates": [ 130.249971837712366, 32.864295580955741 ] } },
{ "type": "Feature", "properties": { "P29_001": "42213", "P29_002": "B142210001759", "P29_003": "16001", "P29_004": "雲仙市立岩戸小学校", "P29_005": "長崎県雲仙市瑞穂町西郷丁487-1", "P29_006": "3", "P29_007": "1", "P29_008": "00", "P29_009": null }, "geometry": { "type": "Point", "coordinates": [ 130.256992865607145, 32.831358662816832 ] } },
{ "type": "Feature", "properties": { "P29_001": "42213", "P29_002": "B142210001768", "P29_003": "16001", "P29_004": "雲仙市立大正小学校", "P29_005": "長崎県雲仙市瑞穂町古部甲81", "P29_006": "3", "P29_007": "1", "P29_008": "00", "P29_009": null }, "geometry": { "type": "Point", "coordinates": [ 130.226495723466883, 32.858332507934094 ] } },
{ "type": "Feature", "properties": { "P29_001": "42213", "P29_002": "B142210001777", "P29_003": "16001", "P29_004": "雲仙市立川床小学校", "P29_005": "長崎県雲仙市吾妻町川床名129", "P29_006": "3", "P29_007": "1", "P29_008": "00", "P29_009": null }, "geometry": { "type": "Point", "coordinates": [ 130.202962667947162, 32.819418879133792 ] } },
{ "type": "Feature", "properties": { "P29_001": "42213", "P29_002": "B142210001786", "P29_003": "16001", "P29_004": "雲仙市立大塚小学校", "P29_005": "長崎県雲仙市吾妻町永中名54", "P29_006": "3", "P29_007": "1", "P29_008": "00", "P29_009": null }, "geometry": { "type": "Point", "coordinates": [ 130.179806702194384, 32.835129466461979 ] } },
{ "type": "Feature", "properties": { "P29_001": "42213", "P29_002": "B142210001795", "P29_003": "16001", "P29_004": "雲仙市立鶴田小学校", "P29_005": "長崎県雲仙市吾妻町古城名159-1", "P29_006": "3", "P29_007": "1", "P29_008": "00", "P29_009": null }, "geometry": { "type": "Point", "coordinates": [ 130.197568475227627, 32.84486535197555 ] } },
{ "type": "Feature", "properties": { "P29_001": "42213", "P29_002": "B142210001802", "P29_003": "16001", "P29_004": "雲仙市立愛野小学校", "P29_005": "長崎県雲仙市愛野町乙566", "P29_006": "3", "P29_007": "1", "P29_008": "00", "P29_009": null }, "geometry": { "type": "Point", "coordinates": [ 130.153549730697421, 32.815937135759 ] } },
{ "type": "Feature", "properties": { "P29_001": "42213", "P29_002": "B142210001811", "P29_003": "16001", "P29_004": "雲仙市立千々石第一小学校", "P29_005": "長崎県雲仙市千々石町戊294", "P29_006": "3", "P29_007": "1", "P29_008": "00", "P29_009": null }, "geometry": { "type": "Point", "coordinates": [ 130.200148177372341, 32.784432171138853 ] } },
{ "type": "Feature", "properties": { "P29_001": "42213", "P29_002": "B142210001820", "P29_003": "16001", "P29_004": "雲仙市立千々石第二小学校", "P29_005": "長崎県雲仙市千々石町庚1450", "P29_006": "3", "P29_007": "1", "P29_008": "00", "P29_009": null }, "geometry": { "type": "Point", "coordinates": [ 130.215395072483119, 32.762758662087954 ] } },
{ "type": "Feature", "properties": { "P29_001": "42213", "P29_002": "B142210001839", "P29_003": "16001", "P29_004": "雲仙市立小浜小学校", "P29_005": "長崎県雲仙市小浜町北本町550", "P29_006": "3", "P29_007": "1", "P29_008": "00", "P29_009": null }, "geometry": { "type": "Point", "coordinates": [ 130.211326033958471, 32.732134000852191 ] } },
{ "type": "Feature", "properties": { "P29_001": "42213", "P29_002": "B142210001848", "P29_003": "16001", "P29_004": "雲仙市立北串小学校", "P29_005": "長崎県雲仙市小浜町山畑334-5", "P29_006": "3", "P29_007": "1", "P29_008": "00", "P29_009": null }, "geometry": { "type": "Point", "coordinates": [ 130.188280736271082, 32.697089724665808 ] } },
{ "type": "Feature", "properties": { "P29_001": "42213", "P29_002": "B142210001857", "P29_003": "16001", "P29_004": "雲仙市立南串第一小学校", "P29_005": "長崎県雲仙市南串山町甲2480", "P29_006": "3", "P29_007": "1", "P29_008": "00", "P29_009": null }, "geometry": { "type": "Point", "coordinates": [ 130.164517511019682, 32.683843238102824 ] } },
{ "type": "Feature", "properties": { "P29_001": "42213", "P29_002": "B142210001866", "P29_003": "16001", "P29_004": "雲仙市立南串第二小学校", "P29_005": "長崎県雲仙市南串山町丙1622", "P29_006": "3", "P29_007": "1", "P29_008": "00", "P29_009": null }, "geometry": { "type": "Point", "coordinates": [ 130.141366970521432, 32.675858829910979 ] } },
{ "type": "Feature", "properties": { "P29_001": "42214", "P29_002": "B142210001875", "P29_003": "16001", "P29_004": "南島原市立野田小学校", "P29_005": "長崎県南島原市加津佐町乙1172", "P29_006": "3", "P29_007": "1", "P29_008": "00", "P29_009": null }, "geometry": { "type": "Point", "coordinates": [ 130.154588993696564, 32.636473214704473 ] } },
{ "type": "Feature", "properties": { "P29_001": "42214", "P29_002": "B142210001884", "P29_003": "16001", "P29_004": "南島原市立有家小学校", "P29_005": "長崎県南島原市有家町久保180-1", "P29_006": "3", "P29_007": "1", "P29_008": "00", "P29_009": null }, "geometry": { "type": "Point", "coordinates": [ 130.302233852574858, 32.668754771302559 ] } },
{ "type": "Feature", "properties": { "P29_001": "42214", "P29_002": "B142210001919", "P29_003": "16001", "P29_004": "南島原市立堂崎小学校", "P29_005": "長崎県南島原市有家町大苑719", "P29_006": "3", "P29_007": "1", "P29_008": "00", "P29_009": null }, "geometry": { "type": "Point", "coordinates": [ 130.336380670690943, 32.673551671141944 ] } },
{ "type": "Feature", "properties": { "P29_001": "42214", "P29_002": "B142210001928", "P29_003": "16001", "P29_004": "南島原市立布津小学校", "P29_005": "長崎県南島原市布津町乙1676-1", "P29_006": "3", "P29_007": "1", "P29_008": "00", "P29_009": null }, "geometry": { "type": "Point", "coordinates": [ 130.355934257696731, 32.692542425921189 ] } },
{ "type": "Feature", "properties": { "P29_001": "42214", "P29_002": "B142210001937", "P29_003": "16001", "P29_004": "南島原市立飯野小学校", "P29_005": "長崎県南島原市布津町丙2365", "P29_006": "3", "P29_007": "1", "P29_008": "00", "P29_009": null }, "geometry": { "type": "Point", "coordinates": [ 130.339615970441457, 32.703218536719852 ] } },
{ "type": "Feature", "properties": { "P29_001": "42214", "P29_002": "B142210001946", "P29_003": "16001", "P29_004": "南島原市立深江小学校", "P29_005": "長崎県南島原市深江町丁3168", "P29_006": "3", "P29_007": "1", "P29_008": "00", "P29_009": null }, "geometry": { "type": "Point", "coordinates": [ 130.353905380575782, 32.723170508315853 ] } },
{ "type": "Feature", "properties": { "P29_001": "42214", "P29_002": "B142210001955", "P29_003": "16001", "P29_004": "南島原市立深江小学校馬場分校", "P29_005": "長崎県南島原市深江町丙751", "P29_006": "3", "P29_007": "1", "P29_008": "00", "P29_009": null }, "geometry": { "type": "Point", "coordinates": [ 130.348231525761207, 32.7165564621817 ] } },
{ "type": "Feature", "properties": { "P29_001": "42214", "P29_002": "B142210001964", "P29_003": "16001", "P29_004": "南島原市立深江小学校諏訪分校", "P29_005": "長崎県南島原市深江町丁5340", "P29_006": "3", "P29_007": "1", "P29_008": "00", "P29_009": null }, "geometry": { "type": "Point", "coordinates": [ 130.364005159032729, 32.735825605339762 ] } },
{ "type": "Feature", "properties": { "P29_001": "42214", "P29_002": "B142210001973", "P29_003": "16001", "P29_004": "南島原市立小林小学校", "P29_005": "長崎県南島原市深江町乙1079-9", "P29_006": "3", "P29_007": "1", "P29_008": "00", "P29_009": null }, "geometry": { "type": "Point", "coordinates": [ 130.327590665659727, 32.724241546495669 ] } },
{ "type": "Feature", "properties": { "P29_001": "42214", "P29_002": "B142210001982", "P29_003": "16001", "P29_004": "南島原市立大野木場小学校", "P29_005": "長崎県南島原市深江町戊3243", "P29_006": "3", "P29_007": "1", "P29_008": "00", "P29_009": null }, "geometry": { "type": "Point", "coordinates": [ 130.338390057227116, 32.735117302580043 ] } },
{ "type": "Feature", "properties": { "P29_001": "42207", "P29_002": "B142210001991", "P29_003": "16001", "P29_004": "平戸市立大島小学校", "P29_005": "長崎県平戸市大島村前平2749", "P29_006": "3", "P29_007": "1", "P29_008": "00", "P29_009": null }, "geometry": { "type": "Point", "coordinates": [ 129.547090334309786, 33.481578052727841 ] } },
{ "type": "Feature", "properties": { "P29_001": "42207", "P29_002": "B142210002008", "P29_003": "16001", "P29_004": "平戸市立生月小学校", "P29_005": "長崎県平戸市生月町里免3174", "P29_006": "3", "P29_007": "1", "P29_008": "00", "P29_009": null }, "geometry": { "type": "Point", "coordinates": [ 129.430569000950129, 33.394217004841373 ] } },
{ "type": "Feature", "properties": { "P29_001": "42207", "P29_002": "B142210002017", "P29_003": "16001", "P29_004": "平戸市立山田小学校", "P29_005": "長崎県平戸市生月町山田免511", "P29_006": "3", "P29_007": "1", "P29_008": "00", "P29_009": null }, "geometry": { "type": "Point", "coordinates": [ 129.429156440108017, 33.365072643215768 ] } },
{ "type": "Feature", "properties": { "P29_001": "42383", "P29_002": "B142210002026", "P29_003": "16001", "P29_004": "小値賀町立小値賀小学校", "P29_005": "長崎県北松浦郡小値賀町中村郷71-2", "P29_006": "3", "P29_007": "1", "P29_008": "00", "P29_009": null }, "geometry": { "type": "Point", "coordinates": [ 129.060014510324862, 33.199988420369202 ] } },
{ "type": "Feature", "properties": { "P29_001": "42383", "P29_002": "B142210002035", "P29_003": "16001", "P29_004": "小値賀町立小値賀小学校大島分校", "P29_005": "長崎県北松浦郡小値賀町大島郷72-1", "P29_006": "3", "P29_007": "1", "P29_008": "00", "P29_009": null }, "geometry": { "type": "Point", "coordinates": [ 129.024856176100968, 33.172985073053425 ] } },
{ "type": "Feature", "properties": { "P29_001": "42202", "P29_002": "B142210002044", "P29_003": "16001", "P29_004": "佐世保市立宇久小学校", "P29_005": "長崎県佐世保市宇久町平2690", "P29_006": "3", "P29_007": "1", "P29_008": "00", "P29_009": null }, "geometry": { "type": "Point", "coordinates": [ 129.130953200307516, 33.266611643560204 ] } },
{ "type": "Feature", "properties": { "P29_001": "42207", "P29_002": "B142210002053", "P29_003": "16001", "P29_004": "平戸市立田平北小学校", "P29_005": "長崎県平戸市田平町小手田免970", "P29_006": "3", "P29_007": "1", "P29_008": "00", "P29_009": null }, "geometry": { "type": "Point", "coordinates": [ 129.581935381021708, 33.357882645500887 ] } },
{ "type": "Feature", "properties": { "P29_001": "42207", "P29_002": "B142210002062", "P29_003": "16001", "P29_004": "平戸市立田平南小学校", "P29_005": "長崎県平戸市田平町下寺免44", "P29_006": "3", "P29_007": "1", "P29_008": "00", "P29_009": null }, "geometry": { "type": "Point", "coordinates": [ 129.593221160552133, 33.322285700363906 ] } },
{ "type": "Feature", "properties": { "P29_001": "42207", "P29_002": "B142210002071", "P29_003": "16001", "P29_004": "平戸市立田平東小学校", "P29_005": "長崎県平戸市田平町下亀免583", "P29_006": "3", "P29_007": "1", "P29_008": "00", "P29_009": null }, "geometry": { "type": "Point", "coordinates": [ 129.608075720088152, 33.354816905648427 ] } },
{ "type": "Feature", "properties": { "P29_001": "42208", "P29_002": "B142210002080", "P29_003": "16001", "P29_004": "松浦市立鷹島小学校", "P29_005": "長崎県松浦市鷹島町中通免1974", "P29_006": "3", "P29_007": "1", "P29_008": "00", "P29_009": null }, "geometry": { "type": "Point", "coordinates": [ 129.759023128776619, 33.435862749436282 ] } },
{ "type": "Feature", "properties": { "P29_001": "42202", "P29_002": "B142210002099", "P29_003": "16001", "P29_004": "佐世保市立江迎小学校", "P29_005": "長崎県佐世保市江迎町中尾126", "P29_006": "3", "P29_007": "1", "P29_008": "00", "P29_009": null }, "geometry": { "type": "Point", "coordinates": [ 129.634191393766599, 33.30916464772973 ] } },
{ "type": "Feature", "properties": { "P29_001": "42202", "P29_002": "B142210002106", "P29_003": "16001", "P29_004": "佐世保市立猪調小学校", "P29_005": "長崎県佐世保市江迎町猪調1000", "P29_006": "3", "P29_007": "1", "P29_008": "00", "P29_009": null }, "geometry": { "type": "Point", "coordinates": [ 129.669376094751556, 33.284799982689854 ] } },
{ "type": "Feature", "properties": { "P29_001": "42202", "P29_002": "B142210002115", "P29_003": "16001", "P29_004": "佐世保市立鹿町小学校", "P29_005": "長崎県佐世保市鹿町町深江730-1", "P29_006": "3", "P29_007": "1", "P29_008": "00", "P29_009": null }, "geometry": { "type": "Point", "coordinates": [ 129.615892459073024, 33.298996613544148 ] } },
{ "type": "Feature", "properties": { "P29_001": "42202", "P29_002": "B142210002124", "P29_003": "16001", "P29_004": "佐世保市立歌浦小学校", "P29_005": "長崎県佐世保市鹿町町下歌ケ浦791-11", "P29_006": "3", "P29_007": "1", "P29_008": "00", "P29_009": null }, "geometry": { "type": "Point", "coordinates": [ 129.581606235185234, 33.26605078684036 ] } },
{ "type": "Feature", "properties": { "P29_001": "42202", "P29_002": "B142210002133", "P29_003": "16001", "P29_004": "佐世保市立小佐々小学校", "P29_005": "長崎県佐世保市小佐々町田原290-1", "P29_006": "3", "P29_007": "1", "P29_008": "00", "P29_009": null }, "geometry": { "type": "Point", "coordinates": [ 129.619358001697407, 33.226909001474802 ] } },
{ "type": "Feature", "properties": { "P29_001": "42202", "P29_002": "B142210002142", "P29_003": "16001", "P29_004": "佐世保市立楠栖小学校", "P29_005": "長崎県佐世保市小佐々町楠泊526", "P29_006": "3", "P29_007": "1", "P29_008": "00", "P29_009": null }, "geometry": { "type": "Point", "coordinates": [ 129.574341534224686, 33.218561422406154 ] } },
{ "type": "Feature", "properties": { "P29_001": "42391", "P29_002": "B142210002151", "P29_003": "16001", "P29_004": "佐々町立佐々小学校", "P29_005": "長崎県北松浦郡佐々町中川原免111-1", "P29_006": "3", "P29_007": "1", "P29_008": "00", "P29_009": null }, "geometry": { "type": "Point", "coordinates": [ 129.658135386742799, 33.250521408627328 ] } },
{ "type": "Feature", "properties": { "P29_001": "42391", "P29_002": "B142210002160", "P29_003": "16001", "P29_004": "佐々町立口石小学校", "P29_005": "長崎県北松浦郡佐々町須崎免389", "P29_006": "3", "P29_007": "1", "P29_008": "00", "P29_009": null }, "geometry": { "type": "Point", "coordinates": [ 129.650304406886931, 33.227557035107303 ] } },
{ "type": "Feature", "properties": { "P29_001": "42202", "P29_002": "B142210002179", "P29_003": "16001", "P29_004": "佐世保市立吉井南小学校", "P29_005": "長崎県佐世保市吉井町前岳27-3", "P29_006": "3", "P29_007": "1", "P29_008": "00", "P29_009": null }, "geometry": { "type": "Point", "coordinates": [ 129.692438824139089, 33.27048218904968 ] } },
{ "type": "Feature", "properties": { "P29_001": "42202", "P29_002": "B142210002188", "P29_003": "16001", "P29_004": "佐世保市立吉井北小学校", "P29_005": "長崎県佐世保市吉井町直谷1030", "P29_006": "3", "P29_007": "1", "P29_008": "00", "P29_009": null }, "geometry": { "type": "Point", "coordinates": [ 129.698641178340836, 33.285818786698719 ] } },
{ "type": "Feature", "properties": { "P29_001": "42202", "P29_002": "B142210002197", "P29_003": "16001", "P29_004": "佐世保市立世知原小学校", "P29_005": "長崎県佐世保市世知原町栗迎194-1", "P29_006": "3", "P29_007": "1", "P29_008": "00", "P29_009": null }, "geometry": { "type": "Point", "coordinates": [ 129.75326478207549, 33.257316629698771 ] } },
{ "type": "Feature", "properties": { "P29_001": "42211", "P29_002": "B142210002204", "P29_003": "16001", "P29_004": "五島市立富江小学校", "P29_005": "長崎県五島市富江町富江111", "P29_006": "3", "P29_007": "1", "P29_008": "00", "P29_009": null }, "geometry": { "type": "Point", "coordinates": [ 128.765253124433798, 32.613629508360404 ] } },
{ "type": "Feature", "properties": { "P29_001": "42211", "P29_002": "B142210002213", "P29_003": "16001", "P29_004": "五島市立盈進小学校", "P29_005": "長崎県五島市富江町黒瀬1240", "P29_006": "3", "P29_007": "1", "P29_008": "00", "P29_009": null }, "geometry": { "type": "Point", "coordinates": [ 128.744999436693831, 32.599600606438969 ] } },
{ "type": "Feature", "properties": { "P29_001": "42211", "P29_002": "B142210002222", "P29_003": "16001", "P29_004": "五島市立三井楽小学校", "P29_005": "長崎県五島市三井楽町濱ノ畔1148", "P29_006": "3", "P29_007": "1", "P29_008": "00", "P29_009": null }, "geometry": { "type": "Point", "coordinates": [ 128.689726703572376, 32.744936382186346 ] } },
{ "type": "Feature", "properties": { "P29_001": "42211", "P29_002": "B142210002231", "P29_003": "16001", "P29_004": "五島市立嵯峨島小学校", "P29_005": "長崎県五島市三井楽町嵯峨島129-1", "P29_006": "3", "P29_007": "1", "P29_008": "00", "P29_009": null }, "geometry": { "type": "Point", "coordinates": [ 128.598453607327741, 32.726542981937158 ] } },
{ "type": "Feature", "properties": { "P29_001": "42211", "P29_002": "B142210002240", "P29_003": "16001", "P29_004": "五島市立奈留小学校", "P29_005": "長崎県五島市奈留町浦1225-1", "P29_006": "3", "P29_007": "1", "P29_008": "00", "P29_009": null }, "geometry": { "type": "Point", "coordinates": [ 128.931296704193556, 32.831065109669971 ] } },
{ "type": "Feature", "properties": { "P29_001": "42411", "P29_002": "B142210002277", "P29_003": "16001", "P29_004": "新上五島町立青方小学校", "P29_005": "長崎県南松浦郡新上五島町青方郷1460-1", "P29_006": "3", "P29_007": "1", "P29_008": "00", "P29_009": null }, "geometry": { "type": "Point", "coordinates": [ 129.073256793154968, 32.986450187421795 ] } },
{ "type": "Feature", "properties": { "P29_001": "42411", "P29_002": "B142210002286", "P29_003": "16001", "P29_004": "新上五島町立上郷小学校", "P29_005": "長崎県南松浦郡新上五島町奈摩郷10-1", "P29_006": "3", "P29_007": "1", "P29_008": "00", "P29_009": null }, "geometry": { "type": "Point", "coordinates": [ 129.068685804356193, 33.019456616803772 ] } },
{ "type": "Feature", "properties": { "P29_001": "42411", "P29_002": "B142210002295", "P29_003": "16001", "P29_004": "新上五島町立魚目小学校", "P29_005": "長崎県南松浦郡新上五島町榎津郷401", "P29_006": "3", "P29_007": "1", "P29_008": "00", "P29_009": null }, "geometry": { "type": "Point", "coordinates": [ 129.089931002235744, 32.999158002822995 ] } },
{ "type": "Feature", "properties": { "P29_001": "42411", "P29_002": "B142210002302", "P29_003": "16001", "P29_004": "新上五島町立北魚目小学校", "P29_005": "長崎県南松浦郡新上五島町小串郷1636", "P29_006": "3", "P29_007": "1", "P29_008": "00", "P29_009": null }, "geometry": { "type": "Point", "coordinates": [ 129.099384160481094, 33.057286018491489 ] } },
{ "type": "Feature", "properties": { "P29_001": "42411", "P29_002": "B142210002311", "P29_003": "16001", "P29_004": "新上五島町立有川小学校", "P29_005": "長崎県南松浦郡新上五島町有川郷1719-2", "P29_006": "3", "P29_007": "1", "P29_008": "00", "P29_009": null }, "geometry": { "type": "Point", "coordinates": [ 129.119548827078148, 32.978469357976401 ] } },
{ "type": "Feature", "properties": { "P29_001": "42411", "P29_002": "B142210002320", "P29_003": "16001", "P29_004": "新上五島町立東浦小学校", "P29_005": "長崎県南松浦郡新上五島町阿瀬津郷422-1", "P29_006": "3", "P29_007": "1", "P29_008": "00", "P29_009": null }, "geometry": { "type": "Point", "coordinates": [ 129.101119750973311, 32.966026384585412 ] } },
{ "type": "Feature", "properties": { "P29_001": "42210", "P29_002": "B142210002339", "P29_003": "16001", "P29_004": "壱岐市立盈科小学校", "P29_005": "長崎県壱岐市郷ノ浦町本村触589", "P29_006": "3", "P29_007": "1", "P29_008": "00", "P29_009": null }, "geometry": { "type": "Point", "coordinates": [ 129.692894824585778, 33.749858565113783 ] } },
{ "type": "Feature", "properties": { "P29_001": "42210", "P29_002": "B142210002348", "P29_003": "16001", "P29_004": "壱岐市立渡良小学校", "P29_005": "長崎県壱岐市郷ノ浦町渡良南触365", "P29_006": "3", "P29_007": "1", "P29_008": "00", "P29_009": null }, "geometry": { "type": "Point", "coordinates": [ 129.66257627762036, 33.756540812597144 ] } },
{ "type": "Feature", "properties": { "P29_001": "42210", "P29_002": "B142210002357", "P29_003": "16001", "P29_004": "壱岐市立三島小学校", "P29_005": "長崎県壱岐市郷ノ浦町大島815", "P29_006": "3", "P29_007": "1", "P29_008": "00", "P29_009": null }, "geometry": { "type": "Point", "coordinates": [ 129.634699655511668, 33.738395899322867 ] } },
{ "type": "Feature", "properties": { "P29_001": "42210", "P29_002": "B142210002366", "P29_003": "16001", "P29_004": "壱岐市立柳田小学校", "P29_005": "長崎県壱岐市郷ノ浦町柳田触885", "P29_006": "3", "P29_007": "1", "P29_008": "00", "P29_009": null }, "geometry": { "type": "Point", "coordinates": [ 129.701448705011728, 33.766422160272093 ] } },
{ "type": "Feature", "properties": { "P29_001": "42210", "P29_002": "B142210002375", "P29_003": "16001", "P29_004": "壱岐市立沼津小学校", "P29_005": "長崎県壱岐市郷ノ浦町小牧東触184", "P29_006": "3", "P29_007": "1", "P29_008": "00", "P29_009": null }, "geometry": { "type": "Point", "coordinates": [ 129.672018764035158, 33.788778656474321 ] } },
{ "type": "Feature", "properties": { "P29_001": "42210", "P29_002": "B142210002384", "P29_003": "16001", "P29_004": "壱岐市立志原小学校", "P29_005": "長崎県壱岐市郷ノ浦町大原触115", "P29_006": "3", "P29_007": "1", "P29_008": "00", "P29_009": null }, "geometry": { "type": "Point", "coordinates": [ 129.720694536879819, 33.753876965463128 ] } },
{ "type": "Feature", "properties": { "P29_001": "42210", "P29_002": "B142210002393", "P29_003": "16001", "P29_004": "壱岐市立初山小学校", "P29_005": "長崎県壱岐市郷ノ浦町初山西触807-1", "P29_006": "3", "P29_007": "1", "P29_008": "00", "P29_009": null }, "geometry": { "type": "Point", "coordinates": [ 129.703204640406085, 33.718943791386941 ] } },
{ "type": "Feature", "properties": { "P29_001": "42210", "P29_002": "B142210002400", "P29_003": "16001", "P29_004": "壱岐市立鯨伏小学校", "P29_005": "長崎県壱岐市勝本町立石南触1137-2", "P29_006": "3", "P29_007": "1", "P29_008": "00", "P29_009": null }, "geometry": { "type": "Point", "coordinates": [ 129.689142580221784, 33.804012896206018 ] } },
{ "type": "Feature", "properties": { "P29_001": "42210", "P29_002": "B142210002419", "P29_003": "16001", "P29_004": "壱岐市立勝本小学校", "P29_005": "長崎県壱岐市勝本町坂本触262", "P29_006": "3", "P29_007": "1", "P29_008": "00", "P29_009": null }, "geometry": { "type": "Point", "coordinates": [ 129.690463277990347, 33.851106695332398 ] } },
{ "type": "Feature", "properties": { "P29_001": "42210", "P29_002": "B142210002428", "P29_003": "16001", "P29_004": "壱岐市立霞翠小学校", "P29_005": "長崎県壱岐市勝本町西戸触550", "P29_006": "3", "P29_007": "1", "P29_008": "00", "P29_009": null }, "geometry": { "type": "Point", "coordinates": [ 129.700892345503917, 33.844335067079385 ] } },
{ "type": "Feature", "properties": { "P29_001": "42210", "P29_002": "B142210002437", "P29_003": "16001", "P29_004": "壱岐市立箱崎小学校", "P29_005": "長崎県壱岐市芦辺町箱崎釘ノ尾触652-1", "P29_006": "3", "P29_007": "1", "P29_008": "00", "P29_009": null }, "geometry": { "type": "Point", "coordinates": [ 129.740626180123996, 33.826711413748022 ] } },
{ "type": "Feature", "properties": { "P29_001": "42210", "P29_002": "B142210002446", "P29_003": "16001", "P29_004": "壱岐市立瀬戸小学校", "P29_005": "長崎県壱岐市芦辺町箱崎大左右触315", "P29_006": "3", "P29_007": "1", "P29_008": "00", "P29_009": null }, "geometry": { "type": "Point", "coordinates": [ 129.756312188267742, 33.821373809800022 ] } },
{ "type": "Feature", "properties": { "P29_001": "42210", "P29_002": "B142210002455", "P29_003": "16001", "P29_004": "壱岐市立那賀小学校", "P29_005": "長崎県壱岐市芦辺町中野郷西触174", "P29_006": "3", "P29_007": "1", "P29_008": "00", "P29_009": null }, "geometry": { "type": "Point", "coordinates": [ 129.71976288122886, 33.787960867818256 ] } },
{ "type": "Feature", "properties": { "P29_001": "42210", "P29_002": "B142210002464", "P29_003": "16001", "P29_004": "壱岐市立田河小学校", "P29_005": "長崎県壱岐市芦辺町諸吉二亦触1659", "P29_006": "3", "P29_007": "1", "P29_008": "00", "P29_009": null }, "geometry": { "type": "Point", "coordinates": [ 129.753898405302209, 33.783846650543914 ] } },
{ "type": "Feature", "properties": { "P29_001": "42210", "P29_002": "B142210002473", "P29_003": "16001", "P29_004": "壱岐市立八幡小学校", "P29_005": "長崎県壱岐市芦辺町諸吉南触1565", "P29_006": "3", "P29_007": "1", "P29_008": "00", "P29_009": null }, "geometry": { "type": "Point", "coordinates": [ 129.783227850155441, 33.787163881934987 ] } },
{ "type": "Feature", "properties": { "P29_001": "42210", "P29_002": "B142210002482", "P29_003": "16001", "P29_004": "壱岐市立芦辺小学校", "P29_005": "長崎県壱岐市芦辺町芦辺浦546", "P29_006": "3", "P29_007": "1", "P29_008": "00", "P29_009": null }, "geometry": { "type": "Point", "coordinates": [ 129.761702966443465, 33.803260677790561 ] } },
{ "type": "Feature", "properties": { "P29_001": "42210", "P29_002": "B142210002491", "P29_003": "16001", "P29_004": "壱岐市立石田小学校", "P29_005": "長崎県壱岐市石田町石田西触1238", "P29_006": "3", "P29_007": "1", "P29_008": "00", "P29_009": null }, "geometry": { "type": "Point", "coordinates": [ 129.756541441354017, 33.747966324784279 ] } },
{ "type": "Feature", "properties": { "P29_001": "42210", "P29_002": "B142210002507", "P29_003": "16001", "P29_004": "壱岐市立筒城小学校", "P29_005": "長崎県壱岐市石田町筒城西触191", "P29_006": "3", "P29_007": "1", "P29_008": "00", "P29_009": null }, "geometry": { "type": "Point", "coordinates": [ 129.7729458244265, 33.759162000997812 ] } },
{ "type": "Feature", "properties": { "P29_001": "42209", "P29_002": "B142210002516", "P29_003": "16001", "P29_004": "対馬市立厳原小学校", "P29_005": "長崎県対馬市厳原町天道茂446", "P29_006": "3", "P29_007": "1", "P29_008": "00", "P29_009": null }, "geometry": { "type": "Point", "coordinates": [ 129.293896867332933, 34.20790540233083 ] } },
{ "type": "Feature", "properties": { "P29_001": "42209", "P29_002": "B142210002525", "P29_003": "16001", "P29_004": "対馬市立久田小学校", "P29_005": "長崎県対馬市厳原町久田426", "P29_006": "3", "P29_007": "1", "P29_008": "00", "P29_009": null }, "geometry": { "type": "Point", "coordinates": [ 129.279926686615255, 34.184802777839074 ] } },
{ "type": "Feature", "properties": { "P29_001": "42209", "P29_002": "B142210002534", "P29_003": "16001", "P29_004": "対馬市立豆酘小学校", "P29_005": "長崎県対馬市厳原町豆酘626", "P29_006": "3", "P29_007": "1", "P29_008": "00", "P29_009": null }, "geometry": { "type": "Point", "coordinates": [ 129.187079002404914, 34.119518586555522 ] } },
{ "type": "Feature", "properties": { "P29_001": "42209", "P29_002": "B142210002543", "P29_003": "16001", "P29_004": "対馬市立金田小学校", "P29_005": "長崎県対馬市厳原町下原31", "P29_006": "3", "P29_007": "1", "P29_008": "00", "P29_009": null }, "geometry": { "type": "Point", "coordinates": [ 129.206441407649947, 34.231050233365139 ] } },
{ "type": "Feature", "properties": { "P29_001": "42209", "P29_002": "B142210002552", "P29_003": "16001", "P29_004": "対馬市立鶏鳴小学校", "P29_005": "長崎県対馬市美津島町鶏知乙573-3", "P29_006": "3", "P29_007": "1", "P29_008": "00", "P29_009": null }, "geometry": { "type": "Point", "coordinates": [ 129.317296083359537, 34.26921081899799 ] } },
{ "type": "Feature", "properties": { "P29_001": "42209", "P29_002": "B142210002561", "P29_003": "16001", "P29_004": "対馬市立今里小学校", "P29_005": "長崎県対馬市美津島町今里291-9", "P29_006": "3", "P29_007": "1", "P29_008": "00", "P29_009": null }, "geometry": { "type": "Point", "coordinates": [ 129.2234550702359, 34.291252090893593 ] } },
{ "type": "Feature", "properties": { "P29_001": "42209", "P29_002": "B142210002570", "P29_003": "16001", "P29_004": "対馬市立大船越小学校", "P29_005": "長崎県対馬市美津島町大船越563", "P29_006": "3", "P29_007": "1", "P29_008": "00", "P29_009": null }, "geometry": { "type": "Point", "coordinates": [ 129.358256665989018, 34.276008480384668 ] } },
{ "type": "Feature", "properties": { "P29_001": "42209", "P29_002": "B142210002589", "P29_003": "16001", "P29_004": "対馬市立豊玉小学校", "P29_005": "長崎県対馬市豊玉町仁位1903", "P29_006": "3", "P29_007": "1", "P29_008": "00", "P29_009": null }, "geometry": { "type": "Point", "coordinates": [ 129.311064091873106, 34.390554559760382 ] } },
{ "type": "Feature", "properties": { "P29_001": "42209", "P29_002": "B142210002623", "P29_003": "16001", "P29_004": "対馬市立東小学校", "P29_005": "長崎県対馬市峰町佐賀412", "P29_006": "3", "P29_007": "1", "P29_008": "00", "P29_009": null }, "geometry": { "type": "Point", "coordinates": [ 129.37700117794509, 34.458538008394903 ] } },
{ "type": "Feature", "properties": { "P29_001": "42209", "P29_002": "B142210002632", "P29_003": "16001", "P29_004": "対馬市立仁田小学校", "P29_005": "長崎県対馬市上県町樫滝326", "P29_006": "3", "P29_007": "1", "P29_008": "00", "P29_009": null }, "geometry": { "type": "Point", "coordinates": [ 129.354364843682248, 34.531531577082184 ] } },
{ "type": "Feature", "properties": { "P29_001": "42209", "P29_002": "B142210002641", "P29_003": "16001", "P29_004": "対馬市立佐須奈小学校", "P29_005": "長崎県対馬市上県町佐須奈乙321", "P29_006": "3", "P29_007": "1", "P29_008": "00", "P29_009": null }, "geometry": { "type": "Point", "coordinates": [ 129.400825187491876, 34.639228756933846 ] } },
{ "type": "Feature", "properties": { "P29_001": "42209", "P29_002": "B142210002650", "P29_003": "16001", "P29_004": "対馬市立比田勝小学校", "P29_005": "長崎県対馬市上対馬町比田勝379", "P29_006": "3", "P29_007": "1", "P29_008": "00", "P29_009": null }, "geometry": { "type": "Point", "coordinates": [ 129.456833788629496, 34.653716315560366 ] } },
{ "type": "Feature", "properties": { "P29_001": "42209", "P29_002": "B142210002669", "P29_003": "16001", "P29_004": "対馬市立豊小学校", "P29_005": "長崎県対馬市上対馬町豊793", "P29_006": "3", "P29_007": "1", "P29_008": "00", "P29_009": null }, "geometry": { "type": "Point", "coordinates": [ 129.456016352436421, 34.685849395891793 ] } },
{ "type": "Feature", "properties": { "P29_001": "42202", "P29_002": "B142210002678", "P29_003": "16001", "P29_004": "佐世保市立港小学校", "P29_005": "長崎県佐世保市天神町1603", "P29_006": "3", "P29_007": "1", "P29_008": "00", "P29_009": null }, "geometry": { "type": "Point", "coordinates": [ 129.729497937506522, 33.138970682525454 ] } },
{ "type": "Feature", "properties": { "P29_001": "42202", "P29_002": "B142210002687", "P29_003": "16001", "P29_004": "佐世保市立花高小学校", "P29_005": "長崎県佐世保市花高3-4-1", "P29_006": "3", "P29_007": "1", "P29_008": "00", "P29_009": null }, "geometry": { "type": "Point", "coordinates": [ 129.81072999567553, 33.140296004926867 ] } },
{ "type": "Feature", "properties": { "P29_001": "42201", "P29_002": "B142210002696", "P29_003": "16001", "P29_004": "長崎市立女の都小学校", "P29_005": "長崎県長崎市女の都4-7-1", "P29_006": "3", "P29_007": "1", "P29_008": "00", "P29_009": null }, "geometry": { "type": "Point", "coordinates": [ 129.877484421690923, 32.804768112893846 ] } },
{ "type": "Feature", "properties": { "P29_001": "42204", "P29_002": "B142210002703", "P29_003": "16001", "P29_004": "諫早市立西諫早小学校", "P29_005": "長崎県諫早市馬渡町3", "P29_006": "3", "P29_007": "1", "P29_008": "00", "P29_009": null }, "geometry": { "type": "Point", "coordinates": [ 130.026689798482238, 32.845425969929906 ] } },
{ "type": "Feature", "properties": { "P29_001": "42308", "P29_002": "B142210002712", "P29_003": "16001", "P29_004": "時津町立時津東小学校", "P29_005": "長崎県西彼杵郡時津町浜田郷1334", "P29_006": "3", "P29_007": "1", "P29_008": "00", "P29_009": null }, "geometry": { "type": "Point", "coordinates": [ 129.85785992665916, 32.829790884917259 ] } },
{ "type": "Feature", "properties": { "P29_001": "42323", "P29_002": "B142210002721", "P29_003": "16001", "P29_004": "波佐見町立東小学校", "P29_005": "長崎県東彼杵郡波佐見町湯無田郷808", "P29_006": "3", "P29_007": "1", "P29_008": "00", "P29_009": null }, "geometry": { "type": "Point", "coordinates": [ 129.913247420888609, 33.141466850794139 ] } },
{ "type": "Feature", "properties": { "P29_001": "42201", "P29_002": "B142210002730", "P29_003": "16001", "P29_004": "長崎市立小江原小学校", "P29_005": "長崎県長崎市小江原2-33-1", "P29_006": "3", "P29_007": "1", "P29_008": "00", "P29_009": null }, "geometry": { "type": "Point", "coordinates": [ 129.839975525805301, 32.780246127079216 ] } },
{ "type": "Feature", "properties": { "P29_001": "42201", "P29_002": "B142210002749", "P29_003": "16001", "P29_004": "長崎市立横尾小学校", "P29_005": "長崎県長崎市横尾2-16-1", "P29_006": "3", "P29_007": "1", "P29_008": "00", "P29_009": null }, "geometry": { "type": "Point", "coordinates": [ 129.832746308566982, 32.814245980260502 ] } },
{ "type": "Feature", "properties": { "P29_001": "42205", "P29_002": "B142210002758", "P29_003": "16001", "P29_004": "大村市立放虎原小学校", "P29_005": "長崎県大村市古賀島町133-25", "P29_006": "3", "P29_007": "1", "P29_008": "00", "P29_009": null }, "geometry": { "type": "Point", "coordinates": [ 129.947432427428794, 32.926524212627882 ] } },
{ "type": "Feature", "properties": { "P29_001": "42201", "P29_002": "B142210002767", "P29_003": "16001", "P29_004": "長崎市立西山台小学校", "P29_005": "長崎県長崎市西山台1-4-1", "P29_006": "3", "P29_007": "1", "P29_008": "00", "P29_009": null }, "geometry": { "type": "Point", "coordinates": [ 129.889206823881807, 32.781478526767522 ] } },
{ "type": "Feature", "properties": { "P29_001": "42201", "P29_002": "B142210002776", "P29_003": "16001", "P29_004": "長崎市立南陽小学校", "P29_005": "長崎県長崎市竿浦町1062", "P29_006": "3", "P29_007": "1", "P29_008": "00", "P29_009": null }, "geometry": { "type": "Point", "coordinates": [ 129.841529497555996, 32.678571312356823 ] } },
{ "type": "Feature", "properties": { "P29_001": "42201", "P29_002": "B142210002785", "P29_003": "16001", "P29_004": "長崎市立虹が丘小学校", "P29_005": "長崎県長崎市虹が丘町2432", "P29_006": "3", "P29_007": "1", "P29_008": "00", "P29_009": null }, "geometry": { "type": "Point", "coordinates": [ 129.840533386093483, 32.796839936381424 ] } },
{ "type": "Feature", "properties": { "P29_001": "42307", "P29_002": "B142210002794", "P29_003": "16001", "P29_004": "長与町立長与北小学校", "P29_005": "長崎県西彼杵郡長与町斉藤郷370", "P29_006": "3", "P29_007": "1", "P29_008": "00", "P29_009": null }, "geometry": { "type": "Point", "coordinates": [ 129.869765591939483, 32.840009033147837 ] } },
{ "type": "Feature", "properties": { "P29_001": "42209", "P29_002": "B142210002801", "P29_003": "16001", "P29_004": "対馬市立美津島北部小学校", "P29_005": "長崎県対馬市美津島町芦浦60", "P29_006": "3", "P29_007": "1", "P29_008": "00", "P29_009": null }, "geometry": { "type": "Point", "coordinates": [ 129.36478639796465, 34.347647149147207 ] } },
{ "type": "Feature", "properties": { "P29_001": "42205", "P29_002": "B142210002810", "P29_003": "16001", "P29_004": "大村市立旭が丘小学校", "P29_005": "長崎県大村市木場1-129-1", "P29_006": "3", "P29_007": "1", "P29_008": "00", "P29_009": null }, "geometry": { "type": "Point", "coordinates": [ 129.975909804279951, 32.904552520725353 ] } },
{ "type": "Feature", "properties": { "P29_001": "42308", "P29_002": "B142210002829", "P29_003": "16001", "P29_004": "時津町立鳴鼓小学校", "P29_005": "長崎県西彼杵郡時津町左底郷79-9", "P29_006": "3", "P29_007": "1", "P29_008": "00", "P29_009": null }, "geometry": { "type": "Point", "coordinates": [ 129.84167275472177, 32.832286858661874 ] } },
{ "type": "Feature", "properties": { "P29_001": "42209", "P29_002": "B142210002838", "P29_003": "16001", "P29_004": "対馬市立厳原北小学校", "P29_005": "長崎県対馬市厳原町小浦228-1", "P29_006": "3", "P29_007": "1", "P29_008": "00", "P29_009": null }, "geometry": { "type": "Point", "coordinates": [ 129.304998385106387, 34.22738478845779 ] } },
{ "type": "Feature", "properties": { "P29_001": "42205", "P29_002": "B142210002847", "P29_003": "16001", "P29_004": "大村市立富の原小学校", "P29_005": "長崎県大村市富の原1-1392-1", "P29_006": "3", "P29_007": "1", "P29_008": "00", "P29_009": null }, "geometry": { "type": "Point", "coordinates": [ 129.940256646058742, 32.937082215408786 ] } },
{ "type": "Feature", "properties": { "P29_001": "42204", "P29_002": "B142210002856", "P29_003": "16001", "P29_004": "諫早市立喜々津東小学校", "P29_005": "長崎県諫早市多良見町シーサイド1-286", "P29_006": "3", "P29_007": "1", "P29_008": "00", "P29_009": null }, "geometry": { "type": "Point", "coordinates": [ 129.992739479719631, 32.838050342198066 ] } },
{ "type": "Feature", "properties": { "P29_001": "42209", "P29_002": "B142210002865", "P29_003": "16001", "P29_004": "対馬市立西小学校", "P29_005": "長崎県対馬市峰町三根361-30", "P29_006": "3", "P29_007": "1", "P29_008": "00", "P29_009": null }, "geometry": { "type": "Point", "coordinates": [ 129.315863575720982, 34.467972927519774 ] } },
{ "type": "Feature", "properties": { "P29_001": "42202", "P29_002": "B142210002874", "P29_003": "16001", "P29_004": "佐世保市立相浦西小学校", "P29_005": "長崎県佐世保市相浦町794", "P29_006": "3", "P29_007": "1", "P29_008": "00", "P29_009": null }, "geometry": { "type": "Point", "coordinates": [ 129.661506753442154, 33.190912936983139 ] } },
{ "type": "Feature", "properties": { "P29_001": "42204", "P29_002": "B142210002883", "P29_003": "16001", "P29_004": "諫早市立真城小学校", "P29_005": "長崎県諫早市真崎町1037-3", "P29_006": "3", "P29_007": "1", "P29_008": "00", "P29_009": null }, "geometry": { "type": "Point", "coordinates": [ 130.0187615192593, 32.851967148209468 ] } },
{ "type": "Feature", "properties": { "P29_001": "42201", "P29_002": "B142210002892", "P29_003": "16001", "P29_004": "長崎市立橘小学校", "P29_005": "長崎県長崎市かき道5-2-16", "P29_006": "3", "P29_007": "1", "P29_008": "00", "P29_009": null }, "geometry": { "type": "Point", "coordinates": [ 129.958830569436373, 32.769396987155503 ] } },
{ "type": "Feature", "properties": { "P29_001": "42201", "P29_002": "B142210002909", "P29_003": "16001", "P29_004": "長崎市立晴海台小学校", "P29_005": "長崎県長崎市晴海台町1-7", "P29_006": "3", "P29_007": "1", "P29_008": "00", "P29_009": null }, "geometry": { "type": "Point", "coordinates": [ 129.82115708537242, 32.665551709932039 ] } },
{ "type": "Feature", "properties": { "P29_001": "42201", "P29_002": "B142210002918", "P29_003": "16001", "P29_004": "長崎市立南長崎小学校", "P29_005": "長崎県長崎市ダイヤランド4-5-1", "P29_006": "3", "P29_007": "1", "P29_008": "00", "P29_009": null }, "geometry": { "type": "Point", "coordinates": [ 129.858487460411709, 32.700404366670362 ] } },
{ "type": "Feature", "properties": { "P29_001": "42307", "P29_002": "B142210002927", "P29_003": "16001", "P29_004": "長与町立長与南小学校", "P29_005": "長崎県西彼杵郡長与町高田郷1196-80", "P29_006": "3", "P29_007": "1", "P29_008": "00", "P29_009": null }, "geometry": { "type": "Point", "coordinates": [ 129.870462301563464, 32.817126248480051 ] } },
{ "type": "Feature", "properties": { "P29_001": "42201", "P29_002": "B142210002936", "P29_003": "16001", "P29_004": "長崎市立鳴見台小学校", "P29_005": "長崎県長崎市鳴見台2-1-8", "P29_006": "3", "P29_007": "1", "P29_008": "00", "P29_009": null }, "geometry": { "type": "Point", "coordinates": [ 129.802353054724279, 32.822107593921714 ] } },
{ "type": "Feature", "properties": { "P29_001": "42201", "P29_002": "B142210002945", "P29_003": "16001", "P29_004": "長崎市立桜が丘小学校", "P29_005": "長崎県長崎市小江原町3-19-1", "P29_006": "3", "P29_007": "1", "P29_008": "00", "P29_009": null }, "geometry": { "type": "Point", "coordinates": [ 129.830331759755552, 32.779340614232552 ] } },
{ "type": "Feature", "properties": { "P29_001": "42202", "P29_002": "B142210002954", "P29_003": "16001", "P29_004": "佐世保市立大塔小学校", "P29_005": "長崎県佐世保市もみじが丘町6745", "P29_006": "3", "P29_007": "1", "P29_008": "00", "P29_009": null }, "geometry": { "type": "Point", "coordinates": [ 129.774383633732299, 33.160927910269137 ] } },
{ "type": "Feature", "properties": { "P29_001": "42202", "P29_002": "B142210002963", "P29_003": "16001", "P29_004": "佐世保市立金比良小学校", "P29_005": "長崎県佐世保市金比良町1-5", "P29_006": "3", "P29_007": "1", "P29_008": "00", "P29_009": null }, "geometry": { "type": "Point", "coordinates": [ 129.707971502724376, 33.169972071737376 ] } },
{ "type": "Feature", "properties": { "P29_001": "42411", "P29_002": "B142210002972", "P29_003": "16001", "P29_004": "新上五島町立若松中央小学校", "P29_005": "長崎県南松浦郡新上五島町間伏郷74", "P29_006": "3", "P29_007": "1", "P29_008": "00", "P29_009": null }, "geometry": { "type": "Point", "coordinates": [ 129.005061814950608, 32.881780833274199 ] } },
{ "type": "Feature", "properties": { "P29_001": "42201", "P29_002": "B142210002981", "P29_003": "16001", "P29_004": "長崎市立桜町小学校", "P29_005": "長崎県長崎市勝山町30-1", "P29_006": "3", "P29_007": "1", "P29_008": "00", "P29_009": null }, "geometry": { "type": "Point", "coordinates": [ 129.879317951306717, 32.751227447261797 ] } },
{ "type": "Feature", "properties": { "P29_001": "42201", "P29_002": "B142210002990", "P29_003": "16001", "P29_004": "長崎市立諏訪小学校", "P29_005": "長崎県長崎市諏訪町7-13", "P29_006": "3", "P29_007": "1", "P29_008": "00", "P29_009": null }, "geometry": { "type": "Point", "coordinates": [ 129.881596453502709, 32.746824780180923 ] } },
{ "type": "Feature", "properties": { "P29_001": "42411", "P29_002": "B142210003007", "P29_003": "16001", "P29_004": "新上五島町立若松東小学校", "P29_005": "長崎県南松浦郡新上五島町宿ノ浦郷646-1", "P29_006": "3", "P29_007": "1", "P29_008": "00", "P29_009": null }, "geometry": { "type": "Point", "coordinates": [ 129.061860022126552, 32.894928022539411 ] } },
{ "type": "Feature", "properties": { "P29_001": "42202", "P29_002": "B142210003016", "P29_003": "16001", "P29_004": "佐世保市立祇園小学校", "P29_005": "長崎県佐世保市祇園町18-18", "P29_006": "3", "P29_007": "1", "P29_008": "00", "P29_009": null }, "geometry": { "type": "Point", "coordinates": [ 129.72359788871114, 33.175217079545682 ] } },
{ "type": "Feature", "properties": { "P29_001": "42201", "P29_002": "B142210003025", "P29_003": "16001", "P29_004": "長崎市立南陽小学校開成分校", "P29_005": "長崎県長崎市平山台2-34-1", "P29_006": "3", "P29_007": "1", "P29_008": "00", "P29_009": null }, "geometry": { "type": "Point", "coordinates": [ 129.825898530516355, 32.661724561070244 ] } },
{ "type": "Feature", "properties": { "P29_001": "42202", "P29_002": "B142210003034", "P29_003": "16001", "P29_004": "佐世保市立清水小学校", "P29_005": "長崎県佐世保市保立町10-1", "P29_006": "3", "P29_007": "1", "P29_008": "00", "P29_009": null }, "geometry": { "type": "Point", "coordinates": [ 129.714618792408857, 33.187959987768032 ] } },
{ "type": "Feature", "properties": { "P29_001": "42214", "P29_002": "B142210003043", "P29_003": "16001", "P29_004": "南島原市立有馬小学校", "P29_005": "長崎県南島原市北有馬町丁50-1", "P29_006": "3", "P29_007": "1", "P29_008": "00", "P29_009": null }, "geometry": { "type": "Point", "coordinates": [ 130.241435279093054, 32.654275361574733 ] } },
{ "type": "Feature", "properties": { "P29_001": "42214", "P29_002": "B142210003052", "P29_003": "16001", "P29_004": "南島原市立口之津小学校", "P29_005": "長崎県南島原市口之津町丁4455-3", "P29_006": "3", "P29_007": "1", "P29_008": "00", "P29_009": null }, "geometry": { "type": "Point", "coordinates": [ 130.190710572436387, 32.61845488455652 ] } },
{ "type": "Feature", "properties": { "P29_001": "42201", "P29_002": "B142210003061", "P29_003": "16001", "P29_004": "長崎市立大浦小学校", "P29_005": "長崎県長崎市上田町13-1", "P29_006": "3", "P29_007": "1", "P29_008": "00", "P29_009": null }, "geometry": { "type": "Point", "coordinates": [ 129.871240929926302, 32.732337803069605 ] } },
{ "type": "Feature", "properties": { "P29_001": "42201", "P29_002": "B142210003070", "P29_003": "16001", "P29_004": "長崎市立高城台小学校", "P29_005": "長崎県長崎市高城台1-22-1", "P29_006": "3", "P29_007": "1", "P29_008": "00", "P29_009": null }, "geometry": { "type": "Point", "coordinates": [ 129.945801019700667, 32.775976670483246 ] } },
{ "type": "Feature", "properties": { "P29_001": "42201", "P29_002": "B142210003089", "P29_003": "16001", "P29_004": "長崎市立野母崎小学校", "P29_005": "長崎県長崎市野母町1", "P29_006": "3", "P29_007": "1", "P29_008": "00", "P29_009": null }, "geometry": { "type": "Point", "coordinates": [ 129.759748125156051, 32.583326603659664 ] } },
{ "type": "Feature", "properties": { "P29_001": "42212", "P29_002": "B142210003098", "P29_003": "16001", "P29_004": "西海市立大瀬戸小学校", "P29_005": "長崎県西海市大瀬戸町瀬戸樫浦郷2188-1", "P29_006": "3", "P29_007": "1", "P29_008": "00", "P29_009": null }, "geometry": { "type": "Point", "coordinates": [ 129.643756949522015, 32.934754751319048 ] } },
{ "type": "Feature", "properties": { "P29_001": "42214", "P29_002": "B142210003105", "P29_003": "16001", "P29_004": "南島原市立加津佐小学校", "P29_005": "長崎県南島原市加津佐町己3315-1", "P29_006": "3", "P29_007": "1", "P29_008": "00", "P29_009": null }, "geometry": { "type": "Point", "coordinates": [ 130.167638402036715, 32.632559244042234 ] } },
{ "type": "Feature", "properties": { "P29_001": "42411", "P29_002": "B142210003114", "P29_003": "16001", "P29_004": "新上五島町立奈良尾小学校", "P29_005": "長崎県南松浦郡新上五島町奈良尾郷955-1", "P29_006": "3", "P29_007": "1", "P29_008": "00", "P29_009": null }, "geometry": { "type": "Point", "coordinates": [ 129.066149439262773, 32.864505298703811 ] } },
{ "type": "Feature", "properties": { "P29_001": "42214", "P29_002": "B142210003123", "P29_003": "16001", "P29_004": "南島原市立南有馬小学校", "P29_005": "長崎県南島原市南有馬町乙991", "P29_006": "3", "P29_007": "1", "P29_008": "00", "P29_009": null }, "geometry": { "type": "Point", "coordinates": [ 130.249370479521076, 32.632128565407136 ] } },
{ "type": "Feature", "properties": { "P29_001": "42201", "P29_002": "B142210003132", "P29_003": "16001", "P29_004": "長崎市立仁田佐古小学校", "P29_005": "長崎県長崎市西小島1-7-25", "P29_006": "3", "P29_007": "1", "P29_008": "00", "P29_009": null }, "geometry": { "type": "Point", "coordinates": [ 129.878246321342033, 32.73944211205179 ] } },
{ "type": "Feature", "properties": { "P29_001": "42208", "P29_002": "B142210003141", "P29_003": "16001", "P29_004": "松浦市立福島養源小学校", "P29_005": "長崎県松浦市福島町塩浜免2950", "P29_006": "3", "P29_007": "1", "P29_008": "00", "P29_009": null }, "geometry": { "type": "Point", "coordinates": [ 129.822740354904028, 33.366439987293759 ] } },
{ "type": "Feature", "properties": { "P29_001": "42212", "P29_002": "B142210003150", "P29_003": "16001", "P29_004": "西海市立西海小学校", "P29_005": "長崎県西海市西海町太田和郷862-1", "P29_006": "3", "P29_007": "1", "P29_008": "00", "P29_009": null }, "geometry": { "type": "Point", "coordinates": [ 129.666916174647525, 33.036834011546318 ] } },
{ "type": "Feature", "properties": { "P29_001": "42214", "P29_002": "B142210003169", "P29_003": "16001", "P29_004": "南島原市立西有家小学校", "P29_005": "長崎県南島原市西有家町須川33-1", "P29_006": "3", "P29_007": "1", "P29_008": "00", "P29_009": null }, "geometry": { "type": "Point", "coordinates": [ 130.297664427606946, 32.657665604425965 ] } },
{ "type": "Feature", "properties": { "P29_001": "42201", "P29_002": "B142210003178", "P29_003": "16001", "P29_004": "長崎市立外海黒崎小学校", "P29_005": "長崎県長崎市下黒崎町1428", "P29_006": "3", "P29_007": "1", "P29_008": "00", "P29_009": null }, "geometry": { "type": "Point", "coordinates": [ 129.716560511802982, 32.835431255826364 ] } },
{ "type": "Feature", "properties": { "P29_001": "42211", "P29_002": "B142210003187", "P29_003": "16001", "P29_004": "五島市立岐宿小学校", "P29_005": "長崎県五島市岐宿町楠原544-1", "P29_006": "3", "P29_007": "1", "P29_008": "00", "P29_009": null }, "geometry": { "type": "Point", "coordinates": [ 128.744666115802744, 32.730568167997774 ] } },
{ "type": "Feature", "properties": { "P29_001": "42212", "P29_002": "B142210003196", "P29_003": "16001", "P29_004": "西海市立ときわ台小学校", "P29_005": "長崎県西海市西彼町下岳郷2118", "P29_006": "3", "P29_007": "1", "P29_008": "00", "P29_009": null }, "geometry": { "type": "Point", "coordinates": [ 129.782137097474759, 32.996404644417638 ] } },
{ "type": "Feature", "properties": { "P29_001": "42211", "P29_002": "B142210003203", "P29_003": "16001", "P29_004": "五島市立玉之浦小学校", "P29_005": "長崎県五島市玉之浦町小川1130-1", "P29_006": "3", "P29_007": "1", "P29_008": "00", "P29_009": null }, "geometry": { "type": "Point", "coordinates": [ 128.669227738872195, 32.629614319213339 ] } },
{ "type": "Feature", "properties": { "P29_001": "42212", "P29_002": "B142210003212", "P29_003": "16001", "P29_004": "西海市立大崎小学校", "P29_005": "長崎県西海市大島町1922-2", "P29_006": "3", "P29_007": "1", "P29_008": "00", "P29_009": null }, "geometry": { "type": "Point", "coordinates": [ 129.62336705980124, 33.033975572003982 ] } },
{ "type": "Feature", "properties": { "P29_001": "42201", "P29_002": "B142310000017", "P29_003": "16001", "P29_004": "聖マリア学院小学校", "P29_005": "長崎県長崎市若草町6-5", "P29_006": "4", "P29_007": "1", "P29_008": "00", "P29_009": null }, "geometry": { "type": "Point", "coordinates": [ 129.851775281205221, 32.776051260034379 ] } },
{ "type": "Feature", "properties": { "P29_001": "42201", "P29_002": "B142310000026", "P29_003": "16001", "P29_004": "長崎南山小学校", "P29_005": "長崎県長崎市音無町9-34", "P29_006": "4", "P29_007": "1", "P29_008": "00", "P29_009": null }, "geometry": { "type": "Point", "coordinates": [ 129.857790347485206, 32.788176825291586 ] } },
{ "type": "Feature", "properties": { "P29_001": "42201", "P29_002": "B142310000035", "P29_003": "16001", "P29_004": "長崎精道小学校", "P29_005": "長崎県長崎市三原2-23-33", "P29_006": "4", "P29_007": "1", "P29_008": "00", "P29_009": null }, "geometry": { "type": "Point", "coordinates": [ 129.882368521280625, 32.784549805696336 ] } },
{ "type": "Feature", "properties": { "P29_001": "42201", "P29_002": "B142310000044", "P29_003": "16001", "P29_004": "精道三川台小学校", "P29_005": "長崎県長崎市三川町1234-1", "P29_006": "4", "P29_007": "1", "P29_008": "00", "P29_009": null }, "geometry": { "type": "Point", "coordinates": [ 129.883771039852945, 32.786648965092844 ] } },
{ "type": "Feature", "properties": { "P29_001": "42321", "P29_002": "B142310000053", "P29_003": "16001", "P29_004": "ながさき東そのぎ子ども村小学校", "P29_005": "長崎県東彼杵郡東彼杵町大音琴郷1621", "P29_006": "4", "P29_007": "1", "P29_008": "00", "P29_009": null }, "geometry": { "type": "Point", "coordinates": [ 129.894677413330555, 33.058448150377792 ] } },
{ "type": "Feature", "properties": { "P29_001": "42202", "P29_002": "B142310000062", "P29_003": "16001", "P29_004": "九州文化学園小学校", "P29_005": "長崎県佐世保市花園町10-1", "P29_006": "4", "P29_007": "1", "P29_008": "00", "P29_009": null }, "geometry": { "type": "Point", "coordinates": [ 129.723418214616856, 33.182352423642548 ] } }
]
}
