{
"type": "FeatureCollection",
"name": "geo_42_居宅介護支援",
"crs": { "type": "name", "properties": { "name": "urn:ogc:def:crs:OGC:1.3:CRS84" } },
"features": [
{ "type": "Feature", "properties": { "内容": "あいわ介護ながさきケアプランセンター【居宅介護支援】長崎県長崎市鍛冶屋町7番48号テラダビル2階", "url": "https://www.kaigokensaku.mhlw.go.jp/42/index.php?action_kouhyou_detail_004_kani=true&JigyosyoCd=4270109871-00&ServiceCd=430&Type=search", "url2": null }, "geometry": { "type": "Point", "coordinates": [ 129.883052899999939, 32.7419949 ] } },
{ "type": "Feature", "properties": { "内容": "千綿病院ケア・ステーション【居宅介護支援】長崎市矢上町１１番１１号", "url": "https://www.kaigokensaku.mhlw.go.jp/42/index.php?action_kouhyou_detail_004_kani=true&JigyosyoCd=4270100979-00&ServiceCd=430&Type=search", "url2": "http://chiwatahp.web.fc2.com" }, "geometry": { "type": "Point", "coordinates": [ 129.950944099999987, 32.7739375 ] } },
{ "type": "Feature", "properties": { "内容": "ケアプランセンター十三番館【居宅介護支援】長崎県長崎市大浦町3番21号", "url": "https://www.kaigokensaku.mhlw.go.jp/42/index.php?action_kouhyou_detail_004_kani=true&JigyosyoCd=4270105390-00&ServiceCd=430&Type=search", "url2": "http://www.ooura13.com" }, "geometry": { "type": "Point", "coordinates": [ 129.87138989999994, 32.7367061 ] } },
{ "type": "Feature", "properties": { "内容": "株式会社フマニ　ケアプランセンターフマニ【居宅介護支援】長崎県長崎市浜平1丁目1番3号シニアハウスひこばえ1階", "url": "https://www.kaigokensaku.mhlw.go.jp/42/index.php?action_kouhyou_detail_004_kani=true&JigyosyoCd=4270106588-00&ServiceCd=430&Type=search", "url2": null }, "geometry": { "type": "Point", "coordinates": [ 129.870247400000039, 32.76200510000001 ] } },
{ "type": "Feature", "properties": { "内容": "きょたくかいごしえんじぎょうしょ　ぐりーん【居宅介護支援】長崎県長崎市江川町68番5", "url": "https://www.kaigokensaku.mhlw.go.jp/42/index.php?action_kouhyou_detail_004_kani=true&JigyosyoCd=4270108139-00&ServiceCd=430&Type=search", "url2": "http://ths.gr.jp/" }, "geometry": { "type": "Point", "coordinates": [ 129.844554099999982, 32.6851768 ] } },
{ "type": "Feature", "properties": { "内容": "ケアプランセンター　しもかわ【居宅介護支援】長崎県長崎市昭和町１丁目９番１３号山田ビル１階", "url": "https://www.kaigokensaku.mhlw.go.jp/42/index.php?action_kouhyou_detail_004_kani=true&JigyosyoCd=4270109954-00&ServiceCd=430&Type=search", "url2": null }, "geometry": { "type": "Point", "coordinates": [ 129.8698657, 32.7916348 ] } },
{ "type": "Feature", "properties": { "内容": "長崎ケアハートガーデン　ケアプランセンター【居宅介護支援】長崎県長崎市竿浦町754-1長崎ケアハートガーデン　サービス付き高齢者向け住宅南長崎内", "url": "https://www.kaigokensaku.mhlw.go.jp/42/index.php?action_kouhyou_detail_004_kani=true&JigyosyoCd=4270110465-00&ServiceCd=430&Type=search", "url2": "http://www.mdlife.co.jp/" }, "geometry": { "type": "Point", "coordinates": [ 129.838096599999972, 32.6695278 ] } },
{ "type": "Feature", "properties": { "内容": "長崎ダイヤモンドスタッフ株式会社在宅介護サービスセンター【居宅介護支援】長崎県長崎市淵町2番２5号", "url": "https://www.kaigokensaku.mhlw.go.jp/42/index.php?action_kouhyou_detail_004_kani=true&JigyosyoCd=4270111646-00&ServiceCd=430&Type=search", "url2": "httpｓ://www.diamondstaff.co.jp/" }, "geometry": { "type": "Point", "coordinates": [ 129.859973800000034, 32.7601203 ] } },
{ "type": "Feature", "properties": { "内容": "健友会ケアプランセンター【居宅介護支援】長崎県長崎市大浦町９番30号", "url": "https://www.kaigokensaku.mhlw.go.jp/42/index.php?action_kouhyou_detail_004_kani=true&JigyosyoCd=4270100375-00&ServiceCd=430&Type=search", "url2": "https://www.oura-shinryousyo.com/" }, "geometry": { "type": "Point", "coordinates": [ 129.872194900000039, 32.7349866 ] } },
{ "type": "Feature", "properties": { "内容": "居宅介護支援センター太陽【居宅介護支援】長崎県長崎市中園町11番1号エミナーレ301", "url": "https://www.kaigokensaku.mhlw.go.jp/42/index.php?action_kouhyou_detail_004_kani=true&JigyosyoCd=4270101985-00&ServiceCd=430&Type=search", "url2": "http://www.helper-taiyo.com/" }, "geometry": { "type": "Point", "coordinates": [ 129.85965310000006, 32.7919612 ] } },
{ "type": "Feature", "properties": { "内容": "長崎ダイヤモンドスタッフ株式会社南部ケアプランセンター【居宅介護支援】長崎県長崎市末石町370番地55", "url": "https://www.kaigokensaku.mhlw.go.jp/42/index.php?action_kouhyou_detail_004_kani=true&JigyosyoCd=4270111653-00&ServiceCd=430&Type=search", "url2": "https://www.diamondstaff.co.jp/" }, "geometry": { "type": "Point", "coordinates": [ 129.838125398004536, 32.685491383037871 ] } },
{ "type": "Feature", "properties": { "内容": "マイノリティ【居宅介護支援】長崎県長崎市本原町２４番１５号高瀬ビル３階", "url": "https://www.kaigokensaku.mhlw.go.jp/42/index.php?action_kouhyou_detail_004_kani=true&JigyosyoCd=4270109947-00&ServiceCd=430&Type=search", "url2": "motohara@takeoff2012.onmicrosoft.com" }, "geometry": { "type": "Point", "coordinates": [ 129.86761933572086, 32.781609275085337 ] } },
{ "type": "Feature", "properties": { "内容": "こころねケアプランセンター【居宅介護支援】長崎県長崎市昭和1丁目2番11号　こころねビルこころねビル1階", "url": "https://www.kaigokensaku.mhlw.go.jp/42/index.php?action_kouhyou_detail_004_kani=true&JigyosyoCd=4270110242-00&ServiceCd=430&Type=search", "url2": "http://www.tolerance.co.jp" }, "geometry": { "type": "Point", "coordinates": [ 129.867086858340031, 32.79093975308588 ] } },
{ "type": "Feature", "properties": { "内容": "ラッキーグループ居宅介護支援事業所【居宅介護支援】長崎県長崎市大橋町25番6号", "url": "https://www.kaigokensaku.mhlw.go.jp/42/index.php?action_kouhyou_detail_004_kani=true&JigyosyoCd=4270110267-00&ServiceCd=430&Type=search", "url2": "http://www.luckygroup.co.jp/" }, "geometry": { "type": "Point", "coordinates": [ 129.864784851904346, 32.782927729636562 ] } },
{ "type": "Feature", "properties": { "内容": "医療法人　慈恵会　小江原中央病院【居宅介護支援】長崎県長崎市小江原２丁目１番２０号", "url": "https://www.kaigokensaku.mhlw.go.jp/42/index.php?action_kouhyou_detail_004_kani=true&JigyosyoCd=4270102454-00&ServiceCd=430&Type=search", "url2": "http://www.koebaru.com/" }, "geometry": { "type": "Point", "coordinates": [ 129.841729799999939, 32.7818676 ] } },
{ "type": "Feature", "properties": { "内容": "コモ・ケア【居宅介護支援】長崎県長崎市上戸町２丁目８番１６号", "url": "https://www.kaigokensaku.mhlw.go.jp/42/index.php?action_kouhyou_detail_004_kani=true&JigyosyoCd=4270112255-00&ServiceCd=430&Type=search", "url2": null }, "geometry": { "type": "Point", "coordinates": [ 129.8680312, 32.715725 ] } },
{ "type": "Feature", "properties": { "内容": "三原の園　居宅介護支援事業所【居宅介護支援】長崎県長崎市三原１丁目８番３５号", "url": "https://www.kaigokensaku.mhlw.go.jp/42/index.php?action_kouhyou_detail_004_kani=true&JigyosyoCd=4270100540-00&ServiceCd=430&Type=search", "url2": "http://www.miharadai.or.jp/" }, "geometry": { "type": "Point", "coordinates": [ 129.876052399999907, 32.7816269 ] } },
{ "type": "Feature", "properties": { "内容": "医療法人外海弘仁会　居宅介護支援事業所【居宅介護支援】長崎県長崎市下黒崎町１３４２番地６トランキルテひうら２Ｆ・支援相談室", "url": "https://www.kaigokensaku.mhlw.go.jp/42/index.php?action_kouhyou_detail_004_kani=true&JigyosyoCd=4211123312-00&ServiceCd=430&Type=search", "url2": "http://hiurahp.jp/" }, "geometry": { "type": "Point", "coordinates": [ 129.714345500000036, 32.836179600000015 ] } },
{ "type": "Feature", "properties": { "内容": "指定居宅介護支援事業者　光風台病院【居宅介護支援】長崎県長崎市鳴見台2丁目45-20", "url": "https://www.kaigokensaku.mhlw.go.jp/42/index.php?action_kouhyou_detail_004_kani=true&JigyosyoCd=4270101555-00&ServiceCd=430&Type=search", "url2": "https://megumikai.org/" }, "geometry": { "type": "Point", "coordinates": [ 129.806799899999987, 32.8236769 ] } },
{ "type": "Feature", "properties": { "内容": "医療法人　健正会　大久保病院　指定居宅介護支援事業所【居宅介護支援】長崎県長崎市戸石町1474番地1", "url": "https://www.kaigokensaku.mhlw.go.jp/42/index.php?action_kouhyou_detail_004_kani=true&JigyosyoCd=4210163889-00&ServiceCd=430&Type=search", "url2": null }, "geometry": { "type": "Point", "coordinates": [ 129.977118739219605, 32.763763051625382 ] } },
{ "type": "Feature", "properties": { "内容": "医療法人　光仁会　ケアプランセンター優未【居宅介護支援】長崎県長崎市三原３丁目５６９番地", "url": "https://www.kaigokensaku.mhlw.go.jp/42/index.php?action_kouhyou_detail_004_kani=true&JigyosyoCd=4270107453-00&ServiceCd=430&Type=search", "url2": "http://kojinnkai-hosupitarI.ｊｐ/" }, "geometry": { "type": "Point", "coordinates": [ 129.8862239, 32.7793274 ] } },
{ "type": "Feature", "properties": { "内容": "居宅介護支援事業所　にじいろ【居宅介護支援】長崎県長崎市虹が丘町１番１号デイケア棟　３階", "url": "https://www.kaigokensaku.mhlw.go.jp/42/index.php?action_kouhyou_detail_004_kani=true&JigyosyoCd=4270111216-00&ServiceCd=430&Type=search", "url2": "https://nijiiro-n.com/" }, "geometry": { "type": "Point", "coordinates": [ 129.844975366656513, 32.798117161041006 ] } },
{ "type": "Feature", "properties": { "内容": "居宅介護支援事業所　山の手【居宅介護支援】長崎県長崎市新地町12-8理研ビル", "url": "https://www.kaigokensaku.mhlw.go.jp/42/index.php?action_kouhyou_detail_004_kani=true&JigyosyoCd=4270107701-00&ServiceCd=430&Type=search", "url2": null }, "geometry": { "type": "Point", "coordinates": [ 129.875411799999938, 32.7409781 ] } },
{ "type": "Feature", "properties": { "内容": "医療法人秋桜会居宅介護支援センター・コスモス【居宅介護支援】長崎県長崎市京泊3丁目10番5号", "url": "https://www.kaigokensaku.mhlw.go.jp/42/index.php?action_kouhyou_detail_004_kani=true&JigyosyoCd=4270102603-00&ServiceCd=430&Type=search", "url2": "http://www.cosmos-garden.com" }, "geometry": { "type": "Point", "coordinates": [ 129.7708887, 32.822834800000038 ] } },
{ "type": "Feature", "properties": { "内容": "医療法人昭和会昭和会病院　指定居宅介護支援事業所【居宅介護支援】長崎県長崎市大浦町10番40号", "url": "https://www.kaigokensaku.mhlw.go.jp/42/index.php?action_kouhyou_detail_004_kani=true&JigyosyoCd=4270100409-00&ServiceCd=430&Type=search", "url2": "https://www.showakai-hp.jp/" }, "geometry": { "type": "Point", "coordinates": [ 129.872748967090047, 32.736441905527911 ] } },
{ "type": "Feature", "properties": { "内容": "医療法人星子医院　長崎南部介護支援サービス【居宅介護支援】長崎県長崎市新戸町１丁目１８番１号", "url": "https://www.kaigokensaku.mhlw.go.jp/42/index.php?action_kouhyou_detail_004_kani=true&JigyosyoCd=4270100581-00&ServiceCd=430&Type=search", "url2": null }, "geometry": { "type": "Point", "coordinates": [ 129.8648382, 32.712822 ] } },
{ "type": "Feature", "properties": { "内容": "松山町ケアマネジメントセンター【居宅介護支援】長崎県長崎市松山町４番３６号", "url": "https://www.kaigokensaku.mhlw.go.jp/42/index.php?action_kouhyou_detail_004_kani=true&JigyosyoCd=4270108063-00&ServiceCd=430&Type=search", "url2": "http://kiyohararyu-naika.com" }, "geometry": { "type": "Point", "coordinates": [ 129.86249, 32.7728275 ] } },
{ "type": "Feature", "properties": { "内容": "ケアプランセンター　愛宕【居宅介護支援】長崎県長崎市上小島３丁目１番５号", "url": "https://www.kaigokensaku.mhlw.go.jp/42/index.php?action_kouhyou_detail_004_kani=true&JigyosyoCd=4270103528-00&ServiceCd=430&Type=search", "url2": null }, "geometry": { "type": "Point", "coordinates": [ 129.888643099177443, 32.734925146022199 ] } },
{ "type": "Feature", "properties": { "内容": "うえのまち在宅介護支援サービス【居宅介護支援】長崎市上野町1番5号", "url": "https://www.kaigokensaku.mhlw.go.jp/42/index.php?action_kouhyou_detail_004_kani=true&JigyosyoCd=4270100664-00&ServiceCd=430&Type=search", "url2": null }, "geometry": { "type": "Point", "coordinates": [ 129.8685365, 32.7768772 ] } },
{ "type": "Feature", "properties": { "内容": "医療法人緑風会長崎みどり病院　指定居宅介護支援事業所【居宅介護支援】長崎県長崎市富士見町18-24", "url": "https://www.kaigokensaku.mhlw.go.jp/42/index.php?action_kouhyou_detail_004_kani=true&JigyosyoCd=4270100714-00&ServiceCd=430&Type=search", "url2": null }, "geometry": { "type": "Point", "coordinates": [ 129.854646199999934, 32.7731134 ] } },
{ "type": "Feature", "properties": { "内容": "医療法人社団健昌会　居宅介護支援事業所新里城栄【居宅介護支援】長崎県長崎市城栄町１１番２号", "url": "https://www.kaigokensaku.mhlw.go.jp/42/index.php?action_kouhyou_detail_004_kani=true&JigyosyoCd=4270106034-00&ServiceCd=430&Type=search", "url2": "http://www.shinzato.or.jp" }, "geometry": { "type": "Point", "coordinates": [ 129.858218099999931, 32.7749632 ] } },
{ "type": "Feature", "properties": { "内容": "医療法人社団　春秋会　南長崎クリニック　居宅介護支援事業所【居宅介護支援】長崎県長崎市松が枝町3番20号", "url": "https://www.kaigokensaku.mhlw.go.jp/42/index.php?action_kouhyou_detail_004_kani=true&JigyosyoCd=4210162006-00&ServiceCd=430&Type=search", "url2": "http://www.syunjyu-kai.or.jp" }, "geometry": { "type": "Point", "coordinates": [ 129.8714205, 32.7347563 ] } },
{ "type": "Feature", "properties": { "内容": "指定居宅介護支援事業所　田島整形外科・外科・クリニック【居宅介護支援】長崎県長崎市目覚町４番１５号", "url": "https://www.kaigokensaku.mhlw.go.jp/42/index.php?action_kouhyou_detail_004_kani=true&JigyosyoCd=4270104021-00&ServiceCd=430&Type=search", "url2": "http://www.tashima.or.jp/" }, "geometry": { "type": "Point", "coordinates": [ 129.865737200000012, 32.7637452 ] } },
{ "type": "Feature", "properties": { "内容": "医療法人社団　博生会　大久保医院【居宅介護支援】長崎県長崎市新地町4番15号", "url": "https://www.kaigokensaku.mhlw.go.jp/42/index.php?action_kouhyou_detail_004_kani=true&JigyosyoCd=4270100862-00&ServiceCd=430&Type=search", "url2": "https://www.ookuboiin.met" }, "geometry": { "type": "Point", "coordinates": [ 129.8736563, 32.7411113 ] } },
{ "type": "Feature", "properties": { "内容": "川口町ケアマネジメントセンター【居宅介護支援】長崎県長崎市川口町8-20", "url": "https://www.kaigokensaku.mhlw.go.jp/42/index.php?action_kouhyou_detail_004_kani=true&JigyosyoCd=4270106281-00&ServiceCd=430&Type=search", "url2": "http://kiyohararyu-naika.com" }, "geometry": { "type": "Point", "coordinates": [ 129.8638595, 32.7683586 ] } },
{ "type": "Feature", "properties": { "内容": "医療法人　蘭佑会　ダイヤランド崎望館【居宅介護支援】長崎県長崎市ダイヤランド３丁目３１番３号", "url": "https://www.kaigokensaku.mhlw.go.jp/42/index.php?action_kouhyou_detail_004_kani=true&JigyosyoCd=4250180082-00&ServiceCd=430&Type=search", "url2": "kiboukan@ngs2.cncm.ne.jp" }, "geometry": { "type": "Point", "coordinates": [ 129.855500200000051, 32.7028893 ] } },
{ "type": "Feature", "properties": { "内容": "居宅介護支援事業所　銀屋【居宅介護支援】長崎県長崎市銀屋町4番11号", "url": "https://www.kaigokensaku.mhlw.go.jp/42/index.php?action_kouhyou_detail_004_kani=true&JigyosyoCd=4270105630-00&ServiceCd=430&Type=search", "url2": "http://www.zeshinkai.or.jp/center/" }, "geometry": { "type": "Point", "coordinates": [ 129.880498660643752, 32.745937916771851 ] } },
{ "type": "Feature", "properties": { "内容": "ケアプランセンターならの木【居宅介護支援】長崎県長崎市南山手町12番43号", "url": "https://www.kaigokensaku.mhlw.go.jp/42/index.php?action_kouhyou_detail_004_kani=true&JigyosyoCd=4270110309-00&ServiceCd=430&Type=search", "url2": null }, "geometry": { "type": "Point", "coordinates": [ 129.866593173016327, 32.732529388691411 ] } },
{ "type": "Feature", "properties": { "内容": "メディカルネットワーク居宅介護支援事業所長崎北部【居宅介護支援】長崎県長崎市花丘町16-23", "url": "https://www.kaigokensaku.mhlw.go.jp/42/index.php?action_kouhyou_detail_004_kani=true&JigyosyoCd=4270108220-00&ServiceCd=430&Type=search", "url2": "http://entowa.co.jp" }, "geometry": { "type": "Point", "coordinates": [ 129.864983299999949, 32.7917281 ] } },
{ "type": "Feature", "properties": { "内容": "メディカルネットワーク居宅介護支援事業所【居宅介護支援】長崎県長崎市白木町4番29号", "url": "https://www.kaigokensaku.mhlw.go.jp/42/index.php?action_kouhyou_detail_004_kani=true&JigyosyoCd=4270102264-00&ServiceCd=430&Type=search", "url2": "http://www.mng-medicalnetwork.com/" }, "geometry": { "type": "Point", "coordinates": [ 129.894587630855057, 32.739273217210844 ] } },
{ "type": "Feature", "properties": { "内容": "ケアプランセンター・バディ【居宅介護支援】長崎県長崎市家野町10-17田代ビル102", "url": "https://www.kaigokensaku.mhlw.go.jp/42/index.php?action_kouhyou_detail_004_kani=true&JigyosyoCd=4270135777-00&ServiceCd=430&Type=search", "url2": "life-buddy.business.site" }, "geometry": { "type": "Point", "coordinates": [ 129.8639995, 32.788740755214363 ] } },
{ "type": "Feature", "properties": { "内容": "はーとふる長崎【居宅介護支援】長崎県長崎市福田本町185番2", "url": "https://www.kaigokensaku.mhlw.go.jp/42/index.php?action_kouhyou_detail_004_kani=true&JigyosyoCd=4270107115-00&ServiceCd=430&Type=search", "url2": "http://www.ufinitia.com/" }, "geometry": { "type": "Point", "coordinates": [ 129.818881899999951, 32.746628800000011 ] } },
{ "type": "Feature", "properties": { "内容": "ケアプランセンターみなつき【居宅介護支援】長崎県長崎市住吉町16番7号住吉会館", "url": "https://www.kaigokensaku.mhlw.go.jp/42/index.php?action_kouhyou_detail_004_kani=true&JigyosyoCd=4270106372-00&ServiceCd=430&Type=search", "url2": "http://minatsuki.jp" }, "geometry": { "type": "Point", "coordinates": [ 129.861683827616844, 32.794082617653238 ] } },
{ "type": "Feature", "properties": { "内容": "居宅介護支援事業所れんげそう【居宅介護支援】長崎県長崎市大井手町９番地1田園ビル２階", "url": "https://www.kaigokensaku.mhlw.go.jp/42/index.php?action_kouhyou_detail_004_kani=true&JigyosyoCd=4270107677-00&ServiceCd=430&Type=search", "url2": "sp8c2h59@castle.ocn.ne.jp" }, "geometry": { "type": "Point", "coordinates": [ 129.8859746, 32.755822 ] } },
{ "type": "Feature", "properties": { "内容": "ケアプランセンターＲＥ・楽【居宅介護支援】長崎県長崎市上小島1-5-3-302", "url": "https://www.kaigokensaku.mhlw.go.jp/42/index.php?action_kouhyou_detail_004_kani=true&JigyosyoCd=4270108212-00&ServiceCd=430&Type=search", "url2": "https://qualitycare9.wixsite.com/re-raku" }, "geometry": { "type": "Point", "coordinates": [ 129.8841917, 32.738028 ] } },
{ "type": "Feature", "properties": { "内容": "株式会社　ケアリング長崎【居宅介護支援】長崎県長崎市桶屋町42", "url": "https://www.kaigokensaku.mhlw.go.jp/42/index.php?action_kouhyou_detail_004_kani=true&JigyosyoCd=4270102165-00&ServiceCd=430&Type=search", "url2": null }, "geometry": { "type": "Point", "coordinates": [ 129.881527799999958, 32.7491747 ] } },
{ "type": "Feature", "properties": { "内容": "指定居宅介護支援事業所　コスモ【居宅介護支援】長崎県長崎市かき道6丁目1番1号東長崎コスモマンション", "url": "https://www.kaigokensaku.mhlw.go.jp/42/index.php?action_kouhyou_detail_004_kani=true&JigyosyoCd=4270108832-00&ServiceCd=430&Type=search", "url2": "http://www.kaigomansion.org/" }, "geometry": { "type": "Point", "coordinates": [ 129.959932699999968, 32.7653718 ] } },
{ "type": "Feature", "properties": { "内容": "花椿ケアプランセンター【居宅介護支援】長崎県長崎市矢の平4-9-22", "url": "https://www.kaigokensaku.mhlw.go.jp/42/index.php?action_kouhyou_detail_004_kani=true&JigyosyoCd=4270112032-00&ServiceCd=430&Type=search", "url2": "htt㎰：//smilecs.jp/news/" }, "geometry": { "type": "Point", "coordinates": [ 129.8948106, 32.741379 ] } },
{ "type": "Feature", "properties": { "内容": "ケアプランニング　オフィス・ＮＯＡＨ【居宅介護支援】長崎県長崎市豊洋台２丁目２９番２３号", "url": "https://www.kaigokensaku.mhlw.go.jp/42/index.php?action_kouhyou_detail_004_kani=true&JigyosyoCd=4270135793-00&ServiceCd=430&Type=search", "url2": null }, "geometry": { "type": "Point", "coordinates": [ 129.795893309966829, 32.826549860228248 ] } },
{ "type": "Feature", "properties": { "内容": "ケアプランセンターあすなろ【居宅介護支援】長崎県長崎市西山4丁目474番6", "url": "https://www.kaigokensaku.mhlw.go.jp/42/index.php?action_kouhyou_detail_004_kani=true&JigyosyoCd=4270111919-00&ServiceCd=430&Type=search", "url2": "https://www.truness-nagasaki.com/" }, "geometry": { "type": "Point", "coordinates": [ 129.88898462877512, 32.778783218046051 ] } },
{ "type": "Feature", "properties": { "内容": "ニチイケアセンター長崎【居宅介護支援】長崎県長崎市桜馬場1丁目2番4号グリーンビル3Ｆ", "url": "https://www.kaigokensaku.mhlw.go.jp/42/index.php?action_kouhyou_detail_004_kani=true&JigyosyoCd=4270100656-00&ServiceCd=430&Type=search", "url2": "http://www.nichiigakkan.co.jp" }, "geometry": { "type": "Point", "coordinates": [ 129.887380399999984, 32.7528411 ] } },
{ "type": "Feature", "properties": { "内容": "ケアプランセンターQ【居宅介護支援】長崎県長崎市田中町385-4", "url": "https://www.kaigokensaku.mhlw.go.jp/42/index.php?action_kouhyou_detail_004_kani=true&JigyosyoCd=4270109293-00&ServiceCd=430&Type=search", "url2": "http://pearl-wind.com" }, "geometry": { "type": "Point", "coordinates": [ 129.948380600000064, 32.766577 ] } },
{ "type": "Feature", "properties": { "内容": "介護支援センターながさき　ケアプラン・ステーション福田【居宅介護支援】長崎県長崎市小浦町4番地6", "url": "https://www.kaigokensaku.mhlw.go.jp/42/index.php?action_kouhyou_detail_004_kani=true&JigyosyoCd=4270111257-00&ServiceCd=430&Type=search", "url2": "https://www.human-nw.com/" }, "geometry": { "type": "Point", "coordinates": [ 129.826946908290097, 32.746374261670553 ] } },
{ "type": "Feature", "properties": { "内容": "介護支援センターながさき　ケアプラン・ステーション新大工【居宅介護支援】長崎県長崎市新大工町5番20号", "url": "https://www.kaigokensaku.mhlw.go.jp/42/index.php?action_kouhyou_detail_004_kani=true&JigyosyoCd=4270107669-00&ServiceCd=430&Type=search", "url2": "https://www.human-nw.com" }, "geometry": { "type": "Point", "coordinates": [ 129.887106503774248, 32.752948667312481 ] } },
{ "type": "Feature", "properties": { "内容": "ともえケアプランセンター【居宅介護支援】長崎県長崎市昭和1丁目6番27号", "url": "https://www.kaigokensaku.mhlw.go.jp/42/index.php?action_kouhyou_detail_004_kani=true&JigyosyoCd=4270136056-00&ServiceCd=430&Type=search", "url2": "www.rayl-nagasaki.net" }, "geometry": { "type": "Point", "coordinates": [ 129.868440303310706, 32.790515601138239 ] } },
{ "type": "Feature", "properties": { "内容": "株式会社　信義　ケアプランセンター美そら【居宅介護支援】長崎市本原町1番27号井手口ビル202号", "url": "https://www.kaigokensaku.mhlw.go.jp/42/index.php?action_kouhyou_detail_004_kani=true&JigyosyoCd=4270109103-00&ServiceCd=430&Type=search", "url2": null }, "geometry": { "type": "Point", "coordinates": [ 129.869603, 32.7800296 ] } },
{ "type": "Feature", "properties": { "内容": "居宅介護支援事業所　すまいるはぁと【居宅介護支援】長崎県長崎市元船町１７－３長崎港ターミナルビル２階", "url": "https://www.kaigokensaku.mhlw.go.jp/42/index.php?action_kouhyou_detail_004_kani=true&JigyosyoCd=4270107727-00&ServiceCd=430&Type=search", "url2": "http://www.sinkamigoto.net/" }, "geometry": { "type": "Point", "coordinates": [ 129.868475719327364, 32.745697590568355 ] } },
{ "type": "Feature", "properties": { "内容": "居宅介護支援事業所　クローバー・ガーデン【居宅介護支援】長崎県長崎市畝刈町1613-274402号", "url": "https://www.kaigokensaku.mhlw.go.jp/42/index.php?action_kouhyou_detail_004_kani=true&JigyosyoCd=4270107636-00&ServiceCd=430&Type=search", "url2": null }, "geometry": { "type": "Point", "coordinates": [ 129.781026049598694, 32.826886833841591 ] } },
{ "type": "Feature", "properties": { "内容": "ケアプランセンターれんげ【居宅介護支援】長崎県長崎市西海町3261-2", "url": "https://www.kaigokensaku.mhlw.go.jp/42/index.php?action_kouhyou_detail_004_kani=true&JigyosyoCd=4270109111-00&ServiceCd=430&Type=search", "url2": null }, "geometry": { "type": "Point", "coordinates": [ 129.782943933083146, 32.853444981926941 ] } },
{ "type": "Feature", "properties": { "内容": "ケアプランセンター花かんざし【居宅介護支援】長崎県長崎市岩見町19番16号", "url": "https://www.kaigokensaku.mhlw.go.jp/42/index.php?action_kouhyou_detail_004_kani=true&JigyosyoCd=4270110762-00&ServiceCd=430&Type=search", "url2": null }, "geometry": { "type": "Point", "coordinates": [ 129.854621400000042, 32.7698082 ] } },
{ "type": "Feature", "properties": { "内容": "居宅介護支援事業所うぇるずらいふ大手【居宅介護支援】長崎県長崎市大手１丁目２９番６号", "url": "https://www.kaigokensaku.mhlw.go.jp/42/index.php?action_kouhyou_detail_004_kani=true&JigyosyoCd=4270109814-00&ServiceCd=430&Type=search", "url2": "https://wellslife.jp/" }, "geometry": { "type": "Point", "coordinates": [ 129.875006081614657, 32.789562574276701 ] } },
{ "type": "Feature", "properties": { "内容": "介護支援センターながさき　ケアプラン・ステーション桜木【居宅介護支援】長崎県長崎市桜木町３番２５号", "url": "https://www.kaigokensaku.mhlw.go.jp/42/index.php?action_kouhyou_detail_004_kani=true&JigyosyoCd=4270103601-00&ServiceCd=430&Type=search", "url2": "https://www.human-nw.com" }, "geometry": { "type": "Point", "coordinates": [ 129.89218, 32.730758100000017 ] } },
{ "type": "Feature", "properties": { "内容": "長崎県看護協会　ケアプランセンター【居宅介護支援】長崎県長崎市恵美須町4-5NBC3RDビル9階", "url": "https://www.kaigokensaku.mhlw.go.jp/42/index.php?action_kouhyou_detail_004_kani=true&JigyosyoCd=4270100706-00&ServiceCd=430&Type=search", "url2": "http://www.nagasaki-nurse.or.jp" }, "geometry": { "type": "Point", "coordinates": [ 129.875646725764426, 32.750578757000127 ] } },
{ "type": "Feature", "properties": { "内容": "居宅介護支援事業所　えきさい【居宅介護支援】長崎県長崎市興善町4番5号カクヨウBLD3階カクヨウBLD3階", "url": "https://www.kaigokensaku.mhlw.go.jp/42/index.php?action_kouhyou_detail_004_kani=true&JigyosyoCd=4270135801-00&ServiceCd=430&Type=search", "url2": "http://ekisaikai-nagasaki.jp" }, "geometry": { "type": "Point", "coordinates": [ 129.876190531105067, 32.748270911772131 ] } },
{ "type": "Feature", "properties": { "内容": "福祉サポートのどか【居宅介護支援】長崎県長崎市城栄町1番16号リバーサイドコーポF403号室", "url": "https://www.kaigokensaku.mhlw.go.jp/42/index.php?action_kouhyou_detail_004_kani=true&JigyosyoCd=4270135827-00&ServiceCd=430&Type=search", "url2": "https://fukushinodoka.com" }, "geometry": { "type": "Point", "coordinates": [ 129.858788800000013, 32.7748804 ] } },
{ "type": "Feature", "properties": { "内容": "ケアプランセンター花【居宅介護支援】長崎県長崎市琴海村松町1591番地", "url": "https://www.kaigokensaku.mhlw.go.jp/42/index.php?action_kouhyou_detail_004_kani=true&JigyosyoCd=4270110382-00&ServiceCd=430&Type=search", "url2": "www.flower-court.com/office" }, "geometry": { "type": "Point", "coordinates": [ 129.784711499999986, 32.8678785 ] } },
{ "type": "Feature", "properties": { "内容": "みらい社会福祉士事務所【居宅介護支援】長崎県長崎市諏訪町6-3-202", "url": "https://www.kaigokensaku.mhlw.go.jp/42/index.php?action_kouhyou_detail_004_kani=true&JigyosyoCd=4270135587-00&ServiceCd=430&Type=search", "url2": "https://mira1.co.jp" }, "geometry": { "type": "Point", "coordinates": [ 129.8806222, 32.7471166 ] } },
{ "type": "Feature", "properties": { "内容": "あいさぽーと　居宅介護支援事業所【居宅介護支援】長崎県長崎市大橋町7-5横山ビル3階", "url": "https://www.kaigokensaku.mhlw.go.jp/42/index.php?action_kouhyou_detail_004_kani=true&JigyosyoCd=4270112073-00&ServiceCd=430&Type=search", "url2": "https://www.aisupport-ngs.com/" }, "geometry": { "type": "Point", "coordinates": [ 129.861789499999986, 32.7822522 ] } },
{ "type": "Feature", "properties": { "内容": "居宅介護支援事業所　鳴見【居宅介護支援】長崎県長崎市鳴見台1丁目7番9号", "url": "https://www.kaigokensaku.mhlw.go.jp/42/index.php?action_kouhyou_detail_004_kani=true&JigyosyoCd=4270110127-00&ServiceCd=430&Type=search", "url2": null }, "geometry": { "type": "Point", "coordinates": [ 129.804394699999989, 32.8187801 ] } },
{ "type": "Feature", "properties": { "内容": "ケアプランセンター　ゆめライフ【居宅介護支援】長崎県長崎市桜馬場1丁目1-7", "url": "https://www.kaigokensaku.mhlw.go.jp/42/index.php?action_kouhyou_detail_004_kani=true&JigyosyoCd=4270106661-00&ServiceCd=430&Type=search", "url2": "http://www.threem.jp/" }, "geometry": { "type": "Point", "coordinates": [ 129.887827300000026, 32.7521219 ] } },
{ "type": "Feature", "properties": { "内容": "元気計画【居宅介護支援】長崎県長崎市平野町１０番１３号ｾﾝﾄﾎﾟｰﾙﾊｲﾂ１Ｆ", "url": "https://www.kaigokensaku.mhlw.go.jp/42/index.php?action_kouhyou_detail_004_kani=true&JigyosyoCd=4270111059-00&ServiceCd=430&Type=search", "url2": null }, "geometry": { "type": "Point", "coordinates": [ 129.8650427, 32.7705529 ] } },
{ "type": "Feature", "properties": { "内容": "指定居宅介護支援事業所　拠りどころ【居宅介護支援】長崎県長崎市辻町１５－２０", "url": "https://www.kaigokensaku.mhlw.go.jp/42/index.php?action_kouhyou_detail_004_kani=true&JigyosyoCd=4270110903-00&ServiceCd=430&Type=search", "url2": null }, "geometry": { "type": "Point", "coordinates": [ 129.874656295590228, 32.785677253647606 ] } },
{ "type": "Feature", "properties": { "内容": "ケアプランセンターはじめ【居宅介護支援】長崎県長崎市戸町1丁目5番7－503号503", "url": "https://www.kaigokensaku.mhlw.go.jp/42/index.php?action_kouhyou_detail_004_kani=true&JigyosyoCd=4270111760-00&ServiceCd=430&Type=search", "url2": null }, "geometry": { "type": "Point", "coordinates": [ 129.861412622026137, 32.725776152019279 ] } },
{ "type": "Feature", "properties": { "内容": "ケアプランセンターたけのこ【居宅介護支援】長崎県長崎市油木町24番8号", "url": "https://www.kaigokensaku.mhlw.go.jp/42/index.php?action_kouhyou_detail_004_kani=true&JigyosyoCd=4270135876-00&ServiceCd=430&Type=search", "url2": null }, "geometry": { "type": "Point", "coordinates": [ 129.8484483, 32.7816494 ] } },
{ "type": "Feature", "properties": { "内容": "ケアプランセンターなないろ【居宅介護支援】長崎県長崎市上戸町２丁目１４番１０河本アパート202", "url": "https://www.kaigokensaku.mhlw.go.jp/42/index.php?action_kouhyou_detail_004_kani=true&JigyosyoCd=4270136171-00&ServiceCd=430&Type=search", "url2": "hppts://www.nanairo-harinezumi.com" }, "geometry": { "type": "Point", "coordinates": [ 129.8678066, 32.7155018 ] } },
{ "type": "Feature", "properties": { "内容": "ケアマネセンターいろは【居宅介護支援】長崎県長崎市小江原2丁目35-1-201", "url": "https://www.kaigokensaku.mhlw.go.jp/42/index.php?action_kouhyou_detail_004_kani=true&JigyosyoCd=4270136197-00&ServiceCd=430&Type=search", "url2": null }, "geometry": { "type": "Point", "coordinates": [ 129.837472463523653, 32.780110002541697 ] } },
{ "type": "Feature", "properties": { "内容": "ケアプランセンターひまわり【居宅介護支援】葉山1丁目28-15S＆B葉山ショッピングプラザ5F", "url": "https://www.kaigokensaku.mhlw.go.jp/42/index.php?action_kouhyou_detail_004_kani=true&JigyosyoCd=4270100854-00&ServiceCd=430&Type=search", "url2": "http://www.shunkaikai.jp/reha/care" }, "geometry": { "type": "Point", "coordinates": [ 129.849143395252867, 32.805267795741152 ] } },
{ "type": "Feature", "properties": { "内容": "長崎記念病院　指定居宅介護支援事業所【居宅介護支援】長崎県長崎市深堀町1丁目145番地22", "url": "https://www.kaigokensaku.mhlw.go.jp/42/index.php?action_kouhyou_detail_004_kani=true&JigyosyoCd=4210118214-00&ServiceCd=430&Type=search", "url2": "http://www.nmhp.or.jp/" }, "geometry": { "type": "Point", "coordinates": [ 129.83338260000005, 32.684709546535139 ] } },
{ "type": "Feature", "properties": { "内容": "さゆり会ケアマネジメントセンター女神【居宅介護支援】長崎県長崎市国分町8番29号", "url": "https://www.kaigokensaku.mhlw.go.jp/42/index.php?action_kouhyou_detail_004_kani=true&JigyosyoCd=4270135769-00&ServiceCd=430&Type=search", "url2": "http:/www.sayurikai.or.jp" }, "geometry": { "type": "Point", "coordinates": [ 129.859175, 32.724769200000026 ] } },
{ "type": "Feature", "properties": { "内容": "ケアプランセンターよつば【居宅介護支援】長崎県長崎市滑石5丁目9番51号介護付有料老人ホームよつば", "url": "https://www.kaigokensaku.mhlw.go.jp/42/index.php?action_kouhyou_detail_004_kani=true&JigyosyoCd=4270135561-00&ServiceCd=430&Type=search", "url2": "http://kouranosato.com" }, "geometry": { "type": "Point", "coordinates": [ 129.8333136, 32.8041739 ] } },
{ "type": "Feature", "properties": { "内容": "居宅介護支援事業所　円居庵。【居宅介護支援】長崎県長崎市松原町2535番地2", "url": "https://www.kaigokensaku.mhlw.go.jp/42/index.php?action_kouhyou_detail_004_kani=true&JigyosyoCd=4270110895-00&ServiceCd=430&Type=search", "url2": null }, "geometry": { "type": "Point", "coordinates": [ 129.954857100000027, 32.7961189 ] } },
{ "type": "Feature", "properties": { "内容": "居宅介護支援事業所なでしこ荘【居宅介護支援】長崎県長崎市西山台2丁目32番47号", "url": "https://www.kaigokensaku.mhlw.go.jp/42/index.php?action_kouhyou_detail_004_kani=true&JigyosyoCd=4270102561-00&ServiceCd=430&Type=search", "url2": "http://www.nadeshikosou.cоm/" }, "geometry": { "type": "Point", "coordinates": [ 129.894398, 32.7828966 ] } },
{ "type": "Feature", "properties": { "内容": "ケアプラン・山の木【居宅介護支援】横尾5丁目9番18号", "url": "https://www.kaigokensaku.mhlw.go.jp/42/index.php?action_kouhyou_detail_004_kani=true&JigyosyoCd=4270109475-00&ServiceCd=430&Type=search", "url2": "http://www.keiaikai-nagasaki.or.jp" }, "geometry": { "type": "Point", "coordinates": [ 129.826693, 32.8146504 ] } },
{ "type": "Feature", "properties": { "内容": "居宅介護支援事業所　古賀の里【居宅介護支援】長崎県長崎市古賀町806-2", "url": "https://www.kaigokensaku.mhlw.go.jp/42/index.php?action_kouhyou_detail_004_kani=true&JigyosyoCd=4270100417-00&ServiceCd=430&Type=search", "url2": "http://www.koganosato.jp/" }, "geometry": { "type": "Point", "coordinates": [ 129.961251100000027, 32.7971717 ] } },
{ "type": "Feature", "properties": { "内容": "居宅介護支援事業所　琴の浦荘【居宅介護支援】長崎県長崎市琴海戸根町743番地47", "url": "https://www.kaigokensaku.mhlw.go.jp/42/index.php?action_kouhyou_detail_004_kani=true&JigyosyoCd=4270107362-00&ServiceCd=430&Type=search", "url2": "http://www.gounkai.or.jp" }, "geometry": { "type": "Point", "coordinates": [ 129.791496773294057, 32.887903727706714 ] } },
{ "type": "Feature", "properties": { "内容": "居宅介護支援事業所　緑風【居宅介護支援】長崎県長崎市風頭町1番27号", "url": "https://www.kaigokensaku.mhlw.go.jp/42/index.php?action_kouhyou_detail_004_kani=true&JigyosyoCd=4270111711-00&ServiceCd=430&Type=search", "url2": "www.gounkai.or.jp/" }, "geometry": { "type": "Point", "coordinates": [ 129.88919420000002, 32.7418479 ] } },
{ "type": "Feature", "properties": { "内容": "ケアサポートみずほ【居宅介護支援】長崎県長崎市葉山2丁目28-10", "url": "https://www.kaigokensaku.mhlw.go.jp/42/index.php?action_kouhyou_detail_004_kani=true&JigyosyoCd=4270102314-00&ServiceCd=430&Type=search", "url2": "http://www.mizuhokai.jp" }, "geometry": { "type": "Point", "coordinates": [ 129.8446255, 32.8064567 ] } },
{ "type": "Feature", "properties": { "内容": "社会福祉法人　小榊アスカ福祉会　居宅介護支援事業所【居宅介護支援】長崎県長崎市みなと坂1丁目6番35号", "url": "https://www.kaigokensaku.mhlw.go.jp/42/index.php?action_kouhyou_detail_004_kani=true&JigyosyoCd=4270103270-00&ServiceCd=430&Type=search", "url2": "http://asukafukushikai.jp/" }, "geometry": { "type": "Point", "coordinates": [ 129.838550400000031, 32.7289948 ] } },
{ "type": "Feature", "properties": { "内容": "居宅介護支援事業所　望星【居宅介護支援】長崎県長崎市岩屋町745番地4", "url": "https://www.kaigokensaku.mhlw.go.jp/42/index.php?action_kouhyou_detail_004_kani=true&JigyosyoCd=4270103791-00&ServiceCd=430&Type=search", "url2": "http://bouseisou.jp/" }, "geometry": { "type": "Point", "coordinates": [ 129.845267700000022, 32.7948607 ] } },
{ "type": "Feature", "properties": { "内容": "居宅介護支援事業所　いこいの園【居宅介護支援】長崎市住吉町21番7号", "url": "https://www.kaigokensaku.mhlw.go.jp/42/index.php?action_kouhyou_detail_004_kani=true&JigyosyoCd=4270102090-00&ServiceCd=430&Type=search", "url2": "http://kagurakai.or.jp" }, "geometry": { "type": "Point", "coordinates": [ 129.858705800000052, 32.7940054 ] } },
{ "type": "Feature", "properties": { "内容": "喜楽苑居宅介護支援事業所【居宅介護支援】長崎県長崎市竿浦町945番地", "url": "https://www.kaigokensaku.mhlw.go.jp/42/index.php?action_kouhyou_detail_004_kani=true&JigyosyoCd=4270100383-00&ServiceCd=430&Type=search", "url2": "http://www.kirakuen-nagasaki.jp/" }, "geometry": { "type": "Point", "coordinates": [ 129.841201800000022, 32.6761885 ] } },
{ "type": "Feature", "properties": { "内容": "指定居宅介護支援事業者サンハイツ稲佐【居宅介護支援】長崎県長崎市曙町３番１５号", "url": "https://www.kaigokensaku.mhlw.go.jp/42/index.php?action_kouhyou_detail_004_kani=true&JigyosyoCd=4270103627-00&ServiceCd=430&Type=search", "url2": "http://www.sanhaitsu.jp/" }, "geometry": { "type": "Point", "coordinates": [ 129.861690299999964, 32.7542626 ] } },
{ "type": "Feature", "properties": { "内容": "指定居宅介護支援事業者サンハイツ銭座【居宅介護支援】長崎県長崎市銭座町2番6号", "url": "https://www.kaigokensaku.mhlw.go.jp/42/index.php?action_kouhyou_detail_004_kani=true&JigyosyoCd=4270100037-00&ServiceCd=430&Type=search", "url2": "http://www.sanhaitsu.jp/" }, "geometry": { "type": "Point", "coordinates": [ 129.867406499999987, 32.7598928 ] } },
{ "type": "Feature", "properties": { "内容": "指定居宅介護支援事業者サンハイツ【居宅介護支援】長崎県長崎市油木町65-14", "url": "https://www.kaigokensaku.mhlw.go.jp/42/index.php?action_kouhyou_detail_004_kani=true&JigyosyoCd=4270100029-00&ServiceCd=430&Type=search", "url2": "http://www.sanhaitsu.jp/" }, "geometry": { "type": "Point", "coordinates": [ 129.844110300000011, 32.7803067 ] } },
{ "type": "Feature", "properties": { "内容": "稲佐の森ケアサービスセンター【居宅介護支援】長崎県長崎市大谷町４１８番地１", "url": "https://www.kaigokensaku.mhlw.go.jp/42/index.php?action_kouhyou_detail_004_kani=true&JigyosyoCd=4270100524-00&ServiceCd=430&Type=search", "url2": "http://www.nagasaki-kouseifukushidan.or.jp" }, "geometry": { "type": "Point", "coordinates": [ 129.850955, 32.7483184 ] } },
{ "type": "Feature", "properties": { "内容": "長崎市社会福祉協議会　北部居宅介護支援事業所【居宅介護支援】長崎県長崎市長浦町3777番地10", "url": "https://www.kaigokensaku.mhlw.go.jp/42/index.php?action_kouhyou_detail_004_kani=true&JigyosyoCd=4270105259-00&ServiceCd=430&Type=search", "url2": null }, "geometry": { "type": "Point", "coordinates": [ 129.784166199999959, 32.9059939 ] } },
{ "type": "Feature", "properties": { "内容": "長崎市社会福祉協議会　南部居宅介護支援事業所【居宅介護支援】長崎県長崎市布巻町６７番地１", "url": "https://www.kaigokensaku.mhlw.go.jp/42/index.php?action_kouhyou_detail_004_kani=true&JigyosyoCd=4270104849-00&ServiceCd=430&Type=search", "url2": null }, "geometry": { "type": "Point", "coordinates": [ 129.82877, 32.6495848 ] } },
{ "type": "Feature", "properties": { "内容": "居宅介護支援事業所　はるかぜ【居宅介護支援】長崎県長崎市古町１６番１号サンガーデン古町２０１号", "url": "https://www.kaigokensaku.mhlw.go.jp/42/index.php?action_kouhyou_detail_004_kani=true&JigyosyoCd=4270102595-00&ServiceCd=430&Type=search", "url2": "http://www.katafuchimura.or.jp" }, "geometry": { "type": "Point", "coordinates": [ 129.881837300000029, 32.75013 ] } },
{ "type": "Feature", "properties": { "内容": "ケアプランセンターもみの木【居宅介護支援】長崎県長崎市片淵１丁目１３番２７号", "url": "https://www.kaigokensaku.mhlw.go.jp/42/index.php?action_kouhyou_detail_004_kani=true&JigyosyoCd=4270108774-00&ServiceCd=430&Type=search", "url2": "http://www.shirayukikai.jp" }, "geometry": { "type": "Point", "coordinates": [ 129.886752300000012, 32.7547327 ] } },
{ "type": "Feature", "properties": { "内容": "居宅介護支援事業所・プライエム横尾【居宅介護支援】長崎県長崎市横尾３丁目２６番２号", "url": "https://www.kaigokensaku.mhlw.go.jp/42/index.php?action_kouhyou_detail_004_kani=true&JigyosyoCd=4270100144-00&ServiceCd=430&Type=search", "url2": "http://www.heisei-kai.or.jp/" }, "geometry": { "type": "Point", "coordinates": [ 129.839910133948251, 32.81645220717801 ] } },
{ "type": "Feature", "properties": { "内容": "ケアプランセンター日見やすらぎ荘【居宅介護支援】長崎県長崎市宿町616番地養護老人ホーム・日見やすらぎ荘", "url": "https://www.kaigokensaku.mhlw.go.jp/42/index.php?action_kouhyou_detail_004_kani=true&JigyosyoCd=4270107024-00&ServiceCd=430&Type=search", "url2": "http://www.heisei-kai.or.jp/" }, "geometry": { "type": "Point", "coordinates": [ 129.937025899999981, 32.7601939 ] } },
{ "type": "Feature", "properties": { "内容": "社会福祉法人朋永会　指定居宅介護支援事業所びわの園【居宅介護支援】長崎県長崎市茂木町2222番地", "url": "https://www.kaigokensaku.mhlw.go.jp/42/index.php?action_kouhyou_detail_004_kani=true&JigyosyoCd=4270100052-00&ServiceCd=430&Type=search", "url2": "http://biwanosono.com" }, "geometry": { "type": "Point", "coordinates": [ 129.912710699999934, 32.6995432 ] } },
{ "type": "Feature", "properties": { "内容": "恵珠苑　指定居宅介護支援事業所【居宅介護支援】長崎県長崎市田上2丁目15番12号", "url": "https://www.kaigokensaku.mhlw.go.jp/42/index.php?action_kouhyou_detail_004_kani=true&JigyosyoCd=4270100300-00&ServiceCd=430&Type=search", "url2": "http://yuukikai.jp" }, "geometry": { "type": "Point", "coordinates": [ 129.886578099999952, 32.726513 ] } },
{ "type": "Feature", "properties": { "内容": "ケアプランセンターさくらの里【居宅介護支援】長崎県長崎市三京町1539番地１", "url": "https://www.kaigokensaku.mhlw.go.jp/42/index.php?action_kouhyou_detail_004_kani=true&JigyosyoCd=4270103684-00&ServiceCd=430&Type=search", "url2": "http://www.sakuranosato.or.jp/web/main/careplancenter.html" }, "geometry": { "type": "Point", "coordinates": [ 129.77213, 32.8345698 ] } },
{ "type": "Feature", "properties": { "内容": "居宅介護支援事業所　　平木場荘【居宅介護支援】中里町2289番", "url": "https://www.kaigokensaku.mhlw.go.jp/42/index.php?action_kouhyou_detail_004_kani=true&JigyosyoCd=4270109558-00&ServiceCd=430&Type=search", "url2": "http://hiracoba.jp" }, "geometry": { "type": "Point", "coordinates": [ 129.973520759524547, 32.814790417627286 ] } },
{ "type": "Feature", "properties": { "内容": "社会福祉法人　純心聖母会　居宅介護支援センター「恵の丘」【居宅介護支援】長崎県長崎市三ツ山町139番地2", "url": "https://www.kaigokensaku.mhlw.go.jp/42/index.php?action_kouhyou_detail_004_kani=true&JigyosyoCd=4270105333-00&ServiceCd=430&Type=search", "url2": "http://junshin-seibo.or.jp" }, "geometry": { "type": "Point", "coordinates": [ 129.908771099999967, 32.8040363 ] } },
{ "type": "Feature", "properties": { "内容": "居宅介護支援事業所　東長崎ナーシングホーム【居宅介護支援】長崎県長崎市東町1893-5", "url": "https://www.kaigokensaku.mhlw.go.jp/42/index.php?action_kouhyou_detail_004_kani=true&JigyosyoCd=4270110572-00&ServiceCd=430&Type=search", "url2": "http://fusoukai.jp/" }, "geometry": { "type": "Point", "coordinates": [ 129.956263, 32.779165 ] } },
{ "type": "Feature", "properties": { "内容": "居宅介護支援事業所　カリタス【居宅介護支援】長崎県長崎市新牧野町１３２番地1", "url": "https://www.kaigokensaku.mhlw.go.jp/42/index.php?action_kouhyou_detail_004_kani=true&JigyosyoCd=4270105895-00&ServiceCd=430&Type=search", "url2": "https://www.m-caritas.jp" }, "geometry": { "type": "Point", "coordinates": [ 129.705026399999952, 32.8526114 ] } },
{ "type": "Feature", "properties": { "内容": "フランシスコ　ケアプランセンター【居宅介護支援】長崎県長崎市小峰町9番20号", "url": "https://www.kaigokensaku.mhlw.go.jp/42/index.php?action_kouhyou_detail_004_kani=true&JigyosyoCd=4270100276-00&ServiceCd=430&Type=search", "url2": "http://www.sfh.or.jp/" }, "geometry": { "type": "Point", "coordinates": [ 129.873169170638988, 32.783276712742349 ] } },
{ "type": "Feature", "properties": { "内容": "居宅介護支援事業所しらゆり【居宅介護支援】滑石1丁目1-9滑石七福ビル505号", "url": "https://www.kaigokensaku.mhlw.go.jp/42/index.php?action_kouhyou_detail_004_kani=true&JigyosyoCd=4270110671-00&ServiceCd=430&Type=search", "url2": null }, "geometry": { "type": "Point", "coordinates": [ 129.849887683276307, 32.805842388355792 ] } },
{ "type": "Feature", "properties": { "内容": "ケアサポート春【居宅介護支援】長崎県長崎市岩屋町18-1プレジール岩屋通り307号", "url": "https://www.kaigokensaku.mhlw.go.jp/42/index.php?action_kouhyou_detail_004_kani=true&JigyosyoCd=4270105192-00&ServiceCd=430&Type=search", "url2": null }, "geometry": { "type": "Point", "coordinates": [ 129.8512475, 32.8010128 ] } },
{ "type": "Feature", "properties": { "内容": "居宅介護支援事業所　すりーはーと【居宅介護支援】長崎県長崎市大浦町6番3号", "url": "https://www.kaigokensaku.mhlw.go.jp/42/index.php?action_kouhyou_detail_004_kani=true&JigyosyoCd=4270103114-00&ServiceCd=430&Type=search", "url2": null }, "geometry": { "type": "Point", "coordinates": [ 129.873037, 32.7373283 ] } },
{ "type": "Feature", "properties": { "内容": "ケアプランセンター　ミント【居宅介護支援】長崎県長崎市小ヶ倉町1丁目607番地", "url": "https://www.kaigokensaku.mhlw.go.jp/42/index.php?action_kouhyou_detail_004_kani=true&JigyosyoCd=4270136031-00&ServiceCd=430&Type=search", "url2": "http://h-well.co.jp" }, "geometry": { "type": "Point", "coordinates": [ 129.850392693254094, 32.707361407986475 ] } },
{ "type": "Feature", "properties": { "内容": "ケアプランセンターあき長崎【居宅介護支援】長崎県長崎市三原2-26-11", "url": "https://www.kaigokensaku.mhlw.go.jp/42/index.php?action_kouhyou_detail_004_kani=true&JigyosyoCd=4270135926-00&ServiceCd=430&Type=search", "url2": "https://care-aki.com/" }, "geometry": { "type": "Point", "coordinates": [ 129.8850206, 32.7811551 ] } },
{ "type": "Feature", "properties": { "内容": "ケアプラン虹【居宅介護支援】長崎県長崎市鳴見台2丁目34番23号", "url": "https://www.kaigokensaku.mhlw.go.jp/42/index.php?action_kouhyou_detail_004_kani=true&JigyosyoCd=4270105028-00&ServiceCd=430&Type=search", "url2": null }, "geometry": { "type": "Point", "coordinates": [ 129.810955106951042, 32.823007854319151 ] } },
{ "type": "Feature", "properties": { "内容": "ケアプランむつみ【居宅介護支援】長崎県長崎市長浦町2583番地", "url": "https://www.kaigokensaku.mhlw.go.jp/42/index.php?action_kouhyou_detail_004_kani=true&JigyosyoCd=4270112172-00&ServiceCd=430&Type=search", "url2": null }, "geometry": { "type": "Point", "coordinates": [ 129.784771299999989, 32.9102572 ] } },
{ "type": "Feature", "properties": { "内容": "ケアプランセンターオレンジ【居宅介護支援】長崎県長崎市畝刈町1088番地1サンビレッヂ畝刈1002号", "url": "https://www.kaigokensaku.mhlw.go.jp/42/index.php?action_kouhyou_detail_004_kani=true&JigyosyoCd=4270105093-00&ServiceCd=430&Type=search", "url2": null }, "geometry": { "type": "Point", "coordinates": [ 129.780688, 32.8293259 ] } },
{ "type": "Feature", "properties": { "内容": "有限会社　厚生ライフ長崎　居宅介護支援事業所【居宅介護支援】長崎県長崎市鳴見台1丁目28番11号", "url": "https://www.kaigokensaku.mhlw.go.jp/42/index.php?action_kouhyou_detail_004_kani=true&JigyosyoCd=4270101357-00&ServiceCd=430&Type=search", "url2": "https://www.kouseilife-nagasaki.net/" }, "geometry": { "type": "Point", "coordinates": [ 129.807047199999943, 32.8202189 ] } },
{ "type": "Feature", "properties": { "内容": "居宅介護支援事業所　けあぷらん　すわ【居宅介護支援】長崎県長崎市下西山町１０番６号大蔵ビル１０２号", "url": "https://www.kaigokensaku.mhlw.go.jp/42/index.php?action_kouhyou_detail_004_kani=true&JigyosyoCd=4270105200-00&ServiceCd=430&Type=search", "url2": null }, "geometry": { "type": "Point", "coordinates": [ 129.886071799999968, 32.7559271 ] } },
{ "type": "Feature", "properties": { "内容": "ケアプランセンターせせらぎ　長崎【居宅介護支援】長崎県長崎市浜口町10－17", "url": "https://www.kaigokensaku.mhlw.go.jp/42/index.php?action_kouhyou_detail_004_kani=true&JigyosyoCd=4270136353-00&ServiceCd=430&Type=search", "url2": "https://inokann.com/" }, "geometry": { "type": "Point", "coordinates": [ 129.866149799999988, 32.7692962 ] } },
{ "type": "Feature", "properties": { "内容": "ケアプランセンターヨケア【居宅介護支援】長崎県長崎市網場町487-1ラフィーヌ日見403", "url": "https://www.kaigokensaku.mhlw.go.jp/42/index.php?action_kouhyou_detail_004_kani=true&JigyosyoCd=4270136387-00&ServiceCd=430&Type=search", "url2": "https://yokea.jp/" }, "geometry": { "type": "Point", "coordinates": [ 129.9462344, 32.7549676 ] } },
{ "type": "Feature", "properties": { "内容": "ケアプランセンター結糸【居宅介護支援】長崎県長崎市緑が丘町1-4-2", "url": "https://www.kaigokensaku.mhlw.go.jp/42/index.php?action_kouhyou_detail_004_kani=true&JigyosyoCd=4270136403-00&ServiceCd=430&Type=search", "url2": "https://www.libercare.jp" }, "geometry": { "type": "Point", "coordinates": [ 129.858465892134831, 32.7840325494304 ] } },
{ "type": "Feature", "properties": { "内容": "ケアプランセンターエスドリーム【居宅介護支援】長崎県長崎市柳谷町２３番４５号", "url": "https://www.kaigokensaku.mhlw.go.jp/42/index.php?action_kouhyou_detail_004_kani=true&JigyosyoCd=4270136411-00&ServiceCd=430&Type=search", "url2": null }, "geometry": { "type": "Point", "coordinates": [ 129.8547462, 32.7936136 ] } },
{ "type": "Feature", "properties": { "内容": "長崎ケアハートガーデン　ケアプランセンター【居宅介護支援】長崎県長崎市竿浦町754-1長崎ケアハートガーデン　サービス付き高齢者向け住宅南長崎内", "url": "https://www.kaigokensaku.mhlw.go.jp/42/index.php?action_kouhyou_detail_004_kani=true&JigyosyoCd=4270136460-00&ServiceCd=430&Type=search", "url2": "https://www.careheart-garden.com" }, "geometry": { "type": "Point", "coordinates": [ 129.839383700000013, 32.6757345 ] } },
{ "type": "Feature", "properties": { "内容": "ケアプランセンター　さくら【居宅介護支援】長崎県長崎市上戸町2丁目13-22", "url": "https://www.kaigokensaku.mhlw.go.jp/42/index.php?action_kouhyou_detail_004_kani=true&JigyosyoCd=4270136486-00&ServiceCd=430&Type=search", "url2": null }, "geometry": { "type": "Point", "coordinates": [ 129.8672431, 32.7156424 ] } },
{ "type": "Feature", "properties": { "内容": "居宅介護支援事業所　希楽Re【居宅介護支援】長崎県長崎市西海町1765番地120", "url": "https://www.kaigokensaku.mhlw.go.jp/42/index.php?action_kouhyou_detail_004_kani=true&JigyosyoCd=4270136502-00&ServiceCd=430&Type=search", "url2": null }, "geometry": { "type": "Point", "coordinates": [ 129.7939027, 32.8695988 ] } },
{ "type": "Feature", "properties": { "内容": "長崎友愛病院居宅介護支援サービスセンター【居宅介護支援】長崎市蚊焼町2348番地2", "url": "https://www.kaigokensaku.mhlw.go.jp/42/index.php?action_kouhyou_detail_004_kani=true&JigyosyoCd=4271100689-00&ServiceCd=430&Type=search", "url2": "http://www.nagasaki-yuuai.com" }, "geometry": { "type": "Point", "coordinates": [ 129.822992500000026, 32.6523178 ] } },
{ "type": "Feature", "properties": { "内容": "さんわケアプランセンター【居宅介護支援】長崎県長崎市布巻町165-1", "url": "https://www.kaigokensaku.mhlw.go.jp/42/index.php?action_kouhyou_detail_004_kani=true&JigyosyoCd=4271100481-00&ServiceCd=430&Type=search", "url2": "http://www.sanwa.or.jp/midorinosato.html" }, "geometry": { "type": "Point", "coordinates": [ 129.832316900000023, 32.6542122 ] } },
{ "type": "Feature", "properties": { "内容": "社会福祉法人みのり会居宅介護支援事業所（三和荘）【居宅介護支援】長崎県長崎市布巻町792", "url": "https://www.kaigokensaku.mhlw.go.jp/42/index.php?action_kouhyou_detail_004_kani=true&JigyosyoCd=4271100838-00&ServiceCd=430&Type=search", "url2": "http://www.minorikai.or.jp/" }, "geometry": { "type": "Point", "coordinates": [ 129.829064199999948, 32.659559 ] } },
{ "type": "Feature", "properties": { "内容": "社会福祉法人　恵豊福祉会【居宅介護支援】長崎県長崎市以下宿町1912番地", "url": "https://www.kaigokensaku.mhlw.go.jp/42/index.php?action_kouhyou_detail_004_kani=true&JigyosyoCd=4271100036-00&ServiceCd=430&Type=search", "url2": "http://care-net.biz/42/eijyu/" }, "geometry": { "type": "Point", "coordinates": [ 129.794064599999956, 32.6204003 ] } },
{ "type": "Feature", "properties": { "内容": "特別養護老人ーム　椿ヶ丘荘【居宅介護支援】長崎県長崎市神浦丸尾町1553番地", "url": "https://www.kaigokensaku.mhlw.go.jp/42/index.php?action_kouhyou_detail_004_kani=true&JigyosyoCd=4271100721-00&ServiceCd=430&Type=search", "url2": "http://www.tsubakigaoka.jp/" }, "geometry": { "type": "Point", "coordinates": [ 129.688107899999977, 32.8812952 ] } },
{ "type": "Feature", "properties": { "内容": "居宅介護支援事業所大河【居宅介護支援】長崎県長崎市千歳町3番8号平方ビル2F", "url": "https://www.kaigokensaku.mhlw.go.jp/42/index.php?action_kouhyou_detail_004_kani=true&JigyosyoCd=4271102016-00&ServiceCd=430&Type=search", "url2": null }, "geometry": { "type": "Point", "coordinates": [ 129.860978100000011, 32.7904948 ] } },
{ "type": "Feature", "properties": { "内容": "スイートピー居宅介護支援事業所【居宅介護支援】長崎県長崎市中園町2番12号林田事務所1階", "url": "https://www.kaigokensaku.mhlw.go.jp/42/index.php?action_kouhyou_detail_004_kani=true&JigyosyoCd=4270108998-00&ServiceCd=430&Type=search", "url2": "http://sweetpeakaigo.com/" }, "geometry": { "type": "Point", "coordinates": [ 129.859794800000032, 32.790542 ] } },
{ "type": "Feature", "properties": { "内容": "たおやかに・居宅介護支援事業所【居宅介護支援】長崎市上黒崎町777番地たおやかに・", "url": "https://www.kaigokensaku.mhlw.go.jp/42/index.php?action_kouhyou_detail_004_kani=true&JigyosyoCd=4270106703-00&ServiceCd=430&Type=search", "url2": "https://www.itidoutaoyakani.com" }, "geometry": { "type": "Point", "coordinates": [ 129.717931321653083, 32.844058111588645 ] } },
{ "type": "Feature", "properties": { "内容": "居宅介護　しらはま【居宅介護支援】長崎県長崎市けやき台町1-12", "url": "https://www.kaigokensaku.mhlw.go.jp/42/index.php?action_kouhyou_detail_004_kani=true&JigyosyoCd=4270105317-00&ServiceCd=430&Type=search", "url2": "https://www.shirahama-seikeigeka.com/" }, "geometry": { "type": "Point", "coordinates": [ 129.880740400000036, 32.7952059 ] } },
{ "type": "Feature", "properties": { "内容": "ケアプランセンタースマイルケア【居宅介護支援】長崎県長崎市御船蔵町6番3号", "url": "https://www.kaigokensaku.mhlw.go.jp/42/index.php?action_kouhyou_detail_004_kani=true&JigyosyoCd=4270104153-00&ServiceCd=430&Type=search", "url2": "http://www.tsukasa-co.jp" }, "geometry": { "type": "Point", "coordinates": [ 129.871617300000025, 32.7560266 ] } },
{ "type": "Feature", "properties": { "内容": "居宅介護支援事業所　昭【居宅介護支援】長崎県長崎西山４丁目502-1西山ハイツA棟103号", "url": "https://www.kaigokensaku.mhlw.go.jp/42/index.php?action_kouhyou_detail_004_kani=true&JigyosyoCd=4270110663-00&ServiceCd=430&Type=search", "url2": null }, "geometry": { "type": "Point", "coordinates": [ 129.891315740508475, 32.780151305727166 ] } },
{ "type": "Feature", "properties": { "内容": "医療法人友愛会　居宅介護支援事業者　にしきの里【居宅介護支援】長崎県長崎市錦２丁目１番１号", "url": "https://www.kaigokensaku.mhlw.go.jp/42/index.php?action_kouhyou_detail_004_kani=true&JigyosyoCd=4270100532-00&ServiceCd=430&Type=search", "url2": null }, "geometry": { "type": "Point", "coordinates": [ 129.855620199999947, 32.7884088 ] } },
{ "type": "Feature", "properties": { "内容": "ケアプランセンター中の里【居宅介護支援】長崎県長崎市古賀町８１５－２", "url": "https://www.kaigokensaku.mhlw.go.jp/42/index.php?action_kouhyou_detail_004_kani=true&JigyosyoCd=4270102058-00&ServiceCd=430&Type=search", "url2": "http://www.wajinkai.jp" }, "geometry": { "type": "Point", "coordinates": [ 129.961737099999937, 32.7979605 ] } },
{ "type": "Feature", "properties": { "内容": "こうの医院ささえ愛居宅介護支援事業所【居宅介護支援】長崎県長崎市京泊３丁目３５番１号", "url": "https://www.kaigokensaku.mhlw.go.jp/42/index.php?action_kouhyou_detail_004_kani=true&JigyosyoCd=4270111018-00&ServiceCd=430&Type=search", "url2": "http://www.taijukai.info" }, "geometry": { "type": "Point", "coordinates": [ 129.773549597747746, 32.824622993410884 ] } },
{ "type": "Feature", "properties": { "内容": "かたらんね俱楽部【居宅介護支援】長崎県長崎市若草町16番2号", "url": "https://www.kaigokensaku.mhlw.go.jp/42/index.php?action_kouhyou_detail_004_kani=true&JigyosyoCd=4270110945-00&ServiceCd=430&Type=search", "url2": null }, "geometry": { "type": "Point", "coordinates": [ 129.852852001852398, 32.773578205597438 ] } },
{ "type": "Feature", "properties": { "内容": "ケアプランセンター　カサブランカ【居宅介護支援】長崎県長崎市東琴平2丁目4-3", "url": "https://www.kaigokensaku.mhlw.go.jp/42/index.php?action_kouhyou_detail_004_kani=true&JigyosyoCd=4270111836-00&ServiceCd=430&Type=search", "url2": null }, "geometry": { "type": "Point", "coordinates": [ 129.86858, 32.7314407 ] } },
{ "type": "Feature", "properties": { "内容": "ケアマネジメントセンターひとつなぎ。【居宅介護支援】長崎県長崎市旭町15番3号2F", "url": "https://www.kaigokensaku.mhlw.go.jp/42/index.php?action_kouhyou_detail_004_kani=true&JigyosyoCd=4270110770-00&ServiceCd=430&Type=search", "url2": null }, "geometry": { "type": "Point", "coordinates": [ 129.864054099999947, 32.7522323 ] } },
{ "type": "Feature", "properties": { "内容": "介護相談所むつみ【居宅介護支援】長崎県長崎市京泊2丁目9番22号", "url": "https://www.kaigokensaku.mhlw.go.jp/42/index.php?action_kouhyou_detail_004_kani=true&JigyosyoCd=4271102420-00&ServiceCd=430&Type=search", "url2": "http://tomomedical.net/" }, "geometry": { "type": "Point", "coordinates": [ 129.773846554608895, 32.82113233708472 ] } },
{ "type": "Feature", "properties": { "内容": "ケアプランセンター　すまいるペンギン【居宅介護支援】長崎県長崎市網場町487-8たちばなベイクリニック", "url": "https://www.kaigokensaku.mhlw.go.jp/42/index.php?action_kouhyou_detail_004_kani=true&JigyosyoCd=4270111372-00&ServiceCd=430&Type=search", "url2": "http://tachibana-bay.com/" }, "geometry": { "type": "Point", "coordinates": [ 129.946083763754245, 32.755477856477754 ] } },
{ "type": "Feature", "properties": { "内容": "ケアプランセンター・金太郎【居宅介護支援】長崎県長崎市田上2丁目16番10号", "url": "https://www.kaigokensaku.mhlw.go.jp/42/index.php?action_kouhyou_detail_004_kani=true&JigyosyoCd=4270112339-00&ServiceCd=430&Type=search", "url2": "https://nc-kintaro.com" }, "geometry": { "type": "Point", "coordinates": [ 129.8863562, 32.7255944 ] } },
{ "type": "Feature", "properties": { "内容": "ケアプランセンター　ハートぽっぽ【居宅介護支援】長崎県長崎市恵美須町4-2平野ビル2F", "url": "https://www.kaigokensaku.mhlw.go.jp/42/index.php?action_kouhyou_detail_004_kani=true&JigyosyoCd=4270110432-00&ServiceCd=430&Type=search", "url2": "http:/heart-create.com/" }, "geometry": { "type": "Point", "coordinates": [ 129.875711599999931, 32.7505467 ] } },
{ "type": "Feature", "properties": { "内容": "ケアプランセンター西坂【居宅介護支援】長崎県長崎市西坂町14番26号", "url": "https://www.kaigokensaku.mhlw.go.jp/42/index.php?action_kouhyou_detail_004_kani=true&JigyosyoCd=4270110473-00&ServiceCd=430&Type=search", "url2": "qqad8bg9k@grace,ocn.ne.jp" }, "geometry": { "type": "Point", "coordinates": [ 129.874131, 32.7563044 ] } },
{ "type": "Feature", "properties": { "内容": "ケアプランセンター幸【居宅介護支援】長崎県長崎市鳴滝1-10-7", "url": "https://www.kaigokensaku.mhlw.go.jp/42/index.php?action_kouhyou_detail_004_kani=true&JigyosyoCd=4270136361-00&ServiceCd=430&Type=search", "url2": null }, "geometry": { "type": "Point", "coordinates": [ 129.89444, 32.7539826 ] } },
{ "type": "Feature", "properties": { "内容": "オーシャンドリーム株式会社　介護相談室きっさこ【居宅介護支援】長崎市銅座町４番１３号リブラビル２階リブラビル２階", "url": "https://www.kaigokensaku.mhlw.go.jp/42/index.php?action_kouhyou_detail_004_kani=true&JigyosyoCd=4270110713-00&ServiceCd=430&Type=search", "url2": null }, "geometry": { "type": "Point", "coordinates": [ 129.876138198147601, 32.743288579764048 ] } },
{ "type": "Feature", "properties": { "内容": "ケアプランセンター　ほーむケア【居宅介護支援】長崎県長崎市川平町1199番地", "url": "https://www.kaigokensaku.mhlw.go.jp/42/index.php?action_kouhyou_detail_004_kani=true&JigyosyoCd=4270108766-00&ServiceCd=430&Type=search", "url2": null }, "geometry": { "type": "Point", "coordinates": [ 129.880032849478937, 32.793998270420765 ] } },
{ "type": "Feature", "properties": { "内容": "医療法人社団真友会　藤井医院　居宅介護支援事業所【居宅介護支援】長崎県佐世保市金比良町７－２０", "url": "https://www.kaigokensaku.mhlw.go.jp/42/index.php?action_kouhyou_detail_004_kani=true&JigyosyoCd=4270200597-00&ServiceCd=430&Type=search", "url2": null }, "geometry": { "type": "Point", "coordinates": [ 129.705761299999949, 33.1695274 ] } },
{ "type": "Feature", "properties": { "内容": "居宅介護支援事業所　音羽の浜【居宅介護支援】長崎県佐世保市東浜町123番地", "url": "https://www.kaigokensaku.mhlw.go.jp/42/index.php?action_kouhyou_detail_004_kani=true&JigyosyoCd=4270202577-00&ServiceCd=430&Type=search", "url2": "http://otowanohama.jp/" }, "geometry": { "type": "Point", "coordinates": [ 129.736886700000014, 33.1358536 ] } },
{ "type": "Feature", "properties": { "内容": "医療法人　まつお内科医院【居宅介護支援】長崎県佐世保市下本山町1316-4", "url": "https://www.kaigokensaku.mhlw.go.jp/42/index.php?action_kouhyou_detail_004_kani=true&JigyosyoCd=4210226140-00&ServiceCd=430&Type=search", "url2": null }, "geometry": { "type": "Point", "coordinates": [ 129.681573899999989, 33.2060933 ] } },
{ "type": "Feature", "properties": { "内容": "佐世保市在宅介護支援センター愛健【居宅介護支援】長崎県佐世保市上本山町1185-1", "url": "https://www.kaigokensaku.mhlw.go.jp/42/index.php?action_kouhyou_detail_004_kani=true&JigyosyoCd=4270200274-00&ServiceCd=430&Type=search", "url2": "http://www.aikenkai.jp/" }, "geometry": { "type": "Point", "coordinates": [ 129.695184646032629, 33.210460423284246 ] } },
{ "type": "Feature", "properties": { "内容": "医療法人　種榮会　あかがき内科・循環器科　居宅介護支援事業所【居宅介護支援】佐世保市萩坂町1741", "url": "https://www.kaigokensaku.mhlw.go.jp/42/index.php?action_kouhyou_detail_004_kani=true&JigyosyoCd=4270200159-00&ServiceCd=430&Type=search", "url2": "http://www.akagaki-naika.com/" }, "geometry": { "type": "Point", "coordinates": [ 129.817157799999961, 33.0878971 ] } },
{ "type": "Feature", "properties": { "内容": "サン・レモリハビリ病院　居宅介護支援事業所【居宅介護支援】長崎県佐世保市江上町４８４８番地１号サン・レモリハビリ病院", "url": "https://www.kaigokensaku.mhlw.go.jp/42/index.php?action_kouhyou_detail_004_kani=true&JigyosyoCd=4270200316-00&ServiceCd=430&Type=search", "url2": "http://kokowakai.or.jp/sanremo/" }, "geometry": { "type": "Point", "coordinates": [ 129.784703700000023, 33.0691355 ] } },
{ "type": "Feature", "properties": { "内容": "医療法人　翠山会　老人保健施設　すいざん荘【居宅介護支援】長崎県佐世保市赤崎町74-2", "url": "https://www.kaigokensaku.mhlw.go.jp/42/index.php?action_kouhyou_detail_004_kani=true&JigyosyoCd=4270200100-00&ServiceCd=430&Type=search", "url2": null }, "geometry": { "type": "Point", "coordinates": [ 129.693865499999987, 33.164439 ] } },
{ "type": "Feature", "properties": { "内容": "医療法人社団平世会　居宅介護支援センターひろた【居宅介護支援】長崎県佐世保市広田1丁目４番７号", "url": "https://www.kaigokensaku.mhlw.go.jp/42/index.php?action_kouhyou_detail_004_kani=true&JigyosyoCd=4270200340-00&ServiceCd=430&Type=search", "url2": null }, "geometry": { "type": "Point", "coordinates": [ 129.800067899999931, 33.1303166 ] } },
{ "type": "Feature", "properties": { "内容": "医療法人　雄人会　三川内病院【居宅介護支援】長崎県佐世保市三川内本町２９０－１", "url": "https://www.kaigokensaku.mhlw.go.jp/42/index.php?action_kouhyou_detail_004_kani=true&JigyosyoCd=4210221927-00&ServiceCd=430&Type=search", "url2": "http://mikawachi.or.jp/" }, "geometry": { "type": "Point", "coordinates": [ 129.829053499999986, 33.15151 ] } },
{ "type": "Feature", "properties": { "内容": "社会福祉法人アソカ仁寿会　あそかのもり【居宅介護支援】長崎県佐世保市松瀬町1150番地", "url": "https://www.kaigokensaku.mhlw.go.jp/42/index.php?action_kouhyou_detail_004_kani=true&JigyosyoCd=4270200225-00&ServiceCd=430&Type=search", "url2": "https://www.asoka-sasebo.com/" }, "geometry": { "type": "Point", "coordinates": [ 129.730843961901883, 33.219541465610085 ] } },
{ "type": "Feature", "properties": { "内容": "社会福祉法人　寛寿会　（海南荘）【居宅介護支援】長崎県佐世保市俵ヶ浦町210番地", "url": "https://www.kaigokensaku.mhlw.go.jp/42/index.php?action_kouhyou_detail_004_kani=true&JigyosyoCd=4270200076-00&ServiceCd=430&Type=search", "url2": "http://www.kainansou.com/" }, "geometry": { "type": "Point", "coordinates": [ 129.680183299999953, 33.1180546 ] } },
{ "type": "Feature", "properties": { "内容": "ケアハウス光の子【居宅介護支援】長崎県佐世保市上原町７４９－１", "url": "https://www.kaigokensaku.mhlw.go.jp/42/index.php?action_kouhyou_detail_004_kani=true&JigyosyoCd=4270200399-00&ServiceCd=430&Type=search", "url2": "http://www.hikarinoko-fukushikai.or.jp/care/sisetu/kyotaku/index.html" }, "geometry": { "type": "Point", "coordinates": [ 129.802503300000012, 33.1553199 ] } },
{ "type": "Feature", "properties": { "内容": "居宅介護支援事業所サンホーム江上【居宅介護支援】長崎県佐世保市江上町４８４７番６", "url": "https://www.kaigokensaku.mhlw.go.jp/42/index.php?action_kouhyou_detail_004_kani=true&JigyosyoCd=4270200357-00&ServiceCd=430&Type=search", "url2": "http://koujukai.or.jp/" }, "geometry": { "type": "Point", "coordinates": [ 129.7837816, 33.0699021 ] } },
{ "type": "Feature", "properties": { "内容": "佐世保市社協　居宅介護支援事業所【居宅介護支援】長崎県佐世保市八幡町6番１号", "url": "https://www.kaigokensaku.mhlw.go.jp/42/index.php?action_kouhyou_detail_004_kani=true&JigyosyoCd=4270200084-00&ServiceCd=430&Type=search", "url2": "http://www.sasebo-shakyo.or.jp/" }, "geometry": { "type": "Point", "coordinates": [ 129.71687380000003, 33.1803986 ] } },
{ "type": "Feature", "properties": { "内容": "居宅介護支援事業所あいのうら【居宅介護支援】長崎県佐世保市相浦町６０６番地１", "url": "https://www.kaigokensaku.mhlw.go.jp/42/index.php?action_kouhyou_detail_004_kani=true&JigyosyoCd=4270200043-00&ServiceCd=430&Type=search", "url2": "https://syk.or.jp/" }, "geometry": { "type": "Point", "coordinates": [ 129.663342599999964, 33.193994 ] } },
{ "type": "Feature", "properties": { "内容": "介護老人保健施設ひまわり居宅介護支援事業所【居宅介護支援】長崎県佐世保市指方町5040番地3", "url": "https://www.kaigokensaku.mhlw.go.jp/42/index.php?action_kouhyou_detail_004_kani=true&JigyosyoCd=4270200605-00&ServiceCd=430&Type=search", "url2": "http://www.hoyukai.info/himawari/houzin.html" }, "geometry": { "type": "Point", "coordinates": [ 129.784181, 33.091139 ] } },
{ "type": "Feature", "properties": { "内容": "社会福祉法人　由起会　居宅介護支援事業所【居宅介護支援】長崎県佐世保市上柚木町2515番地", "url": "https://www.kaigokensaku.mhlw.go.jp/42/index.php?action_kouhyou_detail_004_kani=true&JigyosyoCd=4270200118-00&ServiceCd=430&Type=search", "url2": "http://www.cos-mos.jp" }, "geometry": { "type": "Point", "coordinates": [ 129.770037391401729, 33.210919011128802 ] } },
{ "type": "Feature", "properties": { "内容": "白寿荘指定居宅介護支援事業所【居宅介護支援】佐世保市鹿子前町904-1", "url": "https://www.kaigokensaku.mhlw.go.jp/42/index.php?action_kouhyou_detail_004_kani=true&JigyosyoCd=4270200522-00&ServiceCd=430&Type=search", "url2": "http://www.hakuzyusou.or.jp" }, "geometry": { "type": "Point", "coordinates": [ 129.684780300000057, 33.1618836 ] } },
{ "type": "Feature", "properties": { "内容": "居宅介護支援事業所やまずみ荘【居宅介護支援】長崎県佐世保市山祇町388番地", "url": "https://www.kaigokensaku.mhlw.go.jp/42/index.php?action_kouhyou_detail_004_kani=true&JigyosyoCd=4270200142-00&ServiceCd=430&Type=search", "url2": "https://www.yamazumiso.or.jp" }, "geometry": { "type": "Point", "coordinates": [ 129.732755900000029, 33.1687583 ] } },
{ "type": "Feature", "properties": { "内容": "千住訪問看護ステーション指定居宅介護支援事業所【居宅介護支援】長崎県佐世保市宮地町５番５号", "url": "https://www.kaigokensaku.mhlw.go.jp/42/index.php?action_kouhyou_detail_004_kani=true&JigyosyoCd=4270200167-00&ServiceCd=430&Type=search", "url2": "http://www.1010hosp.or.jp" }, "geometry": { "type": "Point", "coordinates": [ 129.722370400000045, 33.1746908 ] } },
{ "type": "Feature", "properties": { "内容": "医療法人わかば会俵町浜野病院居宅介護支援事業所【居宅介護支援】長崎県佐世保市俵町２２番１号", "url": "https://www.kaigokensaku.mhlw.go.jp/42/index.php?action_kouhyou_detail_004_kani=true&JigyosyoCd=4270201421-00&ServiceCd=430&Type=search", "url2": null }, "geometry": { "type": "Point", "coordinates": [ 129.7183986, 33.1877396 ] } },
{ "type": "Feature", "properties": { "内容": "医療法人　梶田医院　居宅介護支援事業所　みのりの里【居宅介護支援】長崎県佐世保市長畑町４５０番1", "url": "https://www.kaigokensaku.mhlw.go.jp/42/index.php?action_kouhyou_detail_004_kani=true&JigyosyoCd=4270201314-00&ServiceCd=430&Type=search", "url2": "https://minori-village.com/#04" }, "geometry": { "type": "Point", "coordinates": [ 129.805021099999976, 33.0837042 ] } },
{ "type": "Feature", "properties": { "内容": "医療法人松栄会介護老人保健施設松寿園居宅介護支援事業所【居宅介護支援】長崎県佐世保市小佐世保町2番1号", "url": "https://www.kaigokensaku.mhlw.go.jp/42/index.php?action_kouhyou_detail_004_kani=true&JigyosyoCd=4270200910-00&ServiceCd=430&Type=search", "url2": null }, "geometry": { "type": "Point", "coordinates": [ 129.731192, 33.1738106 ] } },
{ "type": "Feature", "properties": { "内容": "医療法人　真医会　ケアプランセンター　ケアタウン　てんじん【居宅介護支援】長崎県佐世保市天神4丁目６－２０", "url": "https://www.kaigokensaku.mhlw.go.jp/42/index.php?action_kouhyou_detail_004_kani=true&JigyosyoCd=4270205174-00&ServiceCd=430&Type=search", "url2": null }, "geometry": { "type": "Point", "coordinates": [ 129.7375227, 33.1436667 ] } },
{ "type": "Feature", "properties": { "内容": "医療法人社団石坂脳神経外科居宅介護支援事業所【居宅介護支援】長崎県佐世保市卸本町30-42", "url": "https://www.kaigokensaku.mhlw.go.jp/42/index.php?action_kouhyou_detail_004_kani=true&JigyosyoCd=4270201389-00&ServiceCd=430&Type=search", "url2": "http://www.ishizaka-neurosurgery.com" }, "geometry": { "type": "Point", "coordinates": [ 129.771656099999973, 33.1524915 ] } },
{ "type": "Feature", "properties": { "内容": "医療法人社団創平会くりや内科医院指定居宅介護支援事業所【居宅介護支援】長崎県佐世保市指方町２２１７番１", "url": "https://www.kaigokensaku.mhlw.go.jp/42/index.php?action_kouhyou_detail_004_kani=true&JigyosyoCd=4270201116-00&ServiceCd=430&Type=search", "url2": "https://www.kuriya-naika.com/" }, "geometry": { "type": "Point", "coordinates": [ 129.785147336245728, 33.106175512724057 ] } },
{ "type": "Feature", "properties": { "内容": "居宅介護支援事業所LULU【居宅介護支援】長崎県佐世保市野中町62-34", "url": "https://www.kaigokensaku.mhlw.go.jp/42/index.php?action_kouhyou_detail_004_kani=true&JigyosyoCd=4270205133-00&ServiceCd=430&Type=search", "url2": "https://day-lulu.com" }, "geometry": { "type": "Point", "coordinates": [ 129.706560053967195, 33.2118474459187 ] } },
{ "type": "Feature", "properties": { "内容": "ケアプランセンター　あかり【居宅介護支援】長崎県佐世保市日野町731番地2", "url": "https://www.kaigokensaku.mhlw.go.jp/42/index.php?action_kouhyou_detail_004_kani=true&JigyosyoCd=4270203534-00&ServiceCd=430&Type=search", "url2": null }, "geometry": { "type": "Point", "coordinates": [ 129.686491299999943, 33.1680164 ] } },
{ "type": "Feature", "properties": { "内容": "居宅介護支援事業所　のなか【居宅介護支援】長崎県佐世保市野中町１71－１サービス付き高齢者向け住宅　のなか", "url": "https://www.kaigokensaku.mhlw.go.jp/42/index.php?action_kouhyou_detail_004_kani=true&JigyosyoCd=4270203716-00&ServiceCd=430&Type=search", "url2": "https://yen-nonaka.co.jp/" }, "geometry": { "type": "Point", "coordinates": [ 129.706823593254086, 33.214744431987924 ] } },
{ "type": "Feature", "properties": { "内容": "株式会社福祉工房Ｋ’ｓ　居宅介護支援事業所　えびす【居宅介護支援】長崎県佐世保市天神５丁目9番25号", "url": "https://www.kaigokensaku.mhlw.go.jp/42/index.php?action_kouhyou_detail_004_kani=true&JigyosyoCd=4270204631-00&ServiceCd=430&Type=search", "url2": "https://ks-ebisu.co.jp/" }, "geometry": { "type": "Point", "coordinates": [ 129.7372782, 33.1449166 ] } },
{ "type": "Feature", "properties": { "内容": "あいずケアプランセンター元町【居宅介護支援】長崎県佐世保市元町2-10ルモントジョリ元町103", "url": "https://www.kaigokensaku.mhlw.go.jp/42/index.php?action_kouhyou_detail_004_kani=true&JigyosyoCd=4270205497-00&ServiceCd=430&Type=search", "url2": "https://www.aizu-company.co.jp" }, "geometry": { "type": "Point", "coordinates": [ 129.715586563081047, 33.175695221886279 ] } },
{ "type": "Feature", "properties": { "内容": "あいずケアプランセンター江迎【居宅介護支援】江迎町長坂１７９番地", "url": "https://www.kaigokensaku.mhlw.go.jp/42/index.php?action_kouhyou_detail_004_kani=true&JigyosyoCd=4270205448-00&ServiceCd=430&Type=search", "url2": "http://www.aizu-company.co.jp" }, "geometry": { "type": "Point", "coordinates": [ 129.629237499999988, 33.3072845 ] } },
{ "type": "Feature", "properties": { "内容": "居宅介護支援事業所ケアプランゆうゆう【居宅介護支援】長崎県佐世保市広田１丁目８番地２７号", "url": "https://www.kaigokensaku.mhlw.go.jp/42/index.php?action_kouhyou_detail_004_kani=true&JigyosyoCd=4270203658-00&ServiceCd=430&Type=search", "url2": "https://www.youyou070701.com" }, "geometry": { "type": "Point", "coordinates": [ 129.801709399999936, 33.1293806 ] } },
{ "type": "Feature", "properties": { "内容": "居宅介護支援事業所なな【居宅介護支援】長崎県佐世保市江迎町田ノ元3番地4", "url": "https://www.kaigokensaku.mhlw.go.jp/42/index.php?action_kouhyou_detail_004_kani=true&JigyosyoCd=4270205562-00&ServiceCd=430&Type=search", "url2": null }, "geometry": { "type": "Point", "coordinates": [ 129.6891221, 33.2737065 ] } },
{ "type": "Feature", "properties": { "内容": "居宅介護支援事業所　サカナバ【居宅介護支援】長崎県佐世保市針尾北町７４２番地６", "url": "https://www.kaigokensaku.mhlw.go.jp/42/index.php?action_kouhyou_detail_004_kani=true&JigyosyoCd=4270202205-00&ServiceCd=430&Type=search", "url2": "http://www.sakanaba.com/homecare.html" }, "geometry": { "type": "Point", "coordinates": [ 129.757762083467156, 33.098282 ] } },
{ "type": "Feature", "properties": { "内容": "白十字会ケアプランセンターひうみ【居宅介護支援】長崎県佐世保市ひうみ町1879番31介護老人保健施設リハビリサポートひうみ内　1階", "url": "https://www.kaigokensaku.mhlw.go.jp/42/index.php?action_kouhyou_detail_004_kani=true&JigyosyoCd=4270205604-00&ServiceCd=430&Type=search", "url2": "http://careplancenter.or.jp@hakujyujikai" }, "geometry": { "type": "Point", "coordinates": [ 129.7633231, 33.1540805 ] } },
{ "type": "Feature", "properties": { "内容": "白十字会ケアプランセンター燿光【居宅介護支援】長崎県佐世保山手町855-1燿光リハビリテーション病院内", "url": "https://www.kaigokensaku.mhlw.go.jp/42/index.php?action_kouhyou_detail_004_kani=true&JigyosyoCd=4270205323-00&ServiceCd=430&Type=search", "url2": "https://hakujyujikai.or.jp/carpuran/" }, "geometry": { "type": "Point", "coordinates": [ 129.730006300000014, 33.1821344 ] } },
{ "type": "Feature", "properties": { "内容": "白十字会ケアプランセンター矢峰【居宅介護支援】長崎県佐世保市矢峰町153番地２階", "url": "https://www.kaigokensaku.mhlw.go.jp/42/index.php?action_kouhyou_detail_004_kani=true&JigyosyoCd=4270203500-00&ServiceCd=430&Type=search", "url2": "cp-yamine@hakujyujikai.or.jp" }, "geometry": { "type": "Point", "coordinates": [ 129.743618199999986, 33.2117992 ] } },
{ "type": "Feature", "properties": { "内容": "佐世保市社協宇久居宅介護支援事業所【居宅介護支援】長崎県佐世保市宇久町平1904番地1", "url": "https://www.kaigokensaku.mhlw.go.jp/42/index.php?action_kouhyou_detail_004_kani=true&JigyosyoCd=4271501209-00&ServiceCd=430&Type=search", "url2": "http//:www.sasebo.-syakyou.or.jp" }, "geometry": { "type": "Point", "coordinates": [ 129.12822198849949, 33.266152175707205 ] } },
{ "type": "Feature", "properties": { "内容": "佐世保市社協　吉井・世知原居宅介護支援事業所【居宅介護支援】長崎県佐世保市吉井町橋川内570番地4", "url": "https://www.kaigokensaku.mhlw.go.jp/42/index.php?action_kouhyou_detail_004_kani=true&JigyosyoCd=4270202650-00&ServiceCd=430&Type=search", "url2": "http://www.sasebo-shakyo.or.jp/" }, "geometry": { "type": "Point", "coordinates": [ 129.717512106512487, 33.269729915152638 ] } },
{ "type": "Feature", "properties": { "内容": "佐世保市社協　江迎・鹿町居宅介護支援事業所【居宅介護支援】長崎県佐世保市鹿町町深江潟96番地1社会福祉法人佐世保市社会福祉協議会　江迎・鹿町介護事業所", "url": "https://www.kaigokensaku.mhlw.go.jp/42/index.php?action_kouhyou_detail_004_kani=true&JigyosyoCd=4270203872-00&ServiceCd=430&Type=search", "url2": "http://www.sasebo-shakyo.or.jp/" }, "geometry": { "type": "Point", "coordinates": [ 129.62490330630439, 33.306940198136317 ] } },
{ "type": "Feature", "properties": { "内容": "佐世保市社協　小佐々居宅介護支援事業所【居宅介護支援】長崎県佐世保市小佐々町楠泊1530番地23", "url": "https://www.kaigokensaku.mhlw.go.jp/42/index.php?action_kouhyou_detail_004_kani=true&JigyosyoCd=4271501217-00&ServiceCd=430&Type=search", "url2": "http://www.sasebo-shakyo.or.jp" }, "geometry": { "type": "Point", "coordinates": [ 129.584891299999981, 33.219310100000015 ] } },
{ "type": "Feature", "properties": { "内容": "長崎友愛会　居宅介護支援事業所【居宅介護支援】長崎県佐世保市長坂町681-24", "url": "https://www.kaigokensaku.mhlw.go.jp/42/index.php?action_kouhyou_detail_004_kani=true&JigyosyoCd=4270204854-00&ServiceCd=430&Type=search", "url2": "https://n-yuaikai.jp/?post_type=b10&b10_type3=b10_type3_20" }, "geometry": { "type": "Point", "coordinates": [ 129.688950156670188, 33.165896300611607 ] } },
{ "type": "Feature", "properties": { "内容": "介護の窓口　ふくにゃん【居宅介護支援】佐世保市権常寺1丁目1番19号リバーサイドハイツ1F", "url": "https://www.kaigokensaku.mhlw.go.jp/42/index.php?action_kouhyou_detail_004_kani=true&JigyosyoCd=4270205208-00&ServiceCd=430&Type=search", "url2": "http://www.fukuikai.com/" }, "geometry": { "type": "Point", "coordinates": [ 129.799893200000014, 33.1312963 ] } },
{ "type": "Feature", "properties": { "内容": "居宅介護支援事業所　花ぞ野【居宅介護支援】長崎県佐世保市折橋町５４番地３４", "url": "https://www.kaigokensaku.mhlw.go.jp/42/index.php?action_kouhyou_detail_004_kani=true&JigyosyoCd=4270204417-00&ServiceCd=430&Type=search", "url2": null }, "geometry": { "type": "Point", "coordinates": [ 129.724021148548871, 33.184745253225032 ] } },
{ "type": "Feature", "properties": { "内容": "居宅介護支援事業所　サクラ【居宅介護支援】長崎県佐世保市八幡町１番地の２", "url": "https://www.kaigokensaku.mhlw.go.jp/42/index.php?action_kouhyou_detail_004_kani=true&JigyosyoCd=4270204771-00&ServiceCd=430&Type=search", "url2": null }, "geometry": { "type": "Point", "coordinates": [ 129.722212, 33.1832511 ] } },
{ "type": "Feature", "properties": { "内容": "居宅介護支援事業所　チューリップ【居宅介護支援】長崎県佐世保市黒髪町３７２９番地２", "url": "https://www.kaigokensaku.mhlw.go.jp/42/index.php?action_kouhyou_detail_004_kani=true&JigyosyoCd=4270202007-00&ServiceCd=430&Type=search", "url2": "http://www.tulip.or.jp" }, "geometry": { "type": "Point", "coordinates": [ 129.7747415, 33.173423 ] } },
{ "type": "Feature", "properties": { "内容": "ケアプランセンターさせぼ【居宅介護支援】長崎県佐世保市俵町9-2野口ビル２Ｆ", "url": "https://www.kaigokensaku.mhlw.go.jp/42/index.php?action_kouhyou_detail_004_kani=true&JigyosyoCd=4270204896-00&ServiceCd=430&Type=search", "url2": "http://www.fukushi-greencoop.or.jp/" }, "geometry": { "type": "Point", "coordinates": [ 129.718862400000035, 33.1867564 ] } },
{ "type": "Feature", "properties": { "内容": "地方独立行政法人　北松中央病院　居宅介護支援事業所【居宅介護支援】長崎県佐世保市江迎町赤坂299番地", "url": "https://www.kaigokensaku.mhlw.go.jp/42/index.php?action_kouhyou_detail_004_kani=true&JigyosyoCd=4271501332-00&ServiceCd=430&Type=search", "url2": "kyotaku299@hokusho.dr-clinic.jp" }, "geometry": { "type": "Point", "coordinates": [ 129.6391883, 33.2976741 ] } },
{ "type": "Feature", "properties": { "内容": "指定居宅介護支援事業者来夢【居宅介護支援】長崎県佐世保市日野町７３２", "url": "https://www.kaigokensaku.mhlw.go.jp/42/index.php?action_kouhyou_detail_004_kani=true&JigyosyoCd=4270201843-00&ServiceCd=430&Type=search", "url2": "http://www.raimu-shun.com" }, "geometry": { "type": "Point", "coordinates": [ 129.6860524, 33.1678581 ] } },
{ "type": "Feature", "properties": { "内容": "有限会社　オレンジケア【居宅介護支援】長崎県佐世保市大潟町143-12", "url": "https://www.kaigokensaku.mhlw.go.jp/42/index.php?action_kouhyou_detail_004_kani=true&JigyosyoCd=4270201066-00&ServiceCd=430&Type=search", "url2": "http.//orangecare.jp/" }, "geometry": { "type": "Point", "coordinates": [ 129.660765399999946, 33.1818287 ] } },
{ "type": "Feature", "properties": { "内容": "居宅介護支援事業所　サポート福寿【居宅介護支援】長崎県佐世保市針尾北町７４２番地の1", "url": "https://www.kaigokensaku.mhlw.go.jp/42/index.php?action_kouhyou_detail_004_kani=true&JigyosyoCd=4270201934-00&ServiceCd=430&Type=search", "url2": null }, "geometry": { "type": "Point", "coordinates": [ 129.757497363194716, 33.098274258460826 ] } },
{ "type": "Feature", "properties": { "内容": "居宅介護支援事業所　希望の家【居宅介護支援】長崎県佐世保市黒髪町33-23", "url": "https://www.kaigokensaku.mhlw.go.jp/42/index.php?action_kouhyou_detail_004_kani=true&JigyosyoCd=4270202932-00&ServiceCd=430&Type=search", "url2": "http://e-kibounoie.com/" }, "geometry": { "type": "Point", "coordinates": [ 129.7730474, 33.1656015 ] } },
{ "type": "Feature", "properties": { "内容": "はらケアサービス居宅介護支援事業所【居宅介護支援】長崎県佐世保市木風町1281-1", "url": "https://www.kaigokensaku.mhlw.go.jp/42/index.php?action_kouhyou_detail_004_kani=true&JigyosyoCd=4270201504-00&ServiceCd=430&Type=search", "url2": "harakea.com" }, "geometry": { "type": "Point", "coordinates": [ 129.746721699999966, 33.1669339 ] } },
{ "type": "Feature", "properties": { "内容": "居宅介護支援事業所なごみ【居宅介護支援】長崎県佐世保市宇久町平２５９３番地", "url": "https://www.kaigokensaku.mhlw.go.jp/42/index.php?action_kouhyou_detail_004_kani=true&JigyosyoCd=4270203997-00&ServiceCd=430&Type=search", "url2": "kaipoke.biz/r7x/65272/base_0001.html" }, "geometry": { "type": "Point", "coordinates": [ 129.131395800000064, 33.2633337 ] } },
{ "type": "Feature", "properties": { "内容": "居宅介護支援事業所みどり【居宅介護支援】長崎県佐世保市中通町17-22", "url": "https://www.kaigokensaku.mhlw.go.jp/42/index.php?action_kouhyou_detail_004_kani=true&JigyosyoCd=4270205711-00&ServiceCd=430&Type=search", "url2": null }, "geometry": { "type": "Point", "coordinates": [ 129.7118657, 33.1861137 ] } },
{ "type": "Feature", "properties": { "内容": "居宅介護支援事業所かすが【居宅介護支援】長崎県佐世保市横尾町横尾町2383番地18", "url": "https://www.kaigokensaku.mhlw.go.jp/42/index.php?action_kouhyou_detail_004_kani=true&JigyosyoCd=4270205729-00&ServiceCd=430&Type=search", "url2": "https://dandelion595956.studio.site/" }, "geometry": { "type": "Point", "coordinates": [ 129.7191657, 33.2009855 ] } },
{ "type": "Feature", "properties": { "内容": "ケアプランセンター福ちゃん【居宅介護支援】長崎県佐世保市野中町479番地10", "url": "https://www.kaigokensaku.mhlw.go.jp/42/index.php?action_kouhyou_detail_004_kani=true&JigyosyoCd=4270205745-00&ServiceCd=430&Type=search", "url2": null }, "geometry": { "type": "Point", "coordinates": [ 129.7114028, 33.2110516 ] } },
{ "type": "Feature", "properties": { "内容": "医療法人　誠愛会　訪問看護ステーションかしまえ　居宅介護支援事業所【居宅介護支援】長崎県佐世保市日野町856-9", "url": "https://www.kaigokensaku.mhlw.go.jp/42/index.php?action_kouhyou_detail_004_kani=true&JigyosyoCd=4270200688-00&ServiceCd=430&Type=search", "url2": "http://www.sasebokinenhp.com/" }, "geometry": { "type": "Point", "coordinates": [ 129.675958799999989, 33.1714855 ] } },
{ "type": "Feature", "properties": { "内容": "ケアプランセンターモニカ【居宅介護支援】佐世保市広田町718番地1", "url": "https://www.kaigokensaku.mhlw.go.jp/42/index.php?action_kouhyou_detail_004_kani=true&JigyosyoCd=4270204284-00&ServiceCd=430&Type=search", "url2": null }, "geometry": { "type": "Point", "coordinates": [ 129.805917300000033, 33.1235396 ] } },
{ "type": "Feature", "properties": { "内容": "鈴ケアプランセンター【居宅介護支援】長崎県佐世保市若葉町17番23号", "url": "https://www.kaigokensaku.mhlw.go.jp/42/index.php?action_kouhyou_detail_004_kani=true&JigyosyoCd=4270205547-00&ServiceCd=430&Type=search", "url2": null }, "geometry": { "type": "Point", "coordinates": [ 129.7348313, 33.1633681 ] } },
{ "type": "Feature", "properties": { "内容": "白十字会ケアプランセンター佐世保【居宅介護支援】長崎県佐世保市大和町３０番地介護老人保健施設サン内　2階", "url": "https://www.kaigokensaku.mhlw.go.jp/42/index.php?action_kouhyou_detail_004_kani=true&JigyosyoCd=4270200365-00&ServiceCd=430&Type=search", "url2": "http://careplancenter.or.jp@hakujyujikai" }, "geometry": { "type": "Point", "coordinates": [ 129.747002299999963, 33.1563016 ] } },
{ "type": "Feature", "properties": { "内容": "居宅介護支援事業所のぞみ【居宅介護支援】長崎県佐世保市藤原町12-19", "url": "https://www.kaigokensaku.mhlw.go.jp/42/index.php?action_kouhyou_detail_004_kani=true&JigyosyoCd=4270205315-00&ServiceCd=430&Type=search", "url2": null }, "geometry": { "type": "Point", "coordinates": [ 129.7397956, 33.1636296 ] } },
{ "type": "Feature", "properties": { "内容": "医療法人　有隣会　貴田神経内科・呼吸器科・内科病院　ケアプランセンター【居宅介護支援】長崎県島原市有明町大三東戊７９０番地２", "url": "https://www.kaigokensaku.mhlw.go.jp/42/index.php?action_kouhyou_detail_004_kani=true&JigyosyoCd=4270300884-00&ServiceCd=430&Type=search", "url2": "http://kida-hp.or.jp" }, "geometry": { "type": "Point", "coordinates": [ 130.333238146696431, 32.853933180761402 ] } },
{ "type": "Feature", "properties": { "内容": "居宅介護支援事業所　あんしんハウス島原【居宅介護支援】長崎県島原市城見町4950-1", "url": "https://www.kaigokensaku.mhlw.go.jp/42/index.php?action_kouhyou_detail_004_kani=true&JigyosyoCd=4270300926-00&ServiceCd=430&Type=search", "url2": "http://nissin-g.jp/publics/index/17/" }, "geometry": { "type": "Point", "coordinates": [ 130.3596781, 32.7880998 ] } },
{ "type": "Feature", "properties": { "内容": "指定居宅介護支援事業所　フォスター【居宅介護支援】長崎県島原市中野町丙２７番地１", "url": "https://www.kaigokensaku.mhlw.go.jp/42/index.php?action_kouhyou_detail_004_kani=true&JigyosyoCd=4270300124-00&ServiceCd=430&Type=search", "url2": null }, "geometry": { "type": "Point", "coordinates": [ 130.3497307, 32.8277656 ] } },
{ "type": "Feature", "properties": { "内容": "島原市在宅介護支援センター　威光会【居宅介護支援】長崎県島原市江戸丁1919番地", "url": "https://www.kaigokensaku.mhlw.go.jp/42/index.php?action_kouhyou_detail_004_kani=true&JigyosyoCd=4270300140-00&ServiceCd=430&Type=search", "url2": null }, "geometry": { "type": "Point", "coordinates": [ 130.3646195, 32.7882248 ] } },
{ "type": "Feature", "properties": { "内容": "医療法人社団東洋会　リハサポート【居宅介護支援】長崎県島原市加美町９９９番地", "url": "https://www.kaigokensaku.mhlw.go.jp/42/index.php?action_kouhyou_detail_004_kani=true&JigyosyoCd=4270300710-00&ServiceCd=430&Type=search", "url2": "http://www.ikeda-hp.or.jp" }, "geometry": { "type": "Point", "coordinates": [ 130.368194499999959, 32.7848946 ] } },
{ "type": "Feature", "properties": { "内容": "一般社団法人島原市医師会居宅介護支援センター【居宅介護支援】長崎県島原市萩原一丁目1230", "url": "https://www.kaigokensaku.mhlw.go.jp/42/index.php?action_kouhyou_detail_004_kani=true&JigyosyoCd=4270300728-00&ServiceCd=430&Type=search", "url2": "http://www.nagasaki.med.or.jp/simabara/kaigo.html" }, "geometry": { "type": "Point", "coordinates": [ 130.366425099999987, 32.7857389 ] } },
{ "type": "Feature", "properties": { "内容": "在宅リハケアセンターこころね【居宅介護支援】長崎県島原市中町810", "url": "https://www.kaigokensaku.mhlw.go.jp/42/index.php?action_kouhyou_detail_004_kani=true&JigyosyoCd=4270301015-00&ServiceCd=430&Type=search", "url2": null }, "geometry": { "type": "Point", "coordinates": [ 130.369880299999977, 32.7898303 ] } },
{ "type": "Feature", "properties": { "内容": "在宅介護支援センター淡淡荘【居宅介護支援】長崎県島原市江里町乙2000－1", "url": "https://www.kaigokensaku.mhlw.go.jp/42/index.php?action_kouhyou_detail_004_kani=true&JigyosyoCd=4270300090-00&ServiceCd=430&Type=search", "url2": "http://rakuzankai.com" }, "geometry": { "type": "Point", "coordinates": [ 130.338140100000032, 32.8021679 ] } },
{ "type": "Feature", "properties": { "内容": "居宅介護支援事業所　アミスヴィラ森岳【居宅介護支援】長崎県島原市城内1丁目1836番地1", "url": "https://www.kaigokensaku.mhlw.go.jp/42/index.php?action_kouhyou_detail_004_kani=true&JigyosyoCd=4270301353-00&ServiceCd=430&Type=search", "url2": "https://shunkokai.jp/" }, "geometry": { "type": "Point", "coordinates": [ 130.365680136830377, 32.788816719574491 ] } },
{ "type": "Feature", "properties": { "内容": "居宅介護支援事業所　秩父の里【居宅介護支援】長崎県島原市秩父が浦町丁3552番地", "url": "https://www.kaigokensaku.mhlw.go.jp/42/index.php?action_kouhyou_detail_004_kani=true&JigyosyoCd=4270300116-00&ServiceCd=430&Type=search", "url2": "https://www.chichibukai.or.jp/" }, "geometry": { "type": "Point", "coordinates": [ 130.369228799999973, 32.7616968 ] } },
{ "type": "Feature", "properties": { "内容": "居宅介護支援事業所　幸和会島原【居宅介護支援】長崎県島原市緑町８２００番地特別養護老人ホームびざん", "url": "https://www.kaigokensaku.mhlw.go.jp/42/index.php?action_kouhyou_detail_004_kani=true&JigyosyoCd=4270301163-00&ServiceCd=430&Type=search", "url2": null }, "geometry": { "type": "Point", "coordinates": [ 130.3675821, 32.7680992 ] } },
{ "type": "Feature", "properties": { "内容": "島原ケアプランセンター【居宅介護支援】長崎県島原市高島二丁目7209-5", "url": "https://www.kaigokensaku.mhlw.go.jp/42/index.php?action_kouhyou_detail_004_kani=true&JigyosyoCd=4270300470-00&ServiceCd=430&Type=search", "url2": "http://www.shimabara.jp/npo-shimabara/" }, "geometry": { "type": "Point", "coordinates": [ 130.3726471, 32.785589 ] } },
{ "type": "Feature", "properties": { "内容": "指定居宅介護支援事業所　にこにこ【居宅介護支援】長崎県島原市中堀町59-2", "url": "https://www.kaigokensaku.mhlw.go.jp/42/index.php?action_kouhyou_detail_004_kani=true&JigyosyoCd=4270300017-00&ServiceCd=430&Type=search", "url2": null }, "geometry": { "type": "Point", "coordinates": [ 130.3694557, 32.782492 ] } },
{ "type": "Feature", "properties": { "内容": "ケアプランセンター暖【居宅介護支援】長崎県島原市有明町大三東戊１２１４－１", "url": "https://www.kaigokensaku.mhlw.go.jp/42/index.php?action_kouhyou_detail_004_kani=true&JigyosyoCd=4272400252-00&ServiceCd=430&Type=search", "url2": null }, "geometry": { "type": "Point", "coordinates": [ 130.330973699999959, 32.8519635 ] } },
{ "type": "Feature", "properties": { "内容": "居宅介護支援事業所楓【居宅介護支援】本明町447-5", "url": "https://www.kaigokensaku.mhlw.go.jp/42/index.php?action_kouhyou_detail_004_kani=true&JigyosyoCd=4270402821-00&ServiceCd=430&Type=search", "url2": "kyotaku-shien-kaede@yuai-hukushi.com" }, "geometry": { "type": "Point", "coordinates": [ 130.029086253305621, 32.872180978947313 ] } },
{ "type": "Feature", "properties": { "内容": "居宅介護支援センター聖フランシスコ【居宅介護支援】長崎県諫早市高来町神津倉54-3", "url": "https://www.kaigokensaku.mhlw.go.jp/42/index.php?action_kouhyou_detail_004_kani=true&JigyosyoCd=4270403464-00&ServiceCd=430&Type=search", "url2": null }, "geometry": { "type": "Point", "coordinates": [ 130.139947799999959, 32.9105049 ] } },
{ "type": "Feature", "properties": { "内容": "ケアプランセンタースリーサポート【居宅介護支援】長崎県諫早市真崎町1738番地1", "url": "https://www.kaigokensaku.mhlw.go.jp/42/index.php?action_kouhyou_detail_004_kani=true&JigyosyoCd=4270403548-00&ServiceCd=430&Type=search", "url2": "https://isahaya-3sk.org" }, "geometry": { "type": "Point", "coordinates": [ 130.0300411, 32.8534336 ] } },
{ "type": "Feature", "properties": { "内容": "医療法人　ニ輝会　佐藤病院【居宅介護支援】長崎県諫早市小長井町井崎98", "url": "https://www.kaigokensaku.mhlw.go.jp/42/index.php?action_kouhyou_detail_004_kani=true&JigyosyoCd=4211320520-00&ServiceCd=430&Type=search", "url2": "http://sato-hosp.or.jp/" }, "geometry": { "type": "Point", "coordinates": [ 130.197215599999936, 32.9314551 ] } },
{ "type": "Feature", "properties": { "内容": "諫早医師会居宅介護支援事業所「たんぽぽ」【居宅介護支援】長崎県諫早市泉町２３番３号", "url": "https://www.kaigokensaku.mhlw.go.jp/42/index.php?action_kouhyou_detail_004_kani=true&JigyosyoCd=4260490018-00&ServiceCd=430&Type=search", "url2": "http://isahaya-mds.org/pablics/index/25/" }, "geometry": { "type": "Point", "coordinates": [ 130.056767298872387, 32.848385623834368 ] } },
{ "type": "Feature", "properties": { "内容": "宮崎病院指定ケアマネジメントセンター【居宅介護支援】長崎県諫早市久山町1575-1宮崎病院　A棟２階", "url": "https://www.kaigokensaku.mhlw.go.jp/42/index.php?action_kouhyou_detail_004_kani=true&JigyosyoCd=4210411619-00&ServiceCd=430&Type=search", "url2": "http://www.sankoukai.net" }, "geometry": { "type": "Point", "coordinates": [ 130.002060769298765, 32.830704699392044 ] } },
{ "type": "Feature", "properties": { "内容": "リハビリケアプランセンターあいのわ【居宅介護支援】諫早市幸町52－7", "url": "https://www.kaigokensaku.mhlw.go.jp/42/index.php?action_kouhyou_detail_004_kani=true&JigyosyoCd=4270403167-00&ServiceCd=430&Type=search", "url2": "https://www.rehaboutus/a-ainowa.co.jp/" }, "geometry": { "type": "Point", "coordinates": [ 130.10091655850519, 32.83752866771885 ] } },
{ "type": "Feature", "properties": { "内容": "プランナースみなみ【居宅介護支援】長崎県諫早市多良見町中里１７３８番地１", "url": "https://www.kaigokensaku.mhlw.go.jp/42/index.php?action_kouhyou_detail_004_kani=true&JigyosyoCd=4270402292-00&ServiceCd=430&Type=search", "url2": null }, "geometry": { "type": "Point", "coordinates": [ 129.974469707617374, 32.828219130309463 ] } },
{ "type": "Feature", "properties": { "内容": "にしいさはやケアプラン・センター【居宅介護支援】長崎県諫早市貝津町３０１５", "url": "https://www.kaigokensaku.mhlw.go.jp/42/index.php?action_kouhyou_detail_004_kani=true&JigyosyoCd=4270400098-00&ServiceCd=430&Type=search", "url2": "http://syoujinkai.com" }, "geometry": { "type": "Point", "coordinates": [ 130.020144399999907, 32.8371014 ] } },
{ "type": "Feature", "properties": { "内容": "医療法人奏楽会【居宅介護支援】長崎県諫早市高天町２６１２－１", "url": "https://www.kaigokensaku.mhlw.go.jp/42/index.php?action_kouhyou_detail_004_kani=true&JigyosyoCd=4270400254-00&ServiceCd=430&Type=search", "url2": "www.tomoshige-clinic.jp" }, "geometry": { "type": "Point", "coordinates": [ 130.0957548, 32.8744723 ] } },
{ "type": "Feature", "properties": { "内容": "医療法人　和光会　居宅介護支援事業所　恵仁荘【居宅介護支援】長崎県諫早市有喜町648", "url": "https://www.kaigokensaku.mhlw.go.jp/42/index.php?action_kouhyou_detail_004_kani=true&JigyosyoCd=4270400049-00&ServiceCd=430&Type=search", "url2": "http://uki-fukushimura.jp/about/" }, "geometry": { "type": "Point", "coordinates": [ 130.077007099999946, 32.7910256 ] } },
{ "type": "Feature", "properties": { "内容": "諫早記念病院介護サービス「ひまわり」【居宅介護支援】長崎県諌早市天満町2-21", "url": "https://www.kaigokensaku.mhlw.go.jp/42/index.php?action_kouhyou_detail_004_kani=true&JigyosyoCd=4270400130-00&ServiceCd=430&Type=search", "url2": null }, "geometry": { "type": "Point", "coordinates": [ 130.045519351589974, 32.850072299489675 ] } },
{ "type": "Feature", "properties": { "内容": "医療法人社団　尚整会　「菅整形」【居宅介護支援】長崎県諌早市小野町332", "url": "https://www.kaigokensaku.mhlw.go.jp/42/index.php?action_kouhyou_detail_004_kani=true&JigyosyoCd=4270400080-00&ServiceCd=430&Type=search", "url2": null }, "geometry": { "type": "Point", "coordinates": [ 130.0948717, 32.8359575 ] } },
{ "type": "Feature", "properties": { "内容": "居宅介護支援センター　クローバー【居宅介護支援】長崎県諫早市長田町２５４７", "url": "https://www.kaigokensaku.mhlw.go.jp/42/index.php?action_kouhyou_detail_004_kani=true&JigyosyoCd=4270400031-00&ServiceCd=430&Type=search", "url2": "http://danno-clover.com/" }, "geometry": { "type": "Point", "coordinates": [ 130.080573299999969, 32.8627315 ] } },
{ "type": "Feature", "properties": { "内容": "医療法人　社団　淳生会　慈恵病院ケアマネジメントセンター【居宅介護支援】長崎県諌早市多良見町化屋９９５番地", "url": "https://www.kaigokensaku.mhlw.go.jp/42/index.php?action_kouhyou_detail_004_kani=true&JigyosyoCd=4271100630-00&ServiceCd=430&Type=search", "url2": "http://www.jyunseikai-jikei.net" }, "geometry": { "type": "Point", "coordinates": [ 129.983048199999985, 32.8282548 ] } },
{ "type": "Feature", "properties": { "内容": "唐比病院指定居宅介護支援事業所【居宅介護支援】長崎県諌早市森山町唐西1165番地", "url": "https://www.kaigokensaku.mhlw.go.jp/42/index.php?action_kouhyou_detail_004_kani=true&JigyosyoCd=4271300016-00&ServiceCd=430&Type=search", "url2": "http://karako-hp.jp/" }, "geometry": { "type": "Point", "coordinates": [ 130.124787100000049, 32.7967672 ] } },
{ "type": "Feature", "properties": { "内容": "姉川病院　ケアプランセンター【居宅介護支援】長崎県諫早市小野島町2378-2姉川病院　3階", "url": "https://www.kaigokensaku.mhlw.go.jp/42/index.php?action_kouhyou_detail_004_kani=true&JigyosyoCd=4270402664-00&ServiceCd=430&Type=search", "url2": "https://anegawa-hp.jp/" }, "geometry": { "type": "Point", "coordinates": [ 130.088408699999945, 32.8511804 ] } },
{ "type": "Feature", "properties": { "内容": "ケアプランセンター　小江の里【居宅介護支援】長崎県諫早市高来町下与433番地", "url": "https://www.kaigokensaku.mhlw.go.jp/42/index.php?action_kouhyou_detail_004_kani=true&JigyosyoCd=4270403225-00&ServiceCd=430&Type=search", "url2": "https://oenosato.daa.jp/" }, "geometry": { "type": "Point", "coordinates": [ 130.1139372, 32.8943144 ] } },
{ "type": "Feature", "properties": { "内容": "ニチイケアセンター諫早【居宅介護支援】長崎県諌早市鷲崎町361番地1エステートサトウⅢ1F", "url": "https://www.kaigokensaku.mhlw.go.jp/42/index.php?action_kouhyou_detail_004_kani=true&JigyosyoCd=4270400221-00&ServiceCd=430&Type=search", "url2": "http://www.nichiigakkan.co.jp" }, "geometry": { "type": "Point", "coordinates": [ 130.0427651, 32.8516203 ] } },
{ "type": "Feature", "properties": { "内容": "ケアプランセンター平和【居宅介護支援】長崎県諫早市平山町８３６番地１", "url": "https://www.kaigokensaku.mhlw.go.jp/42/index.php?action_kouhyou_detail_004_kani=true&JigyosyoCd=4270402045-00&ServiceCd=430&Type=search", "url2": "http://nagomi-f.jp" }, "geometry": { "type": "Point", "coordinates": [ 130.033746299999962, 32.8364379 ] } },
{ "type": "Feature", "properties": { "内容": "居宅介護支援事業所　富士山【居宅介護支援】長崎県諫早市長野町1413番地3", "url": "https://www.kaigokensaku.mhlw.go.jp/42/index.php?action_kouhyou_detail_004_kani=true&JigyosyoCd=4270402888-00&ServiceCd=430&Type=search", "url2": null }, "geometry": { "type": "Point", "coordinates": [ 130.07813461892701, 32.831335847201785 ] } },
{ "type": "Feature", "properties": { "内容": "長崎県看護協会ケアプランセンター諌早【居宅介護支援】長崎県諌早市永昌町２３－６ながさき看護センター内", "url": "https://www.kaigokensaku.mhlw.go.jp/42/index.php?action_kouhyou_detail_004_kani=true&JigyosyoCd=4270400023-00&ServiceCd=430&Type=search", "url2": "http://www.nagasaki-nurse.or.jp/" }, "geometry": { "type": "Point", "coordinates": [ 130.035868199999982, 32.8506647 ] } },
{ "type": "Feature", "properties": { "内容": "ケアプランセンター開【居宅介護支援】長崎県諫早市飯盛町開1368番地1", "url": "https://www.kaigokensaku.mhlw.go.jp/42/index.php?action_kouhyou_detail_004_kani=true&JigyosyoCd=4270403498-00&ServiceCd=430&Type=search", "url2": "https://www.itoyoshi-yuinohama.com/" }, "geometry": { "type": "Point", "coordinates": [ 130.0156735, 32.7802897 ] } },
{ "type": "Feature", "properties": { "内容": "ケアプランセンター陽和【居宅介護支援】長崎県諫早市福田町２７２５番地４", "url": "https://www.kaigokensaku.mhlw.go.jp/42/index.php?action_kouhyou_detail_004_kani=true&JigyosyoCd=4270403654-00&ServiceCd=430&Type=search", "url2": null }, "geometry": { "type": "Point", "coordinates": [ 130.0561209, 32.8568685 ] } },
{ "type": "Feature", "properties": { "内容": "たらみ・いいもりケアマネジメントセンター【居宅介護支援】長崎県諫早市多良見町木床1558番地", "url": "https://www.kaigokensaku.mhlw.go.jp/42/index.php?action_kouhyou_detail_004_kani=true&JigyosyoCd=4270401856-00&ServiceCd=430&Type=search", "url2": null }, "geometry": { "type": "Point", "coordinates": [ 129.98225350000007, 32.8357402 ] } },
{ "type": "Feature", "properties": { "内容": "ふれあいケアプランセンター【居宅介護支援】諫早市高来町黒崎３１３番地1", "url": "https://www.kaigokensaku.mhlw.go.jp/42/index.php?action_kouhyou_detail_004_kani=true&JigyosyoCd=4270401864-00&ServiceCd=430&Type=search", "url2": null }, "geometry": { "type": "Point", "coordinates": [ 130.12936579999996, 32.8993452 ] } },
{ "type": "Feature", "properties": { "内容": "ケアプランセンターじゅげむ【居宅介護支援】長崎県諫早市多良見町市布１２７２番地３", "url": "https://www.kaigokensaku.mhlw.go.jp/42/index.php?action_kouhyou_detail_004_kani=true&JigyosyoCd=4270403563-00&ServiceCd=430&Type=search", "url2": null }, "geometry": { "type": "Point", "coordinates": [ 129.963140404754654, 32.812520557853297 ] } },
{ "type": "Feature", "properties": { "内容": "ケアプランセンターしろみ【居宅介護支援】長崎県諫早市城見町43番1号", "url": "https://www.kaigokensaku.mhlw.go.jp/42/index.php?action_kouhyou_detail_004_kani=true&JigyosyoCd=4270401278-00&ServiceCd=430&Type=search", "url2": "http://shiromi.jp/" }, "geometry": { "type": "Point", "coordinates": [ 130.049321110450734, 32.855188936517578 ] } },
{ "type": "Feature", "properties": { "内容": "寿光会ケアプランセンター【居宅介護支援】長崎県諌早市白岩町2番地7", "url": "https://www.kaigokensaku.mhlw.go.jp/42/index.php?action_kouhyou_detail_004_kani=true&JigyosyoCd=4270403639-00&ServiceCd=430&Type=search", "url2": "https://uki-fukushimura.jp/newtown/" }, "geometry": { "type": "Point", "coordinates": [ 130.022426599999989, 32.845659 ] } },
{ "type": "Feature", "properties": { "内容": "居宅介護支援事業所　森の里【居宅介護支援】長崎県諌早市森山町杉谷2899番地2", "url": "https://www.kaigokensaku.mhlw.go.jp/42/index.php?action_kouhyou_detail_004_kani=true&JigyosyoCd=4271300347-00&ServiceCd=430&Type=search", "url2": null }, "geometry": { "type": "Point", "coordinates": [ 130.141507, 32.8176849 ] } },
{ "type": "Feature", "properties": { "内容": "社会福祉法人真津山福祉会　高望荘ケアプランセンター【居宅介護支援】長崎県諫早市貝津町２６６１－１", "url": "https://www.kaigokensaku.mhlw.go.jp/42/index.php?action_kouhyou_detail_004_kani=true&JigyosyoCd=4270400544-00&ServiceCd=430&Type=search", "url2": null }, "geometry": { "type": "Point", "coordinates": [ 130.020438900000045, 32.8343489 ] } },
{ "type": "Feature", "properties": { "内容": "ケアプランセンターオアシス【居宅介護支援】長崎県諫早市福田町2-22", "url": "https://www.kaigokensaku.mhlw.go.jp/42/index.php?action_kouhyou_detail_004_kani=true&JigyosyoCd=4270403829-00&ServiceCd=430&Type=search", "url2": "https://matsuyamafukushikai.jp/" }, "geometry": { "type": "Point", "coordinates": [ 130.0566416, 32.8500506 ] } },
{ "type": "Feature", "properties": { "内容": "秀峰荘ケアプランセンター【居宅介護支援】長崎県諫早市森山町唐比西124番地5", "url": "https://www.kaigokensaku.mhlw.go.jp/42/index.php?action_kouhyou_detail_004_kani=true&JigyosyoCd=4270403183-00&ServiceCd=430&Type=search", "url2": "http://seiwafukushi.jp/carenet/" }, "geometry": { "type": "Point", "coordinates": [ 130.1345725, 32.7910482 ] } },
{ "type": "Feature", "properties": { "内容": "居宅介護支援事業所　清和【居宅介護支援】長崎県諫早市長田町2826番地1", "url": "https://www.kaigokensaku.mhlw.go.jp/42/index.php?action_kouhyou_detail_004_kani=true&JigyosyoCd=4270400106-00&ServiceCd=430&Type=search", "url2": "http://seiwafukushi.jp/carenet/" }, "geometry": { "type": "Point", "coordinates": [ 130.075674454259797, 32.865590678782205 ] } },
{ "type": "Feature", "properties": { "内容": "善友会居宅介護支援事業【居宅介護支援】長崎県諌早市小長井町小川原浦656医療法人七久会　山﨑病院　２階", "url": "https://www.kaigokensaku.mhlw.go.jp/42/index.php?action_kouhyou_detail_004_kani=true&JigyosyoCd=4271300149-00&ServiceCd=430&Type=search", "url2": "http://www.zenyuukai.com/" }, "geometry": { "type": "Point", "coordinates": [ 130.187994723062161, 32.92681772772292 ] } },
{ "type": "Feature", "properties": { "内容": "ケア・ステーション　オリーブ【居宅介護支援】長崎県諫早市土師野尾町1833-1", "url": "https://www.kaigokensaku.mhlw.go.jp/42/index.php?action_kouhyou_detail_004_kani=true&JigyosyoCd=4270403613-00&ServiceCd=430&Type=search", "url2": "http//kisaragikai.info" }, "geometry": { "type": "Point", "coordinates": [ 130.030590703582419, 32.800489950440323 ] } },
{ "type": "Feature", "properties": { "内容": "ケアプランセンター　さいわい【居宅介護支援】長崎県諫早市幸町64-20", "url": "https://www.kaigokensaku.mhlw.go.jp/42/index.php?action_kouhyou_detail_004_kani=true&JigyosyoCd=4270402102-00&ServiceCd=430&Type=search", "url2": null }, "geometry": { "type": "Point", "coordinates": [ 130.070910300000037, 32.8378004 ] } },
{ "type": "Feature", "properties": { "内容": "ケアプランセンター椿寿荘【居宅介護支援】長崎県諫早市栄田町582番9", "url": "https://www.kaigokensaku.mhlw.go.jp/42/index.php?action_kouhyou_detail_004_kani=true&JigyosyoCd=4270401575-00&ServiceCd=430&Type=search", "url2": "https://fuyounet.jp/facility/careplan/" }, "geometry": { "type": "Point", "coordinates": [ 130.03241239999997, 32.8664052 ] } },
{ "type": "Feature", "properties": { "内容": "社会福祉法人福翠会　ケアプランセンター福田【居宅介護支援】長崎県諫早市福田町3350", "url": "https://www.kaigokensaku.mhlw.go.jp/42/index.php?action_kouhyou_detail_004_kani=true&JigyosyoCd=4270403159-00&ServiceCd=430&Type=search", "url2": "http://www.fukusuikai.com/" }, "geometry": { "type": "Point", "coordinates": [ 130.063195379762305, 32.851036368838614 ] } },
{ "type": "Feature", "properties": { "内容": "社会福祉法人龍美会　指定居宅介護支援事業【居宅介護支援】長崎県諫早市福田町2366番地1", "url": "https://www.kaigokensaku.mhlw.go.jp/42/index.php?action_kouhyou_detail_004_kani=true&JigyosyoCd=4270400114-00&ServiceCd=430&Type=search", "url2": "https://ryubikai.com/" }, "geometry": { "type": "Point", "coordinates": [ 130.056056099999978, 32.8626279 ] } },
{ "type": "Feature", "properties": { "内容": "エコソール　居宅介護支援事業所【居宅介護支援】長崎県諌早市多良見町元釜5番地１５", "url": "https://www.kaigokensaku.mhlw.go.jp/42/index.php?action_kouhyou_detail_004_kani=true&JigyosyoCd=4270401427-00&ServiceCd=430&Type=search", "url2": "http://www.aiplease.com/" }, "geometry": { "type": "Point", "coordinates": [ 129.931835906082142, 32.857848310107727 ] } },
{ "type": "Feature", "properties": { "内容": "ケアプランイーハトーブ【居宅介護支援】長崎県諫早市小川町595番地35", "url": "https://www.kaigokensaku.mhlw.go.jp/42/index.php?action_kouhyou_detail_004_kani=true&JigyosyoCd=4270401419-00&ServiceCd=430&Type=search", "url2": "http://www.ihatobu.com" }, "geometry": { "type": "Point", "coordinates": [ 130.0634665, 32.8272237 ] } },
{ "type": "Feature", "properties": { "内容": "ケアマネジメントセンター　利楽いさはや【居宅介護支援】長崎県諫早市馬渡町7番地6", "url": "https://www.kaigokensaku.mhlw.go.jp/42/index.php?action_kouhyou_detail_004_kani=true&JigyosyoCd=4270403407-00&ServiceCd=430&Type=search", "url2": "http://rihabirinoki.jp/" }, "geometry": { "type": "Point", "coordinates": [ 130.0225869, 32.8418617 ] } },
{ "type": "Feature", "properties": { "内容": "ケアプランセンター　ほたる【居宅介護支援】諌早市高来町黒埼79-3ケアプランセンター　ほたる", "url": "https://www.kaigokensaku.mhlw.go.jp/42/index.php?action_kouhyou_detail_004_kani=true&JigyosyoCd=4270402763-00&ServiceCd=430&Type=search", "url2": "wakeikai.jp" }, "geometry": { "type": "Point", "coordinates": [ 130.13218489999997, 32.9040362 ] } },
{ "type": "Feature", "properties": { "内容": "居宅介護支援事業所　ひばり【居宅介護支援】長崎県諫早市船越町612-3", "url": "https://www.kaigokensaku.mhlw.go.jp/42/index.php?action_kouhyou_detail_004_kani=true&JigyosyoCd=4270402466-00&ServiceCd=430&Type=search", "url2": "http://www.meichikai.com" }, "geometry": { "type": "Point", "coordinates": [ 130.0622889, 32.837697200000015 ] } },
{ "type": "Feature", "properties": { "内容": "居宅介護支援事業所　しあわせ【居宅介護支援】長崎県諫早市堂崎町15番地14", "url": "https://www.kaigokensaku.mhlw.go.jp/42/index.php?action_kouhyou_detail_004_kani=true&JigyosyoCd=4270401807-00&ServiceCd=430&Type=search", "url2": "https://joya.or.jp>shiawase2" }, "geometry": { "type": "Point", "coordinates": [ 130.015789, 32.844512 ] } },
{ "type": "Feature", "properties": { "内容": "社会福祉法人　祥仁会　飯盛町在宅介護支援センター　特養いいもり【居宅介護支援】長崎県諌早市飯盛町開48番地", "url": "https://www.kaigokensaku.mhlw.go.jp/42/index.php?action_kouhyou_detail_004_kani=true&JigyosyoCd=4271300032-00&ServiceCd=430&Type=search", "url2": null }, "geometry": { "type": "Point", "coordinates": [ 130.024293086508123, 32.771626030602526 ] } },
{ "type": "Feature", "properties": { "内容": "指定居宅介護支援事業所ライフ【居宅介護支援】長崎県諫早市高来町船津５１９", "url": "https://www.kaigokensaku.mhlw.go.jp/42/index.php?action_kouhyou_detail_004_kani=true&JigyosyoCd=4270401757-00&ServiceCd=430&Type=search", "url2": null }, "geometry": { "type": "Point", "coordinates": [ 130.1007869, 32.890365 ] } },
{ "type": "Feature", "properties": { "内容": "ケアプランセンタースリーサポート【居宅介護支援】諫早市真崎町1738番地1", "url": "https://www.kaigokensaku.mhlw.go.jp/42/index.php?action_kouhyou_detail_004_kani=true&JigyosyoCd=4270403886-00&ServiceCd=430&Type=search", "url2": "http://www.dogo-3sp.com" }, "geometry": { "type": "Point", "coordinates": [ 130.0300394, 32.8534181 ] } },
{ "type": "Feature", "properties": { "内容": "ケアプランセンターまちかん【居宅介護支援】長崎県諫早市天満町16-33", "url": "https://www.kaigokensaku.mhlw.go.jp/42/index.php?action_kouhyou_detail_004_kani=true&JigyosyoCd=4270403860-00&ServiceCd=430&Type=search", "url2": null }, "geometry": { "type": "Point", "coordinates": [ 130.0470829, 32.8480132 ] } },
{ "type": "Feature", "properties": { "内容": "居宅介護支援事業所　めぐみ荘【居宅介護支援】長崎県大村市中里町１８０－１", "url": "https://www.kaigokensaku.mhlw.go.jp/42/index.php?action_kouhyou_detail_004_kani=true&JigyosyoCd=4270500418-00&ServiceCd=430&Type=search", "url2": null }, "geometry": { "type": "Point", "coordinates": [ 130.001460899999984, 32.8890804 ] } },
{ "type": "Feature", "properties": { "内容": "居宅介護支援センターほのぼの【居宅介護支援】長崎県大村市松山町４６０－２", "url": "https://www.kaigokensaku.mhlw.go.jp/42/index.php?action_kouhyou_detail_004_kani=true&JigyosyoCd=4270500590-00&ServiceCd=430&Type=search", "url2": "http://www.komori-group.net/honobono/" }, "geometry": { "type": "Point", "coordinates": [ 129.946836399999938, 32.9128915 ] } },
{ "type": "Feature", "properties": { "内容": "介護支援事務所ささえ【居宅介護支援】長崎県大村市宮小路３丁目１９７１番地３", "url": "https://www.kaigokensaku.mhlw.go.jp/42/index.php?action_kouhyou_detail_004_kani=true&JigyosyoCd=4270501713-00&ServiceCd=430&Type=search", "url2": null }, "geometry": { "type": "Point", "coordinates": [ 129.940727399999986, 32.953754300000014 ] } },
{ "type": "Feature", "properties": { "内容": "リハビリセンター大村【居宅介護支援】長崎県大村市田下町930-3", "url": "https://www.kaigokensaku.mhlw.go.jp/42/index.php?action_kouhyou_detail_004_kani=true&JigyosyoCd=4270502067-00&ServiceCd=430&Type=search", "url2": "https://midori-group.com" }, "geometry": { "type": "Point", "coordinates": [ 130.000814499999933, 32.9524685 ] } },
{ "type": "Feature", "properties": { "内容": "居宅介護支援センター　松原のさと【居宅介護支援】長崎県大村市松原本町273-3ベルデタウン101号", "url": "https://www.kaigokensaku.mhlw.go.jp/42/index.php?action_kouhyou_detail_004_kani=true&JigyosyoCd=4270104294-00&ServiceCd=430&Type=search", "url2": "http://matsubara-wa.jp/hcs/" }, "geometry": { "type": "Point", "coordinates": [ 129.945261520901454, 32.976085694337577 ] } },
{ "type": "Feature", "properties": { "内容": "介護相談事業所しんり【居宅介護支援】長崎県大村市水田町７５３－１０", "url": "https://www.kaigokensaku.mhlw.go.jp/42/index.php?action_kouhyou_detail_004_kani=true&JigyosyoCd=4270501614-00&ServiceCd=430&Type=search", "url2": null }, "geometry": { "type": "Point", "coordinates": [ 129.958382699999987, 32.9170776 ] } },
{ "type": "Feature", "properties": { "内容": "医療法人牧山医院居宅介護支援事業所【居宅介護支援】長崎県大村市富の原2丁目１番地1", "url": "https://www.kaigokensaku.mhlw.go.jp/42/index.php?action_kouhyou_detail_004_kani=true&JigyosyoCd=4270500400-00&ServiceCd=430&Type=search", "url2": null }, "geometry": { "type": "Point", "coordinates": [ 129.942002399999978, 32.949963 ] } },
{ "type": "Feature", "properties": { "内容": "医療法人　檜山会　居宅介護支援事業　うぐいすの丘【居宅介護支援】長崎県大村市東大村１丁目2526-13", "url": "https://www.kaigokensaku.mhlw.go.jp/42/index.php?action_kouhyou_detail_004_kani=true&JigyosyoCd=4270500061-00&ServiceCd=430&Type=search", "url2": "http://www.hizankai.or.jp/uguisu/" }, "geometry": { "type": "Point", "coordinates": [ 130.0080951, 32.9296356 ] } },
{ "type": "Feature", "properties": { "内容": "はら脳神経外科居宅介護支援事業所【居宅介護支援】長崎県大村市富の原２丁目３５０番地１", "url": "https://www.kaigokensaku.mhlw.go.jp/42/index.php?action_kouhyou_detail_004_kani=true&JigyosyoCd=4270501754-00&ServiceCd=430&Type=search", "url2": "http://aishinkai.org/leblanc/house.html" }, "geometry": { "type": "Point", "coordinates": [ 129.93738590000001, 32.9424425 ] } },
{ "type": "Feature", "properties": { "内容": "介護相談事業所　ナースパワーあい【居宅介護支援】長崎県大村市徳泉川内町８３６番地１９", "url": "https://www.kaigokensaku.mhlw.go.jp/42/index.php?action_kouhyou_detail_004_kani=true&JigyosyoCd=4270501598-00&ServiceCd=430&Type=search", "url2": "http://nursepower-ai.com/" }, "geometry": { "type": "Point", "coordinates": [ 129.981314099999963, 32.9121337 ] } },
{ "type": "Feature", "properties": { "内容": "大村市医師会居宅介護支援事業所【居宅介護支援】長崎県大村市本町458番地2中心市街地複合ビル3階", "url": "https://www.kaigokensaku.mhlw.go.jp/42/index.php?action_kouhyou_detail_004_kani=true&JigyosyoCd=4270500053-00&ServiceCd=430&Type=search", "url2": "http://www.nagasaki.med.or.jp/oomura/" }, "geometry": { "type": "Point", "coordinates": [ 129.959597, 32.906341 ] } },
{ "type": "Feature", "properties": { "内容": "こすもすケアセンター【居宅介護支援】長崎県大村市西大村本町755-1", "url": "https://www.kaigokensaku.mhlw.go.jp/42/index.php?action_kouhyou_detail_004_kani=true&JigyosyoCd=4270500038-00&ServiceCd=430&Type=search", "url2": "http://www.midori-group.com/" }, "geometry": { "type": "Point", "coordinates": [ 129.952627200000052, 32.9296541 ] } },
{ "type": "Feature", "properties": { "内容": "スマイルケア【居宅介護支援】長崎県大村市宮小路1丁目281-2", "url": "https://www.kaigokensaku.mhlw.go.jp/42/index.php?action_kouhyou_detail_004_kani=true&JigyosyoCd=4270500376-00&ServiceCd=430&Type=search", "url2": "https://tsukasa-co.jp/business" }, "geometry": { "type": "Point", "coordinates": [ 129.945160499999901, 32.947007800000023 ] } },
{ "type": "Feature", "properties": { "内容": "居宅介護支援センター葵【居宅介護支援】長崎県大村市富の原1丁目1276-1居宅介護支援センター葵", "url": "https://www.kaigokensaku.mhlw.go.jp/42/index.php?action_kouhyou_detail_004_kani=true&JigyosyoCd=4270501796-00&ServiceCd=430&Type=search", "url2": null }, "geometry": { "type": "Point", "coordinates": [ 129.939191599999958, 32.9408804 ] } },
{ "type": "Feature", "properties": { "内容": "ケアプランセンター　花束【居宅介護支援】長崎県大村市上諏訪町1259番地15", "url": "https://www.kaigokensaku.mhlw.go.jp/42/index.php?action_kouhyou_detail_004_kani=true&JigyosyoCd=4270502133-00&ServiceCd=430&Type=search", "url2": "https://virie-lcc.com/" }, "geometry": { "type": "Point", "coordinates": [ 139.213456900000011, 36.3246806 ] } },
{ "type": "Feature", "properties": { "内容": "ケアプランセンター琴音【居宅介護支援】長崎県大村市森園町1625番地1複合施設琴音　ケアプランセンター琴音", "url": "https://www.kaigokensaku.mhlw.go.jp/42/index.php?action_kouhyou_detail_004_kani=true&JigyosyoCd=4270502158-00&ServiceCd=430&Type=search", "url2": "https://kotonoumi.com/" }, "geometry": { "type": "Point", "coordinates": [ 129.943105800000012, 32.9222386 ] } },
{ "type": "Feature", "properties": { "内容": "大村市在宅介護支援センター慈恵荘【居宅介護支援】長崎県大村市富の原2丁目6-1", "url": "https://www.kaigokensaku.mhlw.go.jp/42/index.php?action_kouhyou_detail_004_kani=true&JigyosyoCd=4270500012-00&ServiceCd=430&Type=search", "url2": "http://www.keikokai.jp/" }, "geometry": { "type": "Point", "coordinates": [ 129.941645994334408, 32.94964733431221 ] } },
{ "type": "Feature", "properties": { "内容": "社会福祉法人樹陽会居宅介護サービスセンターゆうせんそう【居宅介護支援】長崎県大村市諏訪１丁目６７０番地６", "url": "https://www.kaigokensaku.mhlw.go.jp/42/index.php?action_kouhyou_detail_004_kani=true&JigyosyoCd=4270500624-00&ServiceCd=430&Type=search", "url2": "http://juyoukai.com/" }, "geometry": { "type": "Point", "coordinates": [ 129.9620516, 32.9241659 ] } },
{ "type": "Feature", "properties": { "内容": "泉の里在宅介護支援センター【居宅介護支援】長崎県大村市本町３８７番地1", "url": "https://www.kaigokensaku.mhlw.go.jp/42/index.php?action_kouhyou_detail_004_kani=true&JigyosyoCd=4270500095-00&ServiceCd=430&Type=search", "url2": "http://www.izuminosato.jp" }, "geometry": { "type": "Point", "coordinates": [ 129.958919923702581, 32.90784823790387 ] } },
{ "type": "Feature", "properties": { "内容": "居宅介護サービスセンター　ふる里【居宅介護支援】長崎県大村市鬼橋町1416番地", "url": "https://www.kaigokensaku.mhlw.go.jp/42/index.php?action_kouhyou_detail_004_kani=true&JigyosyoCd=4270500111-00&ServiceCd=430&Type=search", "url2": "https://ryumei-kai.or.jp/" }, "geometry": { "type": "Point", "coordinates": [ 129.958665200000041, 32.9459861 ] } },
{ "type": "Feature", "properties": { "内容": "居宅介護支援センター箕望荘【居宅介護支援】長崎県大村市池田2丁目1163番地23", "url": "https://www.kaigokensaku.mhlw.go.jp/42/index.php?action_kouhyou_detail_004_kani=true&JigyosyoCd=4270500277-00&ServiceCd=430&Type=search", "url2": "http://www.kibouso.or.jp" }, "geometry": { "type": "Point", "coordinates": [ 129.971380899999986, 32.9375928 ] } },
{ "type": "Feature", "properties": { "内容": "居宅介護支援事業所アルム【居宅介護支援】長崎県大村市東野岳町1699番地2", "url": "https://www.kaigokensaku.mhlw.go.jp/42/index.php?action_kouhyou_detail_004_kani=true&JigyosyoCd=4270501556-00&ServiceCd=430&Type=search", "url2": "http://www.arumu.info/" }, "geometry": { "type": "Point", "coordinates": [ 129.976154893561556, 32.977024398824234 ] } },
{ "type": "Feature", "properties": { "内容": "けあぷらんせんたーいわさき【居宅介護支援】長崎県大村市岩松町939-5", "url": "https://www.kaigokensaku.mhlw.go.jp/42/index.php?action_kouhyou_detail_004_kani=true&JigyosyoCd=4270502117-00&ServiceCd=430&Type=search", "url2": null }, "geometry": { "type": "Point", "coordinates": [ 129.9833801, 32.8904449 ] } },
{ "type": "Feature", "properties": { "内容": "ケアプランセンター　グッド・ライフ【居宅介護支援】長崎県大村市玖島２丁目６６８番地４", "url": "https://www.kaigokensaku.mhlw.go.jp/42/index.php?action_kouhyou_detail_004_kani=true&JigyosyoCd=4270502232-00&ServiceCd=430&Type=search", "url2": null }, "geometry": { "type": "Point", "coordinates": [ 129.9662041, 32.9050845 ] } },
{ "type": "Feature", "properties": { "内容": "居宅介護支援事業所　恵幸【居宅介護支援】長崎県大村市池田２丁目317-1", "url": "https://www.kaigokensaku.mhlw.go.jp/42/index.php?action_kouhyou_detail_004_kani=true&JigyosyoCd=4270502182-00&ServiceCd=430&Type=search", "url2": null }, "geometry": { "type": "Point", "coordinates": [ 129.962844499999989, 32.9333956 ] } },
{ "type": "Feature", "properties": { "内容": "居宅介護支援センターきらら【居宅介護支援】長崎県大村市東三城町３－９", "url": "https://www.kaigokensaku.mhlw.go.jp/42/index.php?action_kouhyou_detail_004_kani=true&JigyosyoCd=4270501069-00&ServiceCd=430&Type=search", "url2": "http://www.izaki-med.net/" }, "geometry": { "type": "Point", "coordinates": [ 129.960153677771018, 32.911430353915684 ] } },
{ "type": "Feature", "properties": { "内容": "平戸市民病院　居宅介護支援事業所【居宅介護支援】長崎県平戸市草積町1125-12", "url": "https://www.kaigokensaku.mhlw.go.jp/42/index.php?action_kouhyou_detail_004_kani=true&JigyosyoCd=4270700208-00&ServiceCd=430&Type=search", "url2": "http://hirado-municipal-hospital.com/" }, "geometry": { "type": "Point", "coordinates": [ 129.465528899999981, 33.2854865 ] } },
{ "type": "Feature", "properties": { "内容": "医療法人医理会かきぞえ居宅介護支援事業所【居宅介護支援】長崎県平戸市木引田町414番地木引田介護スクエア", "url": "https://www.kaigokensaku.mhlw.go.jp/42/index.php?action_kouhyou_detail_004_kani=true&JigyosyoCd=4270700042-00&ServiceCd=430&Type=search", "url2": null }, "geometry": { "type": "Point", "coordinates": [ 129.551596633065856, 33.36671545435636 ] } },
{ "type": "Feature", "properties": { "内容": "ケアマネジメントセンター　じゃんがら【居宅介護支援】長崎県平戸市浦の町７４５番地１", "url": "https://www.kaigokensaku.mhlw.go.jp/42/index.php?action_kouhyou_detail_004_kani=true&JigyosyoCd=4270700018-00&ServiceCd=430&Type=search", "url2": "http://kyk-kitagawahp.com/" }, "geometry": { "type": "Point", "coordinates": [ 129.552360200000066, 33.3715197 ] } },
{ "type": "Feature", "properties": { "内容": "居宅介護支援事業所「のぞみ」【居宅介護支援】長崎県平戸市田平町山内免４００番地", "url": "https://www.kaigokensaku.mhlw.go.jp/42/index.php?action_kouhyou_detail_004_kani=true&JigyosyoCd=4270700729-00&ServiceCd=430&Type=search", "url2": "http://tanigawa-hospital.jp/" }, "geometry": { "type": "Point", "coordinates": [ 129.582039099999946, 33.3635596 ] } },
{ "type": "Feature", "properties": { "内容": "青洲会在宅ケアセンタースマイル【居宅介護支援】長崎県平戸市田平町山内免612-4", "url": "https://www.kaigokensaku.mhlw.go.jp/42/index.php?action_kouhyou_detail_004_kani=true&JigyosyoCd=4271500060-00&ServiceCd=430&Type=search", "url2": "http://www.seisyukai.jp/establishment/tahira_carecenter.html#ikaku" }, "geometry": { "type": "Point", "coordinates": [ 129.575930058999603, 33.364299384685353 ] } },
{ "type": "Feature", "properties": { "内容": "わだつみの里介護支援事業所【居宅介護支援】長崎県平戸市辻町１７８番地", "url": "https://www.kaigokensaku.mhlw.go.jp/42/index.php?action_kouhyou_detail_004_kani=true&JigyosyoCd=4270700034-00&ServiceCd=430&Type=search", "url2": null }, "geometry": { "type": "Point", "coordinates": [ 129.42609779999998, 33.2170798 ] } },
{ "type": "Feature", "properties": { "内容": "指定居宅介護支援事業所あんじん【居宅介護支援】長崎県平戸市戸石川町491番6", "url": "https://www.kaigokensaku.mhlw.go.jp/42/index.php?action_kouhyou_detail_004_kani=true&JigyosyoCd=4270700737-00&ServiceCd=430&Type=search", "url2": null }, "geometry": { "type": "Point", "coordinates": [ 129.549607899999955, 33.363029 ] } },
{ "type": "Feature", "properties": { "内容": "社会福祉法人　生月福祉会　なごみ【居宅介護支援】長崎県平戸市生月町山田免１８８９番地", "url": "https://www.kaigokensaku.mhlw.go.jp/42/index.php?action_kouhyou_detail_004_kani=true&JigyosyoCd=4271500011-00&ServiceCd=430&Type=search", "url2": "https://ikitsukifukushikai.jp/" }, "geometry": { "type": "Point", "coordinates": [ 129.423760499999958, 33.3755245 ] } },
{ "type": "Feature", "properties": { "内容": "居宅介護支援事業所光の園【居宅介護支援】長崎県平戸市大久保町325番地", "url": "https://www.kaigokensaku.mhlw.go.jp/42/index.php?action_kouhyou_detail_004_kani=true&JigyosyoCd=4270700539-00&ServiceCd=430&Type=search", "url2": "http://www.ans.co.jp/u/hikarinosono" }, "geometry": { "type": "Point", "coordinates": [ 129.545393500000046, 33.3933558 ] } },
{ "type": "Feature", "properties": { "内容": "平戸荘ケアマネージメントセンター【居宅介護支援】長崎県平戸市紐差町450番地", "url": "https://www.kaigokensaku.mhlw.go.jp/42/index.php?action_kouhyou_detail_004_kani=true&JigyosyoCd=4270700026-00&ServiceCd=430&Type=search", "url2": "http://hakujukai.com" }, "geometry": { "type": "Point", "coordinates": [ 129.475580799999989, 33.2848254 ] } },
{ "type": "Feature", "properties": { "内容": "平戸市社協居宅介護支援平戸事業所【居宅介護支援】長崎県平戸市岩の上町１４６６番地", "url": "https://www.kaigokensaku.mhlw.go.jp/42/index.php?action_kouhyou_detail_004_kani=true&JigyosyoCd=4270700331-00&ServiceCd=430&Type=search", "url2": "http://www.sha-kyo.net/" }, "geometry": { "type": "Point", "coordinates": [ 129.556604300000032, 33.3692951 ] } },
{ "type": "Feature", "properties": { "内容": "平戸市社協居宅介護支援生月事業所【居宅介護支援】長崎県平戸市生月町山田免3011番地", "url": "https://www.kaigokensaku.mhlw.go.jp/42/index.php?action_kouhyou_detail_004_kani=true&JigyosyoCd=4270700356-00&ServiceCd=430&Type=search", "url2": "http://www.sha-kyo.net/" }, "geometry": { "type": "Point", "coordinates": [ 129.424652, 33.3803405 ] } },
{ "type": "Feature", "properties": { "内容": "平戸市社協居宅介護支援田平事業所【居宅介護支援】長崎県平戸市田平町里免90番地平戸市福祉保健センター", "url": "https://www.kaigokensaku.mhlw.go.jp/42/index.php?action_kouhyou_detail_004_kani=true&JigyosyoCd=4270700364-00&ServiceCd=430&Type=search", "url2": "http://www.sha-kyo.net/" }, "geometry": { "type": "Point", "coordinates": [ 129.589197099999978, 33.3598795 ] } },
{ "type": "Feature", "properties": { "内容": "居宅介護支援事業所　じゅ樹【居宅介護支援】長崎県松浦市調川町下免740番地50", "url": "https://www.kaigokensaku.mhlw.go.jp/42/index.php?action_kouhyou_detail_004_kani=true&JigyosyoCd=4270800636-00&ServiceCd=430&Type=search", "url2": "enju.since.2013ⓐlake.ocn.ne.jp" }, "geometry": { "type": "Point", "coordinates": [ 129.730028700000048, 33.3520562 ] } },
{ "type": "Feature", "properties": { "内容": "菊地病院居宅介護支援事業所ケアバンクふれあい【居宅介護支援】長崎県松浦市志佐町浦免１７６５－４", "url": "https://www.kaigokensaku.mhlw.go.jp/42/index.php?action_kouhyou_detail_004_kani=true&JigyosyoCd=4270800065-00&ServiceCd=430&Type=search", "url2": null }, "geometry": { "type": "Point", "coordinates": [ 129.704750800000056, 33.3413899 ] } },
{ "type": "Feature", "properties": { "内容": "押渕医院居宅介護支援事業所【居宅介護支援】長崎県松浦市御厨町里免３７番地の1", "url": "https://www.kaigokensaku.mhlw.go.jp/42/index.php?action_kouhyou_detail_004_kani=true&JigyosyoCd=4270800016-00&ServiceCd=430&Type=search", "url2": null }, "geometry": { "type": "Point", "coordinates": [ 129.663104299999986, 33.3663135 ] } },
{ "type": "Feature", "properties": { "内容": "介護保険事業所　ケアサポートふえふき【居宅介護支援】長崎県松浦市志佐町笛吹免218", "url": "https://www.kaigokensaku.mhlw.go.jp/42/index.php?action_kouhyou_detail_004_kani=true&JigyosyoCd=4270800693-00&ServiceCd=430&Type=search", "url2": null }, "geometry": { "type": "Point", "coordinates": [ 129.728296941000337, 33.308758919405754 ] } },
{ "type": "Feature", "properties": { "内容": "指定居宅介護支援事業所　愛光園【居宅介護支援】長崎県松浦市志佐町浦免270番地", "url": "https://www.kaigokensaku.mhlw.go.jp/42/index.php?action_kouhyou_detail_004_kani=true&JigyosyoCd=4270800057-00&ServiceCd=430&Type=search", "url2": "https://aikouen-matsuura.com/" }, "geometry": { "type": "Point", "coordinates": [ 129.717479799999978, 33.3453427 ] } },
{ "type": "Feature", "properties": { "内容": "松浦市社協鷹島支所居宅介護支援事業所【居宅介護支援】長崎県松浦市鷹島町神崎免137番地1松浦市高齢者生活福祉センター", "url": "https://www.kaigokensaku.mhlw.go.jp/42/index.php?action_kouhyou_detail_004_kani=true&JigyosyoCd=4271501167-00&ServiceCd=430&Type=search", "url2": "https://www.matsuura-shakyo.com/" }, "geometry": { "type": "Point", "coordinates": [ 129.761073900000042, 33.436196 ] } },
{ "type": "Feature", "properties": { "内容": "居宅介護支援事業所　たけべ【居宅介護支援】長崎県松浦市今福町北免2091-1", "url": "https://www.kaigokensaku.mhlw.go.jp/42/index.php?action_kouhyou_detail_004_kani=true&JigyosyoCd=4270800685-00&ServiceCd=430&Type=search", "url2": null }, "geometry": { "type": "Point", "coordinates": [ 129.770413, 33.3525303 ] } },
{ "type": "Feature", "properties": { "内容": "居宅介護支援事業所　春風荘【居宅介護支援】長崎県松浦市御厨町里免384番地1", "url": "https://www.kaigokensaku.mhlw.go.jp/42/index.php?action_kouhyou_detail_004_kani=true&JigyosyoCd=4270800156-00&ServiceCd=430&Type=search", "url2": "http://seizanso-matuurashi.net" }, "geometry": { "type": "Point", "coordinates": [ 129.664252041139207, 33.364174966137199 ] } },
{ "type": "Feature", "properties": { "内容": "社会福祉法人福島福祉会　いろは島荘　居宅介護支援事業所【居宅介護支援】長崎県松浦市福島町塩浜免3002", "url": "https://www.kaigokensaku.mhlw.go.jp/42/index.php?action_kouhyou_detail_004_kani=true&JigyosyoCd=4271500342-00&ServiceCd=430&Type=search", "url2": "http://www.irohajimasou.com" }, "geometry": { "type": "Point", "coordinates": [ 129.823364279098541, 33.365790281416366 ] } },
{ "type": "Feature", "properties": { "内容": "国民健康保険直営松浦市立福島診療所【居宅介護支援】長崎県松浦市福島町塩浜免2944番地21", "url": "https://www.kaigokensaku.mhlw.go.jp/42/index.php?action_kouhyou_detail_004_kani=true&JigyosyoCd=4270800529-00&ServiceCd=430&Type=search", "url2": null }, "geometry": { "type": "Point", "coordinates": [ 129.81996330000004, 33.3662271 ] } },
{ "type": "Feature", "properties": { "内容": "田中病院指定居宅介護支援事業所【居宅介護支援】長崎県松浦市御厨町里免８７１番地", "url": "https://www.kaigokensaku.mhlw.go.jp/42/index.php?action_kouhyou_detail_004_kani=true&JigyosyoCd=4270800081-00&ServiceCd=430&Type=search", "url2": "http://shotoku-tanaka.jp" }, "geometry": { "type": "Point", "coordinates": [ 129.668279, 33.3667887 ] } },
{ "type": "Feature", "properties": { "内容": "いづはらケアサービスセンター【居宅介護支援】長崎県対馬市厳原町東里２２３番地３", "url": "https://www.kaigokensaku.mhlw.go.jp/42/index.php?action_kouhyou_detail_004_kani=true&JigyosyoCd=4271800247-00&ServiceCd=430&Type=search", "url2": "http://www.nagasaki-kouseifukushidan.or.jp/" }, "geometry": { "type": "Point", "coordinates": [ 129.296517599999987, 34.20414 ] } },
{ "type": "Feature", "properties": { "内容": "対馬市社会福祉協議会　下地区居宅介護支援事業所【居宅介護支援】長崎県対馬市美津島町鶏知乙1168番地1", "url": "https://www.kaigokensaku.mhlw.go.jp/42/index.php?action_kouhyou_detail_004_kani=true&JigyosyoCd=4272000045-00&ServiceCd=430&Type=search", "url2": "http://tsushima-city-shakyo.jp/" }, "geometry": { "type": "Point", "coordinates": [ 129.319518834532118, 34.285192789876454 ] } },
{ "type": "Feature", "properties": { "内容": "対馬市社会福祉協議会　上地区居宅介護支援事業所【居宅介護支援】長崎県対馬市上県町佐須奈乙339番地", "url": "https://www.kaigokensaku.mhlw.go.jp/42/index.php?action_kouhyou_detail_004_kani=true&JigyosyoCd=4272000110-00&ServiceCd=430&Type=search", "url2": "http://tsushima-city-shakyo.jp/" }, "geometry": { "type": "Point", "coordinates": [ 129.400439662524377, 34.641208720141471 ] } },
{ "type": "Feature", "properties": { "内容": "あすかケアマネジメントセンター【居宅介護支援】長崎県対馬市厳原町東里338-1介護老人保健施設つしま彩光園", "url": "https://www.kaigokensaku.mhlw.go.jp/42/index.php?action_kouhyou_detail_004_kani=true&JigyosyoCd=4271800031-00&ServiceCd=430&Type=search", "url2": "https://asukafukushikai.com" }, "geometry": { "type": "Point", "coordinates": [ 129.2926817, 34.1983156 ] } },
{ "type": "Feature", "properties": { "内容": "わたづみ居宅介護支援事業所【居宅介護支援】長崎県対馬市豊玉町仁位９１－３", "url": "https://www.kaigokensaku.mhlw.go.jp/42/index.php?action_kouhyou_detail_004_kani=true&JigyosyoCd=4271800080-00&ServiceCd=430&Type=search", "url2": "http://www.koseikai.or.jp/" }, "geometry": { "type": "Point", "coordinates": [ 129.313574099999983, 34.3880885 ] } },
{ "type": "Feature", "properties": { "内容": "対馬市社会福祉協議会　居宅介護支援事業所【居宅介護支援】長崎県対馬市峰町三根２９番地", "url": "https://www.kaigokensaku.mhlw.go.jp/42/index.php?action_kouhyou_detail_004_kani=true&JigyosyoCd=4272000060-00&ServiceCd=430&Type=search", "url2": "https://tsushima-city-shakyo.jp/" }, "geometry": { "type": "Point", "coordinates": [ 129.312564699999939, 34.4685049 ] } },
{ "type": "Feature", "properties": { "内容": "ケアサポーター　すけさん【居宅介護支援】長崎県対馬市美津島町鶏知甲663番地12対馬老人ホーム内", "url": "https://www.kaigokensaku.mhlw.go.jp/42/index.php?action_kouhyou_detail_004_kani=true&JigyosyoCd=4272000300-00&ServiceCd=430&Type=search", "url2": "http://beijyukai.com/" }, "geometry": { "type": "Point", "coordinates": [ 129.309016074205033, 34.267169202501954 ] } },
{ "type": "Feature", "properties": { "内容": "ケアプランセンターハートフルサポート【居宅介護支援】長崎県対馬市豊玉町仁位996番地1", "url": "https://www.kaigokensaku.mhlw.go.jp/42/index.php?action_kouhyou_detail_004_kani=true&JigyosyoCd=4272000474-00&ServiceCd=430&Type=search", "url2": "http://www1.ocn.ne.jp/~hfs/" }, "geometry": { "type": "Point", "coordinates": [ 129.320312199999989, 34.3938879 ] } },
{ "type": "Feature", "properties": { "内容": "社会医療法人玄州会　居宅介護支援センター【居宅介護支援】長崎県壱岐市郷ノ浦町永田触２７５番地２", "url": "https://www.kaigokensaku.mhlw.go.jp/42/index.php?action_kouhyou_detail_004_kani=true&JigyosyoCd=4271700074-00&ServiceCd=430&Type=search", "url2": "http://www.gensyukai.or.jp/" }, "geometry": { "type": "Point", "coordinates": [ 129.699417600000061, 33.7517194 ] } },
{ "type": "Feature", "properties": { "内容": "壱岐ケアプランセンター【居宅介護支援】長崎県壱岐市勝本町本宮南触２３６番地", "url": "https://www.kaigokensaku.mhlw.go.jp/42/index.php?action_kouhyou_detail_004_kani=true&JigyosyoCd=4271700132-00&ServiceCd=430&Type=search", "url2": null }, "geometry": { "type": "Point", "coordinates": [ 129.686536100000012, 33.8082883 ] } },
{ "type": "Feature", "properties": { "内容": "壱岐市社協芦辺居宅介護支援事業所【居宅介護支援】長崎県壱岐市芦辺町箱崎中山触２５４８番地", "url": "https://www.kaigokensaku.mhlw.go.jp/42/index.php?action_kouhyou_detail_004_kani=true&JigyosyoCd=4272100134-00&ServiceCd=430&Type=search", "url2": "https://ikicity-csw.jp/" }, "geometry": { "type": "Point", "coordinates": [ 129.747211600000014, 33.8096575 ] } },
{ "type": "Feature", "properties": { "内容": "壱岐市社協郷ノ浦居宅介護支援事業所【居宅介護支援】長崎県壱岐市郷ノ浦町坪触3099番地", "url": "https://www.kaigokensaku.mhlw.go.jp/42/index.php?action_kouhyou_detail_004_kani=true&JigyosyoCd=4272100043-00&ServiceCd=430&Type=search", "url2": "https://ikicity-csw.jp/" }, "geometry": { "type": "Point", "coordinates": [ 129.697454900000025, 33.7321548 ] } },
{ "type": "Feature", "properties": { "内容": "ケアプランセンターこころ【居宅介護支援】長崎県壱岐市勝本町布気触948番地1", "url": "https://www.kaigokensaku.mhlw.go.jp/42/index.php?action_kouhyou_detail_004_kani=true&JigyosyoCd=4272100464-00&ServiceCd=430&Type=search", "url2": "https://www.kokoro.ac.jp/gr/ishinkai-iki/" }, "geometry": { "type": "Point", "coordinates": [ 129.690080628836057, 33.806600833313979 ] } },
{ "type": "Feature", "properties": { "内容": "居宅介護支援事業所　元気村【居宅介護支援】長崎県五島市奥浦町1321番地6", "url": "https://www.kaigokensaku.mhlw.go.jp/42/index.php?action_kouhyou_detail_004_kani=true&JigyosyoCd=4272200165-00&ServiceCd=430&Type=search", "url2": "http://takenoko-kai.jp/" }, "geometry": { "type": "Point", "coordinates": [ 128.828095399999938, 32.7383024 ] } },
{ "type": "Feature", "properties": { "内容": "老人保健施設リハビリセンターふくえ【居宅介護支援】五島市吉田町2390", "url": "https://www.kaigokensaku.mhlw.go.jp/42/index.php?action_kouhyou_detail_004_kani=true&JigyosyoCd=4270600242-00&ServiceCd=430&Type=search", "url2": "http://www.rehabilicenter-fukue.jp" }, "geometry": { "type": "Point", "coordinates": [ 128.8176803, 32.6879492 ] } },
{ "type": "Feature", "properties": { "内容": "医療法人社団厚善会末広荘居宅介護支援事業所【居宅介護支援】長崎県五島市末広町7番地5", "url": "https://www.kaigokensaku.mhlw.go.jp/42/index.php?action_kouhyou_detail_004_kani=true&JigyosyoCd=4270600309-00&ServiceCd=430&Type=search", "url2": "https://www.suehirosou.com/" }, "geometry": { "type": "Point", "coordinates": [ 128.842878461376955, 32.695976551371231 ] } },
{ "type": "Feature", "properties": { "内容": "公益社団法人長崎県看護協会　ケアプランセンター福江【居宅介護支援】長崎県五島市籠淵町２３６０－１", "url": "https://www.kaigokensaku.mhlw.go.jp/42/index.php?action_kouhyou_detail_004_kani=true&JigyosyoCd=4270600036-00&ServiceCd=430&Type=search", "url2": null }, "geometry": { "type": "Point", "coordinates": [ 128.815544394972477, 32.688447553464421 ] } },
{ "type": "Feature", "properties": { "内容": "さゆり会ケアマネジメントセンター【居宅介護支援】長崎県五島市木場町３７７番地１", "url": "https://www.kaigokensaku.mhlw.go.jp/42/index.php?action_kouhyou_detail_004_kani=true&JigyosyoCd=4270600069-00&ServiceCd=430&Type=search", "url2": "https://sayurikai.jp/" }, "geometry": { "type": "Point", "coordinates": [ 128.835951362548229, 32.692716099816039 ] } },
{ "type": "Feature", "properties": { "内容": "社会福祉法人五島市社会福祉協議会居宅介護支援事業所【居宅介護支援】長崎県五島市三尾野一丁目7番1号", "url": "https://www.kaigokensaku.mhlw.go.jp/42/index.php?action_kouhyou_detail_004_kani=true&JigyosyoCd=4270604202-00&ServiceCd=430&Type=search", "url2": "http://www.goto-shakyo.or.jp/" }, "geometry": { "type": "Point", "coordinates": [ 128.837682200000017, 32.6913521 ] } },
{ "type": "Feature", "properties": { "内容": "在宅介護支援センター緑乃園【居宅介護支援】長崎県五島市野々切町２０３５番地２", "url": "https://www.kaigokensaku.mhlw.go.jp/42/index.php?action_kouhyou_detail_004_kani=true&JigyosyoCd=4270600275-00&ServiceCd=430&Type=search", "url2": "http://gotowakokai.jp/" }, "geometry": { "type": "Point", "coordinates": [ 128.832583069125349, 32.648734679638928 ] } },
{ "type": "Feature", "properties": { "内容": "特別養護老人ホーム　きじの里【居宅介護支援】長崎県五島市岐宿町二本楠３７５番地", "url": "https://www.kaigokensaku.mhlw.go.jp/42/index.php?action_kouhyou_detail_004_kani=true&JigyosyoCd=4271600027-00&ServiceCd=430&Type=search", "url2": "http://syuhoukai.jp/" }, "geometry": { "type": "Point", "coordinates": [ 128.72382, 32.6737041 ] } },
{ "type": "Feature", "properties": { "内容": "在宅介護支援センター　聖マリアの園【居宅介護支援】長崎県五島市松山町706番地3", "url": "https://www.kaigokensaku.mhlw.go.jp/42/index.php?action_kouhyou_detail_004_kani=true&JigyosyoCd=4270600119-00&ServiceCd=430&Type=search", "url2": "https://www.seimarianosono.jp" }, "geometry": { "type": "Point", "coordinates": [ 128.837923600000067, 32.7058709 ] } },
{ "type": "Feature", "properties": { "内容": "玉之浦町在宅介護支援センター【居宅介護支援】長崎県五島市玉之浦町中須６７６番地", "url": "https://www.kaigokensaku.mhlw.go.jp/42/index.php?action_kouhyou_detail_004_kani=true&JigyosyoCd=4271600100-00&ServiceCd=430&Type=search", "url2": "http://www.u-u-sato.com/" }, "geometry": { "type": "Point", "coordinates": [ 128.683153170259374, 32.639397331654415 ] } },
{ "type": "Feature", "properties": { "内容": "居宅介護支援事業所　おおあら【居宅介護支援】長崎県五島市大荒町1094番地1", "url": "https://www.kaigokensaku.mhlw.go.jp/42/index.php?action_kouhyou_detail_004_kani=true&JigyosyoCd=4272200975-00&ServiceCd=430&Type=search", "url2": null }, "geometry": { "type": "Point", "coordinates": [ 128.829842473680117, 32.699747799604161 ] } },
{ "type": "Feature", "properties": { "内容": "合同会社なる清和会居宅介護支援事業所【居宅介護支援】長崎県五島市奈留町浦1857番地2", "url": "https://www.kaigokensaku.mhlw.go.jp/42/index.php?action_kouhyou_detail_004_kani=true&JigyosyoCd=4272200934-00&ServiceCd=430&Type=search", "url2": null }, "geometry": { "type": "Point", "coordinates": [ 128.936655300000012, 32.8271856 ] } },
{ "type": "Feature", "properties": { "内容": "社会福祉法人　五島市社会福祉協議会　三井楽支所　居宅介護支援事業所【居宅介護支援】長崎県五島市三井楽町濱ノ畔１０４６番地１三井楽町総合福祉センター", "url": "https://www.kaigokensaku.mhlw.go.jp/42/index.php?action_kouhyou_detail_004_kani=true&JigyosyoCd=4271600910-00&ServiceCd=430&Type=search", "url2": "http://www.goto-shakyo.or.jp/" }, "geometry": { "type": "Point", "coordinates": [ 128.6916304, 32.7467115 ] } },
{ "type": "Feature", "properties": { "内容": "かけはし福江居宅介護支援【居宅介護支援】長崎県五島市武家屋敷三丁目2番6号", "url": "https://www.kaigokensaku.mhlw.go.jp/42/index.php?action_kouhyou_detail_004_kani=true&JigyosyoCd=4272200579-00&ServiceCd=430&Type=search", "url2": "nagomi-kakehashi.or.jp" }, "geometry": { "type": "Point", "coordinates": [ 128.843298600000026, 32.6909466 ] } },
{ "type": "Feature", "properties": { "内容": "有限会社　みうら介護サービス　ケア・プラン事業所【居宅介護支援】長崎県五島市富江町職人１７５番地１", "url": "https://www.kaigokensaku.mhlw.go.jp/42/index.php?action_kouhyou_detail_004_kani=true&JigyosyoCd=4272200082-00&ServiceCd=430&Type=search", "url2": null }, "geometry": { "type": "Point", "coordinates": [ 128.770691400000032, 32.6127063 ] } },
{ "type": "Feature", "properties": { "内容": "居宅介護支援事業所いかけ【居宅介護支援】長崎県五島市吉田町3429番地", "url": "https://www.kaigokensaku.mhlw.go.jp/42/index.php?action_kouhyou_detail_004_kani=true&JigyosyoCd=4272200918-00&ServiceCd=430&Type=search", "url2": "http://day-yamauchi.com" }, "geometry": { "type": "Point", "coordinates": [ 128.8004558, 32.6846102 ] } },
{ "type": "Feature", "properties": { "内容": "ケアプランセンター心愛【居宅介護支援】長崎県西海市西彼町八木原郷1523-1　2階", "url": "https://www.kaigokensaku.mhlw.go.jp/42/index.php?action_kouhyou_detail_004_kani=true&JigyosyoCd=4272300379-00&ServiceCd=430&Type=search", "url2": null }, "geometry": { "type": "Point", "coordinates": [ 129.7383625, 33.023677 ] } },
{ "type": "Feature", "properties": { "内容": "長崎セント・ノ－ヴァ病院指定居宅介護支援事業所【居宅介護支援】長崎県西海市西彼町伊ノ浦郷207番地1", "url": "https://www.kaigokensaku.mhlw.go.jp/42/index.php?action_kouhyou_detail_004_kani=true&JigyosyoCd=4271100267-00&ServiceCd=430&Type=search", "url2": "http://www.sentnova.jp" }, "geometry": { "type": "Point", "coordinates": [ 129.746362299999987, 33.0557969 ] } },
{ "type": "Feature", "properties": { "内容": "社会福祉法人せいひ会居宅介護支援事業所【居宅介護支援】長崎県西海市西彼町中山郷2116番地", "url": "https://www.kaigokensaku.mhlw.go.jp/42/index.php?action_kouhyou_detail_004_kani=true&JigyosyoCd=4271100051-00&ServiceCd=430&Type=search", "url2": "https://www.seihikai.jp" }, "geometry": { "type": "Point", "coordinates": [ 129.79449610000006, 32.993254 ] } },
{ "type": "Feature", "properties": { "内容": "海風荘居宅介護支援事業所【居宅介護支援】長崎県西海市大瀬戸町瀬戸板浦郷1123番地14", "url": "https://www.kaigokensaku.mhlw.go.jp/42/index.php?action_kouhyou_detail_004_kani=true&JigyosyoCd=4271100069-00&ServiceCd=430&Type=search", "url2": "http://www.kaifuso.com/" }, "geometry": { "type": "Point", "coordinates": [ 129.638221299999941, 32.9437934 ] } },
{ "type": "Feature", "properties": { "内容": "居宅介護支援センターふるさと【居宅介護支援】長崎県西海市西海町川内郷1680番地", "url": "https://www.kaigokensaku.mhlw.go.jp/42/index.php?action_kouhyou_detail_004_kani=true&JigyosyoCd=4271102099-00&ServiceCd=430&Type=search", "url2": "http://furusato-saikai.jp/" }, "geometry": { "type": "Point", "coordinates": [ 129.716381504138184, 33.049104452878417 ] } },
{ "type": "Feature", "properties": { "内容": "介護サポートセンター　カセスル【居宅介護支援】長崎県西海市西彼町喰場郷132番地8", "url": "https://www.kaigokensaku.mhlw.go.jp/42/index.php?action_kouhyou_detail_004_kani=true&JigyosyoCd=4272300395-00&ServiceCd=430&Type=search", "url2": null }, "geometry": { "type": "Point", "coordinates": [ 129.773757, 32.9870324 ] } },
{ "type": "Feature", "properties": { "内容": "西海市社協ケアプランセンター【居宅介護支援】長崎県西海市大瀬戸町瀬戸板浦郷920番地12", "url": "https://www.kaigokensaku.mhlw.go.jp/42/index.php?action_kouhyou_detail_004_kani=true&JigyosyoCd=4272300049-00&ServiceCd=430&Type=search", "url2": "https://www.shakyo-saikai.jp/" }, "geometry": { "type": "Point", "coordinates": [ 129.638032399999929, 32.9443739 ] } },
{ "type": "Feature", "properties": { "内容": "ケアプランセンター心愛【居宅介護支援】長崎県西海市大島町1895-3", "url": "https://www.kaigokensaku.mhlw.go.jp/42/index.php?action_kouhyou_detail_004_kani=true&JigyosyoCd=4272300429-00&ServiceCd=430&Type=search", "url2": null }, "geometry": { "type": "Point", "coordinates": [ 129.6197295, 33.0360095 ] } },
{ "type": "Feature", "properties": { "内容": "医療法人栄寿会　真珠園指定居宅サービス事業部【居宅介護支援】長崎県西海市西彼町八木原郷3453番地1", "url": "https://www.kaigokensaku.mhlw.go.jp/42/index.php?action_kouhyou_detail_004_kani=true&JigyosyoCd=4271100200-00&ServiceCd=430&Type=search", "url2": "https://www.sinjyuen.com" }, "geometry": { "type": "Point", "coordinates": [ 129.732587, 33.014848 ] } },
{ "type": "Feature", "properties": { "内容": "ケアプランセンターウェルビー【居宅介護支援】西海町中浦北郷1758番地7", "url": "https://www.kaigokensaku.mhlw.go.jp/42/index.php?action_kouhyou_detail_004_kani=true&JigyosyoCd=4272300411-00&ServiceCd=430&Type=search", "url2": null }, "geometry": { "type": "Point", "coordinates": [ 129.6531536, 33.0405293 ] } },
{ "type": "Feature", "properties": { "内容": "愛野記念病院ケアマネジメントセンター【居宅介護支援】長崎県雲仙市愛野町甲3838-1", "url": "https://www.kaigokensaku.mhlw.go.jp/42/index.php?action_kouhyou_detail_004_kani=true&JigyosyoCd=4211421484-00&ServiceCd=430&Type=search", "url2": "http://www.ainomhp.jp/" }, "geometry": { "type": "Point", "coordinates": [ 130.1574957, 32.818674100000038 ] } },
{ "type": "Feature", "properties": { "内容": "ケアプランセンター友悠【居宅介護支援】長崎県雲仙市国見町土黒戊42番地2", "url": "https://www.kaigokensaku.mhlw.go.jp/42/index.php?action_kouhyou_detail_004_kani=true&JigyosyoCd=4271402028-00&ServiceCd=430&Type=search", "url2": null }, "geometry": { "type": "Point", "coordinates": [ 130.287918699999977, 32.866189 ] } },
{ "type": "Feature", "properties": { "内容": "デイサービスセンター南串山荘【居宅介護支援】長崎県雲仙市南串山町丙１０７２２", "url": "https://www.kaigokensaku.mhlw.go.jp/42/index.php?action_kouhyou_detail_004_kani=true&JigyosyoCd=4271400493-00&ServiceCd=430&Type=search", "url2": "http://www.keikokai.jp/facilities/kyo2.html" }, "geometry": { "type": "Point", "coordinates": [ 130.149821400000064, 32.6729283 ] } },
{ "type": "Feature", "properties": { "内容": "小浜町在宅介護支援センター【居宅介護支援】長崎県雲仙市小浜町北本町217番地", "url": "https://www.kaigokensaku.mhlw.go.jp/42/index.php?action_kouhyou_detail_004_kani=true&JigyosyoCd=4271400840-00&ServiceCd=430&Type=search", "url2": "http://www.obamakai.com/" }, "geometry": { "type": "Point", "coordinates": [ 130.209481099999948, 32.7355201 ] } },
{ "type": "Feature", "properties": { "内容": "真寿苑指定居宅介護支援事業所【居宅介護支援】長崎県雲仙市瑞穂町伊福甲６８１", "url": "https://www.kaigokensaku.mhlw.go.jp/42/index.php?action_kouhyou_detail_004_kani=true&JigyosyoCd=4271400063-00&ServiceCd=430&Type=search", "url2": "http://www.sinwakai.net/" }, "geometry": { "type": "Point", "coordinates": [ 130.238436500000034, 32.861447 ] } },
{ "type": "Feature", "properties": { "内容": "社会福祉法人　朝日福祉会　あさひケアプランセンター【居宅介護支援】雲仙市国見町神代丙197番地", "url": "https://www.kaigokensaku.mhlw.go.jp/42/index.php?action_kouhyou_detail_004_kani=true&JigyosyoCd=4271400931-00&ServiceCd=430&Type=search", "url2": null }, "geometry": { "type": "Point", "coordinates": [ 130.269323062396211, 32.868467782512568 ] } },
{ "type": "Feature", "properties": { "内容": "ガイアの里居宅介護支援事業所【居宅介護支援】長崎県雲仙市愛野町乙2314-1", "url": "https://www.kaigokensaku.mhlw.go.jp/42/index.php?action_kouhyou_detail_004_kani=true&JigyosyoCd=4272400799-00&ServiceCd=430&Type=search", "url2": "https://ainomhp.jp" }, "geometry": { "type": "Point", "coordinates": [ 130.1602575, 32.8013631 ] } },
{ "type": "Feature", "properties": { "内容": "老健おばま　居宅介護支援事業所【居宅介護支援】長崎県雲仙市小浜町南本町５９番地", "url": "https://www.kaigokensaku.mhlw.go.jp/42/index.php?action_kouhyou_detail_004_kani=true&JigyosyoCd=4272400492-00&ServiceCd=430&Type=search", "url2": "http://www.sonodakai.or.jp/" }, "geometry": { "type": "Point", "coordinates": [ 130.2046322, 32.7215234 ] } },
{ "type": "Feature", "properties": { "内容": "株式会社こぴっと居宅介護相談支援サポートセンター【居宅介護支援】長崎県雲仙市小浜町北本町851番1-2", "url": "https://www.kaigokensaku.mhlw.go.jp/42/index.php?action_kouhyou_detail_004_kani=true&JigyosyoCd=4272400633-00&ServiceCd=430&Type=search", "url2": "http://soudan.kopit.biz" }, "geometry": { "type": "Point", "coordinates": [ 130.208365930185437, 32.729475749393657 ] } },
{ "type": "Feature", "properties": { "内容": "おばまケアマネジメントセンター【居宅介護支援】長崎県雲仙市小浜町北野30番地", "url": "https://www.kaigokensaku.mhlw.go.jp/42/index.php?action_kouhyou_detail_004_kani=true&JigyosyoCd=4272400807-00&ServiceCd=430&Type=search", "url2": "https：//stuku2.jp/sankaku" }, "geometry": { "type": "Point", "coordinates": [ 130.2099653, 32.7525455 ] } },
{ "type": "Feature", "properties": { "内容": "島原雲仙農業協同組合居宅介護支援センター【居宅介護支援】長崎県南島原市有家町久保12番地5", "url": "https://www.kaigokensaku.mhlw.go.jp/42/index.php?action_kouhyou_detail_004_kani=true&JigyosyoCd=4271401152-00&ServiceCd=430&Type=search", "url2": null }, "geometry": { "type": "Point", "coordinates": [ 130.304196, 32.6668232 ] } },
{ "type": "Feature", "properties": { "内容": "指定居宅介護支援事業所　菜の花【居宅介護支援】長崎県南島原市南有馬町乙1565-1", "url": "https://www.kaigokensaku.mhlw.go.jp/42/index.php?action_kouhyou_detail_004_kani=true&JigyosyoCd=4271401095-00&ServiceCd=430&Type=search", "url2": "http://nanogroup.or.jp" }, "geometry": { "type": "Point", "coordinates": [ 130.248508, 32.6325207 ] } },
{ "type": "Feature", "properties": { "内容": "指定居宅介護支援事業所　ふかえ【居宅介護支援】長崎県南島原市深江町丁2238-6サン・コーポ1階101号", "url": "https://www.kaigokensaku.mhlw.go.jp/42/index.php?action_kouhyou_detail_004_kani=true&JigyosyoCd=4271400022-00&ServiceCd=430&Type=search", "url2": "http://www.izumikawa.or.jp/index.php/c_Main/showPg55" }, "geometry": { "type": "Point", "coordinates": [ 130.352287859802232, 32.718514587690734 ] } },
{ "type": "Feature", "properties": { "内容": "生活サポートセンター夢織りの里【居宅介護支援】長崎県南島原市西有家町里坊４１－１", "url": "https://www.kaigokensaku.mhlw.go.jp/42/index.php?action_kouhyou_detail_004_kani=true&JigyosyoCd=4271400113-00&ServiceCd=430&Type=search", "url2": null }, "geometry": { "type": "Point", "coordinates": [ 130.299072099999989, 32.6597741 ] } },
{ "type": "Feature", "properties": { "内容": "口加ケアプランサービス【居宅介護支援】長崎県南島原市口之津町丙2008-12", "url": "https://www.kaigokensaku.mhlw.go.jp/42/index.php?action_kouhyou_detail_004_kani=true&JigyosyoCd=4271400246-00&ServiceCd=430&Type=search", "url2": "http://kouchikai.com/index.html" }, "geometry": { "type": "Point", "coordinates": [ 130.188686075224268, 32.611821247045576 ] } },
{ "type": "Feature", "properties": { "内容": "介護支援センターあけぼの【居宅介護支援】長崎県南島原市布津町乙１８６２番地２", "url": "https://www.kaigokensaku.mhlw.go.jp/42/index.php?action_kouhyou_detail_004_kani=true&JigyosyoCd=4271400295-00&ServiceCd=430&Type=search", "url2": "http://k-akebono.com/" }, "geometry": { "type": "Point", "coordinates": [ 130.353031900000019, 32.6941255 ] } },
{ "type": "Feature", "properties": { "内容": "居宅介護支援事業所　玉成園【居宅介護支援】長崎県南島原市口之津町甲1190番地1", "url": "https://www.kaigokensaku.mhlw.go.jp/42/index.php?action_kouhyou_detail_004_kani=true&JigyosyoCd=4271400014-00&ServiceCd=430&Type=search", "url2": "https://gyokuseien.com" }, "geometry": { "type": "Point", "coordinates": [ 130.187948589549279, 32.605564787585443 ] } },
{ "type": "Feature", "properties": { "内容": "ケアプラン望海【居宅介護支援】長崎県南島原市南有馬町甲1270", "url": "https://www.kaigokensaku.mhlw.go.jp/42/index.php?action_kouhyou_detail_004_kani=true&JigyosyoCd=4271400253-00&ServiceCd=430&Type=search", "url2": null }, "geometry": { "type": "Point", "coordinates": [ 130.227004399999942, 32.6110047 ] } },
{ "type": "Feature", "properties": { "内容": "ケアマネジメントセンターいわど【居宅介護支援】長崎県南島原市加津佐町乙９番地アメニティいわど内", "url": "https://www.kaigokensaku.mhlw.go.jp/42/index.php?action_kouhyou_detail_004_kani=true&JigyosyoCd=4271400055-00&ServiceCd=430&Type=search", "url2": "http://www.hakujukai.com/" }, "geometry": { "type": "Point", "coordinates": [ 130.158596191310181, 32.631393930118527 ] } },
{ "type": "Feature", "properties": { "内容": "眉山荘居宅介護支援事業所【居宅介護支援】長崎県南島原市深江町乙857番地", "url": "https://www.kaigokensaku.mhlw.go.jp/42/index.php?action_kouhyou_detail_004_kani=true&JigyosyoCd=4271400071-00&ServiceCd=430&Type=search", "url2": null }, "geometry": { "type": "Point", "coordinates": [ 130.331821799999915, 32.7244617 ] } },
{ "type": "Feature", "properties": { "内容": "居宅介護支援事業所有馬荘【居宅介護支援】長崎県南島原市北有馬町甲3181番地8", "url": "https://www.kaigokensaku.mhlw.go.jp/42/index.php?action_kouhyou_detail_004_kani=true&JigyosyoCd=4271400089-00&ServiceCd=430&Type=search", "url2": "http://www.heiwa-kai.com" }, "geometry": { "type": "Point", "coordinates": [ 130.195246600000019, 32.6731009 ] } },
{ "type": "Feature", "properties": { "内容": "ケアプランくりえいと【居宅介護支援】加津佐町丙1569番地", "url": "https://www.kaigokensaku.mhlw.go.jp/42/index.php?action_kouhyou_detail_004_kani=true&JigyosyoCd=4272500697-00&ServiceCd=430&Type=search", "url2": null }, "geometry": { "type": "Point", "coordinates": [ 130.167717, 32.6352609 ] } },
{ "type": "Feature", "properties": { "内容": "ケアプランセンターみなケア【居宅介護支援】長崎県南島原市西有家町里坊５０－１ダイレックス西有家店", "url": "https://www.kaigokensaku.mhlw.go.jp/42/index.php?action_kouhyou_detail_004_kani=true&JigyosyoCd=4272500796-00&ServiceCd=430&Type=search", "url2": "https://www.instagram.com/mina_care2023/" }, "geometry": { "type": "Point", "coordinates": [ 130.29696670370484, 32.65948395547646 ] } },
{ "type": "Feature", "properties": { "内容": "介護支援センター郷の家【居宅介護支援】長崎県南島原市南有馬町乙１２２０番地第２", "url": "https://www.kaigokensaku.mhlw.go.jp/42/index.php?action_kouhyou_detail_004_kani=true&JigyosyoCd=4272500465-00&ServiceCd=430&Type=search", "url2": "http://www.matsuo-inc.com/welfare" }, "geometry": { "type": "Point", "coordinates": [ 130.24580597301636, 32.631277768897505 ] } },
{ "type": "Feature", "properties": { "内容": "居宅介護支援事業所きずな【居宅介護支援】南島原市西有家町見岳464番地1", "url": "https://www.kaigokensaku.mhlw.go.jp/42/index.php?action_kouhyou_detail_004_kani=true&JigyosyoCd=4272500614-00&ServiceCd=430&Type=search", "url2": null }, "geometry": { "type": "Point", "coordinates": [ 130.296063146119536, 32.683335435798568 ] } },
{ "type": "Feature", "properties": { "内容": "有限会社新生堂きらら介護相談室【居宅介護支援】長崎県南島原市西有家町慈恩寺502", "url": "https://www.kaigokensaku.mhlw.go.jp/42/index.php?action_kouhyou_detail_004_kani=true&JigyosyoCd=4272500267-00&ServiceCd=430&Type=search", "url2": null }, "geometry": { "type": "Point", "coordinates": [ 130.27567, 32.701719500000017 ] } },
{ "type": "Feature", "properties": { "内容": "南島原市社協　ケアプランセンター【居宅介護支援】長崎県南島原市有家町石田8番地46", "url": "https://www.kaigokensaku.mhlw.go.jp/42/index.php?action_kouhyou_detail_004_kani=true&JigyosyoCd=4272500028-00&ServiceCd=430&Type=search", "url2": "http://www.minashimashakyo.or.jp" }, "geometry": { "type": "Point", "coordinates": [ 130.33204683280394, 32.668488769060126 ] } },
{ "type": "Feature", "properties": { "内容": "加津佐荘居宅介護支援事業所【居宅介護支援】長崎県南島原市加津佐町乙６１８番地", "url": "https://www.kaigokensaku.mhlw.go.jp/42/index.php?action_kouhyou_detail_004_kani=true&JigyosyoCd=4272500770-00&ServiceCd=430&Type=search", "url2": "https://kazusa-houjukai.jimdofree.com/" }, "geometry": { "type": "Point", "coordinates": [ 130.157200100000011, 32.6324134 ] } },
{ "type": "Feature", "properties": { "内容": "指定居宅介護支援センターたすかる【居宅介護支援】長崎県南島原市深江町丙264番地", "url": "https://www.kaigokensaku.mhlw.go.jp/42/index.php?action_kouhyou_detail_004_kani=true&JigyosyoCd=4271402127-00&ServiceCd=430&Type=search", "url2": null }, "geometry": { "type": "Point", "coordinates": [ 130.346899367211904, 32.714381764358329 ] } },
{ "type": "Feature", "properties": { "内容": "メディカルネットワーク居宅介護支援事業所長与【居宅介護支援】長崎県西彼杵郡長与町嬉里郷461", "url": "https://www.kaigokensaku.mhlw.go.jp/42/index.php?action_kouhyou_detail_004_kani=true&JigyosyoCd=4271102529-00&ServiceCd=430&Type=search", "url2": "https://entowa.co.jp/" }, "geometry": { "type": "Point", "coordinates": [ 129.87797437293807, 32.822357086605919 ] } },
{ "type": "Feature", "properties": { "内容": "長崎ダイヤモンドスタッフ株式会社居宅介護支援事業所「長与」【居宅介護支援】長崎県西彼杵郡長与町嬉里郷447", "url": "https://www.kaigokensaku.mhlw.go.jp/42/index.php?action_kouhyou_detail_004_kani=true&JigyosyoCd=4271103212-00&ServiceCd=430&Type=search", "url2": "https://www.diamondstaff.co.jp/" }, "geometry": { "type": "Point", "coordinates": [ 129.875542499999938, 32.8236335 ] } },
{ "type": "Feature", "properties": { "内容": "医療法人　光善会　訪問看護ステーション「コスモス」【居宅介護支援】長崎県西彼杵郡長与町高田郷2445-1", "url": "https://www.kaigokensaku.mhlw.go.jp/42/index.php?action_kouhyou_detail_004_kani=true&JigyosyoCd=4271100358-00&ServiceCd=430&Type=search", "url2": "http://www.yurinohp.jp/" }, "geometry": { "type": "Point", "coordinates": [ 129.848316408098668, 32.814553423424023 ] } },
{ "type": "Feature", "properties": { "内容": "居宅介護支援事業所あおば【居宅介護支援】長崎県西彼杵郡長与町吉無田郷647番地", "url": "https://www.kaigokensaku.mhlw.go.jp/42/index.php?action_kouhyou_detail_004_kani=true&JigyosyoCd=4271103113-00&ServiceCd=430&Type=search", "url2": "http://www.tokohakai.com/" }, "geometry": { "type": "Point", "coordinates": [ 129.870845953780076, 32.811439399945066 ] } },
{ "type": "Feature", "properties": { "内容": "長崎北徳洲会介護センター【居宅介護支援】長崎県西彼杵郡長与町北陽台1丁目5番地1長崎北徳洲会病院内", "url": "https://www.kaigokensaku.mhlw.go.jp/42/index.php?action_kouhyou_detail_004_kani=true&JigyosyoCd=4271103295-00&ServiceCd=430&Type=search", "url2": "http://www.nk-toku.jp" }, "geometry": { "type": "Point", "coordinates": [ 129.872296400000039, 32.8241142 ] } },
{ "type": "Feature", "properties": { "内容": "居宅介護支援事業所　おもやい【居宅介護支援】長崎県西彼杵郡長与町高田郷1006-189", "url": "https://www.kaigokensaku.mhlw.go.jp/42/index.php?action_kouhyou_detail_004_kani=true&JigyosyoCd=4271103303-00&ServiceCd=430&Type=search", "url2": null }, "geometry": { "type": "Point", "coordinates": [ 129.8716134, 32.8144077 ] } },
{ "type": "Feature", "properties": { "内容": "指定居宅介護支援事業所　メディカルリリーフ【居宅介護支援】長崎県西彼杵郡長与町岡郷２０６５", "url": "https://www.kaigokensaku.mhlw.go.jp/42/index.php?action_kouhyou_detail_004_kani=true&JigyosyoCd=4271101851-00&ServiceCd=430&Type=search", "url2": null }, "geometry": { "type": "Point", "coordinates": [ 129.8735749, 32.8605249 ] } },
{ "type": "Feature", "properties": { "内容": "合同会社Ｓｈｉｎ　ケアプランセンター敬心【居宅介護支援】長崎県西彼杵郡長与町北陽台1丁目1番5号", "url": "https://www.kaigokensaku.mhlw.go.jp/42/index.php?action_kouhyou_detail_004_kani=true&JigyosyoCd=4271103121-00&ServiceCd=430&Type=search", "url2": null }, "geometry": { "type": "Point", "coordinates": [ 129.874456218740846, 32.821666195152474 ] } },
{ "type": "Feature", "properties": { "内容": "居宅介護支援事業所のぞみの杜【居宅介護支援】長崎県西彼杵郡長与町吉無田郷1578", "url": "https://www.kaigokensaku.mhlw.go.jp/42/index.php?action_kouhyou_detail_004_kani=true&JigyosyoCd=4271100218-00&ServiceCd=430&Type=search", "url2": "http://www.nozominomori.or.jp" }, "geometry": { "type": "Point", "coordinates": [ 129.886361599999987, 32.8163345 ] } },
{ "type": "Feature", "properties": { "内容": "社会福祉法人　長与町社会福祉協議会【居宅介護支援】長崎県西彼杵郡長与町嬉里郷４３１－１長与町老人福祉センター", "url": "https://www.kaigokensaku.mhlw.go.jp/42/index.php?action_kouhyou_detail_004_kani=true&JigyosyoCd=4271100259-00&ServiceCd=430&Type=search", "url2": "http://nagayoswc.org/" }, "geometry": { "type": "Point", "coordinates": [ 129.876478600000041, 32.822308700000022 ] } },
{ "type": "Feature", "properties": { "内容": "女の都病院指定居宅介護支援事業所【居宅介護支援】長崎県西彼杵郡長与町高田郷８４９番地１８", "url": "https://www.kaigokensaku.mhlw.go.jp/42/index.php?action_kouhyou_detail_004_kani=true&JigyosyoCd=4271101406-00&ServiceCd=430&Type=search", "url2": "http://menotobyoin.jp/" }, "geometry": { "type": "Point", "coordinates": [ 129.8794289, 32.8077184 ] } },
{ "type": "Feature", "properties": { "内容": "指定居宅介護支援事業所　長与リハビリセンター【居宅介護支援】長崎県西彼杵郡長与町高田郷623‐5", "url": "https://www.kaigokensaku.mhlw.go.jp/42/index.php?action_kouhyou_detail_004_kani=true&JigyosyoCd=4271100531-00&ServiceCd=430&Type=search", "url2": "http://kakuseikai.jp" }, "geometry": { "type": "Point", "coordinates": [ 129.867791, 32.800291 ] } },
{ "type": "Feature", "properties": { "内容": "近藤医院　居宅介護支援センター【居宅介護支援】長崎県西彼杵郡時津町日並郷１３２５番地８", "url": "https://www.kaigokensaku.mhlw.go.jp/42/index.php?action_kouhyou_detail_004_kani=true&JigyosyoCd=4271101935-00&ServiceCd=430&Type=search", "url2": "Kondo-clinic.org/" }, "geometry": { "type": "Point", "coordinates": [ 129.8267062, 32.8485141 ] } },
{ "type": "Feature", "properties": { "内容": "在宅介護サービスセンター時津【居宅介護支援】長崎県西彼杵郡時津町浜田郷726番地", "url": "https://www.kaigokensaku.mhlw.go.jp/42/index.php?action_kouhyou_detail_004_kani=true&JigyosyoCd=4271100416-00&ServiceCd=430&Type=search", "url2": "http://www.keiseikai.biz/" }, "geometry": { "type": "Point", "coordinates": [ 129.860195436384657, 32.83207064149186 ] } },
{ "type": "Feature", "properties": { "内容": "時津中央クリニック【居宅介護支援】長崎県西彼杵郡時津町浜田郷38－2", "url": "https://www.kaigokensaku.mhlw.go.jp/42/index.php?action_kouhyou_detail_004_kani=true&JigyosyoCd=4271100671-00&ServiceCd=430&Type=search", "url2": "www.yurinohp.jp" }, "geometry": { "type": "Point", "coordinates": [ 129.850941, 32.8311378 ] } },
{ "type": "Feature", "properties": { "内容": "鍬先医院居宅介護支援センター【居宅介護支援】長崎県西彼杵郡時津町浜田郷201番地3", "url": "https://www.kaigokensaku.mhlw.go.jp/42/index.php?action_kouhyou_detail_004_kani=true&JigyosyoCd=4271100184-00&ServiceCd=430&Type=search", "url2": "http://www.kuwasaki-clinic.com/" }, "geometry": { "type": "Point", "coordinates": [ 129.853914955819675, 32.832387275084358 ] } },
{ "type": "Feature", "properties": { "内容": "株式会社Ａｑｕａｔｉｃ　Ｄｒｅａｍｓ　居宅介護支援事業所　ねくさす【居宅介護支援】長崎県西彼杵郡時津町浜田郷760-6-2階", "url": "https://www.kaigokensaku.mhlw.go.jp/42/index.php?action_kouhyou_detail_004_kani=true&JigyosyoCd=4271103360-00&ServiceCd=430&Type=search", "url2": "https://aquaticdreams.jp/" }, "geometry": { "type": "Point", "coordinates": [ 129.8627337, 32.829983 ] } },
{ "type": "Feature", "properties": { "内容": "ケアプランセンター　ロジ【居宅介護支援】西彼杵郡時津町浜田郷632-1", "url": "https://www.kaigokensaku.mhlw.go.jp/42/index.php?action_kouhyou_detail_004_kani=true&JigyosyoCd=4271103170-00&ServiceCd=430&Type=search", "url2": "http://logi-support.co.jp/careplan" }, "geometry": { "type": "Point", "coordinates": [ 129.8592572, 32.8323239 ] } },
{ "type": "Feature", "properties": { "内容": "ケアサービス千年堂【居宅介護支援】西彼杵郡時津町浜田郷143-4", "url": "https://www.kaigokensaku.mhlw.go.jp/42/index.php?action_kouhyou_detail_004_kani=true&JigyosyoCd=4271102958-00&ServiceCd=430&Type=search", "url2": "sennendow@cure.ocn.ne.jp" }, "geometry": { "type": "Point", "coordinates": [ 129.853038100000049, 32.8310045 ] } },
{ "type": "Feature", "properties": { "内容": "時津荘指定居宅介護支援事業所【居宅介護支援】長崎県西彼杵郡時津町西時津郷1235番地", "url": "https://www.kaigokensaku.mhlw.go.jp/42/index.php?action_kouhyou_detail_004_kani=true&JigyosyoCd=4271100283-00&ServiceCd=430&Type=search", "url2": "http://www.togitsukai.jp" }, "geometry": { "type": "Point", "coordinates": [ 129.8560347, 32.8458757 ] } },
{ "type": "Feature", "properties": { "内容": "社会福祉法人　時津町社会福祉協議会　居宅介護支援事業所【居宅介護支援】長崎県西彼杵郡時津町左底郷３６７番地時津町総合福祉センター", "url": "https://www.kaigokensaku.mhlw.go.jp/42/index.php?action_kouhyou_detail_004_kani=true&JigyosyoCd=4271100242-00&ServiceCd=430&Type=search", "url2": "https：//www.togitsu-syakyo.org" }, "geometry": { "type": "Point", "coordinates": [ 129.8360874, 32.8304357 ] } },
{ "type": "Feature", "properties": { "内容": "居宅介護支援事業所　ケアステーション　優里【居宅介護支援】長崎県西彼杵郡時津町浜田郷２０番地１", "url": "https://www.kaigokensaku.mhlw.go.jp/42/index.php?action_kouhyou_detail_004_kani=true&JigyosyoCd=4271102784-00&ServiceCd=430&Type=search", "url2": null }, "geometry": { "type": "Point", "coordinates": [ 129.851141, 32.8304518 ] } },
{ "type": "Feature", "properties": { "内容": "ひまり居宅介護支援事業所【居宅介護支援】蔵本郷1817番地1", "url": "https://www.kaigokensaku.mhlw.go.jp/42/index.php?action_kouhyou_detail_004_kani=true&JigyosyoCd=4271201057-00&ServiceCd=430&Type=search", "url2": null }, "geometry": { "type": "Point", "coordinates": [ 129.9163706, 33.0382205 ] } },
{ "type": "Feature", "properties": { "内容": "訪問看護ステーションかけはし　指定居宅介護支援事業所【居宅介護支援】長崎県東彼杵郡東彼杵町彼杵宿郷1085", "url": "https://www.kaigokensaku.mhlw.go.jp/42/index.php?action_kouhyou_detail_004_kani=true&JigyosyoCd=4271200299-00&ServiceCd=430&Type=search", "url2": "http://www.sazanami.or.jp/" }, "geometry": { "type": "Point", "coordinates": [ 129.927598699999976, 33.0299407 ] } },
{ "type": "Feature", "properties": { "内容": "株式会社　九州たまがわ　ハートフルケアたまがわ　そのぎステーション【居宅介護支援】長崎県東彼杵郡東彼杵町三根郷893番地1", "url": "https://www.kaigokensaku.mhlw.go.jp/42/index.php?action_kouhyou_detail_004_kani=true&JigyosyoCd=4271200596-00&ServiceCd=430&Type=search", "url2": "https://9tama.co.jp/" }, "geometry": { "type": "Point", "coordinates": [ 129.9214513, 33.0412995 ] } },
{ "type": "Feature", "properties": { "内容": "つなぐ居宅介護支援事業所【居宅介護支援】長崎県東彼杵郡東彼杵町蔵本郷1286番地コーポ藤井A101", "url": "https://www.kaigokensaku.mhlw.go.jp/42/index.php?action_kouhyou_detail_004_kani=true&JigyosyoCd=4271201040-00&ServiceCd=430&Type=search", "url2": null }, "geometry": { "type": "Point", "coordinates": [ 129.917175899999989, 33.0408093 ] } },
{ "type": "Feature", "properties": { "内容": "東彼杵町居宅介護支援事業所【居宅介護支援】長崎県東彼杵郡東彼杵町彼杵宿郷７０６番地４", "url": "https://www.kaigokensaku.mhlw.go.jp/42/index.php?action_kouhyou_detail_004_kani=true&JigyosyoCd=4271200059-00&ServiceCd=430&Type=search", "url2": null }, "geometry": { "type": "Point", "coordinates": [ 129.9199714, 33.0366091 ] } },
{ "type": "Feature", "properties": { "内容": "一般社団法人正和会居宅介護支援事業所もとかわ【居宅介護支援】長崎県東彼杵郡川棚町下組郷397", "url": "https://www.kaigokensaku.mhlw.go.jp/42/index.php?action_kouhyou_detail_004_kani=true&JigyosyoCd=4271200984-00&ServiceCd=430&Type=search", "url2": "http://seiwasmile.com" }, "geometry": { "type": "Point", "coordinates": [ 129.8582174, 33.0698214 ] } },
{ "type": "Feature", "properties": { "内容": "ハッピーガーデン川棚ケアプランセンター【居宅介護支援】長崎県東彼杵郡川棚町城山町122-1ハッピーガーデン川棚", "url": "https://www.kaigokensaku.mhlw.go.jp/42/index.php?action_kouhyou_detail_004_kani=true&JigyosyoCd=4271201024-00&ServiceCd=430&Type=search", "url2": "http://hg-kawatana.com" }, "geometry": { "type": "Point", "coordinates": [ 129.86968490000001, 33.070436 ] } },
{ "type": "Feature", "properties": { "内容": "川棚町社会福祉協議会居宅介護支援事業所【居宅介護支援】長崎県東彼杵郡川棚町下組郷３３８番地５７", "url": "https://www.kaigokensaku.mhlw.go.jp/42/index.php?action_kouhyou_detail_004_kani=true&JigyosyoCd=4271200067-00&ServiceCd=430&Type=search", "url2": "http://kawatana-shakyo.jp/" }, "geometry": { "type": "Point", "coordinates": [ 129.858965, 33.0641879 ] } },
{ "type": "Feature", "properties": { "内容": "社会福祉法人愛隣会　居宅介護支援事業所はさみ荘【居宅介護支援】長崎県東彼杵郡波佐見町稗木場郷794番地１", "url": "https://www.kaigokensaku.mhlw.go.jp/42/index.php?action_kouhyou_detail_004_kani=true&JigyosyoCd=4271200521-00&ServiceCd=430&Type=search", "url2": "https://airinkai-hasami.com" }, "geometry": { "type": "Point", "coordinates": [ 129.871984200000043, 33.126588 ] } },
{ "type": "Feature", "properties": { "内容": "ケアプランセンターはなもも【居宅介護支援】長崎県東彼杵郡波佐見町湯無田郷128－14", "url": "https://www.kaigokensaku.mhlw.go.jp/42/index.php?action_kouhyou_detail_004_kani=true&JigyosyoCd=4271200828-00&ServiceCd=430&Type=search", "url2": "kohno-iin.jp/careplancentre/" }, "geometry": { "type": "Point", "coordinates": [ 129.910950781614702, 33.14359303373849 ] } },
{ "type": "Feature", "properties": { "内容": "波佐見居宅介護支援事業所【居宅介護支援】長崎県東彼杵郡波佐見町長野郷１７３番地２", "url": "https://www.kaigokensaku.mhlw.go.jp/42/index.php?action_kouhyou_detail_004_kani=true&JigyosyoCd=4271200026-00&ServiceCd=430&Type=search", "url2": "hasami-shakyo.jp" }, "geometry": { "type": "Point", "coordinates": [ 129.874050899999929, 33.1196942 ] } },
{ "type": "Feature", "properties": { "内容": "有限会社　エンジョイライフ　指定居宅介護支援事業所【居宅介護支援】長崎県東彼杵郡波佐見町折敷瀬郷1765番地", "url": "https://www.kaigokensaku.mhlw.go.jp/42/index.php?action_kouhyou_detail_004_kani=true&JigyosyoCd=4271200315-00&ServiceCd=430&Type=search", "url2": null }, "geometry": { "type": "Point", "coordinates": [ 129.901286700000014, 33.140006600000014 ] } },
{ "type": "Feature", "properties": { "内容": "なかはら居宅介護支援事業所【居宅介護支援】長崎県東彼杵郡波佐見町長野郷２２４５－１", "url": "https://www.kaigokensaku.mhlw.go.jp/42/index.php?action_kouhyou_detail_004_kani=true&JigyosyoCd=4271200042-00&ServiceCd=430&Type=search", "url2": "https://www.nakahara-fc.com/" }, "geometry": { "type": "Point", "coordinates": [ 129.871603700000037, 33.127188 ] } },
{ "type": "Feature", "properties": { "内容": "小値賀町社会福祉協議会【居宅介護支援】長崎県北松浦郡小値賀町笛吹郷郷2367番地小値賀町地域福祉センター", "url": "https://www.kaigokensaku.mhlw.go.jp/42/index.php?action_kouhyou_detail_004_kani=true&JigyosyoCd=4271500243-00&ServiceCd=430&Type=search", "url2": "ojika-syakyo.jp" }, "geometry": { "type": "Point", "coordinates": [ 129.059104899999966, 33.1887835 ] } },
{ "type": "Feature", "properties": { "内容": "セントケア佐々【居宅介護支援】長崎県北松浦郡佐々町本田原免216-8濱田店舗2階A号", "url": "https://www.kaigokensaku.mhlw.go.jp/42/index.php?action_kouhyou_detail_004_kani=true&JigyosyoCd=4271501472-00&ServiceCd=430&Type=search", "url2": "http://www.saint-care.com/" }, "geometry": { "type": "Point", "coordinates": [ 129.6487722, 33.2369172 ] } },
{ "type": "Feature", "properties": { "内容": "居宅介護支援虹の里事業所【居宅介護支援】長崎県北松浦郡佐々町八口免８０５番地3", "url": "https://www.kaigokensaku.mhlw.go.jp/42/index.php?action_kouhyou_detail_004_kani=true&JigyosyoCd=4271500102-00&ServiceCd=430&Type=search", "url2": "http://sazagawa.com/" }, "geometry": { "type": "Point", "coordinates": [ 129.682366199999933, 33.2559605 ] } },
{ "type": "Feature", "properties": { "内容": "社会福祉法人佐々町社会福祉協議会【居宅介護支援】長崎県北松浦郡佐々町市場免23-1佐々町総合福祉センター　１階", "url": "https://www.kaigokensaku.mhlw.go.jp/42/index.php?action_kouhyou_detail_004_kani=true&JigyosyoCd=4271500045-00&ServiceCd=430&Type=search", "url2": "http://www.sazafukushi.jp" }, "geometry": { "type": "Point", "coordinates": [ 129.647331531877171, 33.233971626357089 ] } },
{ "type": "Feature", "properties": { "内容": "さざ・煌きの里指定居宅介護支援事業所【居宅介護支援】長崎県北松浦郡佐々町八口免８０５－２", "url": "https://www.kaigokensaku.mhlw.go.jp/42/index.php?action_kouhyou_detail_004_kani=true&JigyosyoCd=4271500425-00&ServiceCd=430&Type=search", "url2": "http://www.kiramekinosato.com/" }, "geometry": { "type": "Point", "coordinates": [ 129.683313399999946, 33.2556827 ] } },
{ "type": "Feature", "properties": { "内容": "居宅介護支援事業所　芳寿荘【居宅介護支援】長崎県南松浦郡新上五島町今里郷６１０番地", "url": "https://www.kaigokensaku.mhlw.go.jp/42/index.php?action_kouhyou_detail_004_kani=true&JigyosyoCd=4271600175-00&ServiceCd=430&Type=search", "url2": "http://www.houjusou.net/index.html" }, "geometry": { "type": "Point", "coordinates": [ 129.036386599999986, 32.9474339 ] } },
{ "type": "Feature", "properties": { "内容": "特別養護老人ホーム　つつじが丘【居宅介護支援】長崎県南松浦郡新上五島町有川郷2369-1", "url": "https://www.kaigokensaku.mhlw.go.jp/42/index.php?action_kouhyou_detail_004_kani=true&JigyosyoCd=4271600084-00&ServiceCd=430&Type=search", "url2": "http//syuhoukai.jp/" }, "geometry": { "type": "Point", "coordinates": [ 129.109969200000023, 32.9800434 ] } },
{ "type": "Feature", "properties": { "内容": "新上五島居宅介護支援事業所【居宅介護支援】長崎県南松浦郡新上五島町奈摩郷379番地5", "url": "https://www.kaigokensaku.mhlw.go.jp/42/index.php?action_kouhyou_detail_004_kani=true&JigyosyoCd=4271601199-00&ServiceCd=430&Type=search", "url2": "https://www.sinkamigoto.net/" }, "geometry": { "type": "Point", "coordinates": [ 129.066997144180306, 33.017826854002251 ] } },
{ "type": "Feature", "properties": { "内容": "居宅介護支援事業所　特別養護老人ホームわかまつ【居宅介護支援】長崎県南松浦郡新上五島町若松郷288番地特別養護老人ホームわかまつ", "url": "https://www.kaigokensaku.mhlw.go.jp/42/index.php?action_kouhyou_detail_004_kani=true&JigyosyoCd=4271601330-00&ServiceCd=430&Type=search", "url2": null }, "geometry": { "type": "Point", "coordinates": [ 129.022106099999974, 32.8872172 ] } },
{ "type": "Feature", "properties": { "内容": "居宅介護支援事業所　つくしの里【居宅介護支援】長崎県南松浦郡新上五島町鯛ノ浦郷437番地1", "url": "https://www.kaigokensaku.mhlw.go.jp/42/index.php?action_kouhyou_detail_004_kani=true&JigyosyoCd=4271600225-00&ServiceCd=430&Type=search", "url2": null }, "geometry": { "type": "Point", "coordinates": [ 129.102003500000023, 32.9636835 ] } },
{ "type": "Feature", "properties": { "内容": "若松居宅介護支援事業所【居宅介護支援】長崎県南松浦郡新上五島町若松郷435番地1", "url": "https://www.kaigokensaku.mhlw.go.jp/42/index.php?action_kouhyou_detail_004_kani=true&JigyosyoCd=4271601066-00&ServiceCd=430&Type=search", "url2": null }, "geometry": { "type": "Point", "coordinates": [ 129.022518526597651, 32.886859326814935 ] } },
{ "type": "Feature", "properties": { "内容": "新魚目居宅介護支援事業所【居宅介護支援】長崎県南松浦郡新上五島町小串郷1448番地", "url": "https://www.kaigokensaku.mhlw.go.jp/42/index.php?action_kouhyou_detail_004_kani=true&JigyosyoCd=4271601025-00&ServiceCd=430&Type=search", "url2": null }, "geometry": { "type": "Point", "coordinates": [ 129.097040782200594, 33.054595264475218 ] } },
{ "type": "Feature", "properties": { "内容": "上五島居宅介護支援事業所【居宅介護支援】長崎県南松浦郡新上五島町青方郷1379番地1", "url": "https://www.kaigokensaku.mhlw.go.jp/42/index.php?action_kouhyou_detail_004_kani=true&JigyosyoCd=4271601116-00&ServiceCd=430&Type=search", "url2": null }, "geometry": { "type": "Point", "coordinates": [ 129.068554899999981, 32.9850695 ] } },
{ "type": "Feature", "properties": { "内容": "奈良尾居宅介護支援事業所【居宅介護支援】長崎県南松浦郡新上五島町奈良尾郷字新港１０６９番地１", "url": "https://www.kaigokensaku.mhlw.go.jp/42/index.php?action_kouhyou_detail_004_kani=true&JigyosyoCd=4271600944-00&ServiceCd=430&Type=search", "url2": null }, "geometry": { "type": "Point", "coordinates": [ 129.055832499999951, 32.8485226 ] } },
{ "type": "Feature", "properties": { "内容": "有川居宅介護支援事業所【居宅介護支援】長崎県南松浦郡新上五島町有川郷２３６０番地８有川地域福祉センターふれあい", "url": "https://www.kaigokensaku.mhlw.go.jp/42/index.php?action_kouhyou_detail_004_kani=true&JigyosyoCd=4271600985-00&ServiceCd=430&Type=search", "url2": null }, "geometry": { "type": "Point", "coordinates": [ 129.110102600000033, 32.9794184 ] } },
{ "type": "Feature", "properties": { "内容": "社会福祉法人青山会老人保健施設グリーンヒル・かみごとう【居宅介護支援】長崎県南松浦郡新上五島町浦桑郷643番地１", "url": "https://www.kaigokensaku.mhlw.go.jp/42/index.php?action_kouhyou_detail_004_kani=true&JigyosyoCd=4271600316-00&ServiceCd=430&Type=search", "url2": "https://www.greenhill-kamigoto.com/" }, "geometry": { "type": "Point", "coordinates": [ 129.083537200000023, 32.9899778 ] } },
{ "type": "Feature", "properties": { "内容": "居宅介護支援事業所　べんてんの杜【居宅介護支援】浦桑郷1006", "url": "https://www.kaigokensaku.mhlw.go.jp/42/index.php?action_kouhyou_detail_004_kani=true&JigyosyoCd=4271601504-00&ServiceCd=430&Type=search", "url2": null }, "geometry": { "type": "Point", "coordinates": [ 129.089615900000013, 32.9876667 ] } }
]
}
