{
"type": "FeatureCollection",
"name": "geo_42_認知症対応型共同生活介護",
"crs": { "type": "name", "properties": { "name": "urn:ogc:def:crs:OGC:1.3:CRS84" } },
"features": [
{ "type": "Feature", "properties": { "内容": "グループホーム『おお空』【認知症対応型共同生活介護】長崎県長崎市かき道1丁目29番8号", "url": "https://www.kaigokensaku.mhlw.go.jp/42/index.php?action_kouhyou_detail_004_kani=true&JigyosyoCd=4270105077-00&ServiceCd=320&Type=search", "url2": "http://syuuwakai.com/" }, "geometry": { "type": "Point", "coordinates": [ 129.953966199999968, 32.7705323 ] } },
{ "type": "Feature", "properties": { "内容": "グループホームぬくもりの家【認知症対応型共同生活介護】長崎県長崎市大手２丁目１番６３号グループホームぬくもりの家", "url": "https://www.kaigokensaku.mhlw.go.jp/42/index.php?action_kouhyou_detail_004_kani=true&JigyosyoCd=4270102629-00&ServiceCd=320&Type=search", "url2": null }, "geometry": { "type": "Point", "coordinates": [ 129.875666, 32.7889926 ] } },
{ "type": "Feature", "properties": { "内容": "長崎ケアハートガーデン　グループホーム南山手【認知症対応型共同生活介護】長崎県長崎市小曽根町1-33マルタヤ南山手クラブ１階", "url": "https://www.kaigokensaku.mhlw.go.jp/42/index.php?action_kouhyou_detail_004_kani=true&JigyosyoCd=4270104997-00&ServiceCd=320&Type=search", "url2": "http://www.mdlife.co.jp" }, "geometry": { "type": "Point", "coordinates": [ 129.867354100000057, 32.7339229 ] } },
{ "type": "Feature", "properties": { "内容": "グループホーム　なごみ【認知症対応型共同生活介護】長崎県長崎市琴海村松町３１９番地", "url": "https://www.kaigokensaku.mhlw.go.jp/42/index.php?action_kouhyou_detail_004_kani=true&JigyosyoCd=4271102248-00&ServiceCd=320&Type=search", "url2": null }, "geometry": { "type": "Point", "coordinates": [ 129.787455499999965, 32.880499 ] } },
{ "type": "Feature", "properties": { "内容": "グループホーム　四季の春【認知症対応型共同生活介護】長崎県長崎市女の都２丁目１８－２２", "url": "https://www.kaigokensaku.mhlw.go.jp/42/index.php?action_kouhyou_detail_004_kani=true&JigyosyoCd=4290100041-00&ServiceCd=320&Type=search", "url2": "http://shikinoharu.com/" }, "geometry": { "type": "Point", "coordinates": [ 129.8789875, 32.8013163 ] } },
{ "type": "Feature", "properties": { "内容": "長崎ケアハートガーデン　グループホーム小ヶ倉【認知症対応型共同生活介護】長崎県長崎市小ヶ倉町３丁目７６番２７号", "url": "https://www.kaigokensaku.mhlw.go.jp/42/index.php?action_kouhyou_detail_004_kani=true&JigyosyoCd=4290100082-00&ServiceCd=320&Type=search", "url2": "http://www.mdlife.co.jp" }, "geometry": { "type": "Point", "coordinates": [ 129.847064499999988, 32.7037003 ] } },
{ "type": "Feature", "properties": { "内容": "グループホーム　ハナノエン【認知症対応型共同生活介護】長崎県長崎市中里町1188-1", "url": "https://www.kaigokensaku.mhlw.go.jp/42/index.php?action_kouhyou_detail_004_kani=true&JigyosyoCd=4290101494-00&ServiceCd=320&Type=search", "url2": "http://shiromi.jp/" }, "geometry": { "type": "Point", "coordinates": [ 129.963286899999957, 32.8040905 ] } },
{ "type": "Feature", "properties": { "内容": "グループホーム　ふるさと【認知症対応型共同生活介護】長崎県長崎市伊王島町2丁目793番地", "url": "https://www.kaigokensaku.mhlw.go.jp/42/index.php?action_kouhyou_detail_004_kani=true&JigyosyoCd=4290101619-00&ServiceCd=320&Type=search", "url2": null }, "geometry": { "type": "Point", "coordinates": [ 129.7788447, 32.7016246 ] } },
{ "type": "Feature", "properties": { "内容": "グループホーム　ありすの家【認知症対応型共同生活介護】長崎県長崎市椎の木町２５番１９号", "url": "https://www.kaigokensaku.mhlw.go.jp/42/index.php?action_kouhyou_detail_004_kani=true&JigyosyoCd=4270102637-00&ServiceCd=320&Type=search", "url2": null }, "geometry": { "type": "Point", "coordinates": [ 129.880732662210136, 32.725786716618465 ] } },
{ "type": "Feature", "properties": { "内容": "グループホーム　ありすの家２Ｆ【認知症対応型共同生活介護】長崎県長崎市椎の木町２５番１９号", "url": "https://www.kaigokensaku.mhlw.go.jp/42/index.php?action_kouhyou_detail_004_kani=true&JigyosyoCd=4270103551-00&ServiceCd=320&Type=search", "url2": null }, "geometry": { "type": "Point", "coordinates": [ 129.880725699999971, 32.7257657 ] } },
{ "type": "Feature", "properties": { "内容": "グループホーム　和が家【認知症対応型共同生活介護】長崎県長崎市深堀町５丁目２１６番地２", "url": "https://www.kaigokensaku.mhlw.go.jp/42/index.php?action_kouhyou_detail_004_kani=true&JigyosyoCd=4270103163-00&ServiceCd=320&Type=search", "url2": null }, "geometry": { "type": "Point", "coordinates": [ 129.822738800000025, 32.6854597 ] } },
{ "type": "Feature", "properties": { "内容": "グループホーム　すみれの里【認知症対応型共同生活介護】長崎県長崎市富士見町１５番５号", "url": "https://www.kaigokensaku.mhlw.go.jp/42/index.php?action_kouhyou_detail_004_kani=true&JigyosyoCd=4270103338-00&ServiceCd=320&Type=search", "url2": null }, "geometry": { "type": "Point", "coordinates": [ 129.853446399999939, 32.7709136 ] } },
{ "type": "Feature", "properties": { "内容": "グループホームひこばえ【認知症対応型共同生活介護】長崎県長崎市早坂町１１８０番地７", "url": "https://www.kaigokensaku.mhlw.go.jp/42/index.php?action_kouhyou_detail_004_kani=true&JigyosyoCd=4270135116-00&ServiceCd=320&Type=search", "url2": "http://hikobae-nagasaki.jp/" }, "geometry": { "type": "Point", "coordinates": [ 129.9003434, 32.7344263 ] } },
{ "type": "Feature", "properties": { "内容": "民家型宅老所　ぽ～れぽ～れ松が枝【認知症対応型共同生活介護】長崎県長崎市松が枝町３番２３号", "url": "https://www.kaigokensaku.mhlw.go.jp/42/index.php?action_kouhyou_detail_004_kani=true&JigyosyoCd=4270103403-00&ServiceCd=320&Type=search", "url2": null }, "geometry": { "type": "Point", "coordinates": [ 129.87161489999994, 32.7347091 ] } },
{ "type": "Feature", "properties": { "内容": "有限会社　サナス　グループホーム出島【認知症対応型共同生活介護】長崎県長崎市新地町４－１５", "url": "https://www.kaigokensaku.mhlw.go.jp/42/index.php?action_kouhyou_detail_004_kani=true&JigyosyoCd=4270102504-00&ServiceCd=320&Type=search", "url2": null }, "geometry": { "type": "Point", "coordinates": [ 129.8736563, 32.7411113 ] } },
{ "type": "Feature", "properties": { "内容": "医療法人　今村グループホーム桜【認知症対応型共同生活介護】長崎県長崎市網場町487-8ｸﾞﾙｰﾌﾟﾎｰﾑ　　桜", "url": "https://www.kaigokensaku.mhlw.go.jp/42/index.php?action_kouhyou_detail_004_kani=true&JigyosyoCd=4270103429-00&ServiceCd=320&Type=search", "url2": "https://tachibana-bay.com/" }, "geometry": { "type": "Point", "coordinates": [ 129.946387123031599, 32.755252934719806 ] } },
{ "type": "Feature", "properties": { "内容": "医療法人秋桜会グループホームコスモス1及2【認知症対応型共同生活介護】長崎県長崎市京泊3丁目10-5", "url": "https://www.kaigokensaku.mhlw.go.jp/42/index.php?action_kouhyou_detail_004_kani=true&JigyosyoCd=4270102645-00&ServiceCd=320&Type=search", "url2": "http://www.cosmos-garden.com/" }, "geometry": { "type": "Point", "coordinates": [ 129.7708887, 32.8228348 ] } },
{ "type": "Feature", "properties": { "内容": "医療法人　秋桜会　グループホーム・新港【認知症対応型共同生活介護】長崎県長崎市京泊3丁目30番3号医療法人　秋桜会　グループホーム新港", "url": "https://www.kaigokensaku.mhlw.go.jp/42/index.php?action_kouhyou_detail_004_kani=true&JigyosyoCd=4270103726-00&ServiceCd=320&Type=search", "url2": "http://www.cosmos-garden.com/" }, "geometry": { "type": "Point", "coordinates": [ 129.7720137, 32.8236431 ] } },
{ "type": "Feature", "properties": { "内容": "医療法人社団健昌会　ぐるーぷほーむ新里油木【認知症対応型共同生活介護】長崎県長崎市江里町７番２１号", "url": "https://www.kaigokensaku.mhlw.go.jp/42/index.php?action_kouhyou_detail_004_kani=true&JigyosyoCd=4270103981-00&ServiceCd=320&Type=search", "url2": "http://shinzato.jp/" }, "geometry": { "type": "Point", "coordinates": [ 129.85609850000003, 32.7796293 ] } },
{ "type": "Feature", "properties": { "内容": "医療法人社団　春秋会　グループホームなんくり【認知症対応型共同生活介護】長崎県長崎市相生町9-7", "url": "https://www.kaigokensaku.mhlw.go.jp/42/index.php?action_kouhyou_detail_004_kani=true&JigyosyoCd=4270102512-00&ServiceCd=320&Type=search", "url2": "http://www.syunjyu-kai.or.jp/" }, "geometry": { "type": "Point", "coordinates": [ 129.87115940000001, 32.7346619 ] } },
{ "type": "Feature", "properties": { "内容": "グル－プホ－ムさくらの里【認知症対応型共同生活介護】長崎県長崎市三京町1531番地1グループホームさくらの里", "url": "https://www.kaigokensaku.mhlw.go.jp/42/index.php?action_kouhyou_detail_004_kani=true&JigyosyoCd=4270135132-00&ServiceCd=320&Type=search", "url2": "http://www.sakuranosato.or.jp" }, "geometry": { "type": "Point", "coordinates": [ 129.770947677909817, 32.834881614761805 ] } },
{ "type": "Feature", "properties": { "内容": "グループホーム　モン・サン西山【認知症対応型共同生活介護】長崎県長崎市西山1丁目2番7号", "url": "https://www.kaigokensaku.mhlw.go.jp/42/index.php?action_kouhyou_detail_004_kani=true&JigyosyoCd=4270102777-00&ServiceCd=320&Type=search", "url2": "http://keiseikai.biz/index.php" }, "geometry": { "type": "Point", "coordinates": [ 129.885294, 32.7600405 ] } },
{ "type": "Feature", "properties": { "内容": "グループホーム　モン・サンあぜかり【認知症対応型共同生活介護】長崎県長崎市豊洋台１－３－１", "url": "https://www.kaigokensaku.mhlw.go.jp/42/index.php?action_kouhyou_detail_004_kani=true&JigyosyoCd=4270104054-00&ServiceCd=320&Type=search", "url2": "http://keiseikai.biz/modules/facility/index.php?content_id=13" }, "geometry": { "type": "Point", "coordinates": [ 129.788323499999933, 32.8320729 ] } },
{ "type": "Feature", "properties": { "内容": "グループホームサンハイツ西町Ⅱ【認知症対応型共同生活介護】長崎県長崎市白鳥町9番9号", "url": "https://www.kaigokensaku.mhlw.go.jp/42/index.php?action_kouhyou_detail_004_kani=true&JigyosyoCd=4270102041-00&ServiceCd=320&Type=search", "url2": "http://www.sanhaitsu.jp/" }, "geometry": { "type": "Point", "coordinates": [ 129.857359699999961, 32.7763714 ] } },
{ "type": "Feature", "properties": { "内容": "特定非営利活動法人白岳福祉サービス　グループホームしらゆり園【認知症対応型共同生活介護】長崎県長崎市住吉台町４番１１号ヒルサイド泉台", "url": "https://www.kaigokensaku.mhlw.go.jp/42/index.php?action_kouhyou_detail_004_kani=true&JigyosyoCd=4270102199-00&ServiceCd=320&Type=search", "url2": null }, "geometry": { "type": "Point", "coordinates": [ 129.859413899999936, 32.7970079 ] } },
{ "type": "Feature", "properties": { "内容": "よなわグループホーム【認知症対応型共同生活介護】長崎県長崎市岩屋町２５番７号有限会社メディカル葉山ビル介護保険サービスセンター４階", "url": "https://www.kaigokensaku.mhlw.go.jp/42/index.php?action_kouhyou_detail_004_kani=true&JigyosyoCd=4270105325-00&ServiceCd=320&Type=search", "url2": "http://medical-hayama.com/index.html" }, "geometry": { "type": "Point", "coordinates": [ 129.851216900000054, 32.8023266 ] } },
{ "type": "Feature", "properties": { "内容": "グループホーム鳴見ヶ丘【認知症対応型共同生活介護】長崎県長崎市鳴見町368", "url": "https://www.kaigokensaku.mhlw.go.jp/42/index.php?action_kouhyou_detail_004_kani=true&JigyosyoCd=4270104245-00&ServiceCd=320&Type=search", "url2": "https://www.kouseilife-nagasaki.net/" }, "geometry": { "type": "Point", "coordinates": [ 129.8092666, 32.8161332 ] } },
{ "type": "Feature", "properties": { "内容": "グループホーム　風の郷【認知症対応型共同生活介護】長崎県長崎市三京町１９６２", "url": "https://www.kaigokensaku.mhlw.go.jp/42/index.php?action_kouhyou_detail_004_kani=true&JigyosyoCd=4270135165-00&ServiceCd=320&Type=search", "url2": "http://www.kaze-group.com/" }, "geometry": { "type": "Point", "coordinates": [ 129.755320740475469, 32.82714379222665 ] } },
{ "type": "Feature", "properties": { "内容": "グループホーム・滑石【認知症対応型共同生活介護】長崎県長崎市滑石6丁目5番75号", "url": "https://www.kaigokensaku.mhlw.go.jp/42/index.php?action_kouhyou_detail_004_kani=true&JigyosyoCd=4270101837-00&ServiceCd=320&Type=search", "url2": "http://www.heisei-kai.or.jp" }, "geometry": { "type": "Point", "coordinates": [ 129.836159400000042, 32.8036653 ] } },
{ "type": "Feature", "properties": { "内容": "グループホームすずな【認知症対応型共同生活介護】長崎県長崎市愛宕4丁目11番1号", "url": "https://www.kaigokensaku.mhlw.go.jp/42/index.php?action_kouhyou_detail_004_kani=true&JigyosyoCd=4270105051-00&ServiceCd=320&Type=search", "url2": "http://hakuwakai.or.jp/" }, "geometry": { "type": "Point", "coordinates": [ 129.892030299999988, 32.734143 ] } },
{ "type": "Feature", "properties": { "内容": "医療法人　平田クリニック　グループホーム東望の里【認知症対応型共同生活介護】長崎県長崎市田中町879番地", "url": "https://www.kaigokensaku.mhlw.go.jp/42/index.php?action_kouhyou_detail_004_kani=true&JigyosyoCd=4270103239-00&ServiceCd=320&Type=search", "url2": null }, "geometry": { "type": "Point", "coordinates": [ 129.949249799999961, 32.770235 ] } },
{ "type": "Feature", "properties": { "内容": "二本松養生所【認知症対応型共同生活介護】長崎県長崎市戸町2丁目１７７－２８", "url": "https://www.kaigokensaku.mhlw.go.jp/42/index.php?action_kouhyou_detail_004_kani=true&JigyosyoCd=4270101761-00&ServiceCd=320&Type=search", "url2": "http://www.syunjyu-kai.or.jp/kaigo/grouphome.html" }, "geometry": { "type": "Point", "coordinates": [ 129.869218, 32.7274041 ] } },
{ "type": "Feature", "properties": { "内容": "グループホーム花椿【認知症対応型共同生活介護】長崎県長崎市竿浦町37-2", "url": "https://www.kaigokensaku.mhlw.go.jp/42/index.php?action_kouhyou_detail_004_kani=true&JigyosyoCd=4270102660-00&ServiceCd=320&Type=search", "url2": "https://smilecs.jp/index.html" }, "geometry": { "type": "Point", "coordinates": [ 129.839743799999951, 32.6694001 ] } },
{ "type": "Feature", "properties": { "内容": "介護支援センターながさき　グループホーム桜木【認知症対応型共同生活介護】長崎県長崎市桜木町3番25号ヒューマン・コミュニティ桜木", "url": "https://www.kaigokensaku.mhlw.go.jp/42/index.php?action_kouhyou_detail_004_kani=true&JigyosyoCd=4270103932-00&ServiceCd=320&Type=search", "url2": "https://www.human-nw.com/" }, "geometry": { "type": "Point", "coordinates": [ 129.89218, 32.730758100000017 ] } },
{ "type": "Feature", "properties": { "内容": "グループホーム桜坂・長崎【認知症対応型共同生活介護】長崎県長崎市本河内２丁目１４－２", "url": "https://www.kaigokensaku.mhlw.go.jp/42/index.php?action_kouhyou_detail_004_kani=true&JigyosyoCd=4270101803-00&ServiceCd=320&Type=search", "url2": null }, "geometry": { "type": "Point", "coordinates": [ 129.902726, 32.7517497 ] } },
{ "type": "Feature", "properties": { "内容": "社会福祉法人　春秋会　グループホーム　リエゾン長崎【認知症対応型共同生活介護】長崎県長崎市江川町９２番地", "url": "https://www.kaigokensaku.mhlw.go.jp/42/index.php?action_kouhyou_detail_004_kani=true&JigyosyoCd=4270103411-00&ServiceCd=320&Type=search", "url2": "http://www.liaison.gr.jp" }, "geometry": { "type": "Point", "coordinates": [ 129.841026599999964, 32.6823242 ] } },
{ "type": "Feature", "properties": { "内容": "社会福祉法人小榊アスカ福祉会　グループホームひばり【認知症対応型共同生活介護】長崎県長崎市みなと坂１丁目６番３５号", "url": "https://www.kaigokensaku.mhlw.go.jp/42/index.php?action_kouhyou_detail_004_kani=true&JigyosyoCd=4270135108-00&ServiceCd=320&Type=search", "url2": "http://care-net.biz/42/askafukusikai/" }, "geometry": { "type": "Point", "coordinates": [ 129.838550400000031, 32.7289948 ] } },
{ "type": "Feature", "properties": { "内容": "グループホームサンハイツ青山【認知症対応型共同生活介護】長崎県長崎市青山町2番36号", "url": "https://www.kaigokensaku.mhlw.go.jp/42/index.php?action_kouhyou_detail_004_kani=true&JigyosyoCd=4270103346-00&ServiceCd=320&Type=search", "url2": "http://www.sanhaitsu.jp/" }, "geometry": { "type": "Point", "coordinates": [ 129.851685, 32.7783071 ] } },
{ "type": "Feature", "properties": { "内容": "グループホーム　鶴舞苑II【認知症対応型共同生活介護】長崎県長崎市大谷町418番地1", "url": "https://www.kaigokensaku.mhlw.go.jp/42/index.php?action_kouhyou_detail_004_kani=true&JigyosyoCd=4270135140-00&ServiceCd=320&Type=search", "url2": "http://www.nagasaki-kouseifukushidan.or.jp/" }, "geometry": { "type": "Point", "coordinates": [ 129.850955, 32.7483184 ] } },
{ "type": "Feature", "properties": { "内容": "グループホーム　なぎさ【認知症対応型共同生活介護】長崎県長崎市かき道６丁目３番５号", "url": "https://www.kaigokensaku.mhlw.go.jp/42/index.php?action_kouhyou_detail_004_kani=true&JigyosyoCd=4270103437-00&ServiceCd=320&Type=search", "url2": null }, "geometry": { "type": "Point", "coordinates": [ 129.960690900000031, 32.7661329 ] } },
{ "type": "Feature", "properties": { "内容": "グループホーム　晴海の丘【認知症対応型共同生活介護】長崎県長崎市蚊焼町２１５番地１", "url": "https://www.kaigokensaku.mhlw.go.jp/42/index.php?action_kouhyou_detail_004_kani=true&JigyosyoCd=4271102404-00&ServiceCd=320&Type=search", "url2": null }, "geometry": { "type": "Point", "coordinates": [ 129.825013661316945, 32.663939304916909 ] } },
{ "type": "Feature", "properties": { "内容": "グループホーム　モン・サン琴海【認知症対応型共同生活介護】長崎県長崎市琴海戸根町713番地", "url": "https://www.kaigokensaku.mhlw.go.jp/42/index.php?action_kouhyou_detail_004_kani=true&JigyosyoCd=4271101885-00&ServiceCd=320&Type=search", "url2": null }, "geometry": { "type": "Point", "coordinates": [ 129.793110399999932, 32.8882262 ] } },
{ "type": "Feature", "properties": { "内容": "社会福祉法人日浦会　認知症高齢者グループホーム　レーブそとめ弐番館【認知症対応型共同生活介護】長崎県長崎市上黒崎町2199番地15", "url": "https://www.kaigokensaku.mhlw.go.jp/42/index.php?action_kouhyou_detail_004_kani=true&JigyosyoCd=4271102073-00&ServiceCd=320&Type=search", "url2": "http://www.hiurakai.jp/" }, "geometry": { "type": "Point", "coordinates": [ 129.723166699999979, 32.8528228 ] } },
{ "type": "Feature", "properties": { "内容": "グループホーム本原一丁目【認知症対応型共同生活介護】長崎県長崎市本原町１３－５", "url": "https://www.kaigokensaku.mhlw.go.jp/42/index.php?action_kouhyou_detail_004_kani=true&JigyosyoCd=4290100314-00&ServiceCd=320&Type=search", "url2": "http://kiyohararyu-naika.com" }, "geometry": { "type": "Point", "coordinates": [ 129.869455600000038, 32.7825182 ] } },
{ "type": "Feature", "properties": { "内容": "グループホーム星取【認知症対応型共同生活介護】長崎県長崎市星取２丁目2－43ケアホーム星取", "url": "https://www.kaigokensaku.mhlw.go.jp/42/index.php?action_kouhyou_detail_004_kani=true&JigyosyoCd=4290100231-00&ServiceCd=320&Type=search", "url2": "https://kenyukai-kaigo.com" }, "geometry": { "type": "Point", "coordinates": [ 129.882913250926208, 32.721355105088541 ] } },
{ "type": "Feature", "properties": { "内容": "グループホーム　夕陽が丘【認知症対応型共同生活介護】長崎県長崎市大浜町５４３番地５", "url": "https://www.kaigokensaku.mhlw.go.jp/42/index.php?action_kouhyou_detail_004_kani=true&JigyosyoCd=4290101460-00&ServiceCd=320&Type=search", "url2": "https://kagurakai.or.jp/" }, "geometry": { "type": "Point", "coordinates": [ 129.840580600000067, 32.7425408 ] } },
{ "type": "Feature", "properties": { "内容": "グループホーム街の夕陽が丘【認知症対応型共同生活介護】築町3-14階、5階", "url": "https://www.kaigokensaku.mhlw.go.jp/42/index.php?action_kouhyou_detail_004_kani=true&JigyosyoCd=4290101478-00&ServiceCd=320&Type=search", "url2": "gh-machinoyuuhigaoka@kagurakai.or.jp" }, "geometry": { "type": "Point", "coordinates": [ 129.875755305735794, 32.745366610279326 ] } },
{ "type": "Feature", "properties": { "内容": "グループホームサンハイツ女の都【認知症対応型共同生活介護】長崎県長崎市女の都3丁目1番6号", "url": "https://www.kaigokensaku.mhlw.go.jp/42/index.php?action_kouhyou_detail_004_kani=true&JigyosyoCd=4290101437-00&ServiceCd=320&Type=search", "url2": "http://www.sanhaitsu.jp/" }, "geometry": { "type": "Point", "coordinates": [ 129.8807289, 32.8046187 ] } },
{ "type": "Feature", "properties": { "内容": "グループホーム　晴海の丘　二番館【認知症対応型共同生活介護】長崎県長崎市蚊焼町２１５番地１", "url": "https://www.kaigokensaku.mhlw.go.jp/42/index.php?action_kouhyou_detail_004_kani=true&JigyosyoCd=4290100116-00&ServiceCd=320&Type=search", "url2": null }, "geometry": { "type": "Point", "coordinates": [ 129.824997599999961, 32.6639335 ] } },
{ "type": "Feature", "properties": { "内容": "医療法人平田クリニック　上野町グループホーム【認知症対応型共同生活介護】長崎県長崎市上野町1番5号平田メディケアビル3階・4階", "url": "https://www.kaigokensaku.mhlw.go.jp/42/index.php?action_kouhyou_detail_004_kani=true&JigyosyoCd=4290101973-00&ServiceCd=320&Type=search", "url2": "https://hirataclinic-nagasaki.com/" }, "geometry": { "type": "Point", "coordinates": [ 129.8684217, 32.7768545 ] } },
{ "type": "Feature", "properties": { "内容": "医療法人社団健昌会　ぐるーぷほーむ新里城栄【認知症対応型共同生活介護】長崎県長崎市城栄町１１番２号新里メディケア城栄", "url": "https://www.kaigokensaku.mhlw.go.jp/42/index.php?action_kouhyou_detail_004_kani=true&JigyosyoCd=4290100140-00&ServiceCd=320&Type=search", "url2": "http://www.shinzato.or.jp/" }, "geometry": { "type": "Point", "coordinates": [ 129.858218099999931, 32.7749632 ] } },
{ "type": "Feature", "properties": { "内容": "医療法人社団健昌会　ぐるーぷほーむ新里小江原【認知症対応型共同生活介護】小江原１丁目３５番１３号", "url": "https://www.kaigokensaku.mhlw.go.jp/42/index.php?action_kouhyou_detail_004_kani=true&JigyosyoCd=4290101213-00&ServiceCd=320&Type=search", "url2": "http://www.shinzato.jp" }, "geometry": { "type": "Point", "coordinates": [ 129.837840899999946, 32.7855477 ] } },
{ "type": "Feature", "properties": { "内容": "グループホーム　イチョウの木【認知症対応型共同生活介護】長崎県長崎市川口町８－２０清原龍内科ビル　4Ｆ、５Ｆ、6Ｆ", "url": "https://www.kaigokensaku.mhlw.go.jp/42/index.php?action_kouhyou_detail_004_kani=true&JigyosyoCd=4290100306-00&ServiceCd=320&Type=search", "url2": "http://kiyohararyu-naika.com" }, "geometry": { "type": "Point", "coordinates": [ 129.8638595, 32.7683586 ] } },
{ "type": "Feature", "properties": { "内容": "グループホーム　ファミリア【認知症対応型共同生活介護】界1丁目10-5", "url": "https://www.kaigokensaku.mhlw.go.jp/42/index.php?action_kouhyou_detail_004_kani=true&JigyosyoCd=4290101890-00&ServiceCd=320&Type=search", "url2": "https://www.familiar-assist.jp" }, "geometry": { "type": "Point", "coordinates": [ 129.9394326, 32.7583929 ] } },
{ "type": "Feature", "properties": { "内容": "介護支援センターながさき　グループホーム福田【認知症対応型共同生活介護】長崎県長崎市小浦町４－１１ヒューマン・コミュニティ　福田", "url": "https://www.kaigokensaku.mhlw.go.jp/42/index.php?action_kouhyou_detail_004_kani=true&JigyosyoCd=4290101239-00&ServiceCd=320&Type=search", "url2": "https://www.human-nw.com/" }, "geometry": { "type": "Point", "coordinates": [ 129.826956399999972, 32.7462289 ] } },
{ "type": "Feature", "properties": { "内容": "グループホームうぇるずらいふ辻町ルミエール【認知症対応型共同生活介護】長崎県長崎市辻町5番35号", "url": "https://www.kaigokensaku.mhlw.go.jp/42/index.php?action_kouhyou_detail_004_kani=true&JigyosyoCd=4290101809-00&ServiceCd=320&Type=search", "url2": "https://www.wellslife.jp/" }, "geometry": { "type": "Point", "coordinates": [ 129.8778144, 32.7847922 ] } },
{ "type": "Feature", "properties": { "内容": "グループホーム風の丘【認知症対応型共同生活介護】長崎県長崎市戸町４丁目７番２０号", "url": "https://www.kaigokensaku.mhlw.go.jp/42/index.php?action_kouhyou_detail_004_kani=true&JigyosyoCd=4290100199-00&ServiceCd=320&Type=search", "url2": "http://www.kenyukai.or.jp" }, "geometry": { "type": "Point", "coordinates": [ 129.861166, 32.7202101 ] } },
{ "type": "Feature", "properties": { "内容": "グループホーム琴の浦荘【認知症対応型共同生活介護】長崎県長崎市琴海戸根町743番地47", "url": "https://www.kaigokensaku.mhlw.go.jp/42/index.php?action_kouhyou_detail_004_kani=true&JigyosyoCd=4290101783-00&ServiceCd=320&Type=search", "url2": "http://www.gounkai.or.jp" }, "geometry": { "type": "Point", "coordinates": [ 129.791570299999989, 32.8877034 ] } },
{ "type": "Feature", "properties": { "内容": "グループホームサンハイツ西町【認知症対応型共同生活介護】長崎県長崎市白鳥町2番26号", "url": "https://www.kaigokensaku.mhlw.go.jp/42/index.php?action_kouhyou_detail_004_kani=true&JigyosyoCd=4290101304-00&ServiceCd=320&Type=search", "url2": "http://www.sanhaitsu.jp/" }, "geometry": { "type": "Point", "coordinates": [ 129.856245400000034, 32.7844204 ] } },
{ "type": "Feature", "properties": { "内容": "グループホーム　秋桜【認知症対応型共同生活介護】長崎県長崎市滑石6丁目4番3号", "url": "https://www.kaigokensaku.mhlw.go.jp/42/index.php?action_kouhyou_detail_004_kani=true&JigyosyoCd=4290100017-00&ServiceCd=320&Type=search", "url2": "http://www.heisei-kai.or.jp/" }, "geometry": { "type": "Point", "coordinates": [ 129.834426200000053, 32.8035847 ] } },
{ "type": "Feature", "properties": { "内容": "グループホームいこいの園【認知症対応型共同生活介護】長崎県長崎市四杖町1738-3", "url": "https://www.kaigokensaku.mhlw.go.jp/42/index.php?action_kouhyou_detail_004_kani=true&JigyosyoCd=4290101874-00&ServiceCd=320&Type=search", "url2": "https://kagurakai.or.jp" }, "geometry": { "type": "Point", "coordinates": [ 129.7907255, 32.7881901 ] } },
{ "type": "Feature", "properties": { "内容": "グループホーム　むつみの森【認知症対応型共同生活介護】長崎県長崎市長浦町２５８４番地", "url": "https://www.kaigokensaku.mhlw.go.jp/42/index.php?action_kouhyou_detail_004_kani=true&JigyosyoCd=4290100124-00&ServiceCd=320&Type=search", "url2": "http://tomomedical.net/" }, "geometry": { "type": "Point", "coordinates": [ 129.785388099999977, 32.9103767 ] } },
{ "type": "Feature", "properties": { "内容": "よなわぐるーぷほーむやすらぎ【認知症対応型共同生活介護】長崎県長崎市岩屋町２５－７　2階有限会社メディカル葉山　介護保険サービスセンター２階", "url": "https://www.kaigokensaku.mhlw.go.jp/42/index.php?action_kouhyou_detail_004_kani=true&JigyosyoCd=4290100611-00&ServiceCd=320&Type=search", "url2": "http://medical-hayama.com/index.html" }, "geometry": { "type": "Point", "coordinates": [ 129.851216900000054, 32.8023266 ] } },
{ "type": "Feature", "properties": { "内容": "グループホームみなとのみえるハウス【認知症対応型共同生活介護】長崎県長崎市川上町３０－１", "url": "https://www.kaigokensaku.mhlw.go.jp/42/index.php?action_kouhyou_detail_004_kani=true&JigyosyoCd=4290101155-00&ServiceCd=320&Type=search", "url2": null }, "geometry": { "type": "Point", "coordinates": [ 129.8772037, 32.7276099 ] } },
{ "type": "Feature", "properties": { "内容": "グループホーム和が家・さんわ【認知症対応型共同生活介護】長崎県長崎市蚊焼町1154-1", "url": "https://www.kaigokensaku.mhlw.go.jp/42/index.php?action_kouhyou_detail_004_kani=true&JigyosyoCd=4290101643-00&ServiceCd=320&Type=search", "url2": null }, "geometry": { "type": "Point", "coordinates": [ 129.82153169999998, 32.6541098 ] } },
{ "type": "Feature", "properties": { "内容": "グループホームサンハイツ夢が丘【認知症対応型共同生活介護】長崎県長崎市小江原５丁目25-10", "url": "https://www.kaigokensaku.mhlw.go.jp/42/index.php?action_kouhyou_detail_004_kani=true&JigyosyoCd=4290101379-00&ServiceCd=320&Type=search", "url2": "http://www.sanhaitsu.jp/" }, "geometry": { "type": "Point", "coordinates": [ 129.82105619999993, 32.7797869 ] } },
{ "type": "Feature", "properties": { "内容": "グループホーム　ふるさと【認知症対応型共同生活介護】長崎県長崎市伊王島町2丁目793番地", "url": "https://www.kaigokensaku.mhlw.go.jp/42/index.php?action_kouhyou_detail_004_kani=true&JigyosyoCd=4290102138-00&ServiceCd=320&Type=search", "url2": null }, "geometry": { "type": "Point", "coordinates": [ 129.7787793, 32.7015711 ] } },
{ "type": "Feature", "properties": { "内容": "長崎ケアハートガーデン　グループホーム南山手【認知症対応型共同生活介護】長崎県長崎市小曽根町1－33マルタヤ南山手クラブ1階", "url": "https://www.kaigokensaku.mhlw.go.jp/42/index.php?action_kouhyou_detail_004_kani=true&JigyosyoCd=4290102245-00&ServiceCd=320&Type=search", "url2": "https://www.careheart-garden.com/" }, "geometry": { "type": "Point", "coordinates": [ 129.8679105, 32.7345161 ] } },
{ "type": "Feature", "properties": { "内容": "長崎ケアハートガーデン　グループホーム小ヶ倉【認知症対応型共同生活介護】長崎県長崎市小ヶ倉町3丁目７６－２７", "url": "https://www.kaigokensaku.mhlw.go.jp/42/index.php?action_kouhyou_detail_004_kani=true&JigyosyoCd=4290102252-00&ServiceCd=320&Type=search", "url2": "https://www.careheart-garden.com/" }, "geometry": { "type": "Point", "coordinates": [ 129.84707370000001, 32.7036425 ] } },
{ "type": "Feature", "properties": { "内容": "グループホーム　ＧＡＲＤＥＮ－ＨＯＵＳＥ【認知症対応型共同生活介護】長崎県長崎市宝栄町４番１９号", "url": "https://www.kaigokensaku.mhlw.go.jp/42/index.php?action_kouhyou_detail_004_kani=true&JigyosyoCd=4270104500-00&ServiceCd=320&Type=search", "url2": null }, "geometry": { "type": "Point", "coordinates": [ 129.861201400000027, 32.7698695 ] } },
{ "type": "Feature", "properties": { "内容": "グループホーム坂の上の紫陽花【認知症対応型共同生活介護】長崎県長崎市本河内２丁目１４－１５", "url": "https://www.kaigokensaku.mhlw.go.jp/42/index.php?action_kouhyou_detail_004_kani=true&JigyosyoCd=4270102132-00&ServiceCd=320&Type=search", "url2": null }, "geometry": { "type": "Point", "coordinates": [ 129.902914900000042, 32.7515137 ] } },
{ "type": "Feature", "properties": { "内容": "グループホーム　夕陽が丘　中川【認知症対応型共同生活介護】長崎県長崎市中川１丁目１１－８", "url": "https://www.kaigokensaku.mhlw.go.jp/42/index.php?action_kouhyou_detail_004_kani=true&JigyosyoCd=4290101528-00&ServiceCd=320&Type=search", "url2": "http://kagurakai.or.jp" }, "geometry": { "type": "Point", "coordinates": [ 129.892938, 32.7514297 ] } },
{ "type": "Feature", "properties": { "内容": "グループホームつつじが丘しののめ【認知症対応型共同生活介護】長崎県長崎市つつじが丘４丁目１５－１", "url": "https://www.kaigokensaku.mhlw.go.jp/42/index.php?action_kouhyou_detail_004_kani=true&JigyosyoCd=4290101957-00&ServiceCd=320&Type=search", "url2": "https://assist-group.net/shinonome/" }, "geometry": { "type": "Point", "coordinates": [ 129.963443600000033, 32.8081765 ] } },
{ "type": "Feature", "properties": { "内容": "グループホーム陽光の家【認知症対応型共同生活介護】長崎県長崎市三川町９２４番地５", "url": "https://www.kaigokensaku.mhlw.go.jp/42/index.php?action_kouhyou_detail_004_kani=true&JigyosyoCd=4270104989-00&ServiceCd=320&Type=search", "url2": "http://www.luckygroup.co.jp/fukushi.html" }, "geometry": { "type": "Point", "coordinates": [ 129.8909344, 32.7857268 ] } },
{ "type": "Feature", "properties": { "内容": "グループホームかわびら【認知症対応型共同生活介護】長崎県長崎市川平町１１９９番地", "url": "https://www.kaigokensaku.mhlw.go.jp/42/index.php?action_kouhyou_detail_004_kani=true&JigyosyoCd=4270104351-00&ServiceCd=320&Type=search", "url2": null }, "geometry": { "type": "Point", "coordinates": [ 129.880033052149514, 32.793769886714919 ] } },
{ "type": "Feature", "properties": { "内容": "グループホーム　春日スプリングガーデン【認知症対応型共同生活介護】長崎県佐世保市春日町７１６－８", "url": "https://www.kaigokensaku.mhlw.go.jp/42/index.php?action_kouhyou_detail_004_kani=true&JigyosyoCd=4270201280-00&ServiceCd=320&Type=search", "url2": "http://www.yohkohkai.or.jp" }, "geometry": { "type": "Point", "coordinates": [ 129.72253980000005, 33.1955889 ] } },
{ "type": "Feature", "properties": { "内容": "高齢者グループホーム天神ベイヒルズ【認知症対応型共同生活介護】佐世保市天神町1205-19", "url": "https://www.kaigokensaku.mhlw.go.jp/42/index.php?action_kouhyou_detail_004_kani=true&JigyosyoCd=4290201567-00&ServiceCd=320&Type=search", "url2": "https://www/yohkokai.or.jp" }, "geometry": { "type": "Point", "coordinates": [ 129.7327563, 33.1465269 ] } },
{ "type": "Feature", "properties": { "内容": "グループホーム団欒【認知症対応型共同生活介護】梅田町110-12", "url": "https://www.kaigokensaku.mhlw.go.jp/42/index.php?action_kouhyou_detail_004_kani=true&JigyosyoCd=4270201587-00&ServiceCd=320&Type=search", "url2": "http://www.n-yuaikai.jp/danran.html" }, "geometry": { "type": "Point", "coordinates": [ 129.716590399999973, 33.1909643 ] } },
{ "type": "Feature", "properties": { "内容": "グループホーム　パール針尾【認知症対応型共同生活介護】長崎県佐世保市針尾東町2162-1", "url": "https://www.kaigokensaku.mhlw.go.jp/42/index.php?action_kouhyou_detail_004_kani=true&JigyosyoCd=4270201967-00&ServiceCd=320&Type=search", "url2": null }, "geometry": { "type": "Point", "coordinates": [ 129.763991199999964, 33.065088 ] } },
{ "type": "Feature", "properties": { "内容": "グループホームほほえみ【認知症対応型共同生活介護】長崎県佐世保市萩坂町１７５０-１", "url": "https://www.kaigokensaku.mhlw.go.jp/42/index.php?action_kouhyou_detail_004_kani=true&JigyosyoCd=4290201120-00&ServiceCd=320&Type=search", "url2": "http://www.raimu-shun.com" }, "geometry": { "type": "Point", "coordinates": [ 129.816781, 33.0869293 ] } },
{ "type": "Feature", "properties": { "内容": "グループホーム光の子【認知症対応型共同生活介護】長崎県佐世保市上原町749－1", "url": "https://www.kaigokensaku.mhlw.go.jp/42/index.php?action_kouhyou_detail_004_kani=true&JigyosyoCd=4270200399-00&ServiceCd=320&Type=search", "url2": "http://www.hikarinoko-fukushikai.or.jp/care/sisetu/group_home/index.html" }, "geometry": { "type": "Point", "coordinates": [ 129.802503299999984, 33.1553199 ] } },
{ "type": "Feature", "properties": { "内容": "グループホーム　みのりの里　たんぽぽ【認知症対応型共同生活介護】長崎県佐世保市長畑町507－１", "url": "https://www.kaigokensaku.mhlw.go.jp/42/index.php?action_kouhyou_detail_004_kani=true&JigyosyoCd=4270201454-00&ServiceCd=320&Type=search", "url2": "minori-village.com" }, "geometry": { "type": "Point", "coordinates": [ 129.805021099999976, 33.0837042 ] } },
{ "type": "Feature", "properties": { "内容": "グループホーム　みのりの里　コスモス【認知症対応型共同生活介護】長崎県佐世保市南風崎町１１９－４", "url": "https://www.kaigokensaku.mhlw.go.jp/42/index.php?action_kouhyou_detail_004_kani=true&JigyosyoCd=4270201819-00&ServiceCd=320&Type=search", "url2": "https:minori-village.com" }, "geometry": { "type": "Point", "coordinates": [ 129.806020900000021, 33.0867401 ] } },
{ "type": "Feature", "properties": { "内容": "介護老人保健施設　すいざん荘　グループホーム　ぬくもり【認知症対応型共同生活介護】長崎県佐世保市赤崎町74-2", "url": "https://www.kaigokensaku.mhlw.go.jp/42/index.php?action_kouhyou_detail_004_kani=true&JigyosyoCd=4270200894-00&ServiceCd=320&Type=search", "url2": null }, "geometry": { "type": "Point", "coordinates": [ 129.693865499999987, 33.164439 ] } },
{ "type": "Feature", "properties": { "内容": "社会福祉法人　由起会（おもやい）【認知症対応型共同生活介護】長崎県佐世保市上柚木町２５１５番地", "url": "https://www.kaigokensaku.mhlw.go.jp/42/index.php?action_kouhyou_detail_004_kani=true&JigyosyoCd=4270200902-00&ServiceCd=320&Type=search", "url2": "http://www.cos-mos.jp" }, "geometry": { "type": "Point", "coordinates": [ 129.770096400000057, 33.2108472 ] } },
{ "type": "Feature", "properties": { "内容": "グループホームあっとホーム黒髪【認知症対応型共同生活介護】長崎県佐世保市黒髪町6515番地27", "url": "https://www.kaigokensaku.mhlw.go.jp/42/index.php?action_kouhyou_detail_004_kani=true&JigyosyoCd=4270201702-00&ServiceCd=320&Type=search", "url2": null }, "geometry": { "type": "Point", "coordinates": [ 129.777096823139885, 33.167004275797254 ] } },
{ "type": "Feature", "properties": { "内容": "グループホームうたし【認知症対応型共同生活介護】長崎県佐世保市鹿町町下歌ヶ浦免９８６－３８", "url": "https://www.kaigokensaku.mhlw.go.jp/42/index.php?action_kouhyou_detail_004_kani=true&JigyosyoCd=4271500987-00&ServiceCd=320&Type=search", "url2": null }, "geometry": { "type": "Point", "coordinates": [ 129.587691371688805, 33.271036437203719 ] } },
{ "type": "Feature", "properties": { "内容": "有限会社　グループホーム　すだお【認知症対応型共同生活介護】長崎県佐世保市須田尾町18番1号", "url": "https://www.kaigokensaku.mhlw.go.jp/42/index.php?action_kouhyou_detail_004_kani=true&JigyosyoCd=4270201645-00&ServiceCd=320&Type=search", "url2": null }, "geometry": { "type": "Point", "coordinates": [ 129.7344253, 33.1644783 ] } },
{ "type": "Feature", "properties": { "内容": "グループホームかいぜ【認知症対応型共同生活介護】長崎県佐世保市皆瀬町270-12", "url": "https://www.kaigokensaku.mhlw.go.jp/42/index.php?action_kouhyou_detail_004_kani=true&JigyosyoCd=4270201348-00&ServiceCd=320&Type=search", "url2": null }, "geometry": { "type": "Point", "coordinates": [ 129.701488599999948, 33.212904 ] } },
{ "type": "Feature", "properties": { "内容": "グループホーム希望の家　広田【認知症対応型共同生活介護】長崎県佐世保市広田3丁目9番1号", "url": "https://www.kaigokensaku.mhlw.go.jp/42/index.php?action_kouhyou_detail_004_kani=true&JigyosyoCd=4270202197-00&ServiceCd=320&Type=search", "url2": null }, "geometry": { "type": "Point", "coordinates": [ 129.804750799999965, 33.1251199 ] } },
{ "type": "Feature", "properties": { "内容": "ハナレイ倶楽部　グループホーム【認知症対応型共同生活介護】長崎県佐世保市城山町３番２１号", "url": "https://www.kaigokensaku.mhlw.go.jp/42/index.php?action_kouhyou_detail_004_kani=true&JigyosyoCd=4270202387-00&ServiceCd=320&Type=search", "url2": "http.//www.aiwakai.com" }, "geometry": { "type": "Point", "coordinates": [ 129.717182, 33.1834956 ] } },
{ "type": "Feature", "properties": { "内容": "グループホームみのりの里【認知症対応型共同生活介護】長崎県佐世保市長畑町４５０番地1", "url": "https://www.kaigokensaku.mhlw.go.jp/42/index.php?action_kouhyou_detail_004_kani=true&JigyosyoCd=4270201322-00&ServiceCd=320&Type=search", "url2": "https://minori-village.com" }, "geometry": { "type": "Point", "coordinates": [ 129.805021099999976, 33.0837042 ] } },
{ "type": "Feature", "properties": { "内容": "医療法人翠山会グループホームなかよし【認知症対応型共同生活介護】長崎県佐世保市赤崎町81-3", "url": "https://www.kaigokensaku.mhlw.go.jp/42/index.php?action_kouhyou_detail_004_kani=true&JigyosyoCd=4270201132-00&ServiceCd=320&Type=search", "url2": null }, "geometry": { "type": "Point", "coordinates": [ 129.694021, 33.1635946 ] } },
{ "type": "Feature", "properties": { "内容": "医療法人社団創平会グループホームさしかた【認知症対応型共同生活介護】長崎県佐世保市指方町２２１６－１", "url": "https://www.kaigokensaku.mhlw.go.jp/42/index.php?action_kouhyou_detail_004_kani=true&JigyosyoCd=4270202924-00&ServiceCd=320&Type=search", "url2": null }, "geometry": { "type": "Point", "coordinates": [ 129.785213900000031, 33.105935 ] } },
{ "type": "Feature", "properties": { "内容": "社会福祉法人アソカ仁寿会　あそかのもり【認知症対応型共同生活介護】長崎県佐世保市松瀬町1171番地1", "url": "https://www.kaigokensaku.mhlw.go.jp/42/index.php?action_kouhyou_detail_004_kani=true&JigyosyoCd=4270201926-00&ServiceCd=320&Type=search", "url2": "https://www.asoka-sasebo.com/" }, "geometry": { "type": "Point", "coordinates": [ 129.731914984655731, 33.219227448931491 ] } },
{ "type": "Feature", "properties": { "内容": "グループホーム　よしいの郷【認知症対応型共同生活介護】長崎県佐世保市橋川内５７０－４", "url": "https://www.kaigokensaku.mhlw.go.jp/42/index.php?action_kouhyou_detail_004_kani=true&JigyosyoCd=4270202833-00&ServiceCd=320&Type=search", "url2": "http://www.sasebo-shakyo.or.jp/yosiinosato/" }, "geometry": { "type": "Point", "coordinates": [ 129.717713099999969, 33.269696 ] } },
{ "type": "Feature", "properties": { "内容": "ゆうあいホームひだまりの家【認知症対応型共同生活介護】吉岡町1005-1", "url": "https://www.kaigokensaku.mhlw.go.jp/42/index.php?action_kouhyou_detail_004_kani=true&JigyosyoCd=4270202429-00&ServiceCd=320&Type=search", "url2": "http://www.n-yuaikai.jp/hidamarinoie.html" }, "geometry": { "type": "Point", "coordinates": [ 129.697256069947827, 33.207631409302877 ] } },
{ "type": "Feature", "properties": { "内容": "ゆうあいホームはな畑【認知症対応型共同生活介護】大潟町152-1", "url": "https://www.kaigokensaku.mhlw.go.jp/42/index.php?action_kouhyou_detail_004_kani=true&JigyosyoCd=4270202502-00&ServiceCd=320&Type=search", "url2": "http://www.n-yuaikai.jp/hanabatake.html" }, "geometry": { "type": "Point", "coordinates": [ 129.660275133135173, 33.183627052982125 ] } },
{ "type": "Feature", "properties": { "内容": "社会福祉法人幼老育成会　グループホーム花ぞ野【認知症対応型共同生活介護】長崎県佐世保市折橋町５８－１", "url": "https://www.kaigokensaku.mhlw.go.jp/42/index.php?action_kouhyou_detail_004_kani=true&JigyosyoCd=4270202718-00&ServiceCd=320&Type=search", "url2": null }, "geometry": { "type": "Point", "coordinates": [ 129.72347081866306, 33.185137943071638 ] } },
{ "type": "Feature", "properties": { "内容": "グループホーム　サクラ【認知症対応型共同生活介護】長崎県佐世保市八幡町１番地の２", "url": "https://www.kaigokensaku.mhlw.go.jp/42/index.php?action_kouhyou_detail_004_kani=true&JigyosyoCd=4270201744-00&ServiceCd=320&Type=search", "url2": "sakura-u3@gaea.ocn.ne.jp" }, "geometry": { "type": "Point", "coordinates": [ 129.722212, 33.1832511 ] } },
{ "type": "Feature", "properties": { "内容": "グループホーム　あじさい【認知症対応型共同生活介護】長崎県佐世保市世知原町笥瀬778番地3", "url": "https://www.kaigokensaku.mhlw.go.jp/42/index.php?action_kouhyou_detail_004_kani=true&JigyosyoCd=4270202866-00&ServiceCd=320&Type=search", "url2": null }, "geometry": { "type": "Point", "coordinates": [ 129.745872599999984, 33.2592834 ] } },
{ "type": "Feature", "properties": { "内容": "グループホームあたご【認知症対応型共同生活介護】長崎県佐世保市相浦町１３８－２", "url": "https://www.kaigokensaku.mhlw.go.jp/42/index.php?action_kouhyou_detail_004_kani=true&JigyosyoCd=4270202700-00&ServiceCd=320&Type=search", "url2": null }, "geometry": { "type": "Point", "coordinates": [ 129.660140100000035, 33.1951383 ] } },
{ "type": "Feature", "properties": { "内容": "有限会社　ケア・アンド・サポ─ト　グループホームゆうしゅん【認知症対応型共同生活介護】長崎県佐世保市東浜町８４６－３グループホームゆうしゅん", "url": "https://www.kaigokensaku.mhlw.go.jp/42/index.php?action_kouhyou_detail_004_kani=true&JigyosyoCd=4270202528-00&ServiceCd=320&Type=search", "url2": null }, "geometry": { "type": "Point", "coordinates": [ 129.744661, 33.1409726 ] } },
{ "type": "Feature", "properties": { "内容": "グループホーム　えびらお【認知症対応型共同生活介護】長崎県佐世保市江迎町栗越801-2", "url": "https://www.kaigokensaku.mhlw.go.jp/42/index.php?action_kouhyou_detail_004_kani=true&JigyosyoCd=4271501050-00&ServiceCd=320&Type=search", "url2": null }, "geometry": { "type": "Point", "coordinates": [ 129.650500700000066, 33.3154692 ] } },
{ "type": "Feature", "properties": { "内容": "グループホームあいけん【認知症対応型共同生活介護】長崎県佐世保市上本山町1092-1", "url": "https://www.kaigokensaku.mhlw.go.jp/42/index.php?action_kouhyou_detail_004_kani=true&JigyosyoCd=4270202445-00&ServiceCd=320&Type=search", "url2": "http://www.aikenkai.jp/" }, "geometry": { "type": "Point", "coordinates": [ 129.692736700000069, 33.2089849 ] } },
{ "type": "Feature", "properties": { "内容": "医療法人真友会　　グループホームことひら【認知症対応型共同生活介護】長崎県佐世保市御船町411番３号", "url": "https://www.kaigokensaku.mhlw.go.jp/42/index.php?action_kouhyou_detail_004_kani=true&JigyosyoCd=4270201918-00&ServiceCd=320&Type=search", "url2": null }, "geometry": { "type": "Point", "coordinates": [ 129.705414099999985, 33.168583 ] } },
{ "type": "Feature", "properties": { "内容": "グループホームひろた【認知症対応型共同生活介護】長崎県佐世保市広田1丁目4番7号", "url": "https://www.kaigokensaku.mhlw.go.jp/42/index.php?action_kouhyou_detail_004_kani=true&JigyosyoCd=4270202460-00&ServiceCd=320&Type=search", "url2": null }, "geometry": { "type": "Point", "coordinates": [ 129.800067899999931, 33.1303166 ] } },
{ "type": "Feature", "properties": { "内容": "医療法人社団真友会　藤井医院　グループホームみどり【認知症対応型共同生活介護】長崎県佐世保市中通町17番地22", "url": "https://www.kaigokensaku.mhlw.go.jp/42/index.php?action_kouhyou_detail_004_kani=true&JigyosyoCd=4270202825-00&ServiceCd=320&Type=search", "url2": null }, "geometry": { "type": "Point", "coordinates": [ 129.711952, 33.186137 ] } },
{ "type": "Feature", "properties": { "内容": "株式会社　山本造園土木　グループホーム茶々の里【認知症対応型共同生活介護】長崎県佐世保市世知原町木浦原772", "url": "https://www.kaigokensaku.mhlw.go.jp/42/index.php?action_kouhyou_detail_004_kani=true&JigyosyoCd=4270202817-00&ServiceCd=320&Type=search", "url2": null }, "geometry": { "type": "Point", "coordinates": [ 129.743456, 33.2658438 ] } },
{ "type": "Feature", "properties": { "内容": "認知症対応型共同生活介護事業所　グループホーム　サンホーム江上【認知症対応型共同生活介護】長崎県佐世保市江上町4847番10", "url": "https://www.kaigokensaku.mhlw.go.jp/42/index.php?action_kouhyou_detail_004_kani=true&JigyosyoCd=4270202270-00&ServiceCd=320&Type=search", "url2": "http://koujukai.or.jp/" }, "geometry": { "type": "Point", "coordinates": [ 129.784487099999978, 33.0702354 ] } },
{ "type": "Feature", "properties": { "内容": "グループホームやまずみ荘【認知症対応型共同生活介護】長崎県佐世保市山祇町３８３番地１", "url": "https://www.kaigokensaku.mhlw.go.jp/42/index.php?action_kouhyou_detail_004_kani=true&JigyosyoCd=4270202171-00&ServiceCd=320&Type=search", "url2": "http://www.yamazumiso.or.jp" }, "geometry": { "type": "Point", "coordinates": [ 129.732326913075269, 33.16858505323259 ] } },
{ "type": "Feature", "properties": { "内容": "グループホーム大和【認知症対応型共同生活介護】長崎県佐世保市大和町１１１４番地２", "url": "https://www.kaigokensaku.mhlw.go.jp/42/index.php?action_kouhyou_detail_004_kani=true&JigyosyoCd=4270201637-00&ServiceCd=320&Type=search", "url2": null }, "geometry": { "type": "Point", "coordinates": [ 129.7506548, 33.1634843 ] } },
{ "type": "Feature", "properties": { "内容": "グループホーム　菜の花の家【認知症対応型共同生活介護】長崎県佐世保市三川内本町３０８－６", "url": "https://www.kaigokensaku.mhlw.go.jp/42/index.php?action_kouhyou_detail_004_kani=true&JigyosyoCd=4270202478-00&ServiceCd=320&Type=search", "url2": null }, "geometry": { "type": "Point", "coordinates": [ 129.8298757, 33.1513461 ] } },
{ "type": "Feature", "properties": { "内容": "グループホーム　胡桃（くるみ）【認知症対応型共同生活介護】長崎県佐世保市黒髪町4522", "url": "https://www.kaigokensaku.mhlw.go.jp/42/index.php?action_kouhyou_detail_004_kani=true&JigyosyoCd=4270202296-00&ServiceCd=320&Type=search", "url2": "http://www.u-ikoi.co.jp/homepage/ikoi/kurumi.htm" }, "geometry": { "type": "Point", "coordinates": [ 129.77088924420525, 33.173419242389883 ] } },
{ "type": "Feature", "properties": { "内容": "グループホーム彩葉（いろは）【認知症対応型共同生活介護】長崎県佐世保市棚方町424-272", "url": "https://www.kaigokensaku.mhlw.go.jp/42/index.php?action_kouhyou_detail_004_kani=true&JigyosyoCd=4270202189-00&ServiceCd=320&Type=search", "url2": "https://m-kworks.sub.jp/ikoi/" }, "geometry": { "type": "Point", "coordinates": [ 129.655235846032696, 33.199262943959646 ] } },
{ "type": "Feature", "properties": { "内容": "グループホームやみね【認知症対応型共同生活介護】長崎県佐世保市矢峰町82-1", "url": "https://www.kaigokensaku.mhlw.go.jp/42/index.php?action_kouhyou_detail_004_kani=true&JigyosyoCd=4270202320-00&ServiceCd=320&Type=search", "url2": null }, "geometry": { "type": "Point", "coordinates": [ 129.746254099999987, 33.2100689 ] } },
{ "type": "Feature", "properties": { "内容": "ナイスケア　グループホーム白岳【認知症対応型共同生活介護】長崎県佐世保市白岳町604番地", "url": "https://www.kaigokensaku.mhlw.go.jp/42/index.php?action_kouhyou_detail_004_kani=true&JigyosyoCd=4270201561-00&ServiceCd=320&Type=search", "url2": null }, "geometry": { "type": "Point", "coordinates": [ 129.754032400000028, 33.1531576 ] } },
{ "type": "Feature", "properties": { "内容": "ゆうあいホームさわやか【認知症対応型共同生活介護】長崎県佐世保市瀬戸越2丁目1788", "url": "https://www.kaigokensaku.mhlw.go.jp/42/index.php?action_kouhyou_detail_004_kani=true&JigyosyoCd=4290201427-00&ServiceCd=320&Type=search", "url2": null }, "geometry": { "type": "Point", "coordinates": [ 129.736194933775721, 33.208408009845805 ] } },
{ "type": "Feature", "properties": { "内容": "ゆうあいホームたんぽぽ【認知症対応型共同生活介護】佐世保市石坂町177-29", "url": "https://www.kaigokensaku.mhlw.go.jp/42/index.php?action_kouhyou_detail_004_kani=true&JigyosyoCd=4290200908-00&ServiceCd=320&Type=search", "url2": "http://www.n-yuaikai.jp/tanpopo.html" }, "geometry": { "type": "Point", "coordinates": [ 129.71177101104513, 33.184871522382309 ] } },
{ "type": "Feature", "properties": { "内容": "グループホーム九十九の里【認知症対応型共同生活介護】長崎県佐世保市鹿町町下歌ヶ浦免８０２番地８", "url": "https://www.kaigokensaku.mhlw.go.jp/42/index.php?action_kouhyou_detail_004_kani=true&JigyosyoCd=4291500033-00&ServiceCd=320&Type=search", "url2": null }, "geometry": { "type": "Point", "coordinates": [ 129.586017673263513, 33.263052579443524 ] } },
{ "type": "Feature", "properties": { "内容": "グループホーム　六花（りっか）【認知症対応型共同生活介護】長崎県佐世保市日宇町649-9", "url": "https://www.kaigokensaku.mhlw.go.jp/42/index.php?action_kouhyou_detail_004_kani=true&JigyosyoCd=4290201591-00&ServiceCd=320&Type=search", "url2": "https://www.u-ikoi.co.jp/" }, "geometry": { "type": "Point", "coordinates": [ 129.7573567, 33.1574319 ] } },
{ "type": "Feature", "properties": { "内容": "グループホーム陽和（ひより）【認知症対応型共同生活介護】長崎県佐世保市白岳町１３９８－８", "url": "https://www.kaigokensaku.mhlw.go.jp/42/index.php?action_kouhyou_detail_004_kani=true&JigyosyoCd=4290201609-00&ServiceCd=320&Type=search", "url2": "https://www.u-ikoi.co.jp/homepage2/iroha.aspx" }, "geometry": { "type": "Point", "coordinates": [ 129.7586507, 33.1489902 ] } },
{ "type": "Feature", "properties": { "内容": "グループホームゆたんぽ・喜笑【認知症対応型共同生活介護】長崎県佐世保市吉井町直谷1278-1", "url": "https://www.kaigokensaku.mhlw.go.jp/42/index.php?action_kouhyou_detail_004_kani=true&JigyosyoCd=4290201443-00&ServiceCd=320&Type=search", "url2": null }, "geometry": { "type": "Point", "coordinates": [ 129.69030429999998, 33.27975229999997 ] } },
{ "type": "Feature", "properties": { "内容": "グループホーム　サンホーム権常寺【認知症対応型共同生活介護】長崎県佐世保市権常寺町1087-3", "url": "https://www.kaigokensaku.mhlw.go.jp/42/index.php?action_kouhyou_detail_004_kani=true&JigyosyoCd=4290201328-00&ServiceCd=320&Type=search", "url2": "http://koujukai.or.jp" }, "geometry": { "type": "Point", "coordinates": [ 129.801945737434352, 33.135043864789651 ] } },
{ "type": "Feature", "properties": { "内容": "グループホーム　サンホーム天神【認知症対応型共同生活介護】長崎県佐世保市天神1丁目2-13", "url": "https://www.kaigokensaku.mhlw.go.jp/42/index.php?action_kouhyou_detail_004_kani=true&JigyosyoCd=4290201492-00&ServiceCd=320&Type=search", "url2": "http://koujukai.or.jp/" }, "geometry": { "type": "Point", "coordinates": [ 129.7429052, 33.1527875 ] } },
{ "type": "Feature", "properties": { "内容": "グループホーム　スマイル【認知症対応型共同生活介護】長崎県佐世保市光月町4番11号", "url": "https://www.kaigokensaku.mhlw.go.jp/42/index.php?action_kouhyou_detail_004_kani=true&JigyosyoCd=4270202163-00&ServiceCd=320&Type=search", "url2": null }, "geometry": { "type": "Point", "coordinates": [ 129.723392500000045, 33.1720077 ] } },
{ "type": "Feature", "properties": { "内容": "有限会社　泰葉　　グループホーム泰葉【認知症対応型共同生活介護】長崎県佐世保市江迎町北平６－１", "url": "https://www.kaigokensaku.mhlw.go.jp/42/index.php?action_kouhyou_detail_004_kani=true&JigyosyoCd=4271500995-00&ServiceCd=320&Type=search", "url2": null }, "geometry": { "type": "Point", "coordinates": [ 129.63722180000002, 33.3021902 ] } },
{ "type": "Feature", "properties": { "内容": "医療法人わかば会　グループホームわかば【認知症対応型共同生活介護】長崎県佐世保市俵町22番1号", "url": "https://www.kaigokensaku.mhlw.go.jp/42/index.php?action_kouhyou_detail_004_kani=true&JigyosyoCd=4270202080-00&ServiceCd=320&Type=search", "url2": "http://www.wakabakai.or.jp" }, "geometry": { "type": "Point", "coordinates": [ 129.7183986, 33.1877396 ] } },
{ "type": "Feature", "properties": { "内容": "有限会社　ＲＡＩＭＵ【認知症対応型共同生活介護】長崎県佐世保市日野町732", "url": "https://www.kaigokensaku.mhlw.go.jp/42/index.php?action_kouhyou_detail_004_kani=true&JigyosyoCd=4270201801-00&ServiceCd=320&Type=search", "url2": "http://www.raimu-shun.com/" }, "geometry": { "type": "Point", "coordinates": [ 129.6860524, 33.1678581 ] } },
{ "type": "Feature", "properties": { "内容": "グループホーム　サクラ白木【認知症対応型共同生活介護】長崎県佐世保市白木町２２番地", "url": "https://www.kaigokensaku.mhlw.go.jp/42/index.php?action_kouhyou_detail_004_kani=true&JigyosyoCd=4290200981-00&ServiceCd=320&Type=search", "url2": "https://www.yourouikuseikai.jp/" }, "geometry": { "type": "Point", "coordinates": [ 129.732821812025492, 33.170983019514964 ] } },
{ "type": "Feature", "properties": { "内容": "グループホームすずらん【認知症対応型共同生活介護】長崎県佐世保市大宮町４３－１６", "url": "https://www.kaigokensaku.mhlw.go.jp/42/index.php?action_kouhyou_detail_004_kani=true&JigyosyoCd=4270202254-00&ServiceCd=320&Type=search", "url2": null }, "geometry": { "type": "Point", "coordinates": [ 129.7430498, 33.158343 ] } },
{ "type": "Feature", "properties": { "内容": "グループホーム　メロディ【認知症対応型共同生活介護】長崎県佐世保市野中町500番地2", "url": "https://www.kaigokensaku.mhlw.go.jp/42/index.php?action_kouhyou_detail_004_kani=true&JigyosyoCd=4290201294-00&ServiceCd=320&Type=search", "url2": "http://allblue-fukushi.co.jp/" }, "geometry": { "type": "Point", "coordinates": [ 129.711890499999981, 33.211448599999983 ] } },
{ "type": "Feature", "properties": { "内容": "グループホーム咲花多【認知症対応型共同生活介護】長崎県佐世保市赤崎町１０１８番地２", "url": "https://www.kaigokensaku.mhlw.go.jp/42/index.php?action_kouhyou_detail_004_kani=true&JigyosyoCd=4290201476-00&ServiceCd=320&Type=search", "url2": "www.allblue-fukushi.co.jp" }, "geometry": { "type": "Point", "coordinates": [ 129.7027005, 33.1534983 ] } },
{ "type": "Feature", "properties": { "内容": "グループホーム　徳ちゃん【認知症対応型共同生活介護】長崎県佐世保市小佐々町矢岳1062-3", "url": "https://www.kaigokensaku.mhlw.go.jp/42/index.php?action_kouhyou_detail_004_kani=true&JigyosyoCd=4271501019-00&ServiceCd=320&Type=search", "url2": "http://www.well-group.com/" }, "geometry": { "type": "Point", "coordinates": [ 129.569436699999983, 33.2410414 ] } },
{ "type": "Feature", "properties": { "内容": "合同会社光　グループホーム輝【認知症対応型共同生活介護】長崎県佐世保市鹿町町土肥ノ浦21番地７", "url": "https://www.kaigokensaku.mhlw.go.jp/42/index.php?action_kouhyou_detail_004_kani=true&JigyosyoCd=4291500041-00&ServiceCd=320&Type=search", "url2": "http://www.saishouji-iin.com/kagayaki.html" }, "geometry": { "type": "Point", "coordinates": [ 129.613102199999958, 33.2982849 ] } },
{ "type": "Feature", "properties": { "内容": "グループホームまさき【認知症対応型共同生活介護】長崎県佐世保市江迎町猪調１０６２－３", "url": "https://www.kaigokensaku.mhlw.go.jp/42/index.php?action_kouhyou_detail_004_kani=true&JigyosyoCd=4271500821-00&ServiceCd=320&Type=search", "url2": null }, "geometry": { "type": "Point", "coordinates": [ 129.674382299999934, 33.2856261 ] } },
{ "type": "Feature", "properties": { "内容": "グループホーム　チューリップ【認知症対応型共同生活介護】長崎県佐世保市藤原町5番1号", "url": "https://www.kaigokensaku.mhlw.go.jp/42/index.php?action_kouhyou_detail_004_kani=true&JigyosyoCd=4290201583-00&ServiceCd=320&Type=search", "url2": "https://www.tulip.or.jp" }, "geometry": { "type": "Point", "coordinates": [ 129.7375586, 33.1594351 ] } },
{ "type": "Feature", "properties": { "内容": "グループハウス　およりの郷【認知症対応型共同生活介護】長崎県島原市門内町丙622ー1", "url": "https://www.kaigokensaku.mhlw.go.jp/42/index.php?action_kouhyou_detail_004_kani=true&JigyosyoCd=4270300512-00&ServiceCd=320&Type=search", "url2": "http:www.shima－gh" }, "geometry": { "type": "Point", "coordinates": [ 130.35768829024866, 32.751869067544966 ] } },
{ "type": "Feature", "properties": { "内容": "グループホームしおさい【認知症対応型共同生活介護】長崎県島原市中安徳町丁１７６９番地３", "url": "https://www.kaigokensaku.mhlw.go.jp/42/index.php?action_kouhyou_detail_004_kani=true&JigyosyoCd=4270300397-00&ServiceCd=320&Type=search", "url2": null }, "geometry": { "type": "Point", "coordinates": [ 130.361243599999966, 32.7454904 ] } },
{ "type": "Feature", "properties": { "内容": "グループホームふれあい【認知症対応型共同生活介護】長崎県島原市南下川尻町8189－2", "url": "https://www.kaigokensaku.mhlw.go.jp/42/index.php?action_kouhyou_detail_004_kani=true&JigyosyoCd=4270300363-00&ServiceCd=320&Type=search", "url2": null }, "geometry": { "type": "Point", "coordinates": [ 130.3649567, 32.7671156 ] } },
{ "type": "Feature", "properties": { "内容": "グループホームあおぞら【認知症対応型共同生活介護】長崎県島原市六ツ木町甲807番地1", "url": "https://www.kaigokensaku.mhlw.go.jp/42/index.php?action_kouhyou_detail_004_kani=true&JigyosyoCd=4270300462-00&ServiceCd=320&Type=search", "url2": "https://aozora-fukushikai.com/" }, "geometry": { "type": "Point", "coordinates": [ 130.349406400000021, 32.7909106 ] } },
{ "type": "Feature", "properties": { "内容": "グループハウス　およりの郷Ⅱ【認知症対応型共同生活介護】長崎県島原市鎌田町丁４１３３番地", "url": "https://www.kaigokensaku.mhlw.go.jp/42/index.php?action_kouhyou_detail_004_kani=true&JigyosyoCd=4270300504-00&ServiceCd=320&Type=search", "url2": null }, "geometry": { "type": "Point", "coordinates": [ 130.368793200000027, 32.7460625 ] } },
{ "type": "Feature", "properties": { "内容": "グループホーム　ありあけ【認知症対応型共同生活介護】長崎県島原市有明町大三東丙470番地1", "url": "https://www.kaigokensaku.mhlw.go.jp/42/index.php?action_kouhyou_detail_004_kani=true&JigyosyoCd=4271401277-00&ServiceCd=320&Type=search", "url2": "https://apple-ariake.com/" }, "geometry": { "type": "Point", "coordinates": [ 130.341767399999981, 32.8431671 ] } },
{ "type": "Feature", "properties": { "内容": "グループホーム「城下」しまばら【認知症対応型共同生活介護】長崎県島原市新湊2丁目丙1740-1番地", "url": "https://www.kaigokensaku.mhlw.go.jp/42/index.php?action_kouhyou_detail_004_kani=true&JigyosyoCd=4270300421-00&ServiceCd=320&Type=search", "url2": "http://johka.jp" }, "geometry": { "type": "Point", "coordinates": [ 130.360637600000018, 32.7614468 ] } },
{ "type": "Feature", "properties": { "内容": "グループホーム　ふるさとの家「城下」【認知症対応型共同生活介護】長崎県島原市新湊２丁目丙1740-2", "url": "https://www.kaigokensaku.mhlw.go.jp/42/index.php?action_kouhyou_detail_004_kani=true&JigyosyoCd=4270300033-00&ServiceCd=320&Type=search", "url2": "http://johka.jp" }, "geometry": { "type": "Point", "coordinates": [ 130.360863949073746, 32.76138660950545 ] } },
{ "type": "Feature", "properties": { "内容": "医療法人　重眞会　グループホームまこと【認知症対応型共同生活介護】長崎県島原市中野町丙３０番地７", "url": "https://www.kaigokensaku.mhlw.go.jp/42/index.php?action_kouhyou_detail_004_kani=true&JigyosyoCd=4270300405-00&ServiceCd=320&Type=search", "url2": null }, "geometry": { "type": "Point", "coordinates": [ 130.350041799999985, 32.8274684 ] } },
{ "type": "Feature", "properties": { "内容": "グループホーム「庄司屋敷」【認知症対応型共同生活介護】長崎県島原市有明町湯江甲1347番地", "url": "https://www.kaigokensaku.mhlw.go.jp/42/index.php?action_kouhyou_detail_004_kani=true&JigyosyoCd=4271401673-00&ServiceCd=320&Type=search", "url2": null }, "geometry": { "type": "Point", "coordinates": [ 130.322207700000035, 32.8506635 ] } },
{ "type": "Feature", "properties": { "内容": "グループホーム　楽苑【認知症対応型共同生活介護】長崎県島原市有明町湯江乙1138番地", "url": "https://www.kaigokensaku.mhlw.go.jp/42/index.php?action_kouhyou_detail_004_kani=true&JigyosyoCd=4271401822-00&ServiceCd=320&Type=search", "url2": "http://www.rakuen.or.jp/" }, "geometry": { "type": "Point", "coordinates": [ 130.315444800000023, 32.8404061 ] } },
{ "type": "Feature", "properties": { "内容": "グループホーム野の花【認知症対応型共同生活介護】長崎県島原市江里町乙2346-1", "url": "https://www.kaigokensaku.mhlw.go.jp/42/index.php?action_kouhyou_detail_004_kani=true&JigyosyoCd=4270300447-00&ServiceCd=320&Type=search", "url2": "http://npo-shimabara.com/" }, "geometry": { "type": "Point", "coordinates": [ 130.333074, 32.8003625 ] } },
{ "type": "Feature", "properties": { "内容": "医療法人　済家会　グループホーム長庚堂【認知症対応型共同生活介護】長崎県島原市弁天町一丁目７０５４番地", "url": "https://www.kaigokensaku.mhlw.go.jp/42/index.php?action_kouhyou_detail_004_kani=true&JigyosyoCd=4270300439-00&ServiceCd=320&Type=search", "url2": null }, "geometry": { "type": "Point", "coordinates": [ 130.371991699999967, 32.7824921 ] } },
{ "type": "Feature", "properties": { "内容": "グループホーム親和【認知症対応型共同生活介護】長崎県島原市親和町丁２６７０－１０", "url": "https://www.kaigokensaku.mhlw.go.jp/42/index.php?action_kouhyou_detail_004_kani=true&JigyosyoCd=4270300280-00&ServiceCd=320&Type=search", "url2": null }, "geometry": { "type": "Point", "coordinates": [ 130.366642899999988, 32.7607052 ] } },
{ "type": "Feature", "properties": { "内容": "グループホーム　たけふえ【認知症対応型共同生活介護】長崎県島原市有明町湯江丁2591-2", "url": "https://www.kaigokensaku.mhlw.go.jp/42/index.php?action_kouhyou_detail_004_kani=true&JigyosyoCd=4271401459-00&ServiceCd=320&Type=search", "url2": "http://npo-shimabara.com/" }, "geometry": { "type": "Point", "coordinates": [ 130.3079229, 32.8502828 ] } },
{ "type": "Feature", "properties": { "内容": "グループホーム心【認知症対応型共同生活介護】長崎県島原市緑町9177-5", "url": "https://www.kaigokensaku.mhlw.go.jp/42/index.php?action_kouhyou_detail_004_kani=true&JigyosyoCd=4270300520-00&ServiceCd=320&Type=search", "url2": "purosuta-cocoro.com" }, "geometry": { "type": "Point", "coordinates": [ 130.362040200000024, 32.7675766 ] } },
{ "type": "Feature", "properties": { "内容": "医療法人　済家会　グループホーム長庚堂Ⅱ【認知症対応型共同生活介護】長崎県島原市弁天町一丁目７０６３番地", "url": "https://www.kaigokensaku.mhlw.go.jp/42/index.php?action_kouhyou_detail_004_kani=true&JigyosyoCd=4290300070-00&ServiceCd=320&Type=search", "url2": null }, "geometry": { "type": "Point", "coordinates": [ 130.3722, 32.7824559 ] } },
{ "type": "Feature", "properties": { "内容": "グループホーム親和２【認知症対応型共同生活介護】長崎県島原市親和町丁２６７２番地", "url": "https://www.kaigokensaku.mhlw.go.jp/42/index.php?action_kouhyou_detail_004_kani=true&JigyosyoCd=4290300013-00&ServiceCd=320&Type=search", "url2": "http://www.himawarinet.ne.jp/~jigenkai/" }, "geometry": { "type": "Point", "coordinates": [ 130.365806799999973, 32.7606497 ] } },
{ "type": "Feature", "properties": { "内容": "グループホーム　恵【認知症対応型共同生活介護】長崎県諌早市有喜町５９３番地２", "url": "https://www.kaigokensaku.mhlw.go.jp/42/index.php?action_kouhyou_detail_004_kani=true&JigyosyoCd=4270401302-00&ServiceCd=320&Type=search", "url2": "https://uki-fukushimura.jp/" }, "geometry": { "type": "Point", "coordinates": [ 130.078468, 32.7917895 ] } },
{ "type": "Feature", "properties": { "内容": "社会福祉法人清和福祉会グループホームゆたか荘ベルホーム【認知症対応型共同生活介護】諫早市長田町2781番地1", "url": "https://www.kaigokensaku.mhlw.go.jp/42/index.php?action_kouhyou_detail_004_kani=true&JigyosyoCd=4270400403-00&ServiceCd=320&Type=search", "url2": "http://seiwafukushi.jp/carenet/" }, "geometry": { "type": "Point", "coordinates": [ 130.075809692420989, 32.865379196397967 ] } },
{ "type": "Feature", "properties": { "内容": "グループホームさざんか【認知症対応型共同生活介護】長崎県諫早市小長井町小川原浦６５４", "url": "https://www.kaigokensaku.mhlw.go.jp/42/index.php?action_kouhyou_detail_004_kani=true&JigyosyoCd=4271300321-00&ServiceCd=320&Type=search", "url2": null }, "geometry": { "type": "Point", "coordinates": [ 130.18836060000001, 32.9270776 ] } },
{ "type": "Feature", "properties": { "内容": "グループホームイーハトーブ【認知症対応型共同生活介護】長崎県諫早市有喜町１５１－１０", "url": "https://www.kaigokensaku.mhlw.go.jp/42/index.php?action_kouhyou_detail_004_kani=true&JigyosyoCd=4270401187-00&ServiceCd=320&Type=search", "url2": "https://bso17369.bsj.jp/" }, "geometry": { "type": "Point", "coordinates": [ 130.084147600000051, 32.7955893 ] } },
{ "type": "Feature", "properties": { "内容": "グループホーム野の実【認知症対応型共同生活介護】長崎県諫早市多良見町舟津２９９番地６", "url": "https://www.kaigokensaku.mhlw.go.jp/42/index.php?action_kouhyou_detail_004_kani=true&JigyosyoCd=4271102412-00&ServiceCd=320&Type=search", "url2": "https://www.jijibaba-net.com/" }, "geometry": { "type": "Point", "coordinates": [ 129.9298397, 32.8643285 ] } },
{ "type": "Feature", "properties": { "内容": "グループホーム　おこんご【認知症対応型共同生活介護】小長井町小川原浦６５６", "url": "https://www.kaigokensaku.mhlw.go.jp/42/index.php?action_kouhyou_detail_004_kani=true&JigyosyoCd=4270401195-00&ServiceCd=320&Type=search", "url2": null }, "geometry": { "type": "Point", "coordinates": [ 130.18810510000003, 32.9268638 ] } },
{ "type": "Feature", "properties": { "内容": "医療法人有葵会のぼる内科グループホームゆうき【認知症対応型共同生活介護】長崎県諫早市多良見町元釜５番地１５", "url": "https://www.kaigokensaku.mhlw.go.jp/42/index.php?action_kouhyou_detail_004_kani=true&JigyosyoCd=4271102321-00&ServiceCd=320&Type=search", "url2": "http://noborunaika.jp" }, "geometry": { "type": "Point", "coordinates": [ 129.932037, 32.857768 ] } },
{ "type": "Feature", "properties": { "内容": "グループホーム　ふるさとの丘・山鳩の里【認知症対応型共同生活介護】長崎県諫早市中通町９９３－７", "url": "https://www.kaigokensaku.mhlw.go.jp/42/index.php?action_kouhyou_detail_004_kani=true&JigyosyoCd=4271300297-00&ServiceCd=320&Type=search", "url2": "https://i-furusato.co.jp/" }, "geometry": { "type": "Point", "coordinates": [ 130.073245899999961, 32.8004776 ] } },
{ "type": "Feature", "properties": { "内容": "社会福祉法人　森の里福祉会　グループホーム　コーヒーの家・紅茶の家【認知症対応型共同生活介護】長崎県諫早市森山町杉谷2898-1", "url": "https://www.kaigokensaku.mhlw.go.jp/42/index.php?action_kouhyou_detail_004_kani=true&JigyosyoCd=4271300362-00&ServiceCd=320&Type=search", "url2": null }, "geometry": { "type": "Point", "coordinates": [ 130.146306399999958, 32.8152268 ] } },
{ "type": "Feature", "properties": { "内容": "グループホーム・栄田【認知症対応型共同生活介護】長崎県諫早市栄田町４２番５８号", "url": "https://www.kaigokensaku.mhlw.go.jp/42/index.php?action_kouhyou_detail_004_kani=true&JigyosyoCd=4270400668-00&ServiceCd=320&Type=search", "url2": "http://www.heisei-kai.or.jp/" }, "geometry": { "type": "Point", "coordinates": [ 130.033807, 32.8570309 ] } },
{ "type": "Feature", "properties": { "内容": "グループホーム　たかき【認知症対応型共同生活介護】長崎県諫早市高来町峰１７９番地", "url": "https://www.kaigokensaku.mhlw.go.jp/42/index.php?action_kouhyou_detail_004_kani=true&JigyosyoCd=4270401518-00&ServiceCd=320&Type=search", "url2": "https://wakeikai.jp/" }, "geometry": { "type": "Point", "coordinates": [ 130.108080100000052, 32.8933704 ] } },
{ "type": "Feature", "properties": { "内容": "グループホーム静豊庵【認知症対応型共同生活介護】長崎県諫早市森山町慶師野７８４番地", "url": "https://www.kaigokensaku.mhlw.go.jp/42/index.php?action_kouhyou_detail_004_kani=true&JigyosyoCd=4271300420-00&ServiceCd=320&Type=search", "url2": null }, "geometry": { "type": "Point", "coordinates": [ 130.119737399999963, 32.8248953 ] } },
{ "type": "Feature", "properties": { "内容": "グループホームからこ【認知症対応型共同生活介護】長崎県諫早市森山町唐比西１１２５番地２グループホームからこ", "url": "https://www.kaigokensaku.mhlw.go.jp/42/index.php?action_kouhyou_detail_004_kani=true&JigyosyoCd=4271300396-00&ServiceCd=320&Type=search", "url2": "http://karako-hp.jp/" }, "geometry": { "type": "Point", "coordinates": [ 130.12423160000003, 32.7972588 ] } },
{ "type": "Feature", "properties": { "内容": "グループホーム貝津【認知症対応型共同生活介護】長崎県諫早市貝津町２２３９－２", "url": "https://www.kaigokensaku.mhlw.go.jp/42/index.php?action_kouhyou_detail_004_kani=true&JigyosyoCd=4270400759-00&ServiceCd=320&Type=search", "url2": null }, "geometry": { "type": "Point", "coordinates": [ 130.016525300000012, 32.8371264 ] } },
{ "type": "Feature", "properties": { "内容": "グループホーム花の里【認知症対応型共同生活介護】長崎県諫早市福田町3316-3", "url": "https://www.kaigokensaku.mhlw.go.jp/42/index.php?action_kouhyou_detail_004_kani=true&JigyosyoCd=4270401369-00&ServiceCd=320&Type=search", "url2": "http://www.fukusuikai.com/" }, "geometry": { "type": "Point", "coordinates": [ 130.058550299999979, 32.8583867 ] } },
{ "type": "Feature", "properties": { "内容": "グループホームあじさいの家【認知症対応型共同生活介護】長崎県諌早市飯盛町後田１６４３－１", "url": "https://www.kaigokensaku.mhlw.go.jp/42/index.php?action_kouhyou_detail_004_kani=true&JigyosyoCd=4271300404-00&ServiceCd=320&Type=search", "url2": null }, "geometry": { "type": "Point", "coordinates": [ 130.027138499999978, 32.769604 ] } },
{ "type": "Feature", "properties": { "内容": "グループホーム本明の家【認知症対応型共同生活介護】長崎県諌早市本明町455番地１", "url": "https://www.kaigokensaku.mhlw.go.jp/42/index.php?action_kouhyou_detail_004_kani=true&JigyosyoCd=4270400932-00&ServiceCd=320&Type=search", "url2": null }, "geometry": { "type": "Point", "coordinates": [ 130.028623499999981, 32.872196500000015 ] } },
{ "type": "Feature", "properties": { "内容": "グループホームいさはや【認知症対応型共同生活介護】長崎県諫早市福田町１６７３－８", "url": "https://www.kaigokensaku.mhlw.go.jp/42/index.php?action_kouhyou_detail_004_kani=true&JigyosyoCd=4270400817-00&ServiceCd=320&Type=search", "url2": "http://anan-kaigo.jp/" }, "geometry": { "type": "Point", "coordinates": [ 130.058141400000068, 32.8801319 ] } },
{ "type": "Feature", "properties": { "内容": "有限会社　春陽　グループホーム　福田【認知症対応型共同生活介護】長崎県諫早市福田町３３４６番地５", "url": "https://www.kaigokensaku.mhlw.go.jp/42/index.php?action_kouhyou_detail_004_kani=true&JigyosyoCd=4270401500-00&ServiceCd=320&Type=search", "url2": null }, "geometry": { "type": "Point", "coordinates": [ 130.059300300000018, 32.8586645 ] } },
{ "type": "Feature", "properties": { "内容": "グループホーム　くれも【認知症対応型共同生活介護】長崎県諫早市栗面町８１０‐２", "url": "https://www.kaigokensaku.mhlw.go.jp/42/index.php?action_kouhyou_detail_004_kani=true&JigyosyoCd=4270400890-00&ServiceCd=320&Type=search", "url2": null }, "geometry": { "type": "Point", "coordinates": [ 130.047615, 32.831939 ] } },
{ "type": "Feature", "properties": { "内容": "グループホーム　たらみ【認知症対応型共同生活介護】長崎県諫早市多良見町化屋１２３５", "url": "https://www.kaigokensaku.mhlw.go.jp/42/index.php?action_kouhyou_detail_004_kani=true&JigyosyoCd=4271101901-00&ServiceCd=320&Type=search", "url2": null }, "geometry": { "type": "Point", "coordinates": [ 129.986823, 32.8267828 ] } },
{ "type": "Feature", "properties": { "内容": "グループホーム　けやの杜【認知症対応型共同生活介護】長崎県諫早市多良見町化屋1840番地グループホーム　けやの杜", "url": "https://www.kaigokensaku.mhlw.go.jp/42/index.php?action_kouhyou_detail_004_kani=true&JigyosyoCd=4290400359-00&ServiceCd=320&Type=search", "url2": "https://jyunseikai.jp/" }, "geometry": { "type": "Point", "coordinates": [ 129.983620800000011, 32.8294916 ] } },
{ "type": "Feature", "properties": { "内容": "グループホーム　きらら【認知症対応型共同生活介護】長崎県諫早市栄田町25-24", "url": "https://www.kaigokensaku.mhlw.go.jp/42/index.php?action_kouhyou_detail_004_kani=true&JigyosyoCd=4290400524-00&ServiceCd=320&Type=search", "url2": null }, "geometry": { "type": "Point", "coordinates": [ 130.037197076239096, 32.860275215296589 ] } },
{ "type": "Feature", "properties": { "内容": "グループホームつきとほし【認知症対応型共同生活介護】長崎県諫早市福田町2-22", "url": "https://www.kaigokensaku.mhlw.go.jp/42/index.php?action_kouhyou_detail_004_kani=true&JigyosyoCd=4290400516-00&ServiceCd=320&Type=search", "url2": "https://matsuyamafukushikai.jp/" }, "geometry": { "type": "Point", "coordinates": [ 130.0566416, 32.8500506 ] } },
{ "type": "Feature", "properties": { "内容": "グループホーム風の丘たかき【認知症対応型共同生活介護】長崎県諫早市高来町黒崎79-3", "url": "https://www.kaigokensaku.mhlw.go.jp/42/index.php?action_kouhyou_detail_004_kani=true&JigyosyoCd=4290400482-00&ServiceCd=320&Type=search", "url2": "https://wakeikai.jp/" }, "geometry": { "type": "Point", "coordinates": [ 130.13196065463103, 32.903861715504007 ] } },
{ "type": "Feature", "properties": { "内容": "グループホームたんぽぽの家【認知症対応型共同生活介護】長崎県大村市大川田町424-21F", "url": "https://www.kaigokensaku.mhlw.go.jp/42/index.php?action_kouhyou_detail_004_kani=true&JigyosyoCd=4270500368-00&ServiceCd=320&Type=search", "url2": "https://triangle-circle.jp/tanpopo_ie/" }, "geometry": { "type": "Point", "coordinates": [ 129.946583915344206, 32.943060443319041 ] } },
{ "type": "Feature", "properties": { "内容": "グループホームたんぽぽ憩の家【認知症対応型共同生活介護】長崎県大村市大川田町４２４－４　２階", "url": "https://www.kaigokensaku.mhlw.go.jp/42/index.php?action_kouhyou_detail_004_kani=true&JigyosyoCd=4270500509-00&ServiceCd=320&Type=search", "url2": "http://www.tanpopoen.npo-jp.net/" }, "geometry": { "type": "Point", "coordinates": [ 129.946520756903027, 32.943058204864656 ] } },
{ "type": "Feature", "properties": { "内容": "グループホームふぁみりぃ【認知症対応型共同生活介護】長崎県大村市向木場町1265番地", "url": "https://www.kaigokensaku.mhlw.go.jp/42/index.php?action_kouhyou_detail_004_kani=true&JigyosyoCd=4270500608-00&ServiceCd=320&Type=search", "url2": null }, "geometry": { "type": "Point", "coordinates": [ 129.9791593, 32.8979903 ] } },
{ "type": "Feature", "properties": { "内容": "グループホーム　かやぜの里【認知症対応型共同生活介護】長崎県大村市田下町４７３－１", "url": "https://www.kaigokensaku.mhlw.go.jp/42/index.php?action_kouhyou_detail_004_kani=true&JigyosyoCd=4270500673-00&ServiceCd=320&Type=search", "url2": "http://kayazenosato.com/" }, "geometry": { "type": "Point", "coordinates": [ 129.9974843, 32.9510144 ] } },
{ "type": "Feature", "properties": { "内容": "医療法人　牧山医院　グループホーム　虹【認知症対応型共同生活介護】長崎県大村市黒丸町1653番地1", "url": "https://www.kaigokensaku.mhlw.go.jp/42/index.php?action_kouhyou_detail_004_kani=true&JigyosyoCd=4270500764-00&ServiceCd=320&Type=search", "url2": null }, "geometry": { "type": "Point", "coordinates": [ 129.940113600000018, 32.9512573 ] } },
{ "type": "Feature", "properties": { "内容": "グループホーム泉の里【認知症対応型共同生活介護】長崎県大村市東本町５８３番地", "url": "https://www.kaigokensaku.mhlw.go.jp/42/index.php?action_kouhyou_detail_004_kani=true&JigyosyoCd=4270500905-00&ServiceCd=320&Type=search", "url2": "http://www.izuminosato.jp" }, "geometry": { "type": "Point", "coordinates": [ 129.961152099999907, 32.9087339 ] } },
{ "type": "Feature", "properties": { "内容": "グループホーム箕望の丘【認知症対応型共同生活介護】長崎県大村市池田２丁目１１６３－２４", "url": "https://www.kaigokensaku.mhlw.go.jp/42/index.php?action_kouhyou_detail_004_kani=true&JigyosyoCd=4270500665-00&ServiceCd=320&Type=search", "url2": "http://www.kibouso.or.jp" }, "geometry": { "type": "Point", "coordinates": [ 129.972280899999987, 32.9372623 ] } },
{ "type": "Feature", "properties": { "内容": "グループホームあんのん【認知症対応型共同生活介護】長崎県大村市協和町710番地1", "url": "https://www.kaigokensaku.mhlw.go.jp/42/index.php?action_kouhyou_detail_004_kani=true&JigyosyoCd=4270500996-00&ServiceCd=320&Type=search", "url2": "http://www.annon.co.jp" }, "geometry": { "type": "Point", "coordinates": [ 129.946119599999946, 32.9185688 ] } },
{ "type": "Feature", "properties": { "内容": "グループホーム　めぐみ荘【認知症対応型共同生活介護】長崎県大村市西部町４９５－７", "url": "https://www.kaigokensaku.mhlw.go.jp/42/index.php?action_kouhyou_detail_004_kani=true&JigyosyoCd=4270500640-00&ServiceCd=320&Type=search", "url2": null }, "geometry": { "type": "Point", "coordinates": [ 129.969730499999969, 32.8757891 ] } },
{ "type": "Feature", "properties": { "内容": "グループホーム　平の庄【認知症対応型共同生活介護】長崎県大村市宮小路1丁目291番地3", "url": "https://www.kaigokensaku.mhlw.go.jp/42/index.php?action_kouhyou_detail_004_kani=true&JigyosyoCd=4270500780-00&ServiceCd=320&Type=search", "url2": "http://hashiguchi-orthopaedic.jp/h-info/" }, "geometry": { "type": "Point", "coordinates": [ 129.944621699999971, 32.9462662 ] } },
{ "type": "Feature", "properties": { "内容": "医療法人　牧山医院　グループホーム・ライフ【認知症対応型共同生活介護】長崎県大村市宮小路２丁目１４０８番地", "url": "https://www.kaigokensaku.mhlw.go.jp/42/index.php?action_kouhyou_detail_004_kani=true&JigyosyoCd=4270500491-00&ServiceCd=320&Type=search", "url2": null }, "geometry": { "type": "Point", "coordinates": [ 129.942321799999945, 32.9502325 ] } },
{ "type": "Feature", "properties": { "内容": "グループホーム　慈恵荘【認知症対応型共同生活介護】長崎県大村市東大村２丁目１６１６番地3", "url": "https://www.kaigokensaku.mhlw.go.jp/42/index.php?action_kouhyou_detail_004_kani=true&JigyosyoCd=4270500350-00&ServiceCd=320&Type=search", "url2": "http://www.keikokai.jp" }, "geometry": { "type": "Point", "coordinates": [ 129.997898500000019, 32.9278301 ] } },
{ "type": "Feature", "properties": { "内容": "グループホーム「まごころ」【認知症対応型共同生活介護】長崎県大村市古賀島町120-15", "url": "https://www.kaigokensaku.mhlw.go.jp/42/index.php?action_kouhyou_detail_004_kani=true&JigyosyoCd=4270500772-00&ServiceCd=320&Type=search", "url2": null }, "geometry": { "type": "Point", "coordinates": [ 129.936006099999986, 32.9260011 ] } },
{ "type": "Feature", "properties": { "内容": "グループホーム　ねむの木【認知症対応型共同生活介護】長崎県大村市黒丸町１４７１－１", "url": "https://www.kaigokensaku.mhlw.go.jp/42/index.php?action_kouhyou_detail_004_kani=true&JigyosyoCd=4270500830-00&ServiceCd=320&Type=search", "url2": null }, "geometry": { "type": "Point", "coordinates": [ 129.9378749, 32.950549 ] } },
{ "type": "Feature", "properties": { "内容": "合同会社明和会MCSグループホーム花しょうぶ【認知症対応型共同生活介護】大村市上諏訪町1174番地31グループホーム花しょうぶ", "url": "https://www.kaigokensaku.mhlw.go.jp/42/index.php?action_kouhyou_detail_004_kani=true&JigyosyoCd=4290500356-00&ServiceCd=320&Type=search", "url2": "https://meiwakai-mcs.net/hanasyoubu/" }, "geometry": { "type": "Point", "coordinates": [ 129.9706358, 32.9240651 ] } },
{ "type": "Feature", "properties": { "内容": "グループホーム　ひだまりの家【認知症対応型共同生活介護】長崎県大村市杭出津２丁目１－７", "url": "https://www.kaigokensaku.mhlw.go.jp/42/index.php?action_kouhyou_detail_004_kani=true&JigyosyoCd=4290500257-00&ServiceCd=320&Type=search", "url2": null }, "geometry": { "type": "Point", "coordinates": [ 129.956005199999936, 32.9156193 ] } },
{ "type": "Feature", "properties": { "内容": "グループホームみつばちの家【認知症対応型共同生活介護】長崎県大村市竹松本町685番8", "url": "https://www.kaigokensaku.mhlw.go.jp/42/index.php?action_kouhyou_detail_004_kani=true&JigyosyoCd=4290500083-00&ServiceCd=320&Type=search", "url2": "https://glory-llc.jp" }, "geometry": { "type": "Point", "coordinates": [ 129.952515799999986, 32.9378256 ] } },
{ "type": "Feature", "properties": { "内容": "合同会社明和会ＭＣＳグループホーム花みずき【認知症対応型共同生活介護】大村市上諏訪町1231-1グループホーム花みずき", "url": "https://www.kaigokensaku.mhlw.go.jp/42/index.php?action_kouhyou_detail_004_kani=true&JigyosyoCd=4290500216-00&ServiceCd=320&Type=search", "url2": "https://meiwakai-mcs.net/hanamizuki/" }, "geometry": { "type": "Point", "coordinates": [ 129.970289699999967, 32.9245966 ] } },
{ "type": "Feature", "properties": { "内容": "グループホーム東大村【認知症対応型共同生活介護】長崎県大村市東大村2丁目1616番地3", "url": "https://www.kaigokensaku.mhlw.go.jp/42/index.php?action_kouhyou_detail_004_kani=true&JigyosyoCd=4290500398-00&ServiceCd=320&Type=search", "url2": "ghjikeisou@gmail.com" }, "geometry": { "type": "Point", "coordinates": [ 129.9976547, 32.9276205 ] } },
{ "type": "Feature", "properties": { "内容": "グループホーム湧泉荘【認知症対応型共同生活介護】長崎県大村市諏訪１丁目１７４番地２", "url": "https://www.kaigokensaku.mhlw.go.jp/42/index.php?action_kouhyou_detail_004_kani=true&JigyosyoCd=4290500422-00&ServiceCd=320&Type=search", "url2": "http://juyoukai.com/" }, "geometry": { "type": "Point", "coordinates": [ 129.961660599999988, 32.923555 ] } },
{ "type": "Feature", "properties": { "内容": "グループホームたんぽぽ紬の家【認知症対応型共同生活介護】大川田町416-1", "url": "https://www.kaigokensaku.mhlw.go.jp/42/index.php?action_kouhyou_detail_004_kani=true&JigyosyoCd=4290500455-00&ServiceCd=320&Type=search", "url2": "https://triangle-circle.jp/tanpopo_tumugi/" }, "geometry": { "type": "Point", "coordinates": [ 129.947021299999989, 32.9429757 ] } },
{ "type": "Feature", "properties": { "内容": "グループホーム　ほたる【認知症対応型共同生活介護】長崎県大村市田下町792", "url": "https://www.kaigokensaku.mhlw.go.jp/42/index.php?action_kouhyou_detail_004_kani=true&JigyosyoCd=4290500364-00&ServiceCd=320&Type=search", "url2": "http://kayazenosato.com/" }, "geometry": { "type": "Point", "coordinates": [ 129.99971810001901, 32.951341063503357 ] } },
{ "type": "Feature", "properties": { "内容": "グループホーム翔里【認知症対応型共同生活介護】長崎県平戸市津吉町1051", "url": "https://www.kaigokensaku.mhlw.go.jp/42/index.php?action_kouhyou_detail_004_kani=true&JigyosyoCd=4270700323-00&ServiceCd=320&Type=search", "url2": "showri＠ａｑ.ｗａｋｗａｋ.com；" }, "geometry": { "type": "Point", "coordinates": [ 129.427781, 33.2181131 ] } },
{ "type": "Feature", "properties": { "内容": "翔里第二グループホーム【認知症対応型共同生活介護】長崎県平戸市津吉町1051", "url": "https://www.kaigokensaku.mhlw.go.jp/42/index.php?action_kouhyou_detail_004_kani=true&JigyosyoCd=4290700097-00&ServiceCd=320&Type=search", "url2": "http://showri.jp//index.php" }, "geometry": { "type": "Point", "coordinates": [ 129.427781, 33.2181131 ] } },
{ "type": "Feature", "properties": { "内容": "平戸荘グループホーム【認知症対応型共同生活介護】長崎県平戸市紐差町450番地", "url": "https://www.kaigokensaku.mhlw.go.jp/42/index.php?action_kouhyou_detail_004_kani=true&JigyosyoCd=4270700257-00&ServiceCd=320&Type=search", "url2": "http://hakujukai.com/" }, "geometry": { "type": "Point", "coordinates": [ 129.475393045368946, 33.284372474430391 ] } },
{ "type": "Feature", "properties": { "内容": "グループホームじゃんがら【認知症対応型共同生活介護】長崎県平戸市浦の町730番地1", "url": "https://www.kaigokensaku.mhlw.go.jp/42/index.php?action_kouhyou_detail_004_kani=true&JigyosyoCd=4270700281-00&ServiceCd=320&Type=search", "url2": "http://kyk-kitagawahp.com/" }, "geometry": { "type": "Point", "coordinates": [ 129.552360200000066, 33.3715197 ] } },
{ "type": "Feature", "properties": { "内容": "グループホームいなほ【認知症対応型共同生活介護】長崎県平戸市生月町山田免1074番地1", "url": "https://www.kaigokensaku.mhlw.go.jp/42/index.php?action_kouhyou_detail_004_kani=true&JigyosyoCd=4270700505-00&ServiceCd=320&Type=search", "url2": "http://inaho-group.jp/" }, "geometry": { "type": "Point", "coordinates": [ 129.433515400000033, 33.3700284 ] } },
{ "type": "Feature", "properties": { "内容": "社会福祉法人　白寿会　グループホーム　かぶとむし【認知症対応型共同生活介護】長崎県平戸市田平町深月免405-1", "url": "https://www.kaigokensaku.mhlw.go.jp/42/index.php?action_kouhyou_detail_004_kani=true&JigyosyoCd=4290700048-00&ServiceCd=320&Type=search", "url2": "https://hakujukai.com" }, "geometry": { "type": "Point", "coordinates": [ 129.596509314282116, 33.320155656399656 ] } },
{ "type": "Feature", "properties": { "内容": "平戸荘第二グループホーム【認知症対応型共同生活介護】長崎県平戸市紐差町494番地", "url": "https://www.kaigokensaku.mhlw.go.jp/42/index.php?action_kouhyou_detail_004_kani=true&JigyosyoCd=4290700089-00&ServiceCd=320&Type=search", "url2": "http://www.hakujukai.com/" }, "geometry": { "type": "Point", "coordinates": [ 129.475341899999989, 33.2863669 ] } },
{ "type": "Feature", "properties": { "内容": "JFいきつきグループホームふれあい【認知症対応型共同生活介護】長崎県平戸市生月町里免652番地24", "url": "https://www.kaigokensaku.mhlw.go.jp/42/index.php?action_kouhyou_detail_004_kani=true&JigyosyoCd=4290700063-00&ServiceCd=320&Type=search", "url2": null }, "geometry": { "type": "Point", "coordinates": [ 129.430453076443428, 33.38531855864224 ] } },
{ "type": "Feature", "properties": { "内容": "グループホーム　おれんじ友【認知症対応型共同生活介護】長崎県平戸市大島村前平2742-1", "url": "https://www.kaigokensaku.mhlw.go.jp/42/index.php?action_kouhyou_detail_004_kani=true&JigyosyoCd=4290700030-00&ServiceCd=320&Type=search", "url2": "orangeyou@iaa.itkeeper.ne.jp" }, "geometry": { "type": "Point", "coordinates": [ 129.552773800000068, 33.4946215 ] } },
{ "type": "Feature", "properties": { "内容": "グループホームひなたぼっこ【認知症対応型共同生活介護】長崎県松浦市志佐町浦免２０６番地", "url": "https://www.kaigokensaku.mhlw.go.jp/42/index.php?action_kouhyou_detail_004_kani=true&JigyosyoCd=4270800370-00&ServiceCd=320&Type=search", "url2": null }, "geometry": { "type": "Point", "coordinates": [ 129.718249199999946, 33.3460982 ] } },
{ "type": "Feature", "properties": { "内容": "有限会社グループホーム・元気の家【認知症対応型共同生活介護】長崎県松浦市志佐町赤木免253", "url": "https://www.kaigokensaku.mhlw.go.jp/42/index.php?action_kouhyou_detail_004_kani=true&JigyosyoCd=4270800305-00&ServiceCd=320&Type=search", "url2": "http://www.genkinoie.jp" }, "geometry": { "type": "Point", "coordinates": [ 129.72611889999996, 33.3186597 ] } },
{ "type": "Feature", "properties": { "内容": "グループホームゆうゆう【認知症対応型共同生活介護】長崎県松浦市御厨町里免397番地10", "url": "https://www.kaigokensaku.mhlw.go.jp/42/index.php?action_kouhyou_detail_004_kani=true&JigyosyoCd=4270800289-00&ServiceCd=320&Type=search", "url2": null }, "geometry": { "type": "Point", "coordinates": [ 129.6641515, 33.3655775 ] } },
{ "type": "Feature", "properties": { "内容": "松浦市立福島診療所認知症グループホームふくしん【認知症対応型共同生活介護】長崎県松浦市福島町塩浜免2944-21", "url": "https://www.kaigokensaku.mhlw.go.jp/42/index.php?action_kouhyou_detail_004_kani=true&JigyosyoCd=4290800095-00&ServiceCd=320&Type=search", "url2": "https://www.city-matsuura.jp/" }, "geometry": { "type": "Point", "coordinates": [ 129.8202796, 33.3663345 ] } },
{ "type": "Feature", "properties": { "内容": "グループホームしさんまち【認知症対応型共同生活介護】長崎県松浦市志佐町浦免１７７５－１", "url": "https://www.kaigokensaku.mhlw.go.jp/42/index.php?action_kouhyou_detail_004_kani=true&JigyosyoCd=4290800012-00&ServiceCd=320&Type=search", "url2": "http://www.kikuchi-hp.com" }, "geometry": { "type": "Point", "coordinates": [ 129.704166757672027, 33.341270140185564 ] } },
{ "type": "Feature", "properties": { "内容": "グループホーム　たけべ【認知症対応型共同生活介護】長崎県松浦市今福町北免2091-5", "url": "https://www.kaigokensaku.mhlw.go.jp/42/index.php?action_kouhyou_detail_004_kani=true&JigyosyoCd=4290800061-00&ServiceCd=320&Type=search", "url2": "https://seiwakai-takebe.or.jp" }, "geometry": { "type": "Point", "coordinates": [ 129.77068658531951, 33.352041878571306 ] } },
{ "type": "Feature", "properties": { "内容": "グループホームたからじま【認知症対応型共同生活介護】長崎県松浦市鷹島町中通免1910番地1", "url": "https://www.kaigokensaku.mhlw.go.jp/42/index.php?action_kouhyou_detail_004_kani=true&JigyosyoCd=4290800053-00&ServiceCd=320&Type=search", "url2": null }, "geometry": { "type": "Point", "coordinates": [ 129.756769911639424, 33.435551426265697 ] } },
{ "type": "Feature", "properties": { "内容": "グループホーム　かもめ【認知症対応型共同生活介護】長崎県松浦市御厨町里免８９３番地", "url": "https://www.kaigokensaku.mhlw.go.jp/42/index.php?action_kouhyou_detail_004_kani=true&JigyosyoCd=4270800404-00&ServiceCd=320&Type=search", "url2": "http://shotoku-tanaka.jp" }, "geometry": { "type": "Point", "coordinates": [ 129.667838479762253, 33.364926881682656 ] } },
{ "type": "Feature", "properties": { "内容": "高齢者グループホーム　峰の杜【認知症対応型共同生活介護】長崎県対馬市峰町三根44番地3", "url": "https://www.kaigokensaku.mhlw.go.jp/42/index.php?action_kouhyou_detail_004_kani=true&JigyosyoCd=4292000066-00&ServiceCd=320&Type=search", "url2": null }, "geometry": { "type": "Point", "coordinates": [ 129.310723955542045, 34.468851426400725 ] } },
{ "type": "Feature", "properties": { "内容": "グループホーム　あがたの里【認知症対応型共同生活介護】長崎県対馬市上県町佐須奈乙462-2", "url": "https://www.kaigokensaku.mhlw.go.jp/42/index.php?action_kouhyou_detail_004_kani=true&JigyosyoCd=4271900211-00&ServiceCd=320&Type=search", "url2": null }, "geometry": { "type": "Point", "coordinates": [ 129.4013172, 34.6455383 ] } },
{ "type": "Feature", "properties": { "内容": "高齢者グループホーム和庵【認知症対応型共同生活介護】長崎県対馬市厳原町国分１４２８番地１", "url": "https://www.kaigokensaku.mhlw.go.jp/42/index.php?action_kouhyou_detail_004_kani=true&JigyosyoCd=4292000074-00&ServiceCd=320&Type=search", "url2": "https://asukafukushikai.com/" }, "geometry": { "type": "Point", "coordinates": [ 129.288948600000026, 34.2013542 ] } },
{ "type": "Feature", "properties": { "内容": "社会福祉法人あすか福祉会高齢者グループホーム真の大樹【認知症対応型共同生活介護】長崎県対馬市美津島町鶏知甲８８４－５", "url": "https://www.kaigokensaku.mhlw.go.jp/42/index.php?action_kouhyou_detail_004_kani=true&JigyosyoCd=4272000219-00&ServiceCd=320&Type=search", "url2": "http://asuka-fukushi.or.jp/subshinnotaiju.html" }, "geometry": { "type": "Point", "coordinates": [ 129.296578617742881, 34.258754414508431 ] } },
{ "type": "Feature", "properties": { "内容": "認知症高齢者グループホームわたづみ【認知症対応型共同生活介護】長崎県対馬市豊玉町仁位９１－３", "url": "https://www.kaigokensaku.mhlw.go.jp/42/index.php?action_kouhyou_detail_004_kani=true&JigyosyoCd=4271800320-00&ServiceCd=320&Type=search", "url2": "http://www.koseikai.or.jp" }, "geometry": { "type": "Point", "coordinates": [ 129.313574099999983, 34.3880885 ] } },
{ "type": "Feature", "properties": { "内容": "グループホーム　やすらぎの里【認知症対応型共同生活介護】長崎県対馬市美津島町根緒７番地８", "url": "https://www.kaigokensaku.mhlw.go.jp/42/index.php?action_kouhyou_detail_004_kani=true&JigyosyoCd=4272000235-00&ServiceCd=320&Type=search", "url2": "https://gh-yasuraginosato.jp/" }, "geometry": { "type": "Point", "coordinates": [ 129.315759699999944, 34.2484138 ] } },
{ "type": "Feature", "properties": { "内容": "グループホームいずみ【認知症対応型共同生活介護】長崎県対馬市上対馬町泉1635", "url": "https://www.kaigokensaku.mhlw.go.jp/42/index.php?action_kouhyou_detail_004_kani=true&JigyosyoCd=4292000082-00&ServiceCd=320&Type=search", "url2": null }, "geometry": { "type": "Point", "coordinates": [ 129.475714, 34.673881 ] } },
{ "type": "Feature", "properties": { "内容": "グループホーム　壱岐の郷【認知症対応型共同生活介護】長崎県壱岐市石田町筒城東触1840-3", "url": "https://www.kaigokensaku.mhlw.go.jp/42/index.php?action_kouhyou_detail_004_kani=true&JigyosyoCd=4292100031-00&ServiceCd=320&Type=search", "url2": null }, "geometry": { "type": "Point", "coordinates": [ 129.785137927400228, 33.751796484359886 ] } },
{ "type": "Feature", "properties": { "内容": "けあビジョンホーム壱岐【認知症対応型共同生活介護】長崎県壱岐市郷ノ浦町片原触1361-1", "url": "https://www.kaigokensaku.mhlw.go.jp/42/index.php?action_kouhyou_detail_004_kani=true&JigyosyoCd=4292100049-00&ServiceCd=320&Type=search", "url2": null }, "geometry": { "type": "Point", "coordinates": [ 129.693144105557252, 33.739119427598368 ] } },
{ "type": "Feature", "properties": { "内容": "ゆたっとはうす【認知症対応型共同生活介護】長崎県五島市下崎山町７１６番地５", "url": "https://www.kaigokensaku.mhlw.go.jp/42/index.php?action_kouhyou_detail_004_kani=true&JigyosyoCd=4270600333-00&ServiceCd=320&Type=search", "url2": "http://sayurikai.jp/" }, "geometry": { "type": "Point", "coordinates": [ 128.878259, 32.6690959 ] } },
{ "type": "Feature", "properties": { "内容": "グループホームひだまりの舎【認知症対応型共同生活介護】長崎県五島市下大津町550番地4ひだまりの舎", "url": "https://www.kaigokensaku.mhlw.go.jp/42/index.php?action_kouhyou_detail_004_kani=true&JigyosyoCd=4270600457-00&ServiceCd=320&Type=search", "url2": "https://sayurikai.jp/pages/43/" }, "geometry": { "type": "Point", "coordinates": [ 128.856433220615372, 32.685752501200021 ] } },
{ "type": "Feature", "properties": { "内容": "グループホーム清風【認知症対応型共同生活介護】長崎県五島市武家屋敷１丁目５番４７号", "url": "https://www.kaigokensaku.mhlw.go.jp/42/index.php?action_kouhyou_detail_004_kani=true&JigyosyoCd=4270600481-00&ServiceCd=320&Type=search", "url2": "http://syuhoukai.jp/" }, "geometry": { "type": "Point", "coordinates": [ 128.845009600000026, 32.6912466 ] } },
{ "type": "Feature", "properties": { "内容": "グループホーム昇山荘【認知症対応型共同生活介護】長崎県五島市吉田町2386", "url": "https://www.kaigokensaku.mhlw.go.jp/42/index.php?action_kouhyou_detail_004_kani=true&JigyosyoCd=4270600424-00&ServiceCd=320&Type=search", "url2": "http://www.rehabilicenter-fukue.jp" }, "geometry": { "type": "Point", "coordinates": [ 128.817471899999987, 32.6874519 ] } },
{ "type": "Feature", "properties": { "内容": "グループホームファミリーハウス【認知症対応型共同生活介護】長崎県五島市吉田町3100番地1グループホームファミリーハウス", "url": "https://www.kaigokensaku.mhlw.go.jp/42/index.php?action_kouhyou_detail_004_kani=true&JigyosyoCd=4270600531-00&ServiceCd=320&Type=search", "url2": "http://familyhouse.jp/index.php" }, "geometry": { "type": "Point", "coordinates": [ 128.80733609999993, 32.6842325 ] } },
{ "type": "Feature", "properties": { "内容": "有限会社グループホームせいゆう荘【認知症対応型共同生活介護】長崎県五島市上崎山町４３０番地１", "url": "https://www.kaigokensaku.mhlw.go.jp/42/index.php?action_kouhyou_detail_004_kani=true&JigyosyoCd=4270604152-00&ServiceCd=320&Type=search", "url2": null }, "geometry": { "type": "Point", "coordinates": [ 128.866976, 32.6460859 ] } },
{ "type": "Feature", "properties": { "内容": "グループホーム　大浜【認知症対応型共同生活介護】長崎県五島市浜町142-1", "url": "https://www.kaigokensaku.mhlw.go.jp/42/index.php?action_kouhyou_detail_004_kani=true&JigyosyoCd=4292200054-00&ServiceCd=320&Type=search", "url2": "http://www.sayurikai.or.jp/" }, "geometry": { "type": "Point", "coordinates": [ 128.813425300000063, 32.6529091 ] } },
{ "type": "Feature", "properties": { "内容": "グループホーム　ゆうゆうてらわき【認知症対応型共同生活介護】長崎県五島市岐宿町松山５１３番地１", "url": "https://www.kaigokensaku.mhlw.go.jp/42/index.php?action_kouhyou_detail_004_kani=true&JigyosyoCd=4271600647-00&ServiceCd=320&Type=search", "url2": "https://www．yuyuterawaki,con" }, "geometry": { "type": "Point", "coordinates": [ 128.722019300000056, 32.7004858 ] } },
{ "type": "Feature", "properties": { "内容": "有限会社あすなろ　グループホームまごころ【認知症対応型共同生活介護】長崎県五島市富江町職人３０７番地２", "url": "https://www.kaigokensaku.mhlw.go.jp/42/index.php?action_kouhyou_detail_004_kani=true&JigyosyoCd=4271600639-00&ServiceCd=320&Type=search", "url2": null }, "geometry": { "type": "Point", "coordinates": [ 128.772383, 32.6091872 ] } },
{ "type": "Feature", "properties": { "内容": "グループホーム鶴亀【認知症対応型共同生活介護】長崎県五島市浜町73番地3", "url": "https://www.kaigokensaku.mhlw.go.jp/42/index.php?action_kouhyou_detail_004_kani=true&JigyosyoCd=4272200207-00&ServiceCd=320&Type=search", "url2": "http://takenoko-kai.jp/" }, "geometry": { "type": "Point", "coordinates": [ 128.814488863229371, 32.650851767928962 ] } },
{ "type": "Feature", "properties": { "内容": "認知症対応型共同生活介護事業所　　きじの里【認知症対応型共同生活介護】長崎県五島市岐宿町二本楠３７３番地", "url": "https://www.kaigokensaku.mhlw.go.jp/42/index.php?action_kouhyou_detail_004_kani=true&JigyosyoCd=4271600522-00&ServiceCd=320&Type=search", "url2": "http://syuhoukai.jp/" }, "geometry": { "type": "Point", "coordinates": [ 128.727708900000039, 32.667951700000032 ] } },
{ "type": "Feature", "properties": { "内容": "グループホームおくうら【認知症対応型共同生活介護】長崎県五島市奥浦町１３２１番地６", "url": "https://www.kaigokensaku.mhlw.go.jp/42/index.php?action_kouhyou_detail_004_kani=true&JigyosyoCd=4272200041-00&ServiceCd=320&Type=search", "url2": "http://okuura.web.fc2.com/o/" }, "geometry": { "type": "Point", "coordinates": [ 128.8281467, 32.7379372 ] } },
{ "type": "Feature", "properties": { "内容": "株式会社　夕波【認知症対応型共同生活介護】長崎県五島市野々切町２５３番地１", "url": "https://www.kaigokensaku.mhlw.go.jp/42/index.php?action_kouhyou_detail_004_kani=true&JigyosyoCd=4272200157-00&ServiceCd=320&Type=search", "url2": "https://www.u--nami.com/" }, "geometry": { "type": "Point", "coordinates": [ 128.818419799999987, 32.647965 ] } },
{ "type": "Feature", "properties": { "内容": "グループホーム五島【認知症対応型共同生活介護】長崎県五島市大荒町１２１０", "url": "https://www.kaigokensaku.mhlw.go.jp/42/index.php?action_kouhyou_detail_004_kani=true&JigyosyoCd=4270600499-00&ServiceCd=320&Type=search", "url2": "http://gotokai.jp/" }, "geometry": { "type": "Point", "coordinates": [ 128.838098700000046, 32.6980657 ] } },
{ "type": "Feature", "properties": { "内容": "グループホーム福美莊【認知症対応型共同生活介護】長崎県五島市大荒町1211、1208-2", "url": "https://www.kaigokensaku.mhlw.go.jp/42/index.php?action_kouhyou_detail_004_kani=true&JigyosyoCd=4292200021-00&ServiceCd=320&Type=search", "url2": "http://gotokai.jp/" }, "geometry": { "type": "Point", "coordinates": [ 128.824568131144673, 32.69938131223271 ] } },
{ "type": "Feature", "properties": { "内容": "グループホーム富江【認知症対応型共同生活介護】長崎県五島市富江町狩立１０９１－３", "url": "https://www.kaigokensaku.mhlw.go.jp/42/index.php?action_kouhyou_detail_004_kani=true&JigyosyoCd=4292200013-00&ServiceCd=320&Type=search", "url2": "http://gotokai.jp/" }, "geometry": { "type": "Point", "coordinates": [ 128.7637363, 32.608612 ] } },
{ "type": "Feature", "properties": { "内容": "グループホーム福寿園【認知症対応型共同生活介護】長崎県五島市吉久木町９０７－１", "url": "https://www.kaigokensaku.mhlw.go.jp/42/index.php?action_kouhyou_detail_004_kani=true&JigyosyoCd=4270600325-00&ServiceCd=320&Type=search", "url2": "http://gotokai.jp/" }, "geometry": { "type": "Point", "coordinates": [ 128.8182941, 32.6995515 ] } },
{ "type": "Feature", "properties": { "内容": "グループホーム　よこせ【認知症対応型共同生活介護】長崎県西海市西海町横瀬郷2762番地2", "url": "https://www.kaigokensaku.mhlw.go.jp/42/index.php?action_kouhyou_detail_004_kani=true&JigyosyoCd=4272300247-00&ServiceCd=320&Type=search", "url2": null }, "geometry": { "type": "Point", "coordinates": [ 129.700807400000031, 33.0764673 ] } },
{ "type": "Feature", "properties": { "内容": "グループホームせいひ【認知症対応型共同生活介護】長崎県西海市西彼町鳥加郷2201番地2シニアヴィレッジせいひ", "url": "https://www.kaigokensaku.mhlw.go.jp/42/index.php?action_kouhyou_detail_004_kani=true&JigyosyoCd=4271101372-00&ServiceCd=320&Type=search", "url2": "https://www.seihikai.jp/" }, "geometry": { "type": "Point", "coordinates": [ 129.748665597409627, 32.991032183379154 ] } },
{ "type": "Feature", "properties": { "内容": "グループホームふるさと【認知症対応型共同生活介護】西海町川内郷1680番地", "url": "https://www.kaigokensaku.mhlw.go.jp/42/index.php?action_kouhyou_detail_004_kani=true&JigyosyoCd=4271101893-00&ServiceCd=320&Type=search", "url2": "http://furusato-saikai.jp" }, "geometry": { "type": "Point", "coordinates": [ 129.716512299999977, 33.0491474 ] } },
{ "type": "Feature", "properties": { "内容": "グループホームぎんなん【認知症対応型共同生活介護】長崎県西海市西彼町下岳郷７３３－１", "url": "https://www.kaigokensaku.mhlw.go.jp/42/index.php?action_kouhyou_detail_004_kani=true&JigyosyoCd=4271102297-00&ServiceCd=320&Type=search", "url2": "https://www.ginnanlife.com" }, "geometry": { "type": "Point", "coordinates": [ 129.762690199999952, 33.0038998 ] } },
{ "type": "Feature", "properties": { "内容": "グループホーム　希望の家【認知症対応型共同生活介護】長崎県西海市西彼町小迎郷１０７４－３", "url": "https://www.kaigokensaku.mhlw.go.jp/42/index.php?action_kouhyou_detail_004_kani=true&JigyosyoCd=4271102347-00&ServiceCd=320&Type=search", "url2": null }, "geometry": { "type": "Point", "coordinates": [ 129.7436573, 33.0464172 ] } },
{ "type": "Feature", "properties": { "内容": "グループホーム　さくら【認知症対応型共同生活介護】長崎県西海市大瀬戸町瀬戸西浜郷１６０３－１２", "url": "https://www.kaigokensaku.mhlw.go.jp/42/index.php?action_kouhyou_detail_004_kani=true&JigyosyoCd=4271101950-00&ServiceCd=320&Type=search", "url2": "http://ryokuyokai.jp/" }, "geometry": { "type": "Point", "coordinates": [ 129.665432399999986, 32.9488825 ] } },
{ "type": "Feature", "properties": { "内容": "グループホーム　ひだまりの家【認知症対応型共同生活介護】長崎県西海市大島町5787", "url": "https://www.kaigokensaku.mhlw.go.jp/42/index.php?action_kouhyou_detail_004_kani=true&JigyosyoCd=4292300045-00&ServiceCd=320&Type=search", "url2": null }, "geometry": { "type": "Point", "coordinates": [ 129.606768413738791, 33.040847132888302 ] } },
{ "type": "Feature", "properties": { "内容": "認知症対応型共同生活介護　グループホーム　ルミエール雪浦【認知症対応型共同生活介護】長崎県西海市大瀬戸町雪浦下釜郷40番地6", "url": "https://www.kaigokensaku.mhlw.go.jp/42/index.php?action_kouhyou_detail_004_kani=true&JigyosyoCd=4292300060-00&ServiceCd=320&Type=search", "url2": "https://www.hiurakai.jp/" }, "geometry": { "type": "Point", "coordinates": [ 129.6634278, 32.9247819 ] } },
{ "type": "Feature", "properties": { "内容": "グループホーム　第二わらび苑【認知症対応型共同生活介護】長崎県西海市大瀬戸町瀬戸西浜郷1622番地63", "url": "https://www.kaigokensaku.mhlw.go.jp/42/index.php?action_kouhyou_detail_004_kani=true&JigyosyoCd=4272300254-00&ServiceCd=320&Type=search", "url2": null }, "geometry": { "type": "Point", "coordinates": [ 129.661935399999948, 32.9483519 ] } },
{ "type": "Feature", "properties": { "内容": "第２グループホーム　ふるさと【認知症対応型共同生活介護】長崎県西海市西海町木場郷1445番地", "url": "https://www.kaigokensaku.mhlw.go.jp/42/index.php?action_kouhyou_detail_004_kani=true&JigyosyoCd=4272300197-00&ServiceCd=320&Type=search", "url2": "http://furusato-saikai.jp" }, "geometry": { "type": "Point", "coordinates": [ 129.693472299999939, 33.0497358 ] } },
{ "type": "Feature", "properties": { "内容": "グループホーム　よこせ【認知症対応型共同生活介護】長崎県西海市西海町横瀬郷２７６２番地２", "url": "https://www.kaigokensaku.mhlw.go.jp/42/index.php?action_kouhyou_detail_004_kani=true&JigyosyoCd=4292300086-00&ServiceCd=320&Type=search", "url2": "http://gh-yokose.nagasaki-wellbeing.jp" }, "geometry": { "type": "Point", "coordinates": [ 129.7008358, 33.0764522 ] } },
{ "type": "Feature", "properties": { "内容": "医療法人　祐和会　グループホームやすらぎ【認知症対応型共同生活介護】長崎県雲仙市吾妻町牛口名３７８－２", "url": "https://www.kaigokensaku.mhlw.go.jp/42/index.php?action_kouhyou_detail_004_kani=true&JigyosyoCd=4271401483-00&ServiceCd=320&Type=search", "url2": null }, "geometry": { "type": "Point", "coordinates": [ 130.190299399999958, 32.8370304 ] } },
{ "type": "Feature", "properties": { "内容": "社会福祉法人北串会グループホームかをり【認知症対応型共同生活介護】長崎県雲仙市小浜町山畑3144", "url": "https://www.kaigokensaku.mhlw.go.jp/42/index.php?action_kouhyou_detail_004_kani=true&JigyosyoCd=4271401764-00&ServiceCd=320&Type=search", "url2": "https：//www.kitagushikai/jp/" }, "geometry": { "type": "Point", "coordinates": [ 130.187449, 32.690955 ] } },
{ "type": "Feature", "properties": { "内容": "グループホーム　おおいし【認知症対応型共同生活介護】長崎県雲仙市愛野町乙１１６１番地２", "url": "https://www.kaigokensaku.mhlw.go.jp/42/index.php?action_kouhyou_detail_004_kani=true&JigyosyoCd=4271401848-00&ServiceCd=320&Type=search", "url2": null }, "geometry": { "type": "Point", "coordinates": [ 130.1592799, 32.8100662 ] } },
{ "type": "Feature", "properties": { "内容": "社会福祉法人　幸和会　グループホーム　なかよし【認知症対応型共同生活介護】長崎県雲仙市吾妻町牛口名３７３－２", "url": "https://www.kaigokensaku.mhlw.go.jp/42/index.php?action_kouhyou_detail_004_kani=true&JigyosyoCd=4271401012-00&ServiceCd=320&Type=search", "url2": null }, "geometry": { "type": "Point", "coordinates": [ 130.190532800000028, 32.8363638 ] } },
{ "type": "Feature", "properties": { "内容": "グループホームみずほの里【認知症対応型共同生活介護】長崎県雲仙市瑞穂町古部乙1392-1", "url": "https://www.kaigokensaku.mhlw.go.jp/42/index.php?action_kouhyou_detail_004_kani=true&JigyosyoCd=4271401392-00&ServiceCd=320&Type=search", "url2": "http://zuikoukai.com" }, "geometry": { "type": "Point", "coordinates": [ 130.21474360000002, 32.848493 ] } },
{ "type": "Feature", "properties": { "内容": "グループホーム　クベレ【認知症対応型共同生活介護】長崎県雲仙市小浜町金浜４２２－２", "url": "https://www.kaigokensaku.mhlw.go.jp/42/index.php?action_kouhyou_detail_004_kani=true&JigyosyoCd=4271401830-00&ServiceCd=320&Type=search", "url2": "http://www.quelle-gp.jp" }, "geometry": { "type": "Point", "coordinates": [ 130.178962500000011, 32.7045957 ] } },
{ "type": "Feature", "properties": { "内容": "有限会社　気楽　グループホーム　ポテトの丘【認知症対応型共同生活介護】長崎県雲仙市愛野町乙３５０１番地３", "url": "https://www.kaigokensaku.mhlw.go.jp/42/index.php?action_kouhyou_detail_004_kani=true&JigyosyoCd=4271401426-00&ServiceCd=320&Type=search", "url2": null }, "geometry": { "type": "Point", "coordinates": [ 130.145593100000042, 32.79722 ] } },
{ "type": "Feature", "properties": { "内容": "グループホームあすなろ【認知症対応型共同生活介護】長崎県雲仙市吾妻町馬場名２７７番地", "url": "https://www.kaigokensaku.mhlw.go.jp/42/index.php?action_kouhyou_detail_004_kani=true&JigyosyoCd=4271402150-00&ServiceCd=320&Type=search", "url2": "http://uz-asunaro.com/" }, "geometry": { "type": "Point", "coordinates": [ 130.186221899999964, 32.8323586 ] } },
{ "type": "Feature", "properties": { "内容": "有限会社　みずほ福祉サービス　グループホーム「みずほ野」【認知症対応型共同生活介護】長崎県雲仙市瑞穂町西郷己797番地", "url": "https://www.kaigokensaku.mhlw.go.jp/42/index.php?action_kouhyou_detail_004_kani=true&JigyosyoCd=4271402143-00&ServiceCd=320&Type=search", "url2": null }, "geometry": { "type": "Point", "coordinates": [ 130.243702952184321, 32.851205991747022 ] } },
{ "type": "Feature", "properties": { "内容": "有限会社ナーク　グループホーム小浜きたの【認知症対応型共同生活介護】長崎県雲仙市小浜町北野1048-2", "url": "https://www.kaigokensaku.mhlw.go.jp/42/index.php?action_kouhyou_detail_004_kani=true&JigyosyoCd=4271402051-00&ServiceCd=320&Type=search", "url2": "http://nark.jp/" }, "geometry": { "type": "Point", "coordinates": [ 130.210533400000031, 32.7412279 ] } },
{ "type": "Feature", "properties": { "内容": "グループホーム「くにみの里II」【認知症対応型共同生活介護】長崎県雲仙市国見町多比良戊1449－415", "url": "https://www.kaigokensaku.mhlw.go.jp/42/index.php?action_kouhyou_detail_004_kani=true&JigyosyoCd=4271401558-00&ServiceCd=320&Type=search", "url2": "https://nissin-g.jp" }, "geometry": { "type": "Point", "coordinates": [ 130.291205399999967, 32.8310903 ] } },
{ "type": "Feature", "properties": { "内容": "グループホーム「くにみの里」【認知症対応型共同生活介護】長崎県雲仙市国見町多比良戊1449－416", "url": "https://www.kaigokensaku.mhlw.go.jp/42/index.php?action_kouhyou_detail_004_kani=true&JigyosyoCd=4271401400-00&ServiceCd=320&Type=search", "url2": "http://nissin-g.jp/" }, "geometry": { "type": "Point", "coordinates": [ 130.2912387, 32.8306764 ] } },
{ "type": "Feature", "properties": { "内容": "グループホーム　南串山荘【認知症対応型共同生活介護】長崎県雲仙市南串山町丙１０１７９", "url": "https://www.kaigokensaku.mhlw.go.jp/42/index.php?action_kouhyou_detail_004_kani=true&JigyosyoCd=4271401087-00&ServiceCd=320&Type=search", "url2": "http://www.keikokai.jp" }, "geometry": { "type": "Point", "coordinates": [ 130.147132100000022, 32.6800138 ] } },
{ "type": "Feature", "properties": { "内容": "花応園【認知症対応型共同生活介護】長崎県雲仙市国見町神代甲952", "url": "https://www.kaigokensaku.mhlw.go.jp/42/index.php?action_kouhyou_detail_004_kani=true&JigyosyoCd=4271401178-00&ServiceCd=320&Type=search", "url2": null }, "geometry": { "type": "Point", "coordinates": [ 130.2738144, 32.8639667 ] } },
{ "type": "Feature", "properties": { "内容": "グループホーム暖【認知症対応型共同生活介護】長崎県雲仙市瑞穂町古部乙７７１番地８", "url": "https://www.kaigokensaku.mhlw.go.jp/42/index.php?action_kouhyou_detail_004_kani=true&JigyosyoCd=4271402010-00&ServiceCd=320&Type=search", "url2": "http://www.gh-dan.jp/" }, "geometry": { "type": "Point", "coordinates": [ 130.210968500000035, 32.8549451 ] } },
{ "type": "Feature", "properties": { "内容": "グループホーム　　佃の里【認知症対応型共同生活介護】長崎県雲仙市吾妻町永中名47-1", "url": "https://www.kaigokensaku.mhlw.go.jp/42/index.php?action_kouhyou_detail_004_kani=true&JigyosyoCd=4271401335-00&ServiceCd=320&Type=search", "url2": "http://fujita-kikaku.net/" }, "geometry": { "type": "Point", "coordinates": [ 130.181358499999988, 32.8352472 ] } },
{ "type": "Feature", "properties": { "内容": "グループホームなずな【認知症対応型共同生活介護】長崎県雲仙市千々石町庚1297-1", "url": "https://www.kaigokensaku.mhlw.go.jp/42/index.php?action_kouhyou_detail_004_kani=true&JigyosyoCd=4292400035-00&ServiceCd=320&Type=search", "url2": null }, "geometry": { "type": "Point", "coordinates": [ 130.21334194708254, 32.762411846405662 ] } },
{ "type": "Feature", "properties": { "内容": "グループホーム椿高野【認知症対応型共同生活介護】長崎県雲仙市愛野町乙２３１４－５", "url": "https://www.kaigokensaku.mhlw.go.jp/42/index.php?action_kouhyou_detail_004_kani=true&JigyosyoCd=4292400019-00&ServiceCd=320&Type=search", "url2": "http://www.ainomhp.jp/" }, "geometry": { "type": "Point", "coordinates": [ 130.160168900000031, 32.8019669 ] } },
{ "type": "Feature", "properties": { "内容": "おばま温泉グループホーム湯之崎【認知症対応型共同生活介護】長崎県雲仙市小浜町北本町905番地32", "url": "https://www.kaigokensaku.mhlw.go.jp/42/index.php?action_kouhyou_detail_004_kani=true&JigyosyoCd=4292400050-00&ServiceCd=320&Type=search", "url2": "http://www.yunosaki.com/" }, "geometry": { "type": "Point", "coordinates": [ 130.20531422023771, 32.72564323028287 ] } },
{ "type": "Feature", "properties": { "内容": "グループホームあしたば【認知症対応型共同生活介護】長崎県雲仙市瑞穂町伊福甲675番地・669番地", "url": "https://www.kaigokensaku.mhlw.go.jp/42/index.php?action_kouhyou_detail_004_kani=true&JigyosyoCd=4292400027-00&ServiceCd=320&Type=search", "url2": "http//www.sinwakai.ne/" }, "geometry": { "type": "Point", "coordinates": [ 130.237533799999937, 32.8622136 ] } },
{ "type": "Feature", "properties": { "内容": "口加メディカルサービス　グループホーム　たちばな【認知症対応型共同生活介護】長崎県南島原市加津佐町己2151-5", "url": "https://www.kaigokensaku.mhlw.go.jp/42/index.php?action_kouhyou_detail_004_kani=true&JigyosyoCd=4271401467-00&ServiceCd=320&Type=search", "url2": "http://www.kouchikai.com/tachibana/tachi.html" }, "geometry": { "type": "Point", "coordinates": [ 130.172963799999934, 32.6165033 ] } },
{ "type": "Feature", "properties": { "内容": "有限会社　八神【認知症対応型共同生活介護】長崎県南島原市深江町丙５３７番地", "url": "https://www.kaigokensaku.mhlw.go.jp/42/index.php?action_kouhyou_detail_004_kani=true&JigyosyoCd=4271401608-00&ServiceCd=320&Type=search", "url2": null }, "geometry": { "type": "Point", "coordinates": [ 130.346212400000013, 32.7169236 ] } },
{ "type": "Feature", "properties": { "内容": "グループホーム菜の花Ⅱ【認知症対応型共同生活介護】長崎県南島原市南有馬町乙1565-1", "url": "https://www.kaigokensaku.mhlw.go.jp/42/index.php?action_kouhyou_detail_004_kani=true&JigyosyoCd=4271401350-00&ServiceCd=320&Type=search", "url2": "http://nanogroup.or.jp/?page_id=73" }, "geometry": { "type": "Point", "coordinates": [ 130.248282694442764, 32.632507147122155 ] } },
{ "type": "Feature", "properties": { "内容": "グループホーム「さくらはうす」【認知症対応型共同生活介護】長崎県南島原市有家町山川21番地", "url": "https://www.kaigokensaku.mhlw.go.jp/42/index.php?action_kouhyou_detail_004_kani=true&JigyosyoCd=4271401657-00&ServiceCd=320&Type=search", "url2": null }, "geometry": { "type": "Point", "coordinates": [ 130.305638, 32.6662878 ] } },
{ "type": "Feature", "properties": { "内容": "グループホーム明星【認知症対応型共同生活介護】長崎県南島原市布津町乙６７４－１", "url": "https://www.kaigokensaku.mhlw.go.jp/42/index.php?action_kouhyou_detail_004_kani=true&JigyosyoCd=4271402184-00&ServiceCd=320&Type=search", "url2": "https://akeshima-seikei.com/GroupHome.html" }, "geometry": { "type": "Point", "coordinates": [ 130.3512849, 32.6929033 ] } },
{ "type": "Feature", "properties": { "内容": "医療法人　弘池会　グループホーム　かづさの杜【認知症対応型共同生活介護】長崎県南島原市加津佐町戊4427番地シルバーかづさ１・２階部分", "url": "https://www.kaigokensaku.mhlw.go.jp/42/index.php?action_kouhyou_detail_004_kani=true&JigyosyoCd=4271401103-00&ServiceCd=320&Type=search", "url2": "http://www.kouchikai.com" }, "geometry": { "type": "Point", "coordinates": [ 130.195920399999977, 32.6283196 ] } },
{ "type": "Feature", "properties": { "内容": "グループホーム「ゆうか」【認知症対応型共同生活介護】長崎県南島原市有家町尾上2896番地第2", "url": "https://www.kaigokensaku.mhlw.go.jp/42/index.php?action_kouhyou_detail_004_kani=true&JigyosyoCd=4271402416-00&ServiceCd=320&Type=search", "url2": "http://shinkiri.com" }, "geometry": { "type": "Point", "coordinates": [ 130.304381199999966, 32.6907551 ] } },
{ "type": "Feature", "properties": { "内容": "グループホームあざみの里【認知症対応型共同生活介護】長崎県南島原市深江町戊3124-3グループホームあざみの里", "url": "https://www.kaigokensaku.mhlw.go.jp/42/index.php?action_kouhyou_detail_004_kani=true&JigyosyoCd=4271401780-00&ServiceCd=320&Type=search", "url2": null }, "geometry": { "type": "Point", "coordinates": [ 130.336362799999961, 32.7330695 ] } },
{ "type": "Feature", "properties": { "内容": "グループホーム　おかげ【認知症対応型共同生活介護】長崎県南島原市深江町丙1899-2", "url": "https://www.kaigokensaku.mhlw.go.jp/42/index.php?action_kouhyou_detail_004_kani=true&JigyosyoCd=4271402085-00&ServiceCd=320&Type=search", "url2": null }, "geometry": { "type": "Point", "coordinates": [ 130.336758852778672, 32.730084585769731 ] } },
{ "type": "Feature", "properties": { "内容": "グループホーム　うららの里【認知症対応型共同生活介護】長崎県南島原市有家町蒲河415", "url": "https://www.kaigokensaku.mhlw.go.jp/42/index.php?action_kouhyou_detail_004_kani=true&JigyosyoCd=4271402200-00&ServiceCd=320&Type=search", "url2": null }, "geometry": { "type": "Point", "coordinates": [ 130.314062974205058, 32.66419309615938 ] } },
{ "type": "Feature", "properties": { "内容": "有限会社　風の森【認知症対応型共同生活介護】西有家町長野７６２番地", "url": "https://www.kaigokensaku.mhlw.go.jp/42/index.php?action_kouhyou_detail_004_kani=true&JigyosyoCd=4271401897-00&ServiceCd=320&Type=search", "url2": "https://grouphome-kazenomori.jp" }, "geometry": { "type": "Point", "coordinates": [ 130.2853255, 32.6731478 ] } },
{ "type": "Feature", "properties": { "内容": "グループホーム　あさひが森【認知症対応型共同生活介護】長崎県南島原市布津町甲４８９", "url": "https://www.kaigokensaku.mhlw.go.jp/42/index.php?action_kouhyou_detail_004_kani=true&JigyosyoCd=4271402374-00&ServiceCd=320&Type=search", "url2": null }, "geometry": { "type": "Point", "coordinates": [ 130.346722, 32.6774959 ] } },
{ "type": "Feature", "properties": { "内容": "グループホーム菜の花Ⅰ【認知症対応型共同生活介護】長崎県南島原市南島原市南有馬町乙376", "url": "https://www.kaigokensaku.mhlw.go.jp/42/index.php?action_kouhyou_detail_004_kani=true&JigyosyoCd=4271402309-00&ServiceCd=320&Type=search", "url2": "http://nanogroup.or.jp/?cat=32" }, "geometry": { "type": "Point", "coordinates": [ 130.250409758227562, 32.63147844526717 ] } },
{ "type": "Feature", "properties": { "内容": "グループホーム南風【認知症対応型共同生活介護】長崎県南島原市有家町山川３３７", "url": "https://www.kaigokensaku.mhlw.go.jp/42/index.php?action_kouhyou_detail_004_kani=true&JigyosyoCd=4271401228-00&ServiceCd=320&Type=search", "url2": null }, "geometry": { "type": "Point", "coordinates": [ 130.312712499999947, 32.6620244 ] } },
{ "type": "Feature", "properties": { "内容": "グループホームあけぼの【認知症対応型共同生活介護】長崎県南島原市布津町乙６７４－３", "url": "https://www.kaigokensaku.mhlw.go.jp/42/index.php?action_kouhyou_detail_004_kani=true&JigyosyoCd=4271402192-00&ServiceCd=320&Type=search", "url2": null }, "geometry": { "type": "Point", "coordinates": [ 130.350962699999968, 32.6923228 ] } },
{ "type": "Feature", "properties": { "内容": "グループホーム静園【認知症対応型共同生活介護】長崎県南島原市口之津町乙３４７５番地１・３４７６番地", "url": "https://www.kaigokensaku.mhlw.go.jp/42/index.php?action_kouhyou_detail_004_kani=true&JigyosyoCd=4271401947-00&ServiceCd=320&Type=search", "url2": null }, "geometry": { "type": "Point", "coordinates": [ 130.194739036923181, 32.611529812548461 ] } },
{ "type": "Feature", "properties": { "内容": "社会福祉法人　南有会　グループホーム望【認知症対応型共同生活介護】長崎県南島原市南有馬町丁306-1", "url": "https://www.kaigokensaku.mhlw.go.jp/42/index.php?action_kouhyou_detail_004_kani=true&JigyosyoCd=4271400980-00&ServiceCd=320&Type=search", "url2": null }, "geometry": { "type": "Point", "coordinates": [ 130.252410199999986, 32.6393897 ] } },
{ "type": "Feature", "properties": { "内容": "グループホームありま荘【認知症対応型共同生活介護】南島原市北有馬町甲3181番地8", "url": "https://www.kaigokensaku.mhlw.go.jp/42/index.php?action_kouhyou_detail_004_kani=true&JigyosyoCd=4271401707-00&ServiceCd=320&Type=search", "url2": "http://www.heiwa-kai.com" }, "geometry": { "type": "Point", "coordinates": [ 130.194844268647785, 32.673051228653591 ] } },
{ "type": "Feature", "properties": { "内容": "グループホーム　諏訪の里【認知症対応型共同生活介護】長崎県南島原市深江町丁１５２０番地", "url": "https://www.kaigokensaku.mhlw.go.jp/42/index.php?action_kouhyou_detail_004_kani=true&JigyosyoCd=4271401699-00&ServiceCd=320&Type=search", "url2": "http://npo-shimabara.com/" }, "geometry": { "type": "Point", "coordinates": [ 130.358345882803405, 32.724067600000062 ] } },
{ "type": "Feature", "properties": { "内容": "グループハウス　およりの郷　Ⅲ【認知症対応型共同生活介護】長崎県南島原市有家町大苑１９６７番地", "url": "https://www.kaigokensaku.mhlw.go.jp/42/index.php?action_kouhyou_detail_004_kani=true&JigyosyoCd=4271401814-00&ServiceCd=320&Type=search", "url2": null }, "geometry": { "type": "Point", "coordinates": [ 130.323557599999958, 32.6836091 ] } },
{ "type": "Feature", "properties": { "内容": "有限会社　グループホーム梅の木【認知症対応型共同生活介護】長崎県南島原市深江町乙１４５２番地", "url": "https://www.kaigokensaku.mhlw.go.jp/42/index.php?action_kouhyou_detail_004_kani=true&JigyosyoCd=4271401772-00&ServiceCd=320&Type=search", "url2": null }, "geometry": { "type": "Point", "coordinates": [ 130.313756399999988, 32.7357576 ] } },
{ "type": "Feature", "properties": { "内容": "グループホーム「城下」にしありえ【認知症対応型共同生活介護】長崎県南島原市西有家町龍石1417番地1", "url": "https://www.kaigokensaku.mhlw.go.jp/42/index.php?action_kouhyou_detail_004_kani=true&JigyosyoCd=4271401053-00&ServiceCd=320&Type=search", "url2": "https://johka.jp" }, "geometry": { "type": "Point", "coordinates": [ 130.263015900000028, 32.6702002 ] } },
{ "type": "Feature", "properties": { "内容": "グループホーム恵の里【認知症対応型共同生活介護】長崎県南島原市有家町中須川４３３番地", "url": "https://www.kaigokensaku.mhlw.go.jp/42/index.php?action_kouhyou_detail_004_kani=true&JigyosyoCd=4271401962-00&ServiceCd=320&Type=search", "url2": null }, "geometry": { "type": "Point", "coordinates": [ 130.301641300000028, 32.6596742 ] } },
{ "type": "Feature", "properties": { "内容": "グループホーム　陽だまりの家【認知症対応型共同生活介護】長崎県南島原市西有家町里坊１０９番地", "url": "https://www.kaigokensaku.mhlw.go.jp/42/index.php?action_kouhyou_detail_004_kani=true&JigyosyoCd=4271401269-00&ServiceCd=320&Type=search", "url2": "http://www.kunpukai.or.jp/hidamari_top.html" }, "geometry": { "type": "Point", "coordinates": [ 130.298647100000039, 32.6615018 ] } },
{ "type": "Feature", "properties": { "内容": "株式会社　有心会【認知症対応型共同生活介護】長崎県南島原市有家町山川１－９", "url": "https://www.kaigokensaku.mhlw.go.jp/42/index.php?action_kouhyou_detail_004_kani=true&JigyosyoCd=4292500214-00&ServiceCd=320&Type=search", "url2": null }, "geometry": { "type": "Point", "coordinates": [ 130.3047378, 32.6676466 ] } },
{ "type": "Feature", "properties": { "内容": "グループホーム　たちばな【認知症対応型共同生活介護】長崎県南島原市加津佐町己2151番地5", "url": "https://www.kaigokensaku.mhlw.go.jp/42/index.php?action_kouhyou_detail_004_kani=true&JigyosyoCd=4292500222-00&ServiceCd=320&Type=search", "url2": "http://kouchikai.com/" }, "geometry": { "type": "Point", "coordinates": [ 130.172970711639408, 32.61652404443408 ] } },
{ "type": "Feature", "properties": { "内容": "医療法人栄和会　グループホーム　サンテの丘【認知症対応型共同生活介護】長崎県南島原市深江町戊3000番地1", "url": "https://www.kaigokensaku.mhlw.go.jp/42/index.php?action_kouhyou_detail_004_kani=true&JigyosyoCd=4271401137-00&ServiceCd=320&Type=search", "url2": "http://www.izumikawa.or.jp/index.php/c_Main/showPg56" }, "geometry": { "type": "Point", "coordinates": [ 130.3452092, 32.7341111 ] } },
{ "type": "Feature", "properties": { "内容": "グループホーム　たすかる【認知症対応型共同生活介護】長崎県南島原市深江町戊2975－2", "url": "https://www.kaigokensaku.mhlw.go.jp/42/index.php?action_kouhyou_detail_004_kani=true&JigyosyoCd=4271402093-00&ServiceCd=320&Type=search", "url2": null }, "geometry": { "type": "Point", "coordinates": [ 130.34430640000005, 32.7346555 ] } },
{ "type": "Feature", "properties": { "内容": "グループホーム　　ひまわりそう【認知症対応型共同生活介護】長崎県南島原市有家町尾上１６０８番地１ひまわりそう　A棟", "url": "https://www.kaigokensaku.mhlw.go.jp/42/index.php?action_kouhyou_detail_004_kani=true&JigyosyoCd=4271401681-00&ServiceCd=320&Type=search", "url2": null }, "geometry": { "type": "Point", "coordinates": [ 130.305965, 32.6809394 ] } },
{ "type": "Feature", "properties": { "内容": "グループホーム　さくらの里【認知症対応型共同生活介護】長崎県南島原市深江町戊３１３５－１５", "url": "https://www.kaigokensaku.mhlw.go.jp/42/index.php?action_kouhyou_detail_004_kani=true&JigyosyoCd=4271401517-00&ServiceCd=320&Type=search", "url2": "http://sakuranosato２００２．com/" }, "geometry": { "type": "Point", "coordinates": [ 130.333493500000031, 32.7340638 ] } },
{ "type": "Feature", "properties": { "内容": "グループホーム　どりーむ荘【認知症対応型共同生活介護】長崎県西彼杵郡長与町平木場郷517-5", "url": "https://www.kaigokensaku.mhlw.go.jp/42/index.php?action_kouhyou_detail_004_kani=true&JigyosyoCd=4271101786-00&ServiceCd=320&Type=search", "url2": null }, "geometry": { "type": "Point", "coordinates": [ 129.901749099999961, 32.8198958 ] } },
{ "type": "Feature", "properties": { "内容": "みどりの岡【認知症対応型共同生活介護】岡郷　1422-2", "url": "https://www.kaigokensaku.mhlw.go.jp/42/index.php?action_kouhyou_detail_004_kani=true&JigyosyoCd=4271102255-00&ServiceCd=320&Type=search", "url2": "http://midorino-oka.com" }, "geometry": { "type": "Point", "coordinates": [ 129.874172499999986, 32.8480731 ] } },
{ "type": "Feature", "properties": { "内容": "グループホーム　のぞみの杜【認知症対応型共同生活介護】長崎県西彼杵郡長与町吉無田郷1578番地", "url": "https://www.kaigokensaku.mhlw.go.jp/42/index.php?action_kouhyou_detail_004_kani=true&JigyosyoCd=4271101471-00&ServiceCd=320&Type=search", "url2": "http://www.nozominomori.or.jp" }, "geometry": { "type": "Point", "coordinates": [ 129.886361599999987, 32.8163345 ] } },
{ "type": "Feature", "properties": { "内容": "グループホームながよ【認知症対応型共同生活介護】長崎県西彼杵郡長与町嬉里郷５９２番地１", "url": "https://www.kaigokensaku.mhlw.go.jp/42/index.php?action_kouhyou_detail_004_kani=true&JigyosyoCd=4271102198-00&ServiceCd=320&Type=search", "url2": null }, "geometry": { "type": "Point", "coordinates": [ 129.875886900000069, 32.8248307 ] } },
{ "type": "Feature", "properties": { "内容": "ケアセンターピア葉山【認知症対応型共同生活介護】長崎県西彼杵郡長与町高田郷2179－1", "url": "https://www.kaigokensaku.mhlw.go.jp/42/index.php?action_kouhyou_detail_004_kani=true&JigyosyoCd=4291100149-00&ServiceCd=320&Type=search", "url2": "https://wwwsinkamigoto.net" }, "geometry": { "type": "Point", "coordinates": [ 129.852164, 32.8069771 ] } },
{ "type": "Feature", "properties": { "内容": "グループホーム夕陽の丘【認知症対応型共同生活介護】長崎県西彼杵郡長与町岡郷１６６９番地１", "url": "https://www.kaigokensaku.mhlw.go.jp/42/index.php?action_kouhyou_detail_004_kani=true&JigyosyoCd=4291100016-00&ServiceCd=320&Type=search", "url2": null }, "geometry": { "type": "Point", "coordinates": [ 129.874297299999967, 32.8531644 ] } },
{ "type": "Feature", "properties": { "内容": "鍬先医院グループホーム【認知症対応型共同生活介護】長崎県西彼杵郡時津町日並郷1764-7", "url": "https://www.kaigokensaku.mhlw.go.jp/42/index.php?action_kouhyou_detail_004_kani=true&JigyosyoCd=4271102149-00&ServiceCd=320&Type=search", "url2": "http://www.kuwasaki-clinic.com/" }, "geometry": { "type": "Point", "coordinates": [ 129.817695700000058, 32.8451336 ] } },
{ "type": "Feature", "properties": { "内容": "グループホーム　モン・サン井手園【認知症対応型共同生活介護】長崎県西彼杵郡時津町元村郷897‐38", "url": "https://www.kaigokensaku.mhlw.go.jp/42/index.php?action_kouhyou_detail_004_kani=true&JigyosyoCd=4271101489-00&ServiceCd=320&Type=search", "url2": "http://www.keiseikai.biz/" }, "geometry": { "type": "Point", "coordinates": [ 129.846555500000022, 32.819391700000011 ] } },
{ "type": "Feature", "properties": { "内容": "グループホーム　モン・サン時津【認知症対応型共同生活介護】長崎県西彼杵郡時津町野田郷757番地グループホーム　モン・サン時津", "url": "https://www.kaigokensaku.mhlw.go.jp/42/index.php?action_kouhyou_detail_004_kani=true&JigyosyoCd=4271101869-00&ServiceCd=320&Type=search", "url2": "http://www.keiseikai.biz/modules/facility/index.php?content_id=12" }, "geometry": { "type": "Point", "coordinates": [ 129.8434112, 32.8225386 ] } },
{ "type": "Feature", "properties": { "内容": "グループホーム時津ぎんなん【認知症対応型共同生活介護】子々川郷3504-3", "url": "https://www.kaigokensaku.mhlw.go.jp/42/index.php?action_kouhyou_detail_004_kani=true&JigyosyoCd=4291100024-00&ServiceCd=320&Type=search", "url2": "https://www.ginnanlife.com" }, "geometry": { "type": "Point", "coordinates": [ 129.81436989226836, 32.844758821977869 ] } },
{ "type": "Feature", "properties": { "内容": "認知症対応型共同生活介護事業所　サンホーム新谷【認知症対応型共同生活介護】長崎県東彼杵郡川棚町新谷郷1700-2グループホーム　サンホーム新谷", "url": "https://www.kaigokensaku.mhlw.go.jp/42/index.php?action_kouhyou_detail_004_kani=true&JigyosyoCd=4291200022-00&ServiceCd=320&Type=search", "url2": "http://koujukai.or.jp/institutionguide/history/" }, "geometry": { "type": "Point", "coordinates": [ 129.81687050000005, 33.0684337 ] } },
{ "type": "Feature", "properties": { "内容": "グループホーム琴の海【認知症対応型共同生活介護】長崎県東彼杵郡東彼杵町蔵本郷８８４－１", "url": "https://www.kaigokensaku.mhlw.go.jp/42/index.php?action_kouhyou_detail_004_kani=true&JigyosyoCd=4271200679-00&ServiceCd=320&Type=search", "url2": "nhmxk784@iris.ocn.ne.jp" }, "geometry": { "type": "Point", "coordinates": [ 129.909938499999953, 33.0452938 ] } },
{ "type": "Feature", "properties": { "内容": "グループホーム　ほのぼの【認知症対応型共同生活介護】長崎県東彼杵郡東彼杵町里郷2343-2", "url": "https://www.kaigokensaku.mhlw.go.jp/42/index.php?action_kouhyou_detail_004_kani=true&JigyosyoCd=4271200489-00&ServiceCd=320&Type=search", "url2": null }, "geometry": { "type": "Point", "coordinates": [ 129.949084299999981, 33.0049047 ] } },
{ "type": "Feature", "properties": { "内容": "グループホームのんの【認知症対応型共同生活介護】長崎県東彼杵郡東彼杵町三根郷１４４１－１", "url": "https://www.kaigokensaku.mhlw.go.jp/42/index.php?action_kouhyou_detail_004_kani=true&JigyosyoCd=4271200661-00&ServiceCd=320&Type=search", "url2": null }, "geometry": { "type": "Point", "coordinates": [ 129.916313100000025, 33.0427333 ] } },
{ "type": "Feature", "properties": { "内容": "グループホームほのぼの　新館【認知症対応型共同生活介護】長崎県東彼杵郡東彼杵町平似田郷2342-1", "url": "https://www.kaigokensaku.mhlw.go.jp/42/index.php?action_kouhyou_detail_004_kani=true&JigyosyoCd=4291200063-00&ServiceCd=320&Type=search", "url2": null }, "geometry": { "type": "Point", "coordinates": [ 129.946481100000028, 33.008403600000037 ] } },
{ "type": "Feature", "properties": { "内容": "グループホームけやき荘【認知症対応型共同生活介護】長崎県東彼杵郡川棚町小串郷1960-1", "url": "https://www.kaigokensaku.mhlw.go.jp/42/index.php?action_kouhyou_detail_004_kani=true&JigyosyoCd=4271200620-00&ServiceCd=320&Type=search", "url2": null }, "geometry": { "type": "Point", "coordinates": [ 129.835625099999987, 33.06648340000001 ] } },
{ "type": "Feature", "properties": { "内容": "一般社団法人　正和会　グループホーム　かわたな【認知症対応型共同生活介護】長崎県東彼杵郡川棚町下組郷397番地", "url": "https://www.kaigokensaku.mhlw.go.jp/42/index.php?action_kouhyou_detail_004_kani=true&JigyosyoCd=4291200071-00&ServiceCd=320&Type=search", "url2": "http://seiwasmile.com" }, "geometry": { "type": "Point", "coordinates": [ 129.858217400000058, 33.0698214 ] } },
{ "type": "Feature", "properties": { "内容": "エルダーリビング（株）グループホームエルダーガーデン川棚【認知症対応型共同生活介護】長崎県東彼杵郡川棚町新谷郷２０４０－１５", "url": "https://www.kaigokensaku.mhlw.go.jp/42/index.php?action_kouhyou_detail_004_kani=true&JigyosyoCd=4271200703-00&ServiceCd=320&Type=search", "url2": null }, "geometry": { "type": "Point", "coordinates": [ 129.814673500000026, 33.0646562 ] } },
{ "type": "Feature", "properties": { "内容": "医療法人衷心会グループホームまごころ【認知症対応型共同生活介護】長崎県東彼杵郡波佐見町岳辺田郷字水洗361", "url": "https://www.kaigokensaku.mhlw.go.jp/42/index.php?action_kouhyou_detail_004_kani=true&JigyosyoCd=4271200588-00&ServiceCd=320&Type=search", "url2": "https://kotorii-hp.jp/" }, "geometry": { "type": "Point", "coordinates": [ 129.874476100000038, 33.1112894 ] } },
{ "type": "Feature", "properties": { "内容": "グループホームはさみ里【認知症対応型共同生活介護】長崎県東彼杵郡波佐見町稗木場郷798番地１グループホームはさみ里", "url": "https://www.kaigokensaku.mhlw.go.jp/42/index.php?action_kouhyou_detail_004_kani=true&JigyosyoCd=4271200554-00&ServiceCd=320&Type=search", "url2": "https://airinkai-hasami.com/" }, "geometry": { "type": "Point", "coordinates": [ 129.872755709192717, 33.127695470318081 ] } },
{ "type": "Feature", "properties": { "内容": "グループホーム　ひだまり【認知症対応型共同生活介護】長崎県東彼杵郡波佐見町長野郷380-17", "url": "https://www.kaigokensaku.mhlw.go.jp/42/index.php?action_kouhyou_detail_004_kani=true&JigyosyoCd=4271200638-00&ServiceCd=320&Type=search", "url2": "http://grouphome-hidamari.com/" }, "geometry": { "type": "Point", "coordinates": [ 129.871856699999967, 33.1165139 ] } },
{ "type": "Feature", "properties": { "内容": "グループホーム暖家【認知症対応型共同生活介護】長崎県北松浦郡小値賀町笛吹郷２６９８番地１", "url": "https://www.kaigokensaku.mhlw.go.jp/42/index.php?action_kouhyou_detail_004_kani=true&JigyosyoCd=4291500058-00&ServiceCd=320&Type=search", "url2": null }, "geometry": { "type": "Point", "coordinates": [ 129.060388, 33.1937665 ] } },
{ "type": "Feature", "properties": { "内容": "グループホーム青葉【認知症対応型共同生活介護】長崎県北松浦郡佐々町本田原免１５２番地", "url": "https://www.kaigokensaku.mhlw.go.jp/42/index.php?action_kouhyou_detail_004_kani=true&JigyosyoCd=4271500953-00&ServiceCd=320&Type=search", "url2": null }, "geometry": { "type": "Point", "coordinates": [ 129.650725599999987, 33.237448 ] } },
{ "type": "Feature", "properties": { "内容": "グループホーム　さくらプレイス佐々【認知症対応型共同生活介護】長崎県北松浦郡佐々町羽須和免９２７番地", "url": "https://www.kaigokensaku.mhlw.go.jp/42/index.php?action_kouhyou_detail_004_kani=true&JigyosyoCd=4271500961-00&ServiceCd=320&Type=search", "url2": null }, "geometry": { "type": "Point", "coordinates": [ 129.649670300000025, 33.2313069 ] } },
{ "type": "Feature", "properties": { "内容": "有限会社　あやめの里【認知症対応型共同生活介護】長崎県南松浦郡新上五島町鯛ノ浦郷397番地4", "url": "https://www.kaigokensaku.mhlw.go.jp/42/index.php?action_kouhyou_detail_004_kani=true&JigyosyoCd=4271600670-00&ServiceCd=320&Type=search", "url2": null }, "geometry": { "type": "Point", "coordinates": [ 129.100100699999984, 32.969760700000016 ] } },
{ "type": "Feature", "properties": { "内容": "グループホームあいりん【認知症対応型共同生活介護】長崎県南松浦郡新上五島町奈摩郷910番地10", "url": "https://www.kaigokensaku.mhlw.go.jp/42/index.php?action_kouhyou_detail_004_kani=true&JigyosyoCd=4291600122-00&ServiceCd=320&Type=search", "url2": "https://www.sinkamigoto.net/" }, "geometry": { "type": "Point", "coordinates": [ 129.0733502, 33.0178371 ] } },
{ "type": "Feature", "properties": { "内容": "グループホームさくら【認知症対応型共同生活介護】長崎県南郡新上五島町青方郷１３７９番地１", "url": "https://www.kaigokensaku.mhlw.go.jp/42/index.php?action_kouhyou_detail_004_kani=true&JigyosyoCd=4271600746-00&ServiceCd=320&Type=search", "url2": null }, "geometry": { "type": "Point", "coordinates": [ 129.068554899999981, 32.9850695 ] } },
{ "type": "Feature", "properties": { "内容": "グルーフホーム　ゆうあいホーム今里【認知症対応型共同生活介護】長崎県南松浦郡新上五島町今里郷251-32", "url": "https://www.kaigokensaku.mhlw.go.jp/42/index.php?action_kouhyou_detail_004_kani=true&JigyosyoCd=4271600704-00&ServiceCd=320&Type=search", "url2": "http://www.n-yuaikai.jp/" }, "geometry": { "type": "Point", "coordinates": [ 129.048454699999979, 32.9569664 ] } }
]
}
