{
  "type": "FeatureCollection",
  "features": [
    {
      "type": "Feature",
      "geometry": {
        "type": "Point",
        "coordinates": [
          130.1672099,
          32.6236422
        ]
      },
      "properties": {
        "内容": "バス停: 名称不明バス停",
        "name": "名称不明バス停",
        "operator": "事業者不明",
        "ref": "",
        "url": "",
        "url2": ""
      }
    },
    {
      "type": "Feature",
      "geometry": {
        "type": "Point",
        "coordinates": [
          129.833349,
          32.6848607
        ]
      },
      "properties": {
        "内容": "バス停: 深堀１丁目",
        "name": "深堀１丁目",
        "operator": "事業者不明",
        "ref": "",
        "url": "",
        "url2": ""
      }
    },
    {
      "type": "Feature",
      "geometry": {
        "type": "Point",
        "coordinates": [
          129.8365896,
          32.6855529
        ]
      },
      "properties": {
        "内容": "バス停: 鶴洋高校前",
        "name": "鶴洋高校前",
        "operator": "事業者不明",
        "ref": "",
        "url": "",
        "url2": ""
      }
    },
    {
      "type": "Feature",
      "geometry": {
        "type": "Point",
        "coordinates": [
          129.7982367,
          33.1365942
        ]
      },
      "properties": {
        "内容": "バス停: Haiki Silver Boal mae",
        "name": "Haiki Silver Boal mae",
        "operator": "事業者不明",
        "ref": "",
        "url": "",
        "url2": ""
      }
    },
    {
      "type": "Feature",
      "geometry": {
        "type": "Point",
        "coordinates": [
          129.9424374,
          32.7602545
        ]
      },
      "properties": {
        "内容": "バス停: 網場道",
        "name": "網場道",
        "operator": "事業者不明",
        "ref": "",
        "url": "",
        "url2": ""
      }
    },
    {
      "type": "Feature",
      "geometry": {
        "type": "Point",
        "coordinates": [
          129.8709887,
          32.736223
        ]
      },
      "properties": {
        "内容": "バス停: 大浦天主堂下",
        "name": "大浦天主堂下",
        "operator": "事業者不明",
        "ref": "",
        "url": "",
        "url2": ""
      }
    },
    {
      "type": "Feature",
      "geometry": {
        "type": "Point",
        "coordinates": [
          129.870905,
          32.7362259
        ]
      },
      "properties": {
        "内容": "バス停: 大浦天主堂下",
        "name": "大浦天主堂下",
        "operator": "事業者不明",
        "ref": "",
        "url": "",
        "url2": ""
      }
    },
    {
      "type": "Feature",
      "geometry": {
        "type": "Point",
        "coordinates": [
          129.8713389,
          32.7534154
        ]
      },
      "properties": {
        "内容": "バス停: 長崎駅前",
        "name": "長崎駅前",
        "operator": "事業者不明",
        "ref": "",
        "url": "",
        "url2": ""
      }
    },
    {
      "type": "Feature",
      "geometry": {
        "type": "Point",
        "coordinates": [
          128.844808,
          32.695698
        ]
      },
      "properties": {
        "内容": "バス停: 銀行前",
        "name": "銀行前",
        "operator": "事業者不明",
        "ref": "",
        "url": "",
        "url2": ""
      }
    },
    {
      "type": "Feature",
      "geometry": {
        "type": "Point",
        "coordinates": [
          128.829259,
          32.753199
        ]
      },
      "properties": {
        "内容": "バス停: 堂崎天王堂入口",
        "name": "堂崎天王堂入口",
        "operator": "事業者不明",
        "ref": "",
        "url": "",
        "url2": ""
      }
    },
    {
      "type": "Feature",
      "geometry": {
        "type": "Point",
        "coordinates": [
          129.840488,
          33.166448
        ]
      },
      "properties": {
        "内容": "バス停: 名称不明バス停",
        "name": "名称不明バス停",
        "operator": "事業者不明",
        "ref": "",
        "url": "",
        "url2": ""
      }
    },
    {
      "type": "Feature",
      "geometry": {
        "type": "Point",
        "coordinates": [
          129.83054,
          33.15678
        ]
      },
      "properties": {
        "内容": "バス停: 名称不明バス停",
        "name": "名称不明バス停",
        "operator": "事業者不明",
        "ref": "",
        "url": "",
        "url2": ""
      }
    },
    {
      "type": "Feature",
      "geometry": {
        "type": "Point",
        "coordinates": [
          129.8710395,
          32.7532592
        ]
      },
      "properties": {
        "内容": "バス停: 長崎駅前",
        "name": "長崎駅前",
        "operator": "事業者不明",
        "ref": "",
        "url": "",
        "url2": ""
      }
    },
    {
      "type": "Feature",
      "geometry": {
        "type": "Point",
        "coordinates": [
          129.851492,
          33.176609
        ]
      },
      "properties": {
        "内容": "バス停: 県境〔西肥バス〕",
        "name": "県境〔西肥バス〕",
        "operator": "事業者不明",
        "ref": "",
        "url": "",
        "url2": ""
      }
    },
    {
      "type": "Feature",
      "geometry": {
        "type": "Point",
        "coordinates": [
          129.84233,
          33.168331
        ]
      },
      "properties": {
        "内容": "バス停: 名称不明バス停",
        "name": "名称不明バス停",
        "operator": "事業者不明",
        "ref": "",
        "url": "",
        "url2": ""
      }
    },
    {
      "type": "Feature",
      "geometry": {
        "type": "Point",
        "coordinates": [
          129.838449,
          33.165029
        ]
      },
      "properties": {
        "内容": "バス停: 名称不明バス停",
        "name": "名称不明バス停",
        "operator": "事業者不明",
        "ref": "",
        "url": "",
        "url2": ""
      }
    },
    {
      "type": "Feature",
      "geometry": {
        "type": "Point",
        "coordinates": [
          129.833449,
          33.163281
        ]
      },
      "properties": {
        "内容": "バス停: 名称不明バス停",
        "name": "名称不明バス停",
        "operator": "事業者不明",
        "ref": "",
        "url": "",
        "url2": ""
      }
    },
    {
      "type": "Feature",
      "geometry": {
        "type": "Point",
        "coordinates": [
          129.842784,
          33.168888
        ]
      },
      "properties": {
        "内容": "バス停: 名称不明バス停",
        "name": "名称不明バス停",
        "operator": "事業者不明",
        "ref": "",
        "url": "",
        "url2": ""
      }
    },
    {
      "type": "Feature",
      "geometry": {
        "type": "Point",
        "coordinates": [
          129.840434,
          33.166431
        ]
      },
      "properties": {
        "内容": "バス停: 名称不明バス停",
        "name": "名称不明バス停",
        "operator": "事業者不明",
        "ref": "",
        "url": "",
        "url2": ""
      }
    },
    {
      "type": "Feature",
      "geometry": {
        "type": "Point",
        "coordinates": [
          129.896061,
          32.7504864
        ]
      },
      "properties": {
        "内容": "バス停: 名称不明バス停",
        "name": "名称不明バス停",
        "operator": "事業者不明",
        "ref": "",
        "url": "",
        "url2": ""
      }
    },
    {
      "type": "Feature",
      "geometry": {
        "type": "Point",
        "coordinates": [
          129.8366124,
          32.6856129
        ]
      },
      "properties": {
        "内容": "バス停: 鶴洋高校前",
        "name": "鶴洋高校前",
        "operator": "事業者不明",
        "ref": "",
        "url": "",
        "url2": ""
      }
    },
    {
      "type": "Feature",
      "geometry": {
        "type": "Point",
        "coordinates": [
          130.2608701,
          32.7418384
        ]
      },
      "properties": {
        "内容": "バス停: 雲仙",
        "name": "雲仙",
        "operator": "事業者不明",
        "ref": "",
        "url": "",
        "url2": ""
      }
    },
    {
      "type": "Feature",
      "geometry": {
        "type": "Point",
        "coordinates": [
          130.2612046,
          32.7416775
        ]
      },
      "properties": {
        "内容": "バス停: 雲仙",
        "name": "雲仙",
        "operator": "事業者不明",
        "ref": "",
        "url": "",
        "url2": ""
      }
    },
    {
      "type": "Feature",
      "geometry": {
        "type": "Point",
        "coordinates": [
          130.2627992,
          32.7385789
        ]
      },
      "properties": {
        "内容": "バス停: 雲仙お山の情報館",
        "name": "雲仙お山の情報館",
        "operator": "事業者不明",
        "ref": "",
        "url": "",
        "url2": ""
      }
    },
    {
      "type": "Feature",
      "geometry": {
        "type": "Point",
        "coordinates": [
          129.6701173,
          33.1176167
        ]
      },
      "properties": {
        "内容": "バス停: 俵ヶ浦",
        "name": "俵ヶ浦",
        "operator": "事業者不明",
        "ref": "",
        "url": "",
        "url2": ""
      }
    },
    {
      "type": "Feature",
      "geometry": {
        "type": "Point",
        "coordinates": [
          129.0595122,
          33.1999559
        ]
      },
      "properties": {
        "内容": "バス停: 小学校前",
        "name": "小学校前",
        "operator": "事業者不明",
        "ref": "",
        "url": "",
        "url2": ""
      }
    },
    {
      "type": "Feature",
      "geometry": {
        "type": "Point",
        "coordinates": [
          129.0597114,
          33.1981074
        ]
      },
      "properties": {
        "内容": "バス停: 高校前",
        "name": "高校前",
        "operator": "事業者不明",
        "ref": "",
        "url": "",
        "url2": ""
      }
    },
    {
      "type": "Feature",
      "geometry": {
        "type": "Point",
        "coordinates": [
          129.0445283,
          33.2002872
        ]
      },
      "properties": {
        "内容": "バス停: 浜津",
        "name": "浜津",
        "operator": "事業者不明",
        "ref": "",
        "url": "",
        "url2": ""
      }
    },
    {
      "type": "Feature",
      "geometry": {
        "type": "Point",
        "coordinates": [
          129.0590843,
          33.2016269
        ]
      },
      "properties": {
        "内容": "バス停: 中学校前",
        "name": "中学校前",
        "operator": "事業者不明",
        "ref": "",
        "url": "",
        "url2": ""
      }
    },
    {
      "type": "Feature",
      "geometry": {
        "type": "Point",
        "coordinates": [
          129.0270834,
          33.2043958
        ]
      },
      "properties": {
        "内容": "バス停: 目崎",
        "name": "目崎",
        "operator": "事業者不明",
        "ref": "",
        "url": "",
        "url2": ""
      }
    },
    {
      "type": "Feature",
      "geometry": {
        "type": "Point",
        "coordinates": [
          129.0265801,
          33.2079362
        ]
      },
      "properties": {
        "内容": "バス停: 班",
        "name": "班",
        "operator": "事業者不明",
        "ref": "",
        "url": "",
        "url2": ""
      }
    },
    {
      "type": "Feature",
      "geometry": {
        "type": "Point",
        "coordinates": [
          129.0659366,
          33.20142
        ]
      },
      "properties": {
        "内容": "バス停: 中村",
        "name": "中村",
        "operator": "事業者不明",
        "ref": "",
        "url": "",
        "url2": ""
      }
    },
    {
      "type": "Feature",
      "geometry": {
        "type": "Point",
        "coordinates": [
          129.059023,
          33.1950316
        ]
      },
      "properties": {
        "内容": "バス停: 幼稚園前",
        "name": "幼稚園前",
        "operator": "事業者不明",
        "ref": "",
        "url": "",
        "url2": ""
      }
    },
    {
      "type": "Feature",
      "geometry": {
        "type": "Point",
        "coordinates": [
          129.0410784,
          33.1990896
        ]
      },
      "properties": {
        "内容": "バス停: 橫平",
        "name": "橫平",
        "operator": "事業者不明",
        "ref": "",
        "url": "",
        "url2": ""
      }
    },
    {
      "type": "Feature",
      "geometry": {
        "type": "Point",
        "coordinates": [
          129.0599285,
          33.1868521
        ]
      },
      "properties": {
        "内容": "バス停: 離島待合所",
        "name": "離島待合所",
        "operator": "事業者不明",
        "ref": "",
        "url": "",
        "url2": ""
      }
    },
    {
      "type": "Feature",
      "geometry": {
        "type": "Point",
        "coordinates": [
          129.0684529,
          33.1947159
        ]
      },
      "properties": {
        "内容": "バス停: 船瀨",
        "name": "船瀨",
        "operator": "事業者不明",
        "ref": "",
        "url": "",
        "url2": ""
      }
    },
    {
      "type": "Feature",
      "geometry": {
        "type": "Point",
        "coordinates": [
          129.0628341,
          33.1867483
        ]
      },
      "properties": {
        "内容": "バス停: 小值賀港ターミナル",
        "name": "小值賀港ターミナル",
        "operator": "事業者不明",
        "ref": "",
        "url": "",
        "url2": ""
      }
    },
    {
      "type": "Feature",
      "geometry": {
        "type": "Point",
        "coordinates": [
          129.0520646,
          33.1974585
        ]
      },
      "properties": {
        "内容": "バス停: 林田",
        "name": "林田",
        "operator": "事業者不明",
        "ref": "",
        "url": "",
        "url2": ""
      }
    },
    {
      "type": "Feature",
      "geometry": {
        "type": "Point",
        "coordinates": [
          129.057658,
          33.2083932
        ]
      },
      "properties": {
        "内容": "バス停: 柳",
        "name": "柳",
        "operator": "事業者不明",
        "ref": "",
        "url": "",
        "url2": ""
      }
    },
    {
      "type": "Feature",
      "geometry": {
        "type": "Point",
        "coordinates": [
          129.0638919,
          33.2003011
        ]
      },
      "properties": {
        "内容": "バス停: 小池",
        "name": "小池",
        "operator": "事業者不明",
        "ref": "",
        "url": "",
        "url2": ""
      }
    },
    {
      "type": "Feature",
      "geometry": {
        "type": "Point",
        "coordinates": [
          129.0455925,
          33.20751
        ]
      },
      "properties": {
        "内容": "バス停: 浜津後目",
        "name": "浜津後目",
        "operator": "事業者不明",
        "ref": "",
        "url": "",
        "url2": ""
      }
    },
    {
      "type": "Feature",
      "geometry": {
        "type": "Point",
        "coordinates": [
          129.0468087,
          33.197937
        ]
      },
      "properties": {
        "内容": "バス停: 大浦",
        "name": "大浦",
        "operator": "事業者不明",
        "ref": "",
        "url": "",
        "url2": ""
      }
    },
    {
      "type": "Feature",
      "geometry": {
        "type": "Point",
        "coordinates": [
          129.0585929,
          33.189996
        ]
      },
      "properties": {
        "内容": "バス停: 郵便局前",
        "name": "郵便局前",
        "operator": "事業者不明",
        "ref": "",
        "url": "",
        "url2": ""
      }
    },
    {
      "type": "Feature",
      "geometry": {
        "type": "Point",
        "coordinates": [
          129.0589581,
          33.1876148
        ]
      },
      "properties": {
        "内容": "バス停: 笛吹",
        "name": "笛吹",
        "operator": "事業者不明",
        "ref": "",
        "url": "",
        "url2": ""
      }
    },
    {
      "type": "Feature",
      "geometry": {
        "type": "Point",
        "coordinates": [
          129.0300916,
          33.2005526
        ]
      },
      "properties": {
        "内容": "バス停: 浜津波止場前",
        "name": "浜津波止場前",
        "operator": "事業者不明",
        "ref": "",
        "url": "",
        "url2": ""
      }
    },
    {
      "type": "Feature",
      "geometry": {
        "type": "Point",
        "coordinates": [
          129.701421,
          33.770226
        ]
      },
      "properties": {
        "内容": "バス停: 名称不明バス停",
        "name": "名称不明バス停",
        "operator": "事業者不明",
        "ref": "",
        "url": "",
        "url2": ""
      }
    },
    {
      "type": "Feature",
      "geometry": {
        "type": "Point",
        "coordinates": [
          129.6998763,
          33.7659921
        ]
      },
      "properties": {
        "内容": "バス停: 柳田",
        "name": "柳田",
        "operator": "事業者不明",
        "ref": "",
        "url": "",
        "url2": ""
      }
    },
    {
      "type": "Feature",
      "geometry": {
        "type": "Point",
        "coordinates": [
          129.6998576,
          33.7657807
        ]
      },
      "properties": {
        "内容": "バス停: 柳田",
        "name": "柳田",
        "operator": "事業者不明",
        "ref": "",
        "url": "",
        "url2": ""
      }
    },
    {
      "type": "Feature",
      "geometry": {
        "type": "Point",
        "coordinates": [
          129.6998479,
          33.7659279
        ]
      },
      "properties": {
        "内容": "バス停: 柳田",
        "name": "柳田",
        "operator": "事業者不明",
        "ref": "",
        "url": "",
        "url2": ""
      }
    },
    {
      "type": "Feature",
      "geometry": {
        "type": "Point",
        "coordinates": [
          129.6895143,
          33.7723177
        ]
      },
      "properties": {
        "内容": "バス停: 大浦口",
        "name": "大浦口",
        "operator": "事業者不明",
        "ref": "",
        "url": "",
        "url2": ""
      }
    },
    {
      "type": "Feature",
      "geometry": {
        "type": "Point",
        "coordinates": [
          129.6896205,
          33.772307
        ]
      },
      "properties": {
        "内容": "バス停: 大浦口",
        "name": "大浦口",
        "operator": "事業者不明",
        "ref": "",
        "url": "",
        "url2": ""
      }
    },
    {
      "type": "Feature",
      "geometry": {
        "type": "Point",
        "coordinates": [
          129.693606,
          33.7683367
        ]
      },
      "properties": {
        "内容": "バス停: 蓬雲寺",
        "name": "蓬雲寺",
        "operator": "事業者不明",
        "ref": "",
        "url": "",
        "url2": ""
      }
    },
    {
      "type": "Feature",
      "geometry": {
        "type": "Point",
        "coordinates": [
          129.6935656,
          33.7682384
        ]
      },
      "properties": {
        "内容": "バス停: 蓬雲寺",
        "name": "蓬雲寺",
        "operator": "事業者不明",
        "ref": "",
        "url": "",
        "url2": ""
      }
    },
    {
      "type": "Feature",
      "geometry": {
        "type": "Point",
        "coordinates": [
          129.706924,
          33.345754
        ]
      },
      "properties": {
        "内容": "バス停: 松浦",
        "name": "松浦",
        "operator": "事業者不明",
        "ref": "",
        "url": "",
        "url2": ""
      }
    },
    {
      "type": "Feature",
      "geometry": {
        "type": "Point",
        "coordinates": [
          129.707735,
          33.343904
        ]
      },
      "properties": {
        "内容": "バス停: 松浦駅前",
        "name": "松浦駅前",
        "operator": "事業者不明",
        "ref": "",
        "url": "",
        "url2": ""
      }
    },
    {
      "type": "Feature",
      "geometry": {
        "type": "Point",
        "coordinates": [
          129.554621,
          33.371856
        ]
      },
      "properties": {
        "内容": "バス停: 平戸桟橋",
        "name": "平戸桟橋",
        "operator": "事業者不明",
        "ref": "",
        "url": "",
        "url2": ""
      }
    },
    {
      "type": "Feature",
      "geometry": {
        "type": "Point",
        "coordinates": [
          129.581268,
          33.364322
        ]
      },
      "properties": {
        "内容": "バス停: 中瀬草原入口",
        "name": "中瀬草原入口",
        "operator": "事業者不明",
        "ref": "",
        "url": "",
        "url2": ""
      }
    },
    {
      "type": "Feature",
      "geometry": {
        "type": "Point",
        "coordinates": [
          129.552958,
          33.369546
        ]
      },
      "properties": {
        "内容": "バス停: 平戸市役所前",
        "name": "平戸市役所前",
        "operator": "事業者不明",
        "ref": "",
        "url": "",
        "url2": ""
      }
    },
    {
      "type": "Feature",
      "geometry": {
        "type": "Point",
        "coordinates": [
          129.582841,
          33.362807
        ]
      },
      "properties": {
        "内容": "バス停: 平戸口駅",
        "name": "平戸口駅",
        "operator": "事業者不明",
        "ref": "",
        "url": "",
        "url2": ""
      }
    },
    {
      "type": "Feature",
      "geometry": {
        "type": "Point",
        "coordinates": [
          129.8872031,
          32.7479737
        ]
      },
      "properties": {
        "内容": "バス停: 名称不明バス停",
        "name": "名称不明バス停",
        "operator": "事業者不明",
        "ref": "",
        "url": "",
        "url2": ""
      }
    },
    {
      "type": "Feature",
      "geometry": {
        "type": "Point",
        "coordinates": [
          129.8764443,
          32.7451843
        ]
      },
      "properties": {
        "内容": "バス停: 中央橋",
        "name": "中央橋",
        "operator": "事業者不明",
        "ref": "",
        "url": "",
        "url2": ""
      }
    },
    {
      "type": "Feature",
      "geometry": {
        "type": "Point",
        "coordinates": [
          129.9680834,
          32.9322914
        ]
      },
      "properties": {
        "内容": "バス停: 大村インター",
        "name": "大村インター",
        "operator": "事業者不明",
        "ref": "",
        "url": "",
        "url2": ""
      }
    },
    {
      "type": "Feature",
      "geometry": {
        "type": "Point",
        "coordinates": [
          129.9793995,
          32.9021279
        ]
      },
      "properties": {
        "内容": "バス停: 高速木場",
        "name": "高速木場",
        "operator": "事業者不明",
        "ref": "",
        "url": "",
        "url2": ""
      }
    },
    {
      "type": "Feature",
      "geometry": {
        "type": "Point",
        "coordinates": [
          129.9796944,
          32.903807
        ]
      },
      "properties": {
        "内容": "バス停: 高速木場",
        "name": "高速木場",
        "operator": "事業者不明",
        "ref": "",
        "url": "",
        "url2": ""
      }
    },
    {
      "type": "Feature",
      "geometry": {
        "type": "Point",
        "coordinates": [
          129.7171285,
          33.1668899
        ]
      },
      "properties": {
        "内容": "バス停: 名称不明バス停",
        "name": "名称不明バス停",
        "operator": "事業者不明",
        "ref": "",
        "url": "",
        "url2": ""
      }
    },
    {
      "type": "Feature",
      "geometry": {
        "type": "Point",
        "coordinates": [
          129.837296,
          32.64103
        ]
      },
      "properties": {
        "内容": "バス停: 長崎市為石町",
        "name": "長崎市為石町",
        "operator": "事業者不明",
        "ref": "",
        "url": "",
        "url2": ""
      }
    },
    {
      "type": "Feature",
      "geometry": {
        "type": "Point",
        "coordinates": [
          129.8743368,
          32.7416549
        ]
      },
      "properties": {
        "内容": "バス停: 新地バスターミナル",
        "name": "新地バスターミナル",
        "operator": "事業者不明",
        "ref": "",
        "url": "",
        "url2": ""
      }
    },
    {
      "type": "Feature",
      "geometry": {
        "type": "Point",
        "coordinates": [
          129.8744623,
          32.742127
        ]
      },
      "properties": {
        "内容": "バス停: 新地中華街",
        "name": "新地中華街",
        "operator": "事業者不明",
        "ref": "",
        "url": "",
        "url2": ""
      }
    },
    {
      "type": "Feature",
      "geometry": {
        "type": "Point",
        "coordinates": [
          129.8717275,
          32.7532826
        ]
      },
      "properties": {
        "内容": "バス停: 長崎駅前",
        "name": "長崎駅前",
        "operator": "事業者不明",
        "ref": "",
        "url": "",
        "url2": ""
      }
    },
    {
      "type": "Feature",
      "geometry": {
        "type": "Point",
        "coordinates": [
          129.8720013,
          32.7515498
        ]
      },
      "properties": {
        "内容": "バス停: 長崎駅前南口",
        "name": "長崎駅前南口",
        "operator": "事業者不明",
        "ref": "",
        "url": "",
        "url2": ""
      }
    },
    {
      "type": "Feature",
      "geometry": {
        "type": "Point",
        "coordinates": [
          129.8622821,
          32.7525469
        ]
      },
      "properties": {
        "内容": "バス停: Goshinjimae 悟真寺前",
        "name": "Goshinjimae 悟真寺前",
        "operator": "事業者不明",
        "ref": "",
        "url": "",
        "url2": ""
      }
    },
    {
      "type": "Feature",
      "geometry": {
        "type": "Point",
        "coordinates": [
          129.7968934,
          33.0915266
        ]
      },
      "properties": {
        "内容": "バス停: ハウステンボス駅前",
        "name": "ハウステンボス駅前",
        "operator": "事業者不明",
        "ref": "",
        "url": "",
        "url2": ""
      }
    },
    {
      "type": "Feature",
      "geometry": {
        "type": "Point",
        "coordinates": [
          129.796339,
          33.0922509
        ]
      },
      "properties": {
        "内容": "バス停: ハウステンボス駅前",
        "name": "ハウステンボス駅前",
        "operator": "事業者不明",
        "ref": "",
        "url": "",
        "url2": ""
      }
    },
    {
      "type": "Feature",
      "geometry": {
        "type": "Point",
        "coordinates": [
          129.7868371,
          33.0900572
        ]
      },
      "properties": {
        "内容": "バス停: ハウステンボスヒルズ前 (西肥バス)",
        "name": "ハウステンボスヒルズ前",
        "operator": "西肥バス",
        "ref": "",
        "url": "",
        "url2": ""
      }
    },
    {
      "type": "Feature",
      "geometry": {
        "type": "Point",
        "coordinates": [
          129.786645,
          33.0901509
        ]
      },
      "properties": {
        "内容": "バス停: ハウステンボスヒルズ前 (西肥バス)",
        "name": "ハウステンボスヒルズ前",
        "operator": "西肥バス",
        "ref": "",
        "url": "",
        "url2": ""
      }
    },
    {
      "type": "Feature",
      "geometry": {
        "type": "Point",
        "coordinates": [
          129.7938992,
          33.0962767
        ]
      },
      "properties": {
        "内容": "バス停: 日陰",
        "name": "日陰",
        "operator": "事業者不明",
        "ref": "",
        "url": "",
        "url2": ""
      }
    },
    {
      "type": "Feature",
      "geometry": {
        "type": "Point",
        "coordinates": [
          129.8014023,
          33.088233
        ]
      },
      "properties": {
        "内容": "バス停: 南風崎駅入口",
        "name": "南風崎駅入口",
        "operator": "事業者不明",
        "ref": "",
        "url": "",
        "url2": ""
      }
    },
    {
      "type": "Feature",
      "geometry": {
        "type": "Point",
        "coordinates": [
          129.8723793,
          32.7502046
        ]
      },
      "properties": {
        "内容": "バス停: 五島町",
        "name": "五島町",
        "operator": "事業者不明",
        "ref": "",
        "url": "",
        "url2": ""
      }
    },
    {
      "type": "Feature",
      "geometry": {
        "type": "Point",
        "coordinates": [
          129.8751431,
          32.7448127
        ]
      },
      "properties": {
        "内容": "バス停: 中央橋",
        "name": "中央橋",
        "operator": "事業者不明",
        "ref": "",
        "url": "",
        "url2": ""
      }
    },
    {
      "type": "Feature",
      "geometry": {
        "type": "Point",
        "coordinates": [
          129.79379,
          33.0962351
        ]
      },
      "properties": {
        "内容": "バス停: 日陰",
        "name": "日陰",
        "operator": "事業者不明",
        "ref": "",
        "url": "",
        "url2": ""
      }
    },
    {
      "type": "Feature",
      "geometry": {
        "type": "Point",
        "coordinates": [
          129.8725276,
          32.7471393
        ]
      },
      "properties": {
        "内容": "バス停: 大波止",
        "name": "大波止",
        "operator": "事業者不明",
        "ref": "",
        "url": "",
        "url2": ""
      }
    },
    {
      "type": "Feature",
      "geometry": {
        "type": "Point",
        "coordinates": [
          129.8011123,
          33.0881554
        ]
      },
      "properties": {
        "内容": "バス停: 南風崎駅入口",
        "name": "南風崎駅入口",
        "operator": "事業者不明",
        "ref": "",
        "url": "",
        "url2": ""
      }
    },
    {
      "type": "Feature",
      "geometry": {
        "type": "Point",
        "coordinates": [
          129.7211661,
          33.206522
        ]
      },
      "properties": {
        "内容": "バス停: 大野(佐世保市)〔西肥バス・佐世保市営バス〕",
        "name": "大野(佐世保市)〔西肥バス・佐世保市営バス〕",
        "operator": "事業者不明",
        "ref": "",
        "url": "",
        "url2": ""
      }
    },
    {
      "type": "Feature",
      "geometry": {
        "type": "Point",
        "coordinates": [
          129.744265,
          33.2116602
        ]
      },
      "properties": {
        "内容": "バス停: 佐世保市交通局矢峰営業所",
        "name": "佐世保市交通局矢峰営業所",
        "operator": "事業者不明",
        "ref": "",
        "url": "http://city-sasebo-koutuu.jp/contact.html",
        "url2": ""
      }
    },
    {
      "type": "Feature",
      "geometry": {
        "type": "Point",
        "coordinates": [
          129.7920522,
          33.1395723
        ]
      },
      "properties": {
        "内容": "バス停: 西肥自動車（株） 東部営業所田子の浦待合所乗車券発売所",
        "name": "西肥自動車（株） 東部営業所田子の浦待合所乗車券発売所",
        "operator": "事業者不明",
        "ref": "",
        "url": "https://www.bus.saihigroup.co.jp/help/2264.html",
        "url2": ""
      }
    },
    {
      "type": "Feature",
      "geometry": {
        "type": "Point",
        "coordinates": [
          129.5779988,
          33.3627709
        ]
      },
      "properties": {
        "内容": "バス停: 平戸口桟橋バスターミナル",
        "name": "平戸口桟橋バスターミナル",
        "operator": "事業者不明",
        "ref": "",
        "url": "https://www.bus.saihigroup.co.jp/help/2264.html",
        "url2": ""
      }
    },
    {
      "type": "Feature",
      "geometry": {
        "type": "Point",
        "coordinates": [
          129.7657476,
          33.20947
        ]
      },
      "properties": {
        "内容": "バス停: 柚木(佐世保市)〔西肥バス〕",
        "name": "柚木(佐世保市)〔西肥バス〕",
        "operator": "事業者不明",
        "ref": "",
        "url": "",
        "url2": ""
      }
    },
    {
      "type": "Feature",
      "geometry": {
        "type": "Point",
        "coordinates": [
          129.7918589,
          33.2150425
        ]
      },
      "properties": {
        "内容": "バス停: 潜木（廃止済）",
        "name": "潜木（廃止済）",
        "operator": "事業者不明",
        "ref": "",
        "url": "",
        "url2": ""
      }
    },
    {
      "type": "Feature",
      "geometry": {
        "type": "Point",
        "coordinates": [
          129.7559309,
          33.0509511
        ]
      },
      "properties": {
        "内容": "バス停: 西海橋西口",
        "name": "西海橋西口",
        "operator": "事業者不明",
        "ref": "",
        "url": "",
        "url2": ""
      }
    },
    {
      "type": "Feature",
      "geometry": {
        "type": "Point",
        "coordinates": [
          129.7301087,
          33.0022628
        ]
      },
      "properties": {
        "内容": "バス停: 大串",
        "name": "大串",
        "operator": "事業者不明",
        "ref": "",
        "url": "",
        "url2": ""
      }
    },
    {
      "type": "Feature",
      "geometry": {
        "type": "Point",
        "coordinates": [
          129.7221216,
          33.2427785
        ]
      },
      "properties": {
        "内容": "バス停: 菰田",
        "name": "菰田",
        "operator": "事業者不明",
        "ref": "",
        "url": "",
        "url2": ""
      }
    },
    {
      "type": "Feature",
      "geometry": {
        "type": "Point",
        "coordinates": [
          129.6866618,
          33.268947
        ]
      },
      "properties": {
        "内容": "バス停: 吉井",
        "name": "吉井",
        "operator": "事業者不明",
        "ref": "",
        "url": "",
        "url2": ""
      }
    },
    {
      "type": "Feature",
      "geometry": {
        "type": "Point",
        "coordinates": [
          129.8728932,
          32.7518039
        ]
      },
      "properties": {
        "内容": "バス停: 長崎駅前東口",
        "name": "長崎駅前東口",
        "operator": "事業者不明",
        "ref": "",
        "url": "",
        "url2": ""
      }
    },
    {
      "type": "Feature",
      "geometry": {
        "type": "Point",
        "coordinates": [
          129.748784,
          33.2572856
        ]
      },
      "properties": {
        "内容": "バス停: 世知原",
        "name": "世知原",
        "operator": "事業者不明",
        "ref": "",
        "url": "",
        "url2": ""
      }
    },
    {
      "type": "Feature",
      "geometry": {
        "type": "Point",
        "coordinates": [
          130.3724025,
          32.7672193
        ]
      },
      "properties": {
        "内容": "バス停: 島原港",
        "name": "島原港",
        "operator": "事業者不明",
        "ref": "",
        "url": "",
        "url2": ""
      }
    },
    {
      "type": "Feature",
      "geometry": {
        "type": "Point",
        "coordinates": [
          129.697024,
          33.308691
        ]
      },
      "properties": {
        "内容": "バス停: 草の尾入口",
        "name": "草の尾入口",
        "operator": "事業者不明",
        "ref": "",
        "url": "",
        "url2": ""
      }
    },
    {
      "type": "Feature",
      "geometry": {
        "type": "Point",
        "coordinates": [
          129.6983418,
          33.3047262
        ]
      },
      "properties": {
        "内容": "バス停: 辻田",
        "name": "辻田",
        "operator": "事業者不明",
        "ref": "",
        "url": "",
        "url2": ""
      }
    },
    {
      "type": "Feature",
      "geometry": {
        "type": "Point",
        "coordinates": [
          129.6976615,
          33.3012228
        ]
      },
      "properties": {
        "内容": "バス停: 上福井",
        "name": "上福井",
        "operator": "事業者不明",
        "ref": "",
        "url": "",
        "url2": ""
      }
    },
    {
      "type": "Feature",
      "geometry": {
        "type": "Point",
        "coordinates": [
          129.7310521,
          33.2143799
        ]
      },
      "properties": {
        "内容": "バス停: 新田溜池",
        "name": "新田溜池",
        "operator": "事業者不明",
        "ref": "",
        "url": "",
        "url2": ""
      }
    },
    {
      "type": "Feature",
      "geometry": {
        "type": "Point",
        "coordinates": [
          129.7307937,
          33.2178536
        ]
      },
      "properties": {
        "内容": "バス停: 天久保",
        "name": "天久保",
        "operator": "事業者不明",
        "ref": "",
        "url": "",
        "url2": ""
      }
    },
    {
      "type": "Feature",
      "geometry": {
        "type": "Point",
        "coordinates": [
          129.7308675,
          33.2167844
        ]
      },
      "properties": {
        "内容": "バス停: 岩下洞穴入口",
        "name": "岩下洞穴入口",
        "operator": "事業者不明",
        "ref": "",
        "url": "",
        "url2": ""
      }
    },
    {
      "type": "Feature",
      "geometry": {
        "type": "Point",
        "coordinates": [
          129.7276655,
          33.2123496
        ]
      },
      "properties": {
        "内容": "バス停: 大野公民館前",
        "name": "大野公民館前",
        "operator": "事業者不明",
        "ref": "",
        "url": "",
        "url2": ""
      }
    },
    {
      "type": "Feature",
      "geometry": {
        "type": "Point",
        "coordinates": [
          129.7248935,
          33.2091562
        ]
      },
      "properties": {
        "内容": "バス停: 四条橋",
        "name": "四条橋",
        "operator": "事業者不明",
        "ref": "",
        "url": "",
        "url2": ""
      }
    },
    {
      "type": "Feature",
      "geometry": {
        "type": "Point",
        "coordinates": [
          129.7225822,
          33.2081158
        ]
      },
      "properties": {
        "内容": "バス停: 左石駅前",
        "name": "左石駅前",
        "operator": "事業者不明",
        "ref": "",
        "url": "",
        "url2": ""
      }
    },
    {
      "type": "Feature",
      "geometry": {
        "type": "Point",
        "coordinates": [
          129.7252514,
          33.2111451
        ]
      },
      "properties": {
        "内容": "バス停: 大野小学校上",
        "name": "大野小学校上",
        "operator": "事業者不明",
        "ref": "",
        "url": "",
        "url2": ""
      }
    },
    {
      "type": "Feature",
      "geometry": {
        "type": "Point",
        "coordinates": [
          129.7246492,
          33.2087599
        ]
      },
      "properties": {
        "内容": "バス停: 四条橋",
        "name": "四条橋",
        "operator": "事業者不明",
        "ref": "",
        "url": "",
        "url2": ""
      }
    },
    {
      "type": "Feature",
      "geometry": {
        "type": "Point",
        "coordinates": [
          129.7251628,
          33.2089763
        ]
      },
      "properties": {
        "内容": "バス停: 四条橋",
        "name": "四条橋",
        "operator": "事業者不明",
        "ref": "",
        "url": "",
        "url2": ""
      }
    },
    {
      "type": "Feature",
      "geometry": {
        "type": "Point",
        "coordinates": [
          129.7240289,
          33.2064934
        ]
      },
      "properties": {
        "内容": "バス停: 上の角",
        "name": "上の角",
        "operator": "事業者不明",
        "ref": "",
        "url": "",
        "url2": ""
      }
    },
    {
      "type": "Feature",
      "geometry": {
        "type": "Point",
        "coordinates": [
          129.5841333,
          33.2638565
        ]
      },
      "properties": {
        "内容": "バス停: 大加勢",
        "name": "大加勢",
        "operator": "事業者不明",
        "ref": "",
        "url": "",
        "url2": ""
      }
    },
    {
      "type": "Feature",
      "geometry": {
        "type": "Point",
        "coordinates": [
          129.7194152,
          33.1743872
        ]
      },
      "properties": {
        "内容": "バス停: 松浦町中央公園口",
        "name": "松浦町中央公園口",
        "operator": "事業者不明",
        "ref": "",
        "url": "",
        "url2": ""
      }
    },
    {
      "type": "Feature",
      "geometry": {
        "type": "Point",
        "coordinates": [
          129.7248772,
          33.16644
        ]
      },
      "properties": {
        "内容": "バス停: 戸尾町",
        "name": "戸尾町",
        "operator": "事業者不明",
        "ref": "",
        "url": "",
        "url2": ""
      }
    },
    {
      "type": "Feature",
      "geometry": {
        "type": "Point",
        "coordinates": [
          129.7908299,
          33.0900656
        ]
      },
      "properties": {
        "内容": "バス停: ハウステンボス",
        "name": "ハウステンボス",
        "operator": "事業者不明",
        "ref": "",
        "url": "",
        "url2": ""
      }
    },
    {
      "type": "Feature",
      "geometry": {
        "type": "Point",
        "coordinates": [
          129.791019,
          33.0900552
        ]
      },
      "properties": {
        "内容": "バス停: ハウステンボス",
        "name": "ハウステンボス",
        "operator": "事業者不明",
        "ref": "",
        "url": "",
        "url2": ""
      }
    },
    {
      "type": "Feature",
      "geometry": {
        "type": "Point",
        "coordinates": [
          129.7911774,
          33.090036
        ]
      },
      "properties": {
        "内容": "バス停: ハウステンボス",
        "name": "ハウステンボス",
        "operator": "事業者不明",
        "ref": "",
        "url": "",
        "url2": ""
      }
    },
    {
      "type": "Feature",
      "geometry": {
        "type": "Point",
        "coordinates": [
          129.7913221,
          33.0900217
        ]
      },
      "properties": {
        "内容": "バス停: ハウステンボス",
        "name": "ハウステンボス",
        "operator": "事業者不明",
        "ref": "",
        "url": "",
        "url2": ""
      }
    },
    {
      "type": "Feature",
      "geometry": {
        "type": "Point",
        "coordinates": [
          129.7914871,
          33.090007
        ]
      },
      "properties": {
        "内容": "バス停: ハウステンボス",
        "name": "ハウステンボス",
        "operator": "事業者不明",
        "ref": "",
        "url": "",
        "url2": ""
      }
    },
    {
      "type": "Feature",
      "geometry": {
        "type": "Point",
        "coordinates": [
          129.7916422,
          33.0899952
        ]
      },
      "properties": {
        "内容": "バス停: ハウステンボス",
        "name": "ハウステンボス",
        "operator": "事業者不明",
        "ref": "",
        "url": "",
        "url2": ""
      }
    },
    {
      "type": "Feature",
      "geometry": {
        "type": "Point",
        "coordinates": [
          129.8688852,
          32.7458091
        ]
      },
      "properties": {
        "内容": "バス停: 長崎港ターミナル",
        "name": "長崎港ターミナル",
        "operator": "事業者不明",
        "ref": "",
        "url": "",
        "url2": ""
      }
    },
    {
      "type": "Feature",
      "geometry": {
        "type": "Point",
        "coordinates": [
          129.9101114,
          32.7042269
        ]
      },
      "properties": {
        "内容": "バス停: Mogi",
        "name": "Mogi",
        "operator": "事業者不明",
        "ref": "",
        "url": "",
        "url2": ""
      }
    },
    {
      "type": "Feature",
      "geometry": {
        "type": "Point",
        "coordinates": [
          129.9102365,
          32.7042692
        ]
      },
      "properties": {
        "内容": "バス停: Mogi",
        "name": "Mogi",
        "operator": "事業者不明",
        "ref": "",
        "url": "",
        "url2": ""
      }
    },
    {
      "type": "Feature",
      "geometry": {
        "type": "Point",
        "coordinates": [
          129.824755,
          32.8522686
        ]
      },
      "properties": {
        "内容": "バス停: 長崎バス 時津営業所",
        "name": "長崎バス 時津営業所",
        "operator": "事業者不明",
        "ref": "",
        "url": "",
        "url2": ""
      }
    },
    {
      "type": "Feature",
      "geometry": {
        "type": "Point",
        "coordinates": [
          129.8626527,
          32.7737687
        ]
      },
      "properties": {
        "内容": "バス停: 平和公園",
        "name": "平和公園",
        "operator": "事業者不明",
        "ref": "",
        "url": "",
        "url2": ""
      }
    },
    {
      "type": "Feature",
      "geometry": {
        "type": "Point",
        "coordinates": [
          129.8710734,
          32.7893282
        ]
      },
      "properties": {
        "内容": "バス停: 昭和町",
        "name": "昭和町",
        "operator": "事業者不明",
        "ref": "",
        "url": "",
        "url2": ""
      }
    },
    {
      "type": "Feature",
      "geometry": {
        "type": "Point",
        "coordinates": [
          129.9132145,
          32.7024194
        ]
      },
      "properties": {
        "内容": "バス停: Kannon-shita",
        "name": "Kannon-shita",
        "operator": "事業者不明",
        "ref": "",
        "url": "",
        "url2": ""
      }
    },
    {
      "type": "Feature",
      "geometry": {
        "type": "Point",
        "coordinates": [
          130.2585911,
          32.634887
        ]
      },
      "properties": {
        "内容": "バス停: シャトルバス乗り場",
        "name": "シャトルバス乗り場",
        "operator": "事業者不明",
        "ref": "",
        "url": "",
        "url2": ""
      }
    },
    {
      "type": "Feature",
      "geometry": {
        "type": "Point",
        "coordinates": [
          130.2585701,
          32.6349063
        ]
      },
      "properties": {
        "内容": "バス停: 原城温泉真砂 (島鉄バス)",
        "name": "原城温泉真砂",
        "operator": "島鉄バス",
        "ref": "",
        "url": "",
        "url2": ""
      }
    },
    {
      "type": "Feature",
      "geometry": {
        "type": "Point",
        "coordinates": [
          130.3033726,
          32.661301
        ]
      },
      "properties": {
        "内容": "バス停: 下町 (島鉄バス)",
        "name": "下町",
        "operator": "島鉄バス",
        "ref": "",
        "url": "",
        "url2": ""
      }
    },
    {
      "type": "Feature",
      "geometry": {
        "type": "Point",
        "coordinates": [
          130.2966667,
          32.652229
        ]
      },
      "properties": {
        "内容": "バス停: 向 (島鉄バス)",
        "name": "向",
        "operator": "島鉄バス",
        "ref": "",
        "url": "",
        "url2": ""
      }
    },
    {
      "type": "Feature",
      "geometry": {
        "type": "Point",
        "coordinates": [
          130.013411,
          32.8375034
        ]
      },
      "properties": {
        "内容": "バス停: 貝津団地入口",
        "name": "貝津団地入口",
        "operator": "事業者不明",
        "ref": "",
        "url": "",
        "url2": ""
      }
    },
    {
      "type": "Feature",
      "geometry": {
        "type": "Point",
        "coordinates": [
          130.0095818,
          32.8371082
        ]
      },
      "properties": {
        "内容": "バス停: 諫早インター",
        "name": "諫早インター",
        "operator": "事業者不明",
        "ref": "",
        "url": "",
        "url2": ""
      }
    },
    {
      "type": "Feature",
      "geometry": {
        "type": "Point",
        "coordinates": [
          130.0191632,
          32.8377098
        ]
      },
      "properties": {
        "内容": "バス停: 農林試験場前",
        "name": "農林試験場前",
        "operator": "事業者不明",
        "ref": "",
        "url": "",
        "url2": ""
      }
    },
    {
      "type": "Feature",
      "geometry": {
        "type": "Point",
        "coordinates": [
          130.3705123,
          32.7900731
        ]
      },
      "properties": {
        "内容": "バス停: 島原駅前 (島鉄バス)",
        "name": "島原駅前",
        "operator": "島鉄バス",
        "ref": "",
        "url": "",
        "url2": ""
      }
    },
    {
      "type": "Feature",
      "geometry": {
        "type": "Point",
        "coordinates": [
          130.3666418,
          32.7920827
        ]
      },
      "properties": {
        "内容": "バス停: 文化会館 (島鉄バス)",
        "name": "文化会館",
        "operator": "島鉄バス",
        "ref": "",
        "url": "",
        "url2": ""
      }
    },
    {
      "type": "Feature",
      "geometry": {
        "type": "Point",
        "coordinates": [
          130.3662305,
          32.7920785
        ]
      },
      "properties": {
        "内容": "バス停: 文化会館 (島鉄バス)",
        "name": "文化会館",
        "operator": "島鉄バス",
        "ref": "",
        "url": "",
        "url2": ""
      }
    },
    {
      "type": "Feature",
      "geometry": {
        "type": "Point",
        "coordinates": [
          130.3048159,
          32.664064
        ]
      },
      "properties": {
        "内容": "バス停: 有家 (島鉄バス)",
        "name": "有家",
        "operator": "島鉄バス",
        "ref": "",
        "url": "",
        "url2": ""
      }
    },
    {
      "type": "Feature",
      "geometry": {
        "type": "Point",
        "coordinates": [
          130.3494539,
          32.7159105
        ]
      },
      "properties": {
        "内容": "バス停: 深江舟津 (島鉄バス)",
        "name": "深江舟津",
        "operator": "島鉄バス",
        "ref": "",
        "url": "",
        "url2": ""
      }
    },
    {
      "type": "Feature",
      "geometry": {
        "type": "Point",
        "coordinates": [
          129.8583086,
          32.7779975
        ]
      },
      "properties": {
        "内容": "バス停: 長崎バス大橋営業所 (長崎自動車)",
        "name": "長崎バス大橋営業所",
        "operator": "長崎自動車",
        "ref": "",
        "url": "",
        "url2": "Q11652349"
      }
    },
    {
      "type": "Feature",
      "geometry": {
        "type": "Point",
        "coordinates": [
          130.2623995,
          32.7392142
        ]
      },
      "properties": {
        "内容": "バス停: 雲仙お山の情報館",
        "name": "雲仙お山の情報館",
        "operator": "事業者不明",
        "ref": "",
        "url": "",
        "url2": ""
      }
    },
    {
      "type": "Feature",
      "geometry": {
        "type": "Point",
        "coordinates": [
          130.2605259,
          32.7378289
        ]
      },
      "properties": {
        "内容": "バス停: 小地獄入口",
        "name": "小地獄入口",
        "operator": "事業者不明",
        "ref": "",
        "url": "",
        "url2": ""
      }
    },
    {
      "type": "Feature",
      "geometry": {
        "type": "Point",
        "coordinates": [
          129.871899,
          32.7394685
        ]
      },
      "properties": {
        "内容": "バス停: 名称不明バス停",
        "name": "名称不明バス停",
        "operator": "事業者不明",
        "ref": "",
        "url": "",
        "url2": ""
      }
    },
    {
      "type": "Feature",
      "geometry": {
        "type": "Point",
        "coordinates": [
          129.8686612,
          32.7363078
        ]
      },
      "properties": {
        "内容": "バス停: 名称不明バス停",
        "name": "名称不明バス停",
        "operator": "事業者不明",
        "ref": "",
        "url": "",
        "url2": ""
      }
    },
    {
      "type": "Feature",
      "geometry": {
        "type": "Point",
        "coordinates": [
          129.8596453,
          32.7586545
        ]
      },
      "properties": {
        "内容": "バス停: 名称不明バス停",
        "name": "名称不明バス停",
        "operator": "事業者不明",
        "ref": "",
        "url": "",
        "url2": ""
      }
    },
    {
      "type": "Feature",
      "geometry": {
        "type": "Point",
        "coordinates": [
          129.8698218,
          32.7531509
        ]
      },
      "properties": {
        "内容": "バス停: 長崎駅前",
        "name": "長崎駅前",
        "operator": "事業者不明",
        "ref": "",
        "url": "",
        "url2": ""
      }
    },
    {
      "type": "Feature",
      "geometry": {
        "type": "Point",
        "coordinates": [
          129.7248296,
          33.1637805
        ]
      },
      "properties": {
        "内容": "バス停: 名称不明バス停",
        "name": "名称不明バス停",
        "operator": "事業者不明",
        "ref": "",
        "url": "",
        "url2": ""
      }
    },
    {
      "type": "Feature",
      "geometry": {
        "type": "Point",
        "coordinates": [
          129.9565993,
          32.7715975
        ]
      },
      "properties": {
        "内容": "バス停: 橘ふれあいセンター",
        "name": "橘ふれあいセンター",
        "operator": "事業者不明",
        "ref": "",
        "url": "",
        "url2": ""
      }
    },
    {
      "type": "Feature",
      "geometry": {
        "type": "Point",
        "coordinates": [
          129.9564337,
          32.7714869
        ]
      },
      "properties": {
        "内容": "バス停: 橘ふれあいセンター",
        "name": "橘ふれあいセンター",
        "operator": "事業者不明",
        "ref": "",
        "url": "",
        "url2": ""
      }
    },
    {
      "type": "Feature",
      "geometry": {
        "type": "Point",
        "coordinates": [
          129.9561429,
          32.7734461
        ]
      },
      "properties": {
        "内容": "バス停: かき道二丁目",
        "name": "かき道二丁目",
        "operator": "事業者不明",
        "ref": "",
        "url": "",
        "url2": ""
      }
    },
    {
      "type": "Feature",
      "geometry": {
        "type": "Point",
        "coordinates": [
          129.9561399,
          32.7732827
        ]
      },
      "properties": {
        "内容": "バス停: かき道二丁目",
        "name": "かき道二丁目",
        "operator": "事業者不明",
        "ref": "",
        "url": "",
        "url2": ""
      }
    },
    {
      "type": "Feature",
      "geometry": {
        "type": "Point",
        "coordinates": [
          129.9593565,
          32.7734436
        ]
      },
      "properties": {
        "内容": "バス停: 普賢通",
        "name": "普賢通",
        "operator": "事業者不明",
        "ref": "",
        "url": "",
        "url2": ""
      }
    },
    {
      "type": "Feature",
      "geometry": {
        "type": "Point",
        "coordinates": [
          129.9591831,
          32.7734209
        ]
      },
      "properties": {
        "内容": "バス停: 普賢通",
        "name": "普賢通",
        "operator": "事業者不明",
        "ref": "",
        "url": "",
        "url2": ""
      }
    },
    {
      "type": "Feature",
      "geometry": {
        "type": "Point",
        "coordinates": [
          129.9617181,
          32.7720259
        ]
      },
      "properties": {
        "内容": "バス停: 中央通",
        "name": "中央通",
        "operator": "事業者不明",
        "ref": "",
        "url": "",
        "url2": ""
      }
    },
    {
      "type": "Feature",
      "geometry": {
        "type": "Point",
        "coordinates": [
          129.962588,
          32.7721591
        ]
      },
      "properties": {
        "内容": "バス停: 中央通",
        "name": "中央通",
        "operator": "事業者不明",
        "ref": "",
        "url": "",
        "url2": ""
      }
    },
    {
      "type": "Feature",
      "geometry": {
        "type": "Point",
        "coordinates": [
          129.9641066,
          32.7732274
        ]
      },
      "properties": {
        "内容": "バス停: かき道三丁目",
        "name": "かき道三丁目",
        "operator": "事業者不明",
        "ref": "",
        "url": "",
        "url2": ""
      }
    },
    {
      "type": "Feature",
      "geometry": {
        "type": "Point",
        "coordinates": [
          129.9639243,
          32.7731495
        ]
      },
      "properties": {
        "内容": "バス停: かき道三丁目",
        "name": "かき道三丁目",
        "operator": "事業者不明",
        "ref": "",
        "url": "",
        "url2": ""
      }
    },
    {
      "type": "Feature",
      "geometry": {
        "type": "Point",
        "coordinates": [
          129.9649347,
          32.7698818
        ]
      },
      "properties": {
        "内容": "バス停: 東通り",
        "name": "東通り",
        "operator": "事業者不明",
        "ref": "",
        "url": "",
        "url2": ""
      }
    },
    {
      "type": "Feature",
      "geometry": {
        "type": "Point",
        "coordinates": [
          129.9650662,
          32.7698114
        ]
      },
      "properties": {
        "内容": "バス停: 東通り",
        "name": "東通り",
        "operator": "事業者不明",
        "ref": "",
        "url": "",
        "url2": ""
      }
    },
    {
      "type": "Feature",
      "geometry": {
        "type": "Point",
        "coordinates": [
          129.9646985,
          32.7679136
        ]
      },
      "properties": {
        "内容": "バス停: かき道四丁目",
        "name": "かき道四丁目",
        "operator": "事業者不明",
        "ref": "",
        "url": "",
        "url2": ""
      }
    },
    {
      "type": "Feature",
      "geometry": {
        "type": "Point",
        "coordinates": [
          129.964728,
          32.7677762
        ]
      },
      "properties": {
        "内容": "バス停: かき道四丁目",
        "name": "かき道四丁目",
        "operator": "事業者不明",
        "ref": "",
        "url": "",
        "url2": ""
      }
    },
    {
      "type": "Feature",
      "geometry": {
        "type": "Point",
        "coordinates": [
          129.961907,
          32.7671007
        ]
      },
      "properties": {
        "内容": "バス停: 南通り",
        "name": "南通り",
        "operator": "事業者不明",
        "ref": "",
        "url": "",
        "url2": ""
      }
    },
    {
      "type": "Feature",
      "geometry": {
        "type": "Point",
        "coordinates": [
          129.9620047,
          32.7669805
        ]
      },
      "properties": {
        "内容": "バス停: 南通り",
        "name": "南通り",
        "operator": "事業者不明",
        "ref": "",
        "url": "",
        "url2": ""
      }
    },
    {
      "type": "Feature",
      "geometry": {
        "type": "Point",
        "coordinates": [
          129.9598691,
          32.7685799
        ]
      },
      "properties": {
        "内容": "バス停: たちばな小学校",
        "name": "たちばな小学校",
        "operator": "事業者不明",
        "ref": "",
        "url": "",
        "url2": ""
      }
    },
    {
      "type": "Feature",
      "geometry": {
        "type": "Point",
        "coordinates": [
          129.9600743,
          32.7685936
        ]
      },
      "properties": {
        "内容": "バス停: たちばな小学校",
        "name": "たちばな小学校",
        "operator": "事業者不明",
        "ref": "",
        "url": "",
        "url2": ""
      }
    },
    {
      "type": "Feature",
      "geometry": {
        "type": "Point",
        "coordinates": [
          129.5242488,
          33.3304117
        ]
      },
      "properties": {
        "内容": "バス停: 川内入口",
        "name": "川内入口",
        "operator": "事業者不明",
        "ref": "",
        "url": "",
        "url2": ""
      }
    },
    {
      "type": "Feature",
      "geometry": {
        "type": "Point",
        "coordinates": [
          129.5242998,
          33.3305014
        ]
      },
      "properties": {
        "内容": "バス停: 川内入口",
        "name": "川内入口",
        "operator": "事業者不明",
        "ref": "",
        "url": "",
        "url2": ""
      }
    },
    {
      "type": "Feature",
      "geometry": {
        "type": "Point",
        "coordinates": [
          129.5346069,
          33.3328438
        ]
      },
      "properties": {
        "内容": "バス停: 千里ケ浜",
        "name": "千里ケ浜",
        "operator": "事業者不明",
        "ref": "",
        "url": "",
        "url2": ""
      }
    },
    {
      "type": "Feature",
      "geometry": {
        "type": "Point",
        "coordinates": [
          129.5344278,
          33.3329194
        ]
      },
      "properties": {
        "内容": "バス停: 千里ケ浜",
        "name": "千里ケ浜",
        "operator": "事業者不明",
        "ref": "",
        "url": "",
        "url2": ""
      }
    },
    {
      "type": "Feature",
      "geometry": {
        "type": "Point",
        "coordinates": [
          129.520373,
          33.3297529
        ]
      },
      "properties": {
        "内容": "バス停: 鄭成功記念館前",
        "name": "鄭成功記念館前",
        "operator": "事業者不明",
        "ref": "",
        "url": "",
        "url2": ""
      }
    },
    {
      "type": "Feature",
      "geometry": {
        "type": "Point",
        "coordinates": [
          129.5203476,
          33.3299019
        ]
      },
      "properties": {
        "内容": "バス停: 鄭成功記念館前",
        "name": "鄭成功記念館前",
        "operator": "事業者不明",
        "ref": "",
        "url": "",
        "url2": ""
      }
    },
    {
      "type": "Feature",
      "geometry": {
        "type": "Point",
        "coordinates": [
          128.6209917,
          32.6416597
        ]
      },
      "properties": {
        "内容": "バス停: 名称不明バス停",
        "name": "名称不明バス停",
        "operator": "事業者不明",
        "ref": "",
        "url": "",
        "url2": ""
      }
    },
    {
      "type": "Feature",
      "geometry": {
        "type": "Point",
        "coordinates": [
          128.6172069,
          32.6391078
        ]
      },
      "properties": {
        "内容": "バス停: 名称不明バス停",
        "name": "名称不明バス停",
        "operator": "事業者不明",
        "ref": "",
        "url": "",
        "url2": ""
      }
    },
    {
      "type": "Feature",
      "geometry": {
        "type": "Point",
        "coordinates": [
          128.6184138,
          32.6377937
        ]
      },
      "properties": {
        "内容": "バス停: 名称不明バス停",
        "name": "名称不明バス停",
        "operator": "事業者不明",
        "ref": "",
        "url": "",
        "url2": ""
      }
    },
    {
      "type": "Feature",
      "geometry": {
        "type": "Point",
        "coordinates": [
          128.6164178,
          32.6365689
        ]
      },
      "properties": {
        "内容": "バス停: 名称不明バス停",
        "name": "名称不明バス停",
        "operator": "事業者不明",
        "ref": "",
        "url": "",
        "url2": ""
      }
    },
    {
      "type": "Feature",
      "geometry": {
        "type": "Point",
        "coordinates": [
          128.6155,
          32.6361692
        ]
      },
      "properties": {
        "内容": "バス停: 名称不明バス停",
        "name": "名称不明バス停",
        "operator": "事業者不明",
        "ref": "",
        "url": "",
        "url2": ""
      }
    },
    {
      "type": "Feature",
      "geometry": {
        "type": "Point",
        "coordinates": [
          128.6171298,
          32.6319128
        ]
      },
      "properties": {
        "内容": "バス停: 名称不明バス停",
        "name": "名称不明バス停",
        "operator": "事業者不明",
        "ref": "",
        "url": "",
        "url2": ""
      }
    },
    {
      "type": "Feature",
      "geometry": {
        "type": "Point",
        "coordinates": [
          128.6134465,
          32.6298589
        ]
      },
      "properties": {
        "内容": "バス停: 名称不明バス停",
        "name": "名称不明バス停",
        "operator": "事業者不明",
        "ref": "",
        "url": "",
        "url2": ""
      }
    },
    {
      "type": "Feature",
      "geometry": {
        "type": "Point",
        "coordinates": [
          129.8246241,
          32.8522797
        ]
      },
      "properties": {
        "内容": "バス停: 時津北部バスターミナル",
        "name": "時津北部バスターミナル",
        "operator": "事業者不明",
        "ref": "",
        "url": "",
        "url2": ""
      }
    },
    {
      "type": "Feature",
      "geometry": {
        "type": "Point",
        "coordinates": [
          129.7152556,
          33.176933
        ]
      },
      "properties": {
        "内容": "バス停: 名称不明バス停",
        "name": "名称不明バス停",
        "operator": "事業者不明",
        "ref": "",
        "url": "",
        "url2": ""
      }
    },
    {
      "type": "Feature",
      "geometry": {
        "type": "Point",
        "coordinates": [
          129.7156004,
          33.1803269
        ]
      },
      "properties": {
        "内容": "バス停: 名称不明バス停",
        "name": "名称不明バス停",
        "operator": "事業者不明",
        "ref": "",
        "url": "",
        "url2": ""
      }
    },
    {
      "type": "Feature",
      "geometry": {
        "type": "Point",
        "coordinates": [
          129.7160358,
          33.1796712
        ]
      },
      "properties": {
        "内容": "バス停: 名称不明バス停",
        "name": "名称不明バス停",
        "operator": "事業者不明",
        "ref": "",
        "url": "",
        "url2": ""
      }
    },
    {
      "type": "Feature",
      "geometry": {
        "type": "Point",
        "coordinates": [
          129.7183069,
          33.1869489
        ]
      },
      "properties": {
        "内容": "バス停: 名称不明バス停",
        "name": "名称不明バス停",
        "operator": "事業者不明",
        "ref": "",
        "url": "",
        "url2": ""
      }
    },
    {
      "type": "Feature",
      "geometry": {
        "type": "Point",
        "coordinates": [
          129.7184936,
          33.187
        ]
      },
      "properties": {
        "内容": "バス停: 名称不明バス停",
        "name": "名称不明バス停",
        "operator": "事業者不明",
        "ref": "",
        "url": "",
        "url2": ""
      }
    },
    {
      "type": "Feature",
      "geometry": {
        "type": "Point",
        "coordinates": [
          129.8962696,
          33.1576199
        ]
      },
      "properties": {
        "内容": "バス停: 名称不明バス停",
        "name": "名称不明バス停",
        "operator": "事業者不明",
        "ref": "",
        "url": "",
        "url2": ""
      }
    },
    {
      "type": "Feature",
      "geometry": {
        "type": "Point",
        "coordinates": [
          129.8376239,
          32.6935784
        ]
      },
      "properties": {
        "内容": "バス停: 毛井首公園前",
        "name": "毛井首公園前",
        "operator": "事業者不明",
        "ref": "",
        "url": "",
        "url2": ""
      }
    },
    {
      "type": "Feature",
      "geometry": {
        "type": "Point",
        "coordinates": [
          129.8377952,
          32.6936616
        ]
      },
      "properties": {
        "内容": "バス停: 毛井首公園前",
        "name": "毛井首公園前",
        "operator": "事業者不明",
        "ref": "",
        "url": "",
        "url2": ""
      }
    },
    {
      "type": "Feature",
      "geometry": {
        "type": "Point",
        "coordinates": [
          129.8389757,
          32.6953872
        ]
      },
      "properties": {
        "内容": "バス停: 毛井首団地",
        "name": "毛井首団地",
        "operator": "事業者不明",
        "ref": "",
        "url": "",
        "url2": ""
      }
    },
    {
      "type": "Feature",
      "geometry": {
        "type": "Point",
        "coordinates": [
          129.839034,
          32.6954948
        ]
      },
      "properties": {
        "内容": "バス停: 毛井首団地",
        "name": "毛井首団地",
        "operator": "事業者不明",
        "ref": "",
        "url": "",
        "url2": ""
      }
    },
    {
      "type": "Feature",
      "geometry": {
        "type": "Point",
        "coordinates": [
          129.8315078,
          32.6838136
        ]
      },
      "properties": {
        "内容": "バス停: 深堀団地入口",
        "name": "深堀団地入口",
        "operator": "事業者不明",
        "ref": "",
        "url": "",
        "url2": ""
      }
    },
    {
      "type": "Feature",
      "geometry": {
        "type": "Point",
        "coordinates": [
          129.8321371,
          32.6836601
        ]
      },
      "properties": {
        "内容": "バス停: 深堀団地入口",
        "name": "深堀団地入口",
        "operator": "事業者不明",
        "ref": "",
        "url": "",
        "url2": ""
      }
    },
    {
      "type": "Feature",
      "geometry": {
        "type": "Point",
        "coordinates": [
          129.8292543,
          32.6816089
        ]
      },
      "properties": {
        "内容": "バス停: 深堀センター",
        "name": "深堀センター",
        "operator": "事業者不明",
        "ref": "",
        "url": "",
        "url2": ""
      }
    },
    {
      "type": "Feature",
      "geometry": {
        "type": "Point",
        "coordinates": [
          129.9487079,
          32.7608414
        ]
      },
      "properties": {
        "内容": "バス停: 切通",
        "name": "切通",
        "operator": "事業者不明",
        "ref": "",
        "url": "",
        "url2": ""
      }
    },
    {
      "type": "Feature",
      "geometry": {
        "type": "Point",
        "coordinates": [
          129.9483191,
          32.7608694
        ]
      },
      "properties": {
        "内容": "バス停: 切通",
        "name": "切通",
        "operator": "事業者不明",
        "ref": "",
        "url": "",
        "url2": ""
      }
    },
    {
      "type": "Feature",
      "geometry": {
        "type": "Point",
        "coordinates": [
          129.8390685,
          32.6862586
        ]
      },
      "properties": {
        "内容": "バス停: 江川橋",
        "name": "江川橋",
        "operator": "事業者不明",
        "ref": "",
        "url": "",
        "url2": ""
      }
    },
    {
      "type": "Feature",
      "geometry": {
        "type": "Point",
        "coordinates": [
          129.8390013,
          32.6862173
        ]
      },
      "properties": {
        "内容": "バス停: 江川橋",
        "name": "江川橋",
        "operator": "事業者不明",
        "ref": "",
        "url": "",
        "url2": ""
      }
    },
    {
      "type": "Feature",
      "geometry": {
        "type": "Point",
        "coordinates": [
          129.8475049,
          32.7007235
        ]
      },
      "properties": {
        "内容": "バス停: 磯道町",
        "name": "磯道町",
        "operator": "事業者不明",
        "ref": "",
        "url": "",
        "url2": ""
      }
    },
    {
      "type": "Feature",
      "geometry": {
        "type": "Point",
        "coordinates": [
          129.8473682,
          32.7013897
        ]
      },
      "properties": {
        "内容": "バス停: 磯道町",
        "name": "磯道町",
        "operator": "事業者不明",
        "ref": "",
        "url": "",
        "url2": ""
      }
    },
    {
      "type": "Feature",
      "geometry": {
        "type": "Point",
        "coordinates": [
          129.8495857,
          32.6980884
        ]
      },
      "properties": {
        "内容": "バス停: 鹿尾橋",
        "name": "鹿尾橋",
        "operator": "事業者不明",
        "ref": "",
        "url": "",
        "url2": ""
      }
    },
    {
      "type": "Feature",
      "geometry": {
        "type": "Point",
        "coordinates": [
          129.8493998,
          32.6980865
        ]
      },
      "properties": {
        "内容": "バス停: 鹿尾橋",
        "name": "鹿尾橋",
        "operator": "事業者不明",
        "ref": "",
        "url": "",
        "url2": ""
      }
    },
    {
      "type": "Feature",
      "geometry": {
        "type": "Point",
        "coordinates": [
          129.8717181,
          32.7814365
        ]
      },
      "properties": {
        "内容": "バス停: 本原1丁目",
        "name": "本原1丁目",
        "operator": "事業者不明",
        "ref": "",
        "url": "",
        "url2": ""
      }
    },
    {
      "type": "Feature",
      "geometry": {
        "type": "Point",
        "coordinates": [
          129.8709382,
          32.7812106
        ]
      },
      "properties": {
        "内容": "バス停: 本原1丁目",
        "name": "本原1丁目",
        "operator": "事業者不明",
        "ref": "",
        "url": "",
        "url2": ""
      }
    },
    {
      "type": "Feature",
      "geometry": {
        "type": "Point",
        "coordinates": [
          129.8729272,
          32.7821276
        ]
      },
      "properties": {
        "内容": "バス停: 小峰公園",
        "name": "小峰公園",
        "operator": "事業者不明",
        "ref": "",
        "url": "",
        "url2": ""
      }
    },
    {
      "type": "Feature",
      "geometry": {
        "type": "Point",
        "coordinates": [
          129.8695575,
          32.7785796
        ]
      },
      "properties": {
        "内容": "バス停: 山里中学校前",
        "name": "山里中学校前",
        "operator": "事業者不明",
        "ref": "",
        "url": "",
        "url2": ""
      }
    },
    {
      "type": "Feature",
      "geometry": {
        "type": "Point",
        "coordinates": [
          129.8697264,
          32.7797506
        ]
      },
      "properties": {
        "内容": "バス停: 山里中学校前",
        "name": "山里中学校前",
        "operator": "事業者不明",
        "ref": "",
        "url": "",
        "url2": ""
      }
    },
    {
      "type": "Feature",
      "geometry": {
        "type": "Point",
        "coordinates": [
          129.8349833,
          32.8077754
        ]
      },
      "properties": {
        "内容": "バス停: 集会所前",
        "name": "集会所前",
        "operator": "事業者不明",
        "ref": "",
        "url": "",
        "url2": ""
      }
    },
    {
      "type": "Feature",
      "geometry": {
        "type": "Point",
        "coordinates": [
          129.8349395,
          32.8079385
        ]
      },
      "properties": {
        "内容": "バス停: 集会所前",
        "name": "集会所前",
        "operator": "事業者不明",
        "ref": "",
        "url": "",
        "url2": ""
      }
    },
    {
      "type": "Feature",
      "geometry": {
        "type": "Point",
        "coordinates": [
          129.8348706,
          32.8066807
        ]
      },
      "properties": {
        "内容": "バス停: 滑石ふれあいセンター前",
        "name": "滑石ふれあいセンター前",
        "operator": "事業者不明",
        "ref": "",
        "url": "",
        "url2": ""
      }
    },
    {
      "type": "Feature",
      "geometry": {
        "type": "Point",
        "coordinates": [
          129.8344348,
          32.8065841
        ]
      },
      "properties": {
        "内容": "バス停: 滑石ふれあいセンター前",
        "name": "滑石ふれあいセンター前",
        "operator": "事業者不明",
        "ref": "",
        "url": "",
        "url2": ""
      }
    },
    {
      "type": "Feature",
      "geometry": {
        "type": "Point",
        "coordinates": [
          129.8583995,
          32.7684708
        ]
      },
      "properties": {
        "内容": "バス停: 岩見町",
        "name": "岩見町",
        "operator": "事業者不明",
        "ref": "",
        "url": "",
        "url2": ""
      }
    },
    {
      "type": "Feature",
      "geometry": {
        "type": "Point",
        "coordinates": [
          129.8573429,
          32.7702554
        ]
      },
      "properties": {
        "内容": "バス停: 富士見町",
        "name": "富士見町",
        "operator": "事業者不明",
        "ref": "",
        "url": "",
        "url2": ""
      }
    },
    {
      "type": "Feature",
      "geometry": {
        "type": "Point",
        "coordinates": [
          129.8272224,
          32.6817119
        ]
      },
      "properties": {
        "内容": "バス停: 深堀中学校下",
        "name": "深堀中学校下",
        "operator": "事業者不明",
        "ref": "",
        "url": "",
        "url2": ""
      }
    },
    {
      "type": "Feature",
      "geometry": {
        "type": "Point",
        "coordinates": [
          129.8307686,
          32.781491
        ]
      },
      "properties": {
        "内容": "バス停: ニュータウン中央",
        "name": "ニュータウン中央",
        "operator": "事業者不明",
        "ref": "",
        "url": "",
        "url2": ""
      }
    },
    {
      "type": "Feature",
      "geometry": {
        "type": "Point",
        "coordinates": [
          129.8339922,
          32.7849925
        ]
      },
      "properties": {
        "内容": "バス停: 上小江原",
        "name": "上小江原",
        "operator": "事業者不明",
        "ref": "",
        "url": "",
        "url2": ""
      }
    },
    {
      "type": "Feature",
      "geometry": {
        "type": "Point",
        "coordinates": [
          129.8337935,
          32.7850325
        ]
      },
      "properties": {
        "内容": "バス停: 上小江原",
        "name": "上小江原",
        "operator": "事業者不明",
        "ref": "",
        "url": "",
        "url2": ""
      }
    },
    {
      "type": "Feature",
      "geometry": {
        "type": "Point",
        "coordinates": [
          129.8310791,
          32.7819197
        ]
      },
      "properties": {
        "内容": "バス停: ニュータウン中央",
        "name": "ニュータウン中央",
        "operator": "事業者不明",
        "ref": "",
        "url": "",
        "url2": ""
      }
    },
    {
      "type": "Feature",
      "geometry": {
        "type": "Point",
        "coordinates": [
          129.8289814,
          32.7835058
        ]
      },
      "properties": {
        "内容": "バス停: 大平",
        "name": "大平",
        "operator": "事業者不明",
        "ref": "",
        "url": "",
        "url2": ""
      }
    },
    {
      "type": "Feature",
      "geometry": {
        "type": "Point",
        "coordinates": [
          129.8288304,
          32.7835693
        ]
      },
      "properties": {
        "内容": "バス停: 大平",
        "name": "大平",
        "operator": "事業者不明",
        "ref": "",
        "url": "",
        "url2": ""
      }
    },
    {
      "type": "Feature",
      "geometry": {
        "type": "Point",
        "coordinates": [
          129.856172,
          32.7718935
        ]
      },
      "properties": {
        "内容": "バス停: 城山住宅前",
        "name": "城山住宅前",
        "operator": "事業者不明",
        "ref": "",
        "url": "",
        "url2": ""
      }
    },
    {
      "type": "Feature",
      "geometry": {
        "type": "Point",
        "coordinates": [
          129.8409711,
          32.7806407
        ]
      },
      "properties": {
        "内容": "バス停: 第二団地東口",
        "name": "第二団地東口",
        "operator": "事業者不明",
        "ref": "",
        "url": "",
        "url2": ""
      }
    },
    {
      "type": "Feature",
      "geometry": {
        "type": "Point",
        "coordinates": [
          129.8841824,
          32.8088528
        ]
      },
      "properties": {
        "内容": "バス停: サニータウン",
        "name": "サニータウン",
        "operator": "事業者不明",
        "ref": "",
        "url": "",
        "url2": ""
      }
    },
    {
      "type": "Feature",
      "geometry": {
        "type": "Point",
        "coordinates": [
          129.884251,
          32.8099665
        ]
      },
      "properties": {
        "内容": "バス停: サニータウン",
        "name": "サニータウン",
        "operator": "事業者不明",
        "ref": "",
        "url": "",
        "url2": ""
      }
    },
    {
      "type": "Feature",
      "geometry": {
        "type": "Point",
        "coordinates": [
          129.845815,
          32.8148659
        ]
      },
      "properties": {
        "内容": "バス停: 元村",
        "name": "元村",
        "operator": "事業者不明",
        "ref": "",
        "url": "",
        "url2": ""
      }
    },
    {
      "type": "Feature",
      "geometry": {
        "type": "Point",
        "coordinates": [
          129.8457713,
          32.8139678
        ]
      },
      "properties": {
        "内容": "バス停: 元村",
        "name": "元村",
        "operator": "事業者不明",
        "ref": "",
        "url": "",
        "url2": ""
      }
    },
    {
      "type": "Feature",
      "geometry": {
        "type": "Point",
        "coordinates": [
          129.8468299,
          32.8188061
        ]
      },
      "properties": {
        "内容": "バス停: 井手園",
        "name": "井手園",
        "operator": "事業者不明",
        "ref": "",
        "url": "",
        "url2": ""
      }
    },
    {
      "type": "Feature",
      "geometry": {
        "type": "Point",
        "coordinates": [
          129.8472772,
          32.8191109
        ]
      },
      "properties": {
        "内容": "バス停: 井手園",
        "name": "井手園",
        "operator": "事業者不明",
        "ref": "",
        "url": "",
        "url2": ""
      }
    },
    {
      "type": "Feature",
      "geometry": {
        "type": "Point",
        "coordinates": [
          129.9508453,
          32.762782
        ]
      },
      "properties": {
        "内容": "バス停: 青果市場前",
        "name": "青果市場前",
        "operator": "事業者不明",
        "ref": "",
        "url": "",
        "url2": ""
      }
    },
    {
      "type": "Feature",
      "geometry": {
        "type": "Point",
        "coordinates": [
          129.9509654,
          32.7626424
        ]
      },
      "properties": {
        "内容": "バス停: 青果市場前",
        "name": "青果市場前",
        "operator": "事業者不明",
        "ref": "",
        "url": "",
        "url2": ""
      }
    },
    {
      "type": "Feature",
      "geometry": {
        "type": "Point",
        "coordinates": [
          129.779378,
          32.8268199
        ]
      },
      "properties": {
        "内容": "バス停: 漁港入口",
        "name": "漁港入口",
        "operator": "事業者不明",
        "ref": "",
        "url": "",
        "url2": ""
      }
    },
    {
      "type": "Feature",
      "geometry": {
        "type": "Point",
        "coordinates": [
          129.7787476,
          32.8270385
        ]
      },
      "properties": {
        "内容": "バス停: 漁港入口",
        "name": "漁港入口",
        "operator": "事業者不明",
        "ref": "",
        "url": "",
        "url2": ""
      }
    },
    {
      "type": "Feature",
      "geometry": {
        "type": "Point",
        "coordinates": [
          129.7789734,
          32.8262259
        ]
      },
      "properties": {
        "内容": "バス停: 漁港入口",
        "name": "漁港入口",
        "operator": "事業者不明",
        "ref": "",
        "url": "",
        "url2": ""
      }
    },
    {
      "type": "Feature",
      "geometry": {
        "type": "Point",
        "coordinates": [
          129.7773467,
          32.8274956
        ]
      },
      "properties": {
        "内容": "バス停: 弁天",
        "name": "弁天",
        "operator": "事業者不明",
        "ref": "",
        "url": "",
        "url2": ""
      }
    },
    {
      "type": "Feature",
      "geometry": {
        "type": "Point",
        "coordinates": [
          129.777333,
          32.8277275
        ]
      },
      "properties": {
        "内容": "バス停: 弁天",
        "name": "弁天",
        "operator": "事業者不明",
        "ref": "",
        "url": "",
        "url2": ""
      }
    },
    {
      "type": "Feature",
      "geometry": {
        "type": "Point",
        "coordinates": [
          129.7767117,
          32.8247765
        ]
      },
      "properties": {
        "内容": "バス停: 畝刈県住",
        "name": "畝刈県住",
        "operator": "事業者不明",
        "ref": "",
        "url": "",
        "url2": ""
      }
    },
    {
      "type": "Feature",
      "geometry": {
        "type": "Point",
        "coordinates": [
          129.7772481,
          32.825431
        ]
      },
      "properties": {
        "内容": "バス停: 畝刈県住",
        "name": "畝刈県住",
        "operator": "事業者不明",
        "ref": "",
        "url": "",
        "url2": ""
      }
    },
    {
      "type": "Feature",
      "geometry": {
        "type": "Point",
        "coordinates": [
          129.7747964,
          32.8238549
        ]
      },
      "properties": {
        "内容": "バス停: 京泊市住",
        "name": "京泊市住",
        "operator": "事業者不明",
        "ref": "",
        "url": "",
        "url2": ""
      }
    },
    {
      "type": "Feature",
      "geometry": {
        "type": "Point",
        "coordinates": [
          129.7744865,
          32.823314
        ]
      },
      "properties": {
        "内容": "バス停: 京泊市住",
        "name": "京泊市住",
        "operator": "事業者不明",
        "ref": "",
        "url": "",
        "url2": ""
      }
    },
    {
      "type": "Feature",
      "geometry": {
        "type": "Point",
        "coordinates": [
          129.7766361,
          32.8270523
        ]
      },
      "properties": {
        "内容": "バス停: 弁天",
        "name": "弁天",
        "operator": "事業者不明",
        "ref": "",
        "url": "",
        "url2": ""
      }
    },
    {
      "type": "Feature",
      "geometry": {
        "type": "Point",
        "coordinates": [
          129.7765514,
          32.8271189
        ]
      },
      "properties": {
        "内容": "バス停: 弁天",
        "name": "弁天",
        "operator": "事業者不明",
        "ref": "",
        "url": "",
        "url2": ""
      }
    },
    {
      "type": "Feature",
      "geometry": {
        "type": "Point",
        "coordinates": [
          129.8349105,
          32.8128444
        ]
      },
      "properties": {
        "内容": "バス停: 秋寄",
        "name": "秋寄",
        "operator": "事業者不明",
        "ref": "",
        "url": "",
        "url2": ""
      }
    },
    {
      "type": "Feature",
      "geometry": {
        "type": "Point",
        "coordinates": [
          129.8347893,
          32.8124486
        ]
      },
      "properties": {
        "内容": "バス停: 秋寄",
        "name": "秋寄",
        "operator": "事業者不明",
        "ref": "",
        "url": "",
        "url2": ""
      }
    },
    {
      "type": "Feature",
      "geometry": {
        "type": "Point",
        "coordinates": [
          129.8294424,
          32.8148623
        ]
      },
      "properties": {
        "内容": "バス停: 横尾中学校口",
        "name": "横尾中学校口",
        "operator": "事業者不明",
        "ref": "",
        "url": "",
        "url2": ""
      }
    },
    {
      "type": "Feature",
      "geometry": {
        "type": "Point",
        "coordinates": [
          129.8298138,
          32.8147516
        ]
      },
      "properties": {
        "内容": "バス停: 横尾中学校口",
        "name": "横尾中学校口",
        "operator": "事業者不明",
        "ref": "",
        "url": "",
        "url2": ""
      }
    },
    {
      "type": "Feature",
      "geometry": {
        "type": "Point",
        "coordinates": [
          129.8324818,
          32.8132731
        ]
      },
      "properties": {
        "内容": "バス停: 横尾小学校前",
        "name": "横尾小学校前",
        "operator": "事業者不明",
        "ref": "",
        "url": "",
        "url2": ""
      }
    },
    {
      "type": "Feature",
      "geometry": {
        "type": "Point",
        "coordinates": [
          129.8328679,
          32.8131709
        ]
      },
      "properties": {
        "内容": "バス停: 横尾小学校前",
        "name": "横尾小学校前",
        "operator": "事業者不明",
        "ref": "",
        "url": "",
        "url2": ""
      }
    },
    {
      "type": "Feature",
      "geometry": {
        "type": "Point",
        "coordinates": [
          129.8626149,
          32.7844459
        ]
      },
      "properties": {
        "内容": "バス停: 長崎大学前",
        "name": "長崎大学前",
        "operator": "事業者不明",
        "ref": "",
        "url": "",
        "url2": ""
      }
    },
    {
      "type": "Feature",
      "geometry": {
        "type": "Point",
        "coordinates": [
          129.8623258,
          32.7843434
        ]
      },
      "properties": {
        "内容": "バス停: 振興局前",
        "name": "振興局前",
        "operator": "事業者不明",
        "ref": "",
        "url": "",
        "url2": ""
      }
    },
    {
      "type": "Feature",
      "geometry": {
        "type": "Point",
        "coordinates": [
          129.8749212,
          32.8039773
        ]
      },
      "properties": {
        "内容": "バス停: 西崎団地中央",
        "name": "西崎団地中央",
        "operator": "事業者不明",
        "ref": "",
        "url": "",
        "url2": ""
      }
    },
    {
      "type": "Feature",
      "geometry": {
        "type": "Point",
        "coordinates": [
          129.8748124,
          32.8038818
        ]
      },
      "properties": {
        "内容": "バス停: 西崎団地中央",
        "name": "西崎団地中央",
        "operator": "事業者不明",
        "ref": "",
        "url": "",
        "url2": ""
      }
    },
    {
      "type": "Feature",
      "geometry": {
        "type": "Point",
        "coordinates": [
          129.8736542,
          32.8055271
        ]
      },
      "properties": {
        "内容": "バス停: 日当野尾",
        "name": "日当野尾",
        "operator": "事業者不明",
        "ref": "",
        "url": "",
        "url2": ""
      }
    },
    {
      "type": "Feature",
      "geometry": {
        "type": "Point",
        "coordinates": [
          129.8734289,
          32.8054785
        ]
      },
      "properties": {
        "内容": "バス停: 日当野尾",
        "name": "日当野尾",
        "operator": "事業者不明",
        "ref": "",
        "url": "",
        "url2": ""
      }
    },
    {
      "type": "Feature",
      "geometry": {
        "type": "Point",
        "coordinates": [
          129.8803834,
          32.7488183
        ]
      },
      "properties": {
        "内容": "バス停: 長崎市役所",
        "name": "長崎市役所",
        "operator": "事業者不明",
        "ref": "",
        "url": "",
        "url2": ""
      }
    },
    {
      "type": "Feature",
      "geometry": {
        "type": "Point",
        "coordinates": [
          129.8802274,
          32.748993
        ]
      },
      "properties": {
        "内容": "バス停: 長崎市役所",
        "name": "長崎市役所",
        "operator": "事業者不明",
        "ref": "",
        "url": "",
        "url2": ""
      }
    },
    {
      "type": "Feature",
      "geometry": {
        "type": "Point",
        "coordinates": [
          129.8967108,
          32.7382286
        ]
      },
      "properties": {
        "内容": "バス停: 白木団地前",
        "name": "白木団地前",
        "operator": "事業者不明",
        "ref": "",
        "url": "",
        "url2": ""
      }
    },
    {
      "type": "Feature",
      "geometry": {
        "type": "Point",
        "coordinates": [
          129.8944783,
          32.7392028
        ]
      },
      "properties": {
        "内容": "バス停: 白木",
        "name": "白木",
        "operator": "事業者不明",
        "ref": "",
        "url": "",
        "url2": ""
      }
    },
    {
      "type": "Feature",
      "geometry": {
        "type": "Point",
        "coordinates": [
          129.8946098,
          32.7391266
        ]
      },
      "properties": {
        "内容": "バス停: 白木",
        "name": "白木",
        "operator": "事業者不明",
        "ref": "",
        "url": "",
        "url2": ""
      }
    },
    {
      "type": "Feature",
      "geometry": {
        "type": "Point",
        "coordinates": [
          129.8671751,
          32.775692
        ]
      },
      "properties": {
        "内容": "バス停: 浦上天主堂前",
        "name": "浦上天主堂前",
        "operator": "事業者不明",
        "ref": "",
        "url": "",
        "url2": ""
      }
    },
    {
      "type": "Feature",
      "geometry": {
        "type": "Point",
        "coordinates": [
          129.8672065,
          32.7757437
        ]
      },
      "properties": {
        "内容": "バス停: 浦上天主堂前",
        "name": "浦上天主堂前",
        "operator": "事業者不明",
        "ref": "",
        "url": "",
        "url2": ""
      }
    },
    {
      "type": "Feature",
      "geometry": {
        "type": "Point",
        "coordinates": [
          129.8659423,
          32.7758838
        ]
      },
      "properties": {
        "内容": "バス停: 浦上天主堂前",
        "name": "浦上天主堂前",
        "operator": "事業者不明",
        "ref": "",
        "url": "",
        "url2": ""
      }
    },
    {
      "type": "Feature",
      "geometry": {
        "type": "Point",
        "coordinates": [
          129.8663304,
          32.7760027
        ]
      },
      "properties": {
        "内容": "バス停: 浦上天主堂前",
        "name": "浦上天主堂前",
        "operator": "事業者不明",
        "ref": "",
        "url": "",
        "url2": ""
      }
    },
    {
      "type": "Feature",
      "geometry": {
        "type": "Point",
        "coordinates": [
          129.8671857,
          32.7726145
        ]
      },
      "properties": {
        "内容": "バス停: 医学部前",
        "name": "医学部前",
        "operator": "事業者不明",
        "ref": "",
        "url": "",
        "url2": ""
      }
    },
    {
      "type": "Feature",
      "geometry": {
        "type": "Point",
        "coordinates": [
          129.8672576,
          32.772677
        ]
      },
      "properties": {
        "内容": "バス停: 医学部前",
        "name": "医学部前",
        "operator": "事業者不明",
        "ref": "",
        "url": "",
        "url2": ""
      }
    },
    {
      "type": "Feature",
      "geometry": {
        "type": "Point",
        "coordinates": [
          129.8333996,
          32.6849574
        ]
      },
      "properties": {
        "内容": "バス停: 深堀１丁目",
        "name": "深堀１丁目",
        "operator": "事業者不明",
        "ref": "",
        "url": "",
        "url2": ""
      }
    },
    {
      "type": "Feature",
      "geometry": {
        "type": "Point",
        "coordinates": [
          129.8711092,
          32.7859052
        ]
      },
      "properties": {
        "内容": "バス停: 石神町",
        "name": "石神町",
        "operator": "事業者不明",
        "ref": "",
        "url": "",
        "url2": ""
      }
    },
    {
      "type": "Feature",
      "geometry": {
        "type": "Point",
        "coordinates": [
          129.8710368,
          32.785973
        ]
      },
      "properties": {
        "内容": "バス停: 石神町",
        "name": "石神町",
        "operator": "事業者不明",
        "ref": "",
        "url": "",
        "url2": ""
      }
    },
    {
      "type": "Feature",
      "geometry": {
        "type": "Point",
        "coordinates": [
          129.8380452,
          32.8081044
        ]
      },
      "properties": {
        "内容": "バス停: 大神宮前",
        "name": "大神宮前",
        "operator": "事業者不明",
        "ref": "",
        "url": "",
        "url2": ""
      }
    },
    {
      "type": "Feature",
      "geometry": {
        "type": "Point",
        "coordinates": [
          129.838104,
          32.8081423
        ]
      },
      "properties": {
        "内容": "バス停: 大神宮前",
        "name": "大神宮前",
        "operator": "事業者不明",
        "ref": "",
        "url": "",
        "url2": ""
      }
    },
    {
      "type": "Feature",
      "geometry": {
        "type": "Point",
        "coordinates": [
          129.8777311,
          32.7941363
        ]
      },
      "properties": {
        "内容": "バス停: 下川平",
        "name": "下川平",
        "operator": "事業者不明",
        "ref": "",
        "url": "",
        "url2": ""
      }
    },
    {
      "type": "Feature",
      "geometry": {
        "type": "Point",
        "coordinates": [
          129.876318,
          32.7937465
        ]
      },
      "properties": {
        "内容": "バス停: 川平入口",
        "name": "川平入口",
        "operator": "事業者不明",
        "ref": "",
        "url": "",
        "url2": ""
      }
    },
    {
      "type": "Feature",
      "geometry": {
        "type": "Point",
        "coordinates": [
          129.864043,
          32.7670344
        ]
      },
      "properties": {
        "内容": "バス停: 岩川町",
        "name": "岩川町",
        "operator": "事業者不明",
        "ref": "",
        "url": "",
        "url2": ""
      }
    },
    {
      "type": "Feature",
      "geometry": {
        "type": "Point",
        "coordinates": [
          129.8643215,
          32.7676264
        ]
      },
      "properties": {
        "内容": "バス停: 岩川町",
        "name": "岩川町",
        "operator": "事業者不明",
        "ref": "",
        "url": "",
        "url2": ""
      }
    },
    {
      "type": "Feature",
      "geometry": {
        "type": "Point",
        "coordinates": [
          129.8636351,
          32.7657318
        ]
      },
      "properties": {
        "内容": "バス停: 浦上駅前",
        "name": "浦上駅前",
        "operator": "事業者不明",
        "ref": "",
        "url": "",
        "url2": ""
      }
    },
    {
      "type": "Feature",
      "geometry": {
        "type": "Point",
        "coordinates": [
          129.8643426,
          32.7654536
        ]
      },
      "properties": {
        "内容": "バス停: 浦上駅前",
        "name": "浦上駅前",
        "operator": "事業者不明",
        "ref": "",
        "url": "",
        "url2": ""
      }
    },
    {
      "type": "Feature",
      "geometry": {
        "type": "Point",
        "coordinates": [
          129.8940609,
          32.7508765
        ]
      },
      "properties": {
        "内容": "バス停: 蛍茶屋",
        "name": "蛍茶屋",
        "operator": "事業者不明",
        "ref": "",
        "url": "",
        "url2": ""
      }
    },
    {
      "type": "Feature",
      "geometry": {
        "type": "Point",
        "coordinates": [
          129.8954477,
          32.7505724
        ]
      },
      "properties": {
        "内容": "バス停: 蛍茶屋",
        "name": "蛍茶屋",
        "operator": "事業者不明",
        "ref": "",
        "url": "",
        "url2": ""
      }
    },
    {
      "type": "Feature",
      "geometry": {
        "type": "Point",
        "coordinates": [
          130.0947751,
          32.8364683
        ]
      },
      "properties": {
        "内容": "バス停: 尾崎",
        "name": "尾崎",
        "operator": "事業者不明",
        "ref": "",
        "url": "",
        "url2": ""
      }
    },
    {
      "type": "Feature",
      "geometry": {
        "type": "Point",
        "coordinates": [
          130.1006733,
          32.8379828
        ]
      },
      "properties": {
        "内容": "バス停: 黒崎",
        "name": "黒崎",
        "operator": "事業者不明",
        "ref": "",
        "url": "",
        "url2": ""
      }
    },
    {
      "type": "Feature",
      "geometry": {
        "type": "Point",
        "coordinates": [
          130.1003058,
          32.8378813
        ]
      },
      "properties": {
        "内容": "バス停: 黒崎",
        "name": "黒崎",
        "operator": "事業者不明",
        "ref": "",
        "url": "",
        "url2": ""
      }
    },
    {
      "type": "Feature",
      "geometry": {
        "type": "Point",
        "coordinates": [
          129.7132682,
          33.1921991
        ]
      },
      "properties": {
        "内容": "バス停: 名称不明バス停",
        "name": "名称不明バス停",
        "operator": "事業者不明",
        "ref": "",
        "url": "",
        "url2": ""
      }
    },
    {
      "type": "Feature",
      "geometry": {
        "type": "Point",
        "coordinates": [
          129.7128612,
          33.191885
        ]
      },
      "properties": {
        "内容": "バス停: 名称不明バス停",
        "name": "名称不明バス停",
        "operator": "事業者不明",
        "ref": "",
        "url": "",
        "url2": ""
      }
    },
    {
      "type": "Feature",
      "geometry": {
        "type": "Point",
        "coordinates": [
          130.0544311,
          32.8345442
        ]
      },
      "properties": {
        "内容": "バス停: 西郷",
        "name": "西郷",
        "operator": "事業者不明",
        "ref": "",
        "url": "",
        "url2": ""
      }
    },
    {
      "type": "Feature",
      "geometry": {
        "type": "Point",
        "coordinates": [
          130.0499865,
          32.8336474
        ]
      },
      "properties": {
        "内容": "バス停: 新道",
        "name": "新道",
        "operator": "事業者不明",
        "ref": "",
        "url": "",
        "url2": ""
      }
    },
    {
      "type": "Feature",
      "geometry": {
        "type": "Point",
        "coordinates": [
          130.0496779,
          32.8337566
        ]
      },
      "properties": {
        "内容": "バス停: 新道",
        "name": "新道",
        "operator": "事業者不明",
        "ref": "",
        "url": "",
        "url2": ""
      }
    },
    {
      "type": "Feature",
      "geometry": {
        "type": "Point",
        "coordinates": [
          129.8697609,
          32.7562904
        ]
      },
      "properties": {
        "内容": "バス停: 八千代町",
        "name": "八千代町",
        "operator": "事業者不明",
        "ref": "",
        "url": "",
        "url2": ""
      }
    },
    {
      "type": "Feature",
      "geometry": {
        "type": "Point",
        "coordinates": [
          129.8702506,
          32.7558421
        ]
      },
      "properties": {
        "内容": "バス停: 八千代町",
        "name": "八千代町",
        "operator": "事業者不明",
        "ref": "",
        "url": "",
        "url2": ""
      }
    },
    {
      "type": "Feature",
      "geometry": {
        "type": "Point",
        "coordinates": [
          129.8694285,
          32.757557
        ]
      },
      "properties": {
        "内容": "バス停: 宝町",
        "name": "宝町",
        "operator": "事業者不明",
        "ref": "",
        "url": "",
        "url2": ""
      }
    },
    {
      "type": "Feature",
      "geometry": {
        "type": "Point",
        "coordinates": [
          129.8686352,
          32.7578689
        ]
      },
      "properties": {
        "内容": "バス停: 宝町",
        "name": "宝町",
        "operator": "事業者不明",
        "ref": "",
        "url": "",
        "url2": ""
      }
    },
    {
      "type": "Feature",
      "geometry": {
        "type": "Point",
        "coordinates": [
          129.8737765,
          32.7438569
        ]
      },
      "properties": {
        "内容": "バス停: 出島",
        "name": "出島",
        "operator": "事業者不明",
        "ref": "",
        "url": "",
        "url2": ""
      }
    },
    {
      "type": "Feature",
      "geometry": {
        "type": "Point",
        "coordinates": [
          129.8738898,
          32.7440205
        ]
      },
      "properties": {
        "内容": "バス停: 出島",
        "name": "出島",
        "operator": "事業者不明",
        "ref": "",
        "url": "",
        "url2": ""
      }
    },
    {
      "type": "Feature",
      "geometry": {
        "type": "Point",
        "coordinates": [
          129.8779232,
          32.7469591
        ]
      },
      "properties": {
        "内容": "バス停: めがね橋",
        "name": "めがね橋",
        "operator": "事業者不明",
        "ref": "",
        "url": "",
        "url2": ""
      }
    },
    {
      "type": "Feature",
      "geometry": {
        "type": "Point",
        "coordinates": [
          129.8773109,
          32.7471665
        ]
      },
      "properties": {
        "内容": "バス停: めがね橋",
        "name": "めがね橋",
        "operator": "事業者不明",
        "ref": "",
        "url": "",
        "url2": ""
      }
    },
    {
      "type": "Feature",
      "geometry": {
        "type": "Point",
        "coordinates": [
          129.8760161,
          32.748059
        ]
      },
      "properties": {
        "内容": "バス停: 興善町",
        "name": "興善町",
        "operator": "事業者不明",
        "ref": "",
        "url": "",
        "url2": ""
      }
    },
    {
      "type": "Feature",
      "geometry": {
        "type": "Point",
        "coordinates": [
          129.8758854,
          32.7483729
        ]
      },
      "properties": {
        "内容": "バス停: 興善町",
        "name": "興善町",
        "operator": "事業者不明",
        "ref": "",
        "url": "",
        "url2": ""
      }
    },
    {
      "type": "Feature",
      "geometry": {
        "type": "Point",
        "coordinates": [
          129.8755266,
          32.747734
        ]
      },
      "properties": {
        "内容": "バス停: 興善町",
        "name": "興善町",
        "operator": "事業者不明",
        "ref": "",
        "url": "",
        "url2": ""
      }
    },
    {
      "type": "Feature",
      "geometry": {
        "type": "Point",
        "coordinates": [
          129.8469211,
          32.8315598
        ]
      },
      "properties": {
        "内容": "バス停: 時津港入口",
        "name": "時津港入口",
        "operator": "事業者不明",
        "ref": "",
        "url": "",
        "url2": ""
      }
    },
    {
      "type": "Feature",
      "geometry": {
        "type": "Point",
        "coordinates": [
          129.8765895,
          32.7450476
        ]
      },
      "properties": {
        "内容": "バス停: 中央橋",
        "name": "中央橋",
        "operator": "事業者不明",
        "ref": "",
        "url": "",
        "url2": ""
      }
    },
    {
      "type": "Feature",
      "geometry": {
        "type": "Point",
        "coordinates": [
          129.8754103,
          32.7445333
        ]
      },
      "properties": {
        "内容": "バス停: 中央橋",
        "name": "中央橋",
        "operator": "事業者不明",
        "ref": "",
        "url": "",
        "url2": ""
      }
    },
    {
      "type": "Feature",
      "geometry": {
        "type": "Point",
        "coordinates": [
          130.0659372,
          32.8340209
        ]
      },
      "properties": {
        "内容": "バス停: わし崎",
        "name": "わし崎",
        "operator": "事業者不明",
        "ref": "",
        "url": "",
        "url2": ""
      }
    },
    {
      "type": "Feature",
      "geometry": {
        "type": "Point",
        "coordinates": [
          130.0647141,
          32.8336153
        ]
      },
      "properties": {
        "内容": "バス停: わし崎",
        "name": "わし崎",
        "operator": "事業者不明",
        "ref": "",
        "url": "",
        "url2": ""
      }
    },
    {
      "type": "Feature",
      "geometry": {
        "type": "Point",
        "coordinates": [
          130.0660874,
          32.8332862
        ]
      },
      "properties": {
        "内容": "バス停: わし崎",
        "name": "わし崎",
        "operator": "事業者不明",
        "ref": "",
        "url": "",
        "url2": ""
      }
    },
    {
      "type": "Feature",
      "geometry": {
        "type": "Point",
        "coordinates": [
          130.0666614,
          32.8331645
        ]
      },
      "properties": {
        "内容": "バス停: わし崎",
        "name": "わし崎",
        "operator": "事業者不明",
        "ref": "",
        "url": "",
        "url2": ""
      }
    },
    {
      "type": "Feature",
      "geometry": {
        "type": "Point",
        "coordinates": [
          130.1139608,
          32.8343911
        ]
      },
      "properties": {
        "内容": "バス停: 森山駅前",
        "name": "森山駅前",
        "operator": "事業者不明",
        "ref": "",
        "url": "",
        "url2": ""
      }
    },
    {
      "type": "Feature",
      "geometry": {
        "type": "Point",
        "coordinates": [
          130.1139435,
          32.8342817
        ]
      },
      "properties": {
        "内容": "バス停: 森山駅前",
        "name": "森山駅前",
        "operator": "事業者不明",
        "ref": "",
        "url": "",
        "url2": ""
      }
    },
    {
      "type": "Feature",
      "geometry": {
        "type": "Point",
        "coordinates": [
          130.2020856,
          32.608456
        ]
      },
      "properties": {
        "内容": "バス停: 大屋",
        "name": "大屋",
        "operator": "事業者不明",
        "ref": "",
        "url": "",
        "url2": ""
      }
    },
    {
      "type": "Feature",
      "geometry": {
        "type": "Point",
        "coordinates": [
          129.9600955,
          32.9105423
        ]
      },
      "properties": {
        "内容": "バス停: 大村ターミナル",
        "name": "大村ターミナル",
        "operator": "事業者不明",
        "ref": "",
        "url": "",
        "url2": ""
      }
    },
    {
      "type": "Feature",
      "geometry": {
        "type": "Point",
        "coordinates": [
          129.9619226,
          32.9099601
        ]
      },
      "properties": {
        "内容": "バス停: 大村駅前",
        "name": "大村駅前",
        "operator": "事業者不明",
        "ref": "",
        "url": "",
        "url2": ""
      }
    },
    {
      "type": "Feature",
      "geometry": {
        "type": "Point",
        "coordinates": [
          129.9618287,
          32.9098889
        ]
      },
      "properties": {
        "内容": "バス停: 大村駅前",
        "name": "大村駅前",
        "operator": "事業者不明",
        "ref": "",
        "url": "",
        "url2": ""
      }
    },
    {
      "type": "Feature",
      "geometry": {
        "type": "Point",
        "coordinates": [
          129.9616105,
          32.9115205
        ]
      },
      "properties": {
        "内容": "バス停: 大村駅前",
        "name": "大村駅前",
        "operator": "事業者不明",
        "ref": "",
        "url": "",
        "url2": ""
      }
    },
    {
      "type": "Feature",
      "geometry": {
        "type": "Point",
        "coordinates": [
          129.9615139,
          32.9112156
        ]
      },
      "properties": {
        "内容": "バス停: 大村駅前",
        "name": "大村駅前",
        "operator": "事業者不明",
        "ref": "",
        "url": "",
        "url2": ""
      }
    },
    {
      "type": "Feature",
      "geometry": {
        "type": "Point",
        "coordinates": [
          130.1759073,
          32.7035589
        ]
      },
      "properties": {
        "内容": "バス停: 菜切",
        "name": "菜切",
        "operator": "事業者不明",
        "ref": "",
        "url": "",
        "url2": ""
      }
    },
    {
      "type": "Feature",
      "geometry": {
        "type": "Point",
        "coordinates": [
          130.1805975,
          32.7054067
        ]
      },
      "properties": {
        "内容": "バス停: 長戸",
        "name": "長戸",
        "operator": "事業者不明",
        "ref": "",
        "url": "",
        "url2": ""
      }
    },
    {
      "type": "Feature",
      "geometry": {
        "type": "Point",
        "coordinates": [
          130.2098104,
          32.7399523
        ]
      },
      "properties": {
        "内容": "バス停: 石合浜",
        "name": "石合浜",
        "operator": "事業者不明",
        "ref": "",
        "url": "",
        "url2": ""
      }
    },
    {
      "type": "Feature",
      "geometry": {
        "type": "Point",
        "coordinates": [
          129.8696345,
          32.7627554
        ]
      },
      "properties": {
        "内容": "バス停: 名称不明バス停",
        "name": "名称不明バス停",
        "operator": "事業者不明",
        "ref": "",
        "url": "",
        "url2": ""
      }
    },
    {
      "type": "Feature",
      "geometry": {
        "type": "Point",
        "coordinates": [
          129.8693854,
          32.7628474
        ]
      },
      "properties": {
        "内容": "バス停: 名称不明バス停",
        "name": "名称不明バス停",
        "operator": "事業者不明",
        "ref": "",
        "url": "",
        "url2": ""
      }
    },
    {
      "type": "Feature",
      "geometry": {
        "type": "Point",
        "coordinates": [
          129.8715961,
          32.7617703
        ]
      },
      "properties": {
        "内容": "バス停: 名称不明バス停",
        "name": "名称不明バス停",
        "operator": "事業者不明",
        "ref": "",
        "url": "",
        "url2": ""
      }
    },
    {
      "type": "Feature",
      "geometry": {
        "type": "Point",
        "coordinates": [
          129.8715897,
          32.7618511
        ]
      },
      "properties": {
        "内容": "バス停: 名称不明バス停",
        "name": "名称不明バス停",
        "operator": "事業者不明",
        "ref": "",
        "url": "",
        "url2": ""
      }
    },
    {
      "type": "Feature",
      "geometry": {
        "type": "Point",
        "coordinates": [
          129.873624,
          32.7585526
        ]
      },
      "properties": {
        "内容": "バス停: 名称不明バス停",
        "name": "名称不明バス停",
        "operator": "事業者不明",
        "ref": "",
        "url": "",
        "url2": ""
      }
    },
    {
      "type": "Feature",
      "geometry": {
        "type": "Point",
        "coordinates": [
          129.874739,
          32.7567405
        ]
      },
      "properties": {
        "内容": "バス停: 名称不明バス停",
        "name": "名称不明バス停",
        "operator": "事業者不明",
        "ref": "",
        "url": "",
        "url2": ""
      }
    },
    {
      "type": "Feature",
      "geometry": {
        "type": "Point",
        "coordinates": [
          129.8732521,
          32.7590682
        ]
      },
      "properties": {
        "内容": "バス停: 名称不明バス停",
        "name": "名称不明バス停",
        "operator": "事業者不明",
        "ref": "",
        "url": "",
        "url2": ""
      }
    },
    {
      "type": "Feature",
      "geometry": {
        "type": "Point",
        "coordinates": [
          129.8746195,
          32.7569732
        ]
      },
      "properties": {
        "内容": "バス停: 名称不明バス停",
        "name": "名称不明バス停",
        "operator": "事業者不明",
        "ref": "",
        "url": "",
        "url2": ""
      }
    },
    {
      "type": "Feature",
      "geometry": {
        "type": "Point",
        "coordinates": [
          129.8731756,
          32.7601641
        ]
      },
      "properties": {
        "内容": "バス停: 名称不明バス停",
        "name": "名称不明バス停",
        "operator": "事業者不明",
        "ref": "",
        "url": "",
        "url2": ""
      }
    },
    {
      "type": "Feature",
      "geometry": {
        "type": "Point",
        "coordinates": [
          129.9618703,
          32.9241181
        ]
      },
      "properties": {
        "内容": "バス停: 中諏訪",
        "name": "中諏訪",
        "operator": "事業者不明",
        "ref": "",
        "url": "",
        "url2": ""
      }
    },
    {
      "type": "Feature",
      "geometry": {
        "type": "Point",
        "coordinates": [
          129.95892,
          32.9188913
        ]
      },
      "properties": {
        "内容": "バス停: 乾馬場",
        "name": "乾馬場",
        "operator": "事業者不明",
        "ref": "",
        "url": "",
        "url2": ""
      }
    },
    {
      "type": "Feature",
      "geometry": {
        "type": "Point",
        "coordinates": [
          129.9609991,
          32.9147909
        ]
      },
      "properties": {
        "内容": "バス停: 向陽高校前",
        "name": "向陽高校前",
        "operator": "事業者不明",
        "ref": "",
        "url": "",
        "url2": ""
      }
    },
    {
      "type": "Feature",
      "geometry": {
        "type": "Point",
        "coordinates": [
          129.9621092,
          32.9087621
        ]
      },
      "properties": {
        "内容": "バス停: ミライｏｎ",
        "name": "ミライｏｎ",
        "operator": "事業者不明",
        "ref": "",
        "url": "",
        "url2": ""
      }
    },
    {
      "type": "Feature",
      "geometry": {
        "type": "Point",
        "coordinates": [
          129.9611152,
          32.9149592
        ]
      },
      "properties": {
        "内容": "バス停: 向陽高校前",
        "name": "向陽高校前",
        "operator": "事業者不明",
        "ref": "",
        "url": "",
        "url2": ""
      }
    },
    {
      "type": "Feature",
      "geometry": {
        "type": "Point",
        "coordinates": [
          129.9621557,
          32.9089296
        ]
      },
      "properties": {
        "内容": "バス停: ミライｏｎ",
        "name": "ミライｏｎ",
        "operator": "事業者不明",
        "ref": "",
        "url": "",
        "url2": ""
      }
    },
    {
      "type": "Feature",
      "geometry": {
        "type": "Point",
        "coordinates": [
          129.9548785,
          32.9312166
        ]
      },
      "properties": {
        "内容": "バス停: 植松",
        "name": "植松",
        "operator": "事業者不明",
        "ref": "",
        "url": "",
        "url2": ""
      }
    },
    {
      "type": "Feature",
      "geometry": {
        "type": "Point",
        "coordinates": [
          129.8600106,
          32.7735264
        ]
      },
      "properties": {
        "内容": "バス停: 市民プール前",
        "name": "市民プール前",
        "operator": "事業者不明",
        "ref": "",
        "url": "",
        "url2": ""
      }
    },
    {
      "type": "Feature",
      "geometry": {
        "type": "Point",
        "coordinates": [
          129.8598635,
          32.7730101
        ]
      },
      "properties": {
        "内容": "バス停: 平和通",
        "name": "平和通",
        "operator": "事業者不明",
        "ref": "",
        "url": "",
        "url2": ""
      }
    },
    {
      "type": "Feature",
      "geometry": {
        "type": "Point",
        "coordinates": [
          129.8598655,
          32.7724672
        ]
      },
      "properties": {
        "内容": "バス停: 平和通",
        "name": "平和通",
        "operator": "事業者不明",
        "ref": "",
        "url": "",
        "url2": ""
      }
    },
    {
      "type": "Feature",
      "geometry": {
        "type": "Point",
        "coordinates": [
          129.8272648,
          32.7464959
        ]
      },
      "properties": {
        "内容": "バス停: 中浦",
        "name": "中浦",
        "operator": "事業者不明",
        "ref": "",
        "url": "",
        "url2": ""
      }
    },
    {
      "type": "Feature",
      "geometry": {
        "type": "Point",
        "coordinates": [
          129.8271104,
          32.7466143
        ]
      },
      "properties": {
        "内容": "バス停: 中浦",
        "name": "中浦",
        "operator": "事業者不明",
        "ref": "",
        "url": "",
        "url2": ""
      }
    },
    {
      "type": "Feature",
      "geometry": {
        "type": "Point",
        "coordinates": [
          129.9666187,
          32.773595
        ]
      },
      "properties": {
        "内容": "バス停: 東公園入口",
        "name": "東公園入口",
        "operator": "事業者不明",
        "ref": "",
        "url": "",
        "url2": ""
      }
    },
    {
      "type": "Feature",
      "geometry": {
        "type": "Point",
        "coordinates": [
          129.9670491,
          32.7728415
        ]
      },
      "properties": {
        "内容": "バス停: 東公園入口",
        "name": "東公園入口",
        "operator": "事業者不明",
        "ref": "",
        "url": "",
        "url2": ""
      }
    },
    {
      "type": "Feature",
      "geometry": {
        "type": "Point",
        "coordinates": [
          129.8474278,
          32.7584448
        ]
      },
      "properties": {
        "内容": "バス停: 稲佐山公園バス停",
        "name": "稲佐山公園バス停",
        "operator": "事業者不明",
        "ref": "",
        "url": "",
        "url2": ""
      }
    },
    {
      "type": "Feature",
      "geometry": {
        "type": "Point",
        "coordinates": [
          129.72486,
          33.1669203
        ]
      },
      "properties": {
        "内容": "バス停: 戸尾町 (西肥バス)",
        "name": "戸尾町",
        "operator": "西肥バス",
        "ref": "",
        "url": "",
        "url2": ""
      }
    },
    {
      "type": "Feature",
      "geometry": {
        "type": "Point",
        "coordinates": [
          129.8683434,
          32.7531836
        ]
      },
      "properties": {
        "内容": "バス停: 名称不明バス停",
        "name": "名称不明バス停",
        "operator": "事業者不明",
        "ref": "",
        "url": "",
        "url2": ""
      }
    },
    {
      "type": "Feature",
      "geometry": {
        "type": "Point",
        "coordinates": [
          129.8672586,
          32.7507752
        ]
      },
      "properties": {
        "内容": "バス停: 長崎県庁前",
        "name": "長崎県庁前",
        "operator": "事業者不明",
        "ref": "",
        "url": "",
        "url2": ""
      }
    },
    {
      "type": "Feature",
      "geometry": {
        "type": "Point",
        "coordinates": [
          129.869113,
          32.7506829
        ]
      },
      "properties": {
        "内容": "バス停: 長崎県庁前",
        "name": "長崎県庁前",
        "operator": "事業者不明",
        "ref": "",
        "url": "",
        "url2": ""
      }
    },
    {
      "type": "Feature",
      "geometry": {
        "type": "Point",
        "coordinates": [
          129.9221539,
          32.9148406
        ]
      },
      "properties": {
        "内容": "バス停: 長崎空港",
        "name": "長崎空港",
        "operator": "事業者不明",
        "ref": "",
        "url": "",
        "url2": ""
      }
    },
    {
      "type": "Feature",
      "geometry": {
        "type": "Point",
        "coordinates": [
          129.9596384,
          32.8991485
        ]
      },
      "properties": {
        "内容": "バス停: 大村市役所",
        "name": "大村市役所",
        "operator": "事業者不明",
        "ref": "",
        "url": "",
        "url2": ""
      }
    },
    {
      "type": "Feature",
      "geometry": {
        "type": "Point",
        "coordinates": [
          129.9605115,
          32.8974875
        ]
      },
      "properties": {
        "内容": "バス停: 大村公園",
        "name": "大村公園",
        "operator": "事業者不明",
        "ref": "",
        "url": "",
        "url2": ""
      }
    },
    {
      "type": "Feature",
      "geometry": {
        "type": "Point",
        "coordinates": [
          129.9603412,
          32.8972443
        ]
      },
      "properties": {
        "内容": "バス停: 大村公園",
        "name": "大村公園",
        "operator": "事業者不明",
        "ref": "",
        "url": "",
        "url2": ""
      }
    },
    {
      "type": "Feature",
      "geometry": {
        "type": "Point",
        "coordinates": [
          129.9586245,
          32.9007508
        ]
      },
      "properties": {
        "内容": "バス停: 大村市役所",
        "name": "大村市役所",
        "operator": "事業者不明",
        "ref": "",
        "url": "",
        "url2": ""
      }
    },
    {
      "type": "Feature",
      "geometry": {
        "type": "Point",
        "coordinates": [
          129.9584207,
          32.9022878
        ]
      },
      "properties": {
        "内容": "バス停: 寿町",
        "name": "寿町",
        "operator": "事業者不明",
        "ref": "",
        "url": "",
        "url2": ""
      }
    },
    {
      "type": "Feature",
      "geometry": {
        "type": "Point",
        "coordinates": [
          129.9577703,
          32.9035213
        ]
      },
      "properties": {
        "内容": "バス停: 寿町",
        "name": "寿町",
        "operator": "事業者不明",
        "ref": "",
        "url": "",
        "url2": ""
      }
    },
    {
      "type": "Feature",
      "geometry": {
        "type": "Point",
        "coordinates": [
          129.9573759,
          32.9335037
        ]
      },
      "properties": {
        "内容": "バス停: 新大村駅前",
        "name": "新大村駅前",
        "operator": "事業者不明",
        "ref": "",
        "url": "",
        "url2": ""
      }
    },
    {
      "type": "Feature",
      "geometry": {
        "type": "Point",
        "coordinates": [
          129.9572961,
          32.9331688
        ]
      },
      "properties": {
        "内容": "バス停: 新大村駅前",
        "name": "新大村駅前",
        "operator": "事業者不明",
        "ref": "",
        "url": "",
        "url2": ""
      }
    },
    {
      "type": "Feature",
      "geometry": {
        "type": "Point",
        "coordinates": [
          129.9574109,
          32.9336601
        ]
      },
      "properties": {
        "内容": "バス停: 新大村駅前",
        "name": "新大村駅前",
        "operator": "事業者不明",
        "ref": "",
        "url": "",
        "url2": ""
      }
    },
    {
      "type": "Feature",
      "geometry": {
        "type": "Point",
        "coordinates": [
          129.9572781,
          32.9337704
        ]
      },
      "properties": {
        "内容": "バス停: 新大村駅前",
        "name": "新大村駅前",
        "operator": "事業者不明",
        "ref": "",
        "url": "",
        "url2": ""
      }
    },
    {
      "type": "Feature",
      "geometry": {
        "type": "Point",
        "coordinates": [
          129.96176,
          32.9069256
        ]
      },
      "properties": {
        "内容": "バス停: 裁判所前",
        "name": "裁判所前",
        "operator": "事業者不明",
        "ref": "",
        "url": "",
        "url2": ""
      }
    },
    {
      "type": "Feature",
      "geometry": {
        "type": "Point",
        "coordinates": [
          129.9618043,
          32.9071328
        ]
      },
      "properties": {
        "内容": "バス停: 裁判所前",
        "name": "裁判所前",
        "operator": "事業者不明",
        "ref": "",
        "url": "",
        "url2": ""
      }
    },
    {
      "type": "Feature",
      "geometry": {
        "type": "Point",
        "coordinates": [
          129.9594547,
          32.9057524
        ]
      },
      "properties": {
        "内容": "バス停: 西本町",
        "name": "西本町",
        "operator": "事業者不明",
        "ref": "",
        "url": "",
        "url2": ""
      }
    },
    {
      "type": "Feature",
      "geometry": {
        "type": "Point",
        "coordinates": [
          129.9596411,
          32.9058785
        ]
      },
      "properties": {
        "内容": "バス停: 西本町",
        "name": "西本町",
        "operator": "事業者不明",
        "ref": "",
        "url": "",
        "url2": ""
      }
    },
    {
      "type": "Feature",
      "geometry": {
        "type": "Point",
        "coordinates": [
          129.9381419,
          32.9214044
        ]
      },
      "properties": {
        "内容": "バス停: サンスパおおむら",
        "name": "サンスパおおむら",
        "operator": "事業者不明",
        "ref": "",
        "url": "",
        "url2": ""
      }
    },
    {
      "type": "Feature",
      "geometry": {
        "type": "Point",
        "coordinates": [
          129.9389197,
          32.9239649
        ]
      },
      "properties": {
        "内容": "バス停: 消防学校前",
        "name": "消防学校前",
        "operator": "事業者不明",
        "ref": "",
        "url": "",
        "url2": ""
      }
    },
    {
      "type": "Feature",
      "geometry": {
        "type": "Point",
        "coordinates": [
          129.939196,
          32.924109
        ]
      },
      "properties": {
        "内容": "バス停: 消防学校前",
        "name": "消防学校前",
        "operator": "事業者不明",
        "ref": "",
        "url": "",
        "url2": ""
      }
    },
    {
      "type": "Feature",
      "geometry": {
        "type": "Point",
        "coordinates": [
          129.9431415,
          32.9242565
        ]
      },
      "properties": {
        "内容": "バス停: 試験場前",
        "name": "試験場前",
        "operator": "事業者不明",
        "ref": "",
        "url": "",
        "url2": ""
      }
    },
    {
      "type": "Feature",
      "geometry": {
        "type": "Point",
        "coordinates": [
          129.9427593,
          32.9243589
        ]
      },
      "properties": {
        "内容": "バス停: 試験場前",
        "name": "試験場前",
        "operator": "事業者不明",
        "ref": "",
        "url": "",
        "url2": ""
      }
    },
    {
      "type": "Feature",
      "geometry": {
        "type": "Point",
        "coordinates": [
          129.9469489,
          32.9245165
        ]
      },
      "properties": {
        "内容": "バス停: 市民病院前",
        "name": "市民病院前",
        "operator": "事業者不明",
        "ref": "",
        "url": "",
        "url2": ""
      }
    },
    {
      "type": "Feature",
      "geometry": {
        "type": "Point",
        "coordinates": [
          129.9475159,
          32.9246866
        ]
      },
      "properties": {
        "内容": "バス停: 市民病院前",
        "name": "市民病院前",
        "operator": "事業者不明",
        "ref": "",
        "url": "",
        "url2": ""
      }
    },
    {
      "type": "Feature",
      "geometry": {
        "type": "Point",
        "coordinates": [
          129.9505323,
          32.9235326
        ]
      },
      "properties": {
        "内容": "バス停: 松並公園前",
        "name": "松並公園前",
        "operator": "事業者不明",
        "ref": "",
        "url": "",
        "url2": ""
      }
    },
    {
      "type": "Feature",
      "geometry": {
        "type": "Point",
        "coordinates": [
          129.950653,
          32.9232602
        ]
      },
      "properties": {
        "内容": "バス停: 松並公園前",
        "name": "松並公園前",
        "operator": "事業者不明",
        "ref": "",
        "url": "",
        "url2": ""
      }
    },
    {
      "type": "Feature",
      "geometry": {
        "type": "Point",
        "coordinates": [
          129.9527532,
          32.9223213
        ]
      },
      "properties": {
        "内容": "バス停: 中央町",
        "name": "中央町",
        "operator": "事業者不明",
        "ref": "",
        "url": "",
        "url2": ""
      }
    },
    {
      "type": "Feature",
      "geometry": {
        "type": "Point",
        "coordinates": [
          129.9533996,
          32.9218553
        ]
      },
      "properties": {
        "内容": "バス停: 中央町",
        "name": "中央町",
        "operator": "事業者不明",
        "ref": "",
        "url": "",
        "url2": ""
      }
    },
    {
      "type": "Feature",
      "geometry": {
        "type": "Point",
        "coordinates": [
          129.9563782,
          32.920429
        ]
      },
      "properties": {
        "内容": "バス停: 古町",
        "name": "古町",
        "operator": "事業者不明",
        "ref": "",
        "url": "",
        "url2": ""
      }
    },
    {
      "type": "Feature",
      "geometry": {
        "type": "Point",
        "coordinates": [
          129.9561971,
          32.9204233
        ]
      },
      "properties": {
        "内容": "バス停: 古町",
        "name": "古町",
        "operator": "事業者不明",
        "ref": "",
        "url": "",
        "url2": ""
      }
    },
    {
      "type": "Feature",
      "geometry": {
        "type": "Point",
        "coordinates": [
          129.957777,
          32.9194676
        ]
      },
      "properties": {
        "内容": "バス停: 乾馬場",
        "name": "乾馬場",
        "operator": "事業者不明",
        "ref": "",
        "url": "",
        "url2": ""
      }
    },
    {
      "type": "Feature",
      "geometry": {
        "type": "Point",
        "coordinates": [
          129.9606925,
          32.9170021
        ]
      },
      "properties": {
        "内容": "バス停: 本堂川橋",
        "name": "本堂川橋",
        "operator": "事業者不明",
        "ref": "",
        "url": "",
        "url2": ""
      }
    },
    {
      "type": "Feature",
      "geometry": {
        "type": "Point",
        "coordinates": [
          129.9608722,
          32.9167128
        ]
      },
      "properties": {
        "内容": "バス停: 本堂川橋",
        "name": "本堂川橋",
        "operator": "事業者不明",
        "ref": "",
        "url": "",
        "url2": ""
      }
    },
    {
      "type": "Feature",
      "geometry": {
        "type": "Point",
        "coordinates": [
          129.9380735,
          32.9214208
        ]
      },
      "properties": {
        "内容": "バス停: サンスパおおむら",
        "name": "サンスパおおむら",
        "operator": "事業者不明",
        "ref": "",
        "url": "",
        "url2": ""
      }
    },
    {
      "type": "Feature",
      "geometry": {
        "type": "Point",
        "coordinates": [
          129.9161719,
          33.0378519
        ]
      },
      "properties": {
        "内容": "バス停: 彼杵本町",
        "name": "彼杵本町",
        "operator": "事業者不明",
        "ref": "",
        "url": "",
        "url2": ""
      }
    },
    {
      "type": "Feature",
      "geometry": {
        "type": "Point",
        "coordinates": [
          129.9163797,
          33.0379036
        ]
      },
      "properties": {
        "内容": "バス停: 彼杵本町",
        "name": "彼杵本町",
        "operator": "事業者不明",
        "ref": "",
        "url": "",
        "url2": ""
      }
    },
    {
      "type": "Feature",
      "geometry": {
        "type": "Point",
        "coordinates": [
          129.9410896,
          32.9276459
        ]
      },
      "properties": {
        "内容": "バス停: 中古賀島",
        "name": "中古賀島",
        "operator": "事業者不明",
        "ref": "",
        "url": "",
        "url2": ""
      }
    },
    {
      "type": "Feature",
      "geometry": {
        "type": "Point",
        "coordinates": [
          129.9393314,
          32.9277101
        ]
      },
      "properties": {
        "内容": "バス停: 中古賀島",
        "name": "中古賀島",
        "operator": "事業者不明",
        "ref": "",
        "url": "",
        "url2": ""
      }
    },
    {
      "type": "Feature",
      "geometry": {
        "type": "Point",
        "coordinates": [
          129.7050016,
          32.8359287
        ]
      },
      "properties": {
        "内容": "バス停: 名称不明バス停",
        "name": "名称不明バス停",
        "operator": "事業者不明",
        "ref": "",
        "url": "",
        "url2": ""
      }
    },
    {
      "type": "Feature",
      "geometry": {
        "type": "Point",
        "coordinates": [
          129.704846,
          32.8358329
        ]
      },
      "properties": {
        "内容": "バス停: 名称不明バス停",
        "name": "名称不明バス停",
        "operator": "事業者不明",
        "ref": "",
        "url": "",
        "url2": ""
      }
    },
    {
      "type": "Feature",
      "geometry": {
        "type": "Point",
        "coordinates": [
          129.8713148,
          32.7905314
        ]
      },
      "properties": {
        "内容": "バス停: 昭和町",
        "name": "昭和町",
        "operator": "事業者不明",
        "ref": "",
        "url": "",
        "url2": ""
      }
    },
    {
      "type": "Feature",
      "geometry": {
        "type": "Point",
        "coordinates": [
          129.6878089,
          33.2065617
        ]
      },
      "properties": {
        "内容": "バス停: バイパス中里",
        "name": "バイパス中里",
        "operator": "事業者不明",
        "ref": "",
        "url": "",
        "url2": ""
      }
    },
    {
      "type": "Feature",
      "geometry": {
        "type": "Point",
        "coordinates": [
          129.6871117,
          33.2062045
        ]
      },
      "properties": {
        "内容": "バス停: バイパス中里",
        "name": "バイパス中里",
        "operator": "事業者不明",
        "ref": "",
        "url": "",
        "url2": ""
      }
    },
    {
      "type": "Feature",
      "geometry": {
        "type": "Point",
        "coordinates": [
          129.6964648,
          33.2099503
        ]
      },
      "properties": {
        "内容": "バス停: 十三丘団地入口",
        "name": "十三丘団地入口",
        "operator": "事業者不明",
        "ref": "",
        "url": "",
        "url2": ""
      }
    },
    {
      "type": "Feature",
      "geometry": {
        "type": "Point",
        "coordinates": [
          129.6973543,
          33.2105406
        ]
      },
      "properties": {
        "内容": "バス停: 十三丘団地入口",
        "name": "十三丘団地入口",
        "operator": "事業者不明",
        "ref": "",
        "url": "",
        "url2": ""
      }
    },
    {
      "type": "Feature",
      "geometry": {
        "type": "Point",
        "coordinates": [
          129.7015192,
          33.2115604
        ]
      },
      "properties": {
        "内容": "バス停: 吉岡橋",
        "name": "吉岡橋",
        "operator": "事業者不明",
        "ref": "",
        "url": "",
        "url2": ""
      }
    },
    {
      "type": "Feature",
      "geometry": {
        "type": "Point",
        "coordinates": [
          129.7013184,
          33.2113319
        ]
      },
      "properties": {
        "内容": "バス停: 吉岡橋",
        "name": "吉岡橋",
        "operator": "事業者不明",
        "ref": "",
        "url": "",
        "url2": ""
      }
    },
    {
      "type": "Feature",
      "geometry": {
        "type": "Point",
        "coordinates": [
          129.6825439,
          33.2057624
        ]
      },
      "properties": {
        "内容": "バス停: バイパス本山",
        "name": "バイパス本山",
        "operator": "事業者不明",
        "ref": "",
        "url": "",
        "url2": ""
      }
    },
    {
      "type": "Feature",
      "geometry": {
        "type": "Point",
        "coordinates": [
          129.6824889,
          33.2055815
        ]
      },
      "properties": {
        "内容": "バス停: バイパス本山",
        "name": "バイパス本山",
        "operator": "事業者不明",
        "ref": "",
        "url": "",
        "url2": ""
      }
    },
    {
      "type": "Feature",
      "geometry": {
        "type": "Point",
        "coordinates": [
          130.0400725,
          32.8500355
        ]
      },
      "properties": {
        "内容": "バス停: 永昌町",
        "name": "永昌町",
        "operator": "事業者不明",
        "ref": "",
        "url": "",
        "url2": ""
      }
    },
    {
      "type": "Feature",
      "geometry": {
        "type": "Point",
        "coordinates": [
          130.0396943,
          32.8505177
        ]
      },
      "properties": {
        "内容": "バス停: 永昌町",
        "name": "永昌町",
        "operator": "事業者不明",
        "ref": "",
        "url": "",
        "url2": ""
      }
    },
    {
      "type": "Feature",
      "geometry": {
        "type": "Point",
        "coordinates": [
          130.0391726,
          32.8533331
        ]
      },
      "properties": {
        "内容": "バス停: 栄田",
        "name": "栄田",
        "operator": "事業者不明",
        "ref": "",
        "url": "",
        "url2": ""
      }
    },
    {
      "type": "Feature",
      "geometry": {
        "type": "Point",
        "coordinates": [
          130.0389835,
          32.8532644
        ]
      },
      "properties": {
        "内容": "バス停: 栄田",
        "name": "栄田",
        "operator": "事業者不明",
        "ref": "",
        "url": "",
        "url2": ""
      }
    },
    {
      "type": "Feature",
      "geometry": {
        "type": "Point",
        "coordinates": [
          130.0383934,
          32.8604226
        ]
      },
      "properties": {
        "内容": "バス停: 上栄田",
        "name": "上栄田",
        "operator": "事業者不明",
        "ref": "",
        "url": "",
        "url2": ""
      }
    },
    {
      "type": "Feature",
      "geometry": {
        "type": "Point",
        "coordinates": [
          130.0382459,
          32.8613486
        ]
      },
      "properties": {
        "内容": "バス停: 上栄田",
        "name": "上栄田",
        "operator": "事業者不明",
        "ref": "",
        "url": "",
        "url2": ""
      }
    },
    {
      "type": "Feature",
      "geometry": {
        "type": "Point",
        "coordinates": [
          130.0366607,
          32.8645692
        ]
      },
      "properties": {
        "内容": "バス停: 一軒茶屋",
        "name": "一軒茶屋",
        "operator": "事業者不明",
        "ref": "",
        "url": "",
        "url2": ""
      }
    },
    {
      "type": "Feature",
      "geometry": {
        "type": "Point",
        "coordinates": [
          130.0367881,
          32.8642369
        ]
      },
      "properties": {
        "内容": "バス停: 一軒茶屋",
        "name": "一軒茶屋",
        "operator": "事業者不明",
        "ref": "",
        "url": "",
        "url2": ""
      }
    },
    {
      "type": "Feature",
      "geometry": {
        "type": "Point",
        "coordinates": [
          130.031409,
          32.8689049
        ]
      },
      "properties": {
        "内容": "バス停: 明峰中学校入口",
        "name": "明峰中学校入口",
        "operator": "事業者不明",
        "ref": "",
        "url": "",
        "url2": ""
      }
    },
    {
      "type": "Feature",
      "geometry": {
        "type": "Point",
        "coordinates": [
          130.0304621,
          32.8697013
        ]
      },
      "properties": {
        "内容": "バス停: 明峰中学校入口",
        "name": "明峰中学校入口",
        "operator": "事業者不明",
        "ref": "",
        "url": "",
        "url2": ""
      }
    },
    {
      "type": "Feature",
      "geometry": {
        "type": "Point",
        "coordinates": [
          130.0259815,
          32.8730095
        ]
      },
      "properties": {
        "内容": "バス停: 大橋",
        "name": "大橋",
        "operator": "事業者不明",
        "ref": "",
        "url": "",
        "url2": ""
      }
    },
    {
      "type": "Feature",
      "geometry": {
        "type": "Point",
        "coordinates": [
          130.0264643,
          32.8723821
        ]
      },
      "properties": {
        "内容": "バス停: 大橋",
        "name": "大橋",
        "operator": "事業者不明",
        "ref": "",
        "url": "",
        "url2": ""
      }
    },
    {
      "type": "Feature",
      "geometry": {
        "type": "Point",
        "coordinates": [
          130.0211039,
          32.8797268
        ]
      },
      "properties": {
        "内容": "バス停: 本野",
        "name": "本野",
        "operator": "事業者不明",
        "ref": "",
        "url": "",
        "url2": ""
      }
    },
    {
      "type": "Feature",
      "geometry": {
        "type": "Point",
        "coordinates": [
          130.0210798,
          32.880299
        ]
      },
      "properties": {
        "内容": "バス停: 本野",
        "name": "本野",
        "operator": "事業者不明",
        "ref": "",
        "url": "",
        "url2": ""
      }
    },
    {
      "type": "Feature",
      "geometry": {
        "type": "Point",
        "coordinates": [
          130.0201839,
          32.8802584
        ]
      },
      "properties": {
        "内容": "バス停: 本野",
        "name": "本野",
        "operator": "事業者不明",
        "ref": "",
        "url": "",
        "url2": ""
      }
    },
    {
      "type": "Feature",
      "geometry": {
        "type": "Point",
        "coordinates": [
          130.0131659,
          32.8837498
        ]
      },
      "properties": {
        "内容": "バス停: トンネル上",
        "name": "トンネル上",
        "operator": "事業者不明",
        "ref": "",
        "url": "",
        "url2": ""
      }
    },
    {
      "type": "Feature",
      "geometry": {
        "type": "Point",
        "coordinates": [
          130.01295,
          32.8837295
        ]
      },
      "properties": {
        "内容": "バス停: トンネル上",
        "name": "トンネル上",
        "operator": "事業者不明",
        "ref": "",
        "url": "",
        "url2": ""
      }
    },
    {
      "type": "Feature",
      "geometry": {
        "type": "Point",
        "coordinates": [
          130.0033343,
          32.8870282
        ]
      },
      "properties": {
        "内容": "バス停: 日焼",
        "name": "日焼",
        "operator": "事業者不明",
        "ref": "",
        "url": "",
        "url2": ""
      }
    },
    {
      "type": "Feature",
      "geometry": {
        "type": "Point",
        "coordinates": [
          130.0029615,
          32.8871644
        ]
      },
      "properties": {
        "内容": "バス停: 日焼",
        "name": "日焼",
        "operator": "事業者不明",
        "ref": "",
        "url": "",
        "url2": ""
      }
    },
    {
      "type": "Feature",
      "geometry": {
        "type": "Point",
        "coordinates": [
          129.995411,
          32.8878356
        ]
      },
      "properties": {
        "内容": "バス停: 二本松",
        "name": "二本松",
        "operator": "事業者不明",
        "ref": "",
        "url": "",
        "url2": ""
      }
    },
    {
      "type": "Feature",
      "geometry": {
        "type": "Point",
        "coordinates": [
          129.9967092,
          32.8878311
        ]
      },
      "properties": {
        "内容": "バス停: 二本松",
        "name": "二本松",
        "operator": "事業者不明",
        "ref": "",
        "url": "",
        "url2": ""
      }
    },
    {
      "type": "Feature",
      "geometry": {
        "type": "Point",
        "coordinates": [
          129.9820429,
          32.8907907
        ]
      },
      "properties": {
        "内容": "バス停: 岩松駅前",
        "name": "岩松駅前",
        "operator": "事業者不明",
        "ref": "",
        "url": "",
        "url2": ""
      }
    },
    {
      "type": "Feature",
      "geometry": {
        "type": "Point",
        "coordinates": [
          129.9811149,
          32.8909258
        ]
      },
      "properties": {
        "内容": "バス停: 岩松駅前",
        "name": "岩松駅前",
        "operator": "事業者不明",
        "ref": "",
        "url": "",
        "url2": ""
      }
    },
    {
      "type": "Feature",
      "geometry": {
        "type": "Point",
        "coordinates": [
          129.9730039,
          32.8978941
        ]
      },
      "properties": {
        "内容": "バス停: 北門前",
        "name": "北門前",
        "operator": "事業者不明",
        "ref": "",
        "url": "",
        "url2": ""
      }
    },
    {
      "type": "Feature",
      "geometry": {
        "type": "Point",
        "coordinates": [
          129.9731165,
          32.8981508
        ]
      },
      "properties": {
        "内容": "バス停: 北門前",
        "name": "北門前",
        "operator": "事業者不明",
        "ref": "",
        "url": "",
        "url2": ""
      }
    },
    {
      "type": "Feature",
      "geometry": {
        "type": "Point",
        "coordinates": [
          129.9750075,
          32.8923774
        ]
      },
      "properties": {
        "内容": "バス停: 与崎",
        "name": "与崎",
        "operator": "事業者不明",
        "ref": "",
        "url": "",
        "url2": ""
      }
    },
    {
      "type": "Feature",
      "geometry": {
        "type": "Point",
        "coordinates": [
          129.9748439,
          32.892276
        ]
      },
      "properties": {
        "内容": "バス停: 与崎",
        "name": "与崎",
        "operator": "事業者不明",
        "ref": "",
        "url": "",
        "url2": ""
      }
    },
    {
      "type": "Feature",
      "geometry": {
        "type": "Point",
        "coordinates": [
          129.9757571,
          32.8919247
        ]
      },
      "properties": {
        "内容": "バス停: 与崎",
        "name": "与崎",
        "operator": "事業者不明",
        "ref": "",
        "url": "",
        "url2": ""
      }
    },
    {
      "type": "Feature",
      "geometry": {
        "type": "Point",
        "coordinates": [
          129.9734652,
          32.8912163
        ]
      },
      "properties": {
        "内容": "バス停: 与崎",
        "name": "与崎",
        "operator": "事業者不明",
        "ref": "",
        "url": "",
        "url2": ""
      }
    },
    {
      "type": "Feature",
      "geometry": {
        "type": "Point",
        "coordinates": [
          129.9716037,
          32.8967387
        ]
      },
      "properties": {
        "内容": "バス停: 長崎医療センター前",
        "name": "長崎医療センター前",
        "operator": "事業者不明",
        "ref": "",
        "url": "",
        "url2": ""
      }
    },
    {
      "type": "Feature",
      "geometry": {
        "type": "Point",
        "coordinates": [
          129.9710137,
          32.8964279
        ]
      },
      "properties": {
        "内容": "バス停: 長崎医療センター前",
        "name": "長崎医療センター前",
        "operator": "事業者不明",
        "ref": "",
        "url": "",
        "url2": ""
      }
    },
    {
      "type": "Feature",
      "geometry": {
        "type": "Point",
        "coordinates": [
          129.9673122,
          32.8950834
        ]
      },
      "properties": {
        "内容": "バス停: 久原",
        "name": "久原",
        "operator": "事業者不明",
        "ref": "",
        "url": "",
        "url2": ""
      }
    },
    {
      "type": "Feature",
      "geometry": {
        "type": "Point",
        "coordinates": [
          129.9677199,
          32.8951431
        ]
      },
      "properties": {
        "内容": "バス停: 久原",
        "name": "久原",
        "operator": "事業者不明",
        "ref": "",
        "url": "",
        "url2": ""
      }
    },
    {
      "type": "Feature",
      "geometry": {
        "type": "Point",
        "coordinates": [
          129.97326,
          32.8959617
        ]
      },
      "properties": {
        "内容": "バス停: 長崎医療センター",
        "name": "長崎医療センター",
        "operator": "事業者不明",
        "ref": "",
        "url": "",
        "url2": ""
      }
    },
    {
      "type": "Feature",
      "geometry": {
        "type": "Point",
        "coordinates": [
          130.0419487,
          32.8524702
        ]
      },
      "properties": {
        "内容": "バス停: 諫早駅前",
        "name": "諫早駅前",
        "operator": "事業者不明",
        "ref": "",
        "url": "",
        "url2": ""
      }
    },
    {
      "type": "Feature",
      "geometry": {
        "type": "Point",
        "coordinates": [
          130.0418468,
          32.8526527
        ]
      },
      "properties": {
        "内容": "バス停: 諫早駅前",
        "name": "諫早駅前",
        "operator": "事業者不明",
        "ref": "",
        "url": "",
        "url2": ""
      }
    },
    {
      "type": "Feature",
      "geometry": {
        "type": "Point",
        "coordinates": [
          130.0419017,
          32.8525467
        ]
      },
      "properties": {
        "内容": "バス停: 諫早駅前",
        "name": "諫早駅前",
        "operator": "事業者不明",
        "ref": "",
        "url": "",
        "url2": ""
      }
    },
    {
      "type": "Feature",
      "geometry": {
        "type": "Point",
        "coordinates": [
          130.0414954,
          32.8526966
        ]
      },
      "properties": {
        "内容": "バス停: 諫早駅前",
        "name": "諫早駅前",
        "operator": "事業者不明",
        "ref": "",
        "url": "",
        "url2": ""
      }
    },
    {
      "type": "Feature",
      "geometry": {
        "type": "Point",
        "coordinates": [
          130.0415383,
          32.8525592
        ]
      },
      "properties": {
        "内容": "バス停: 諫早駅前",
        "name": "諫早駅前",
        "operator": "事業者不明",
        "ref": "",
        "url": "",
        "url2": ""
      }
    },
    {
      "type": "Feature",
      "geometry": {
        "type": "Point",
        "coordinates": [
          130.0415987,
          32.8524014
        ]
      },
      "properties": {
        "内容": "バス停: 諫早駅前",
        "name": "諫早駅前",
        "operator": "事業者不明",
        "ref": "",
        "url": "",
        "url2": ""
      }
    },
    {
      "type": "Feature",
      "geometry": {
        "type": "Point",
        "coordinates": [
          130.0416416,
          32.8522561
        ]
      },
      "properties": {
        "内容": "バス停: 諫早駅前",
        "name": "諫早駅前",
        "operator": "事業者不明",
        "ref": "",
        "url": "",
        "url2": ""
      }
    },
    {
      "type": "Feature",
      "geometry": {
        "type": "Point",
        "coordinates": [
          129.92194,
          32.9150285
        ]
      },
      "properties": {
        "内容": "バス停: 長崎空港",
        "name": "長崎空港",
        "operator": "事業者不明",
        "ref": "",
        "url": "",
        "url2": ""
      }
    },
    {
      "type": "Feature",
      "geometry": {
        "type": "Point",
        "coordinates": [
          129.9219923,
          32.9149858
        ]
      },
      "properties": {
        "内容": "バス停: 長崎空港",
        "name": "長崎空港",
        "operator": "事業者不明",
        "ref": "",
        "url": "",
        "url2": ""
      }
    },
    {
      "type": "Feature",
      "geometry": {
        "type": "Point",
        "coordinates": [
          129.9221197,
          32.9148664
        ]
      },
      "properties": {
        "内容": "バス停: 長崎空港",
        "name": "長崎空港",
        "operator": "事業者不明",
        "ref": "",
        "url": "",
        "url2": ""
      }
    },
    {
      "type": "Feature",
      "geometry": {
        "type": "Point",
        "coordinates": [
          129.9220352,
          32.9149407
        ]
      },
      "properties": {
        "内容": "バス停: 長崎空港",
        "name": "長崎空港",
        "operator": "事業者不明",
        "ref": "",
        "url": "",
        "url2": ""
      }
    },
    {
      "type": "Feature",
      "geometry": {
        "type": "Point",
        "coordinates": [
          129.9220808,
          32.9149024
        ]
      },
      "properties": {
        "内容": "バス停: 長崎空港",
        "name": "長崎空港",
        "operator": "事業者不明",
        "ref": "",
        "url": "",
        "url2": ""
      }
    },
    {
      "type": "Feature",
      "geometry": {
        "type": "Point",
        "coordinates": [
          129.1158058,
          32.9827417
        ]
      },
      "properties": {
        "内容": "バス停: 有川",
        "name": "有川",
        "operator": "事業者不明",
        "ref": "",
        "url": "",
        "url2": ""
      }
    },
    {
      "type": "Feature",
      "geometry": {
        "type": "Point",
        "coordinates": [
          129.1165117,
          32.9825585
        ]
      },
      "properties": {
        "内容": "バス停: 有川",
        "name": "有川",
        "operator": "事業者不明",
        "ref": "",
        "url": "",
        "url2": ""
      }
    },
    {
      "type": "Feature",
      "geometry": {
        "type": "Point",
        "coordinates": [
          129.647263,
          33.2360784
        ]
      },
      "properties": {
        "内容": "バス停: 佐々バスセンター",
        "name": "佐々バスセンター",
        "operator": "事業者不明",
        "ref": "",
        "url": "",
        "url2": ""
      }
    },
    {
      "type": "Feature",
      "geometry": {
        "type": "Point",
        "coordinates": [
          129.6473046,
          33.2362125
        ]
      },
      "properties": {
        "内容": "バス停: 佐々バスセンター",
        "name": "佐々バスセンター",
        "operator": "事業者不明",
        "ref": "",
        "url": "",
        "url2": ""
      }
    },
    {
      "type": "Feature",
      "geometry": {
        "type": "Point",
        "coordinates": [
          129.6474065,
          33.2363645
        ]
      },
      "properties": {
        "内容": "バス停: 佐々バスセンター",
        "name": "佐々バスセンター",
        "operator": "事業者不明",
        "ref": "",
        "url": "",
        "url2": ""
      }
    },
    {
      "type": "Feature",
      "geometry": {
        "type": "Point",
        "coordinates": [
          129.6476459,
          33.2363482
        ]
      },
      "properties": {
        "内容": "バス停: 佐々バスセンター",
        "name": "佐々バスセンター",
        "operator": "事業者不明",
        "ref": "",
        "url": "",
        "url2": ""
      }
    },
    {
      "type": "Feature",
      "geometry": {
        "type": "Point",
        "coordinates": [
          129.7279049,
          33.1640542
        ]
      },
      "properties": {
        "内容": "バス停: 佐世保バスセンター",
        "name": "佐世保バスセンター",
        "operator": "事業者不明",
        "ref": "",
        "url": "",
        "url2": ""
      }
    },
    {
      "type": "Feature",
      "geometry": {
        "type": "Point",
        "coordinates": [
          129.6448517,
          33.2298751
        ]
      },
      "properties": {
        "内容": "バス停: 佐々インター",
        "name": "佐々インター",
        "operator": "事業者不明",
        "ref": "",
        "url": "",
        "url2": ""
      }
    },
    {
      "type": "Feature",
      "geometry": {
        "type": "Point",
        "coordinates": [
          129.6454056,
          33.2310664
        ]
      },
      "properties": {
        "内容": "バス停: 佐々インター",
        "name": "佐々インター",
        "operator": "事業者不明",
        "ref": "",
        "url": "",
        "url2": ""
      }
    },
    {
      "type": "Feature",
      "geometry": {
        "type": "Point",
        "coordinates": [
          129.7172311,
          33.1753428
        ]
      },
      "properties": {
        "内容": "バス停: 松浦町国際通り",
        "name": "松浦町国際通り",
        "operator": "事業者不明",
        "ref": "",
        "url": "",
        "url2": ""
      }
    },
    {
      "type": "Feature",
      "geometry": {
        "type": "Point",
        "coordinates": [
          129.7178856,
          33.1754259
        ]
      },
      "properties": {
        "内容": "バス停: 松浦町国際通り",
        "name": "松浦町国際通り",
        "operator": "事業者不明",
        "ref": "",
        "url": "",
        "url2": ""
      }
    },
    {
      "type": "Feature",
      "geometry": {
        "type": "Point",
        "coordinates": [
          129.7198409,
          33.1743146
        ]
      },
      "properties": {
        "内容": "バス停: 松浦町中央公園口",
        "name": "松浦町中央公園口",
        "operator": "事業者不明",
        "ref": "",
        "url": "",
        "url2": ""
      }
    },
    {
      "type": "Feature",
      "geometry": {
        "type": "Point",
        "coordinates": [
          129.719861,
          33.1754371
        ]
      },
      "properties": {
        "内容": "バス停: 松浦町名切グラウンド",
        "name": "松浦町名切グラウンド",
        "operator": "事業者不明",
        "ref": "",
        "url": "",
        "url2": ""
      }
    },
    {
      "type": "Feature",
      "geometry": {
        "type": "Point",
        "coordinates": [
          129.7213349,
          33.1721212
        ]
      },
      "properties": {
        "内容": "バス停: 島瀬町",
        "name": "島瀬町",
        "operator": "事業者不明",
        "ref": "",
        "url": "",
        "url2": ""
      }
    },
    {
      "type": "Feature",
      "geometry": {
        "type": "Point",
        "coordinates": [
          129.7209728,
          33.1725601
        ]
      },
      "properties": {
        "内容": "バス停: 島瀬町",
        "name": "島瀬町",
        "operator": "事業者不明",
        "ref": "",
        "url": "",
        "url2": ""
      }
    },
    {
      "type": "Feature",
      "geometry": {
        "type": "Point",
        "coordinates": [
          129.7212651,
          33.1726342
        ]
      },
      "properties": {
        "内容": "バス停: 島瀬町",
        "name": "島瀬町",
        "operator": "事業者不明",
        "ref": "",
        "url": "",
        "url2": ""
      }
    },
    {
      "type": "Feature",
      "geometry": {
        "type": "Point",
        "coordinates": [
          129.7233774,
          33.1699389
        ]
      },
      "properties": {
        "内容": "バス停: 京町",
        "name": "京町",
        "operator": "事業者不明",
        "ref": "",
        "url": "",
        "url2": ""
      }
    },
    {
      "type": "Feature",
      "geometry": {
        "type": "Point",
        "coordinates": [
          129.7230649,
          33.1699288
        ]
      },
      "properties": {
        "内容": "バス停: 京町",
        "name": "京町",
        "operator": "事業者不明",
        "ref": "",
        "url": "",
        "url2": ""
      }
    },
    {
      "type": "Feature",
      "geometry": {
        "type": "Point",
        "coordinates": [
          129.7236121,
          33.1692542
        ]
      },
      "properties": {
        "内容": "バス停: 京町",
        "name": "京町",
        "operator": "事業者不明",
        "ref": "",
        "url": "",
        "url2": ""
      }
    },
    {
      "type": "Feature",
      "geometry": {
        "type": "Point",
        "coordinates": [
          129.7239903,
          33.1691206
        ]
      },
      "properties": {
        "内容": "バス停: 京町",
        "name": "京町",
        "operator": "事業者不明",
        "ref": "",
        "url": "",
        "url2": ""
      }
    },
    {
      "type": "Feature",
      "geometry": {
        "type": "Point",
        "coordinates": [
          129.7402015,
          33.1593681
        ]
      },
      "properties": {
        "内容": "バス停: 藤原橋",
        "name": "藤原橋",
        "operator": "事業者不明",
        "ref": "",
        "url": "",
        "url2": ""
      }
    },
    {
      "type": "Feature",
      "geometry": {
        "type": "Point",
        "coordinates": [
          129.7398475,
          33.1595141
        ]
      },
      "properties": {
        "内容": "バス停: 藤原橋",
        "name": "藤原橋",
        "operator": "事業者不明",
        "ref": "",
        "url": "",
        "url2": ""
      }
    },
    {
      "type": "Feature",
      "geometry": {
        "type": "Point",
        "coordinates": [
          129.7394478,
          33.1592783
        ]
      },
      "properties": {
        "内容": "バス停: 藤原橋",
        "name": "藤原橋",
        "operator": "事業者不明",
        "ref": "",
        "url": "",
        "url2": ""
      }
    },
    {
      "type": "Feature",
      "geometry": {
        "type": "Point",
        "coordinates": [
          129.758053,
          33.1582342
        ]
      },
      "properties": {
        "内容": "バス停: 日宇駅前",
        "name": "日宇駅前",
        "operator": "事業者不明",
        "ref": "",
        "url": "",
        "url2": ""
      }
    },
    {
      "type": "Feature",
      "geometry": {
        "type": "Point",
        "coordinates": [
          129.7572523,
          33.1577514
        ]
      },
      "properties": {
        "内容": "バス停: 日宇駅前",
        "name": "日宇駅前",
        "operator": "事業者不明",
        "ref": "",
        "url": "",
        "url2": ""
      }
    },
    {
      "type": "Feature",
      "geometry": {
        "type": "Point",
        "coordinates": [
          129.7651796,
          33.158031
        ]
      },
      "properties": {
        "内容": "バス停: バイパス中央",
        "name": "バイパス中央",
        "operator": "事業者不明",
        "ref": "",
        "url": "",
        "url2": ""
      }
    },
    {
      "type": "Feature",
      "geometry": {
        "type": "Point",
        "coordinates": [
          129.7656772,
          33.1579726
        ]
      },
      "properties": {
        "内容": "バス停: バイパス中央",
        "name": "バイパス中央",
        "operator": "事業者不明",
        "ref": "",
        "url": "",
        "url2": ""
      }
    },
    {
      "type": "Feature",
      "geometry": {
        "type": "Point",
        "coordinates": [
          129.7732812,
          33.153952
        ]
      },
      "properties": {
        "内容": "バス停: 卸本町入口",
        "name": "卸本町入口",
        "operator": "事業者不明",
        "ref": "",
        "url": "",
        "url2": ""
      }
    },
    {
      "type": "Feature",
      "geometry": {
        "type": "Point",
        "coordinates": [
          129.7727448,
          33.1545886
        ]
      },
      "properties": {
        "内容": "バス停: 卸本町入口",
        "name": "卸本町入口",
        "operator": "事業者不明",
        "ref": "",
        "url": "",
        "url2": ""
      }
    },
    {
      "type": "Feature",
      "geometry": {
        "type": "Point",
        "coordinates": [
          129.7921425,
          33.1394243
        ]
      },
      "properties": {
        "内容": "バス停: 早岐田子の浦",
        "name": "早岐田子の浦",
        "operator": "事業者不明",
        "ref": "",
        "url": "",
        "url2": ""
      }
    },
    {
      "type": "Feature",
      "geometry": {
        "type": "Point",
        "coordinates": [
          129.7920339,
          33.1394917
        ]
      },
      "properties": {
        "内容": "バス停: 早岐田子の浦",
        "name": "早岐田子の浦",
        "operator": "事業者不明",
        "ref": "",
        "url": "",
        "url2": ""
      }
    },
    {
      "type": "Feature",
      "geometry": {
        "type": "Point",
        "coordinates": [
          129.8627503,
          33.0689705
        ]
      },
      "properties": {
        "内容": "バス停: 川棚バスセンター",
        "name": "川棚バスセンター",
        "operator": "事業者不明",
        "ref": "",
        "url": "",
        "url2": ""
      }
    },
    {
      "type": "Feature",
      "geometry": {
        "type": "Point",
        "coordinates": [
          129.8626819,
          33.0690391
        ]
      },
      "properties": {
        "内容": "バス停: 川棚バスセンター",
        "name": "川棚バスセンター",
        "operator": "事業者不明",
        "ref": "",
        "url": "",
        "url2": ""
      }
    },
    {
      "type": "Feature",
      "geometry": {
        "type": "Point",
        "coordinates": [
          129.9575396,
          32.9335645
        ]
      },
      "properties": {
        "内容": "バス停: 新大村駅前",
        "name": "新大村駅前",
        "operator": "事業者不明",
        "ref": "",
        "url": "",
        "url2": ""
      }
    },
    {
      "type": "Feature",
      "geometry": {
        "type": "Point",
        "coordinates": [
          129.9572338,
          32.9332859
        ]
      },
      "properties": {
        "内容": "バス停: 新大村駅前",
        "name": "新大村駅前",
        "operator": "事業者不明",
        "ref": "",
        "url": "",
        "url2": ""
      }
    },
    {
      "type": "Feature",
      "geometry": {
        "type": "Point",
        "coordinates": [
          130.0474593,
          32.8486046
        ]
      },
      "properties": {
        "内容": "バス停: 天満町",
        "name": "天満町",
        "operator": "事業者不明",
        "ref": "",
        "url": "",
        "url2": ""
      }
    },
    {
      "type": "Feature",
      "geometry": {
        "type": "Point",
        "coordinates": [
          130.046652,
          32.8490519
        ]
      },
      "properties": {
        "内容": "バス停: 天満町",
        "name": "天満町",
        "operator": "事業者不明",
        "ref": "",
        "url": "",
        "url2": ""
      }
    },
    {
      "type": "Feature",
      "geometry": {
        "type": "Point",
        "coordinates": [
          130.051319,
          32.8472143
        ]
      },
      "properties": {
        "内容": "バス停: 城見町",
        "name": "城見町",
        "operator": "事業者不明",
        "ref": "",
        "url": "",
        "url2": ""
      }
    },
    {
      "type": "Feature",
      "geometry": {
        "type": "Point",
        "coordinates": [
          130.0505036,
          32.847416
        ]
      },
      "properties": {
        "内容": "バス停: 城見町",
        "name": "城見町",
        "operator": "事業者不明",
        "ref": "",
        "url": "",
        "url2": ""
      }
    },
    {
      "type": "Feature",
      "geometry": {
        "type": "Point",
        "coordinates": [
          130.0545832,
          32.8470047
        ]
      },
      "properties": {
        "内容": "バス停: 竹ノ下",
        "name": "竹ノ下",
        "operator": "事業者不明",
        "ref": "",
        "url": "",
        "url2": ""
      }
    },
    {
      "type": "Feature",
      "geometry": {
        "type": "Point",
        "coordinates": [
          130.0557339,
          32.8470273
        ]
      },
      "properties": {
        "内容": "バス停: 竹ノ下",
        "name": "竹ノ下",
        "operator": "事業者不明",
        "ref": "",
        "url": "",
        "url2": ""
      }
    },
    {
      "type": "Feature",
      "geometry": {
        "type": "Point",
        "coordinates": [
          130.0565667,
          32.8440505
        ]
      },
      "properties": {
        "内容": "バス停: 諫早局前",
        "name": "諫早局前",
        "operator": "事業者不明",
        "ref": "",
        "url": "",
        "url2": ""
      }
    },
    {
      "type": "Feature",
      "geometry": {
        "type": "Point",
        "coordinates": [
          130.0566579,
          32.8433936
        ]
      },
      "properties": {
        "内容": "バス停: 諫早局前",
        "name": "諫早局前",
        "operator": "事業者不明",
        "ref": "",
        "url": "",
        "url2": ""
      }
    },
    {
      "type": "Feature",
      "geometry": {
        "type": "Point",
        "coordinates": [
          130.0608435,
          32.8392325
        ]
      },
      "properties": {
        "内容": "バス停: 厚生町",
        "name": "厚生町",
        "operator": "事業者不明",
        "ref": "",
        "url": "",
        "url2": ""
      }
    },
    {
      "type": "Feature",
      "geometry": {
        "type": "Point",
        "coordinates": [
          130.0614256,
          32.8389643
        ]
      },
      "properties": {
        "内容": "バス停: 厚生町",
        "name": "厚生町",
        "operator": "事業者不明",
        "ref": "",
        "url": "",
        "url2": ""
      }
    },
    {
      "type": "Feature",
      "geometry": {
        "type": "Point",
        "coordinates": [
          130.0570857,
          32.8419097
        ]
      },
      "properties": {
        "内容": "バス停: 昭和通り",
        "name": "昭和通り",
        "operator": "事業者不明",
        "ref": "",
        "url": "",
        "url2": ""
      }
    },
    {
      "type": "Feature",
      "geometry": {
        "type": "Point",
        "coordinates": [
          130.0579803,
          32.8417159
        ]
      },
      "properties": {
        "内容": "バス停: 昭和通り",
        "name": "昭和通り",
        "operator": "事業者不明",
        "ref": "",
        "url": "",
        "url2": ""
      }
    },
    {
      "type": "Feature",
      "geometry": {
        "type": "Point",
        "coordinates": [
          130.0677207,
          32.8375874
        ]
      },
      "properties": {
        "内容": "バス停: 東厚生町",
        "name": "東厚生町",
        "operator": "事業者不明",
        "ref": "",
        "url": "",
        "url2": ""
      }
    },
    {
      "type": "Feature",
      "geometry": {
        "type": "Point",
        "coordinates": [
          130.0688928,
          32.8374521
        ]
      },
      "properties": {
        "内容": "バス停: 東厚生町",
        "name": "東厚生町",
        "operator": "事業者不明",
        "ref": "",
        "url": "",
        "url2": ""
      }
    },
    {
      "type": "Feature",
      "geometry": {
        "type": "Point",
        "coordinates": [
          129.9463508,
          32.978967
        ]
      },
      "properties": {
        "内容": "バス停: 松原",
        "name": "松原",
        "operator": "事業者不明",
        "ref": "",
        "url": "",
        "url2": ""
      }
    },
    {
      "type": "Feature",
      "geometry": {
        "type": "Point",
        "coordinates": [
          129.9464473,
          32.9788253
        ]
      },
      "properties": {
        "内容": "バス停: 松原",
        "name": "松原",
        "operator": "事業者不明",
        "ref": "",
        "url": "",
        "url2": ""
      }
    },
    {
      "type": "Feature",
      "geometry": {
        "type": "Point",
        "coordinates": [
          129.9512165,
          32.9865599
        ]
      },
      "properties": {
        "内容": "バス停: 餅ノ浜",
        "name": "餅ノ浜",
        "operator": "事業者不明",
        "ref": "",
        "url": "",
        "url2": ""
      }
    },
    {
      "type": "Feature",
      "geometry": {
        "type": "Point",
        "coordinates": [
          129.951227,
          32.9861949
        ]
      },
      "properties": {
        "内容": "バス停: 餅ノ浜",
        "name": "餅ノ浜",
        "operator": "事業者不明",
        "ref": "",
        "url": "",
        "url2": ""
      }
    },
    {
      "type": "Feature",
      "geometry": {
        "type": "Point",
        "coordinates": [
          129.9592482,
          32.9094037
        ]
      },
      "properties": {
        "内容": "バス停: コレモおおむら前",
        "name": "コレモおおむら前",
        "operator": "事業者不明",
        "ref": "",
        "url": "",
        "url2": ""
      }
    },
    {
      "type": "Feature",
      "geometry": {
        "type": "Point",
        "coordinates": [
          129.9593796,
          32.9096582
        ]
      },
      "properties": {
        "内容": "バス停: コレモおおむら前",
        "name": "コレモおおむら前",
        "operator": "事業者不明",
        "ref": "",
        "url": "",
        "url2": ""
      }
    },
    {
      "type": "Feature",
      "geometry": {
        "type": "Point",
        "coordinates": [
          129.9582088,
          32.9084287
        ]
      },
      "properties": {
        "内容": "バス停: こどもセンター前",
        "name": "こどもセンター前",
        "operator": "事業者不明",
        "ref": "",
        "url": "",
        "url2": ""
      }
    },
    {
      "type": "Feature",
      "geometry": {
        "type": "Point",
        "coordinates": [
          129.9583684,
          32.9085267
        ]
      },
      "properties": {
        "内容": "バス停: こどもセンター前",
        "name": "こどもセンター前",
        "operator": "事業者不明",
        "ref": "",
        "url": "",
        "url2": ""
      }
    },
    {
      "type": "Feature",
      "geometry": {
        "type": "Point",
        "coordinates": [
          129.9536142,
          32.9098879
        ]
      },
      "properties": {
        "内容": "バス停: 新城入口",
        "name": "新城入口",
        "operator": "事業者不明",
        "ref": "",
        "url": "",
        "url2": ""
      }
    },
    {
      "type": "Feature",
      "geometry": {
        "type": "Point",
        "coordinates": [
          129.9528578,
          32.910417
        ]
      },
      "properties": {
        "内容": "バス停: 新城入口",
        "name": "新城入口",
        "operator": "事業者不明",
        "ref": "",
        "url": "",
        "url2": ""
      }
    },
    {
      "type": "Feature",
      "geometry": {
        "type": "Point",
        "coordinates": [
          129.9494044,
          32.9162433
        ]
      },
      "properties": {
        "内容": "バス停: 協和町南",
        "name": "協和町南",
        "operator": "事業者不明",
        "ref": "",
        "url": "",
        "url2": ""
      }
    },
    {
      "type": "Feature",
      "geometry": {
        "type": "Point",
        "coordinates": [
          129.9492623,
          32.9162377
        ]
      },
      "properties": {
        "内容": "バス停: 協和町南",
        "name": "協和町南",
        "operator": "事業者不明",
        "ref": "",
        "url": "",
        "url2": ""
      }
    },
    {
      "type": "Feature",
      "geometry": {
        "type": "Point",
        "coordinates": [
          129.9472894,
          32.9178004
        ]
      },
      "properties": {
        "内容": "バス停: 協和町中央",
        "name": "協和町中央",
        "operator": "事業者不明",
        "ref": "",
        "url": "",
        "url2": ""
      }
    },
    {
      "type": "Feature",
      "geometry": {
        "type": "Point",
        "coordinates": [
          129.947252,
          32.9179444
        ]
      },
      "properties": {
        "内容": "バス停: 協和町中央",
        "name": "協和町中央",
        "operator": "事業者不明",
        "ref": "",
        "url": "",
        "url2": ""
      }
    },
    {
      "type": "Feature",
      "geometry": {
        "type": "Point",
        "coordinates": [
          129.9450354,
          32.9195755
        ]
      },
      "properties": {
        "内容": "バス停: 協和町北",
        "name": "協和町北",
        "operator": "事業者不明",
        "ref": "",
        "url": "",
        "url2": ""
      }
    },
    {
      "type": "Feature",
      "geometry": {
        "type": "Point",
        "coordinates": [
          129.9449485,
          32.919748
        ]
      },
      "properties": {
        "内容": "バス停: 協和町北",
        "name": "協和町北",
        "operator": "事業者不明",
        "ref": "",
        "url": "",
        "url2": ""
      }
    },
    {
      "type": "Feature",
      "geometry": {
        "type": "Point",
        "coordinates": [
          129.9423328,
          32.9221728
        ]
      },
      "properties": {
        "内容": "バス停: 工業高校前",
        "name": "工業高校前",
        "operator": "事業者不明",
        "ref": "",
        "url": "",
        "url2": ""
      }
    },
    {
      "type": "Feature",
      "geometry": {
        "type": "Point",
        "coordinates": [
          129.9424857,
          32.9222403
        ]
      },
      "properties": {
        "内容": "バス停: 工業高校前",
        "name": "工業高校前",
        "operator": "事業者不明",
        "ref": "",
        "url": "",
        "url2": ""
      }
    },
    {
      "type": "Feature",
      "geometry": {
        "type": "Point",
        "coordinates": [
          129.9371535,
          32.9310521
        ]
      },
      "properties": {
        "内容": "バス停: 西古賀島",
        "name": "西古賀島",
        "operator": "事業者不明",
        "ref": "",
        "url": "",
        "url2": ""
      }
    },
    {
      "type": "Feature",
      "geometry": {
        "type": "Point",
        "coordinates": [
          129.9372098,
          32.9313718
        ]
      },
      "properties": {
        "内容": "バス停: 西古賀島",
        "name": "西古賀島",
        "operator": "事業者不明",
        "ref": "",
        "url": "",
        "url2": ""
      }
    },
    {
      "type": "Feature",
      "geometry": {
        "type": "Point",
        "coordinates": [
          129.9367256,
          32.9343895
        ]
      },
      "properties": {
        "内容": "バス停: 今津町北",
        "name": "今津町北",
        "operator": "事業者不明",
        "ref": "",
        "url": "",
        "url2": ""
      }
    },
    {
      "type": "Feature",
      "geometry": {
        "type": "Point",
        "coordinates": [
          129.9365526,
          32.9345133
        ]
      },
      "properties": {
        "内容": "バス停: 今津町北",
        "name": "今津町北",
        "operator": "事業者不明",
        "ref": "",
        "url": "",
        "url2": ""
      }
    },
    {
      "type": "Feature",
      "geometry": {
        "type": "Point",
        "coordinates": [
          129.9411084,
          32.9364729
        ]
      },
      "properties": {
        "内容": "バス停: 福里",
        "name": "福里",
        "operator": "事業者不明",
        "ref": "",
        "url": "",
        "url2": ""
      }
    },
    {
      "type": "Feature",
      "geometry": {
        "type": "Point",
        "coordinates": [
          129.9412666,
          32.936249
        ]
      },
      "properties": {
        "内容": "バス停: 福里",
        "name": "福里",
        "operator": "事業者不明",
        "ref": "",
        "url": "",
        "url2": ""
      }
    },
    {
      "type": "Feature",
      "geometry": {
        "type": "Point",
        "coordinates": [
          129.9406363,
          32.9402817
        ]
      },
      "properties": {
        "内容": "バス停: 富の原一丁目",
        "name": "富の原一丁目",
        "operator": "事業者不明",
        "ref": "",
        "url": "",
        "url2": ""
      }
    },
    {
      "type": "Feature",
      "geometry": {
        "type": "Point",
        "coordinates": [
          129.9404928,
          32.9404461
        ]
      },
      "properties": {
        "内容": "バス停: 富の原一丁目",
        "name": "富の原一丁目",
        "operator": "事業者不明",
        "ref": "",
        "url": "",
        "url2": ""
      }
    },
    {
      "type": "Feature",
      "geometry": {
        "type": "Point",
        "coordinates": [
          129.939829,
          32.9453936
        ]
      },
      "properties": {
        "内容": "バス停: 富の原二丁目",
        "name": "富の原二丁目",
        "operator": "事業者不明",
        "ref": "",
        "url": "",
        "url2": ""
      }
    },
    {
      "type": "Feature",
      "geometry": {
        "type": "Point",
        "coordinates": [
          129.939719,
          32.9454375
        ]
      },
      "properties": {
        "内容": "バス停: 富の原二丁目",
        "name": "富の原二丁目",
        "operator": "事業者不明",
        "ref": "",
        "url": "",
        "url2": ""
      }
    },
    {
      "type": "Feature",
      "geometry": {
        "type": "Point",
        "coordinates": [
          129.9392198,
          32.9493727
        ]
      },
      "properties": {
        "内容": "バス停: 黒丸入口",
        "name": "黒丸入口",
        "operator": "事業者不明",
        "ref": "",
        "url": "",
        "url2": ""
      }
    },
    {
      "type": "Feature",
      "geometry": {
        "type": "Point",
        "coordinates": [
          129.9390841,
          32.9495337
        ]
      },
      "properties": {
        "内容": "バス停: 黒丸入口",
        "name": "黒丸入口",
        "operator": "事業者不明",
        "ref": "",
        "url": "",
        "url2": ""
      }
    },
    {
      "type": "Feature",
      "geometry": {
        "type": "Point",
        "coordinates": [
          129.9415013,
          32.9505638
        ]
      },
      "properties": {
        "内容": "バス停: 富の原北",
        "name": "富の原北",
        "operator": "事業者不明",
        "ref": "",
        "url": "",
        "url2": ""
      }
    },
    {
      "type": "Feature",
      "geometry": {
        "type": "Point",
        "coordinates": [
          129.9414101,
          32.9506358
        ]
      },
      "properties": {
        "内容": "バス停: 富の原北",
        "name": "富の原北",
        "operator": "事業者不明",
        "ref": "",
        "url": "",
        "url2": ""
      }
    },
    {
      "type": "Feature",
      "geometry": {
        "type": "Point",
        "coordinates": [
          129.9455756,
          32.9249735
        ]
      },
      "properties": {
        "内容": "バス停: 市民病院",
        "name": "市民病院",
        "operator": "事業者不明",
        "ref": "",
        "url": "",
        "url2": ""
      }
    },
    {
      "type": "Feature",
      "geometry": {
        "type": "Point",
        "coordinates": [
          129.9621919,
          32.9709723
        ]
      },
      "properties": {
        "内容": "バス停: 鼓石橋",
        "name": "鼓石橋",
        "operator": "事業者不明",
        "ref": "",
        "url": "",
        "url2": ""
      }
    },
    {
      "type": "Feature",
      "geometry": {
        "type": "Point",
        "coordinates": [
          129.9624883,
          32.9708891
        ]
      },
      "properties": {
        "内容": "バス停: 鼓石橋",
        "name": "鼓石橋",
        "operator": "事業者不明",
        "ref": "",
        "url": "",
        "url2": ""
      }
    },
    {
      "type": "Feature",
      "geometry": {
        "type": "Point",
        "coordinates": [
          129.9705443,
          32.9737333
        ]
      },
      "properties": {
        "内容": "バス停: 大切間",
        "name": "大切間",
        "operator": "事業者不明",
        "ref": "",
        "url": "",
        "url2": ""
      }
    },
    {
      "type": "Feature",
      "geometry": {
        "type": "Point",
        "coordinates": [
          129.9704102,
          32.9738031
        ]
      },
      "properties": {
        "内容": "バス停: 大切間",
        "name": "大切間",
        "operator": "事業者不明",
        "ref": "",
        "url": "",
        "url2": ""
      }
    },
    {
      "type": "Feature",
      "geometry": {
        "type": "Point",
        "coordinates": [
          129.9648955,
          32.9712997
        ]
      },
      "properties": {
        "内容": "バス停: 鼓石",
        "name": "鼓石",
        "operator": "事業者不明",
        "ref": "",
        "url": "",
        "url2": ""
      }
    },
    {
      "type": "Feature",
      "geometry": {
        "type": "Point",
        "coordinates": [
          129.9659014,
          32.9711985
        ]
      },
      "properties": {
        "内容": "バス停: 鼓石",
        "name": "鼓石",
        "operator": "事業者不明",
        "ref": "",
        "url": "",
        "url2": ""
      }
    },
    {
      "type": "Feature",
      "geometry": {
        "type": "Point",
        "coordinates": [
          129.9583134,
          32.9732371
        ]
      },
      "properties": {
        "内容": "バス停: 中尾",
        "name": "中尾",
        "operator": "事業者不明",
        "ref": "",
        "url": "",
        "url2": ""
      }
    },
    {
      "type": "Feature",
      "geometry": {
        "type": "Point",
        "coordinates": [
          129.9582893,
          32.9730279
        ]
      },
      "properties": {
        "内容": "バス停: 中尾",
        "name": "中尾",
        "operator": "事業者不明",
        "ref": "",
        "url": "",
        "url2": ""
      }
    },
    {
      "type": "Feature",
      "geometry": {
        "type": "Point",
        "coordinates": [
          129.9560603,
          32.9737457
        ]
      },
      "properties": {
        "内容": "バス停: 公民館前",
        "name": "公民館前",
        "operator": "事業者不明",
        "ref": "",
        "url": "",
        "url2": ""
      }
    },
    {
      "type": "Feature",
      "geometry": {
        "type": "Point",
        "coordinates": [
          129.9557868,
          32.9738211
        ]
      },
      "properties": {
        "内容": "バス停: 公民館前",
        "name": "公民館前",
        "operator": "事業者不明",
        "ref": "",
        "url": "",
        "url2": ""
      }
    },
    {
      "type": "Feature",
      "geometry": {
        "type": "Point",
        "coordinates": [
          129.9534854,
          32.9753568
        ]
      },
      "properties": {
        "内容": "バス停: 東光寺",
        "name": "東光寺",
        "operator": "事業者不明",
        "ref": "",
        "url": "",
        "url2": ""
      }
    },
    {
      "type": "Feature",
      "geometry": {
        "type": "Point",
        "coordinates": [
          129.9534653,
          32.9752409
        ]
      },
      "properties": {
        "内容": "バス停: 東光寺",
        "name": "東光寺",
        "operator": "事業者不明",
        "ref": "",
        "url": "",
        "url2": ""
      }
    },
    {
      "type": "Feature",
      "geometry": {
        "type": "Point",
        "coordinates": [
          129.9488693,
          32.9767282
        ]
      },
      "properties": {
        "内容": "バス停: 団地入口",
        "name": "団地入口",
        "operator": "事業者不明",
        "ref": "",
        "url": "",
        "url2": ""
      }
    },
    {
      "type": "Feature",
      "geometry": {
        "type": "Point",
        "coordinates": [
          129.948974,
          32.9765797
        ]
      },
      "properties": {
        "内容": "バス停: 団地入口",
        "name": "団地入口",
        "operator": "事業者不明",
        "ref": "",
        "url": "",
        "url2": ""
      }
    },
    {
      "type": "Feature",
      "geometry": {
        "type": "Point",
        "coordinates": [
          129.9467196,
          32.975278
        ]
      },
      "properties": {
        "内容": "バス停: 野岳入口",
        "name": "野岳入口",
        "operator": "事業者不明",
        "ref": "",
        "url": "",
        "url2": ""
      }
    },
    {
      "type": "Feature",
      "geometry": {
        "type": "Point",
        "coordinates": [
          129.9463668,
          32.9748291
        ]
      },
      "properties": {
        "内容": "バス停: 野岳入口",
        "name": "野岳入口",
        "operator": "事業者不明",
        "ref": "",
        "url": "",
        "url2": ""
      }
    },
    {
      "type": "Feature",
      "geometry": {
        "type": "Point",
        "coordinates": [
          129.9441567,
          32.9729941
        ]
      },
      "properties": {
        "内容": "バス停: 松原小学校入口",
        "name": "松原小学校入口",
        "operator": "事業者不明",
        "ref": "",
        "url": "",
        "url2": ""
      }
    },
    {
      "type": "Feature",
      "geometry": {
        "type": "Point",
        "coordinates": [
          129.9444759,
          32.9737232
        ]
      },
      "properties": {
        "内容": "バス停: 松原小学校入口",
        "name": "松原小学校入口",
        "operator": "事業者不明",
        "ref": "",
        "url": "",
        "url2": ""
      }
    },
    {
      "type": "Feature",
      "geometry": {
        "type": "Point",
        "coordinates": [
          129.9433561,
          32.9688267
        ]
      },
      "properties": {
        "内容": "バス停: 発電所前",
        "name": "発電所前",
        "operator": "事業者不明",
        "ref": "",
        "url": "",
        "url2": ""
      }
    },
    {
      "type": "Feature",
      "geometry": {
        "type": "Point",
        "coordinates": [
          129.9432032,
          32.9687029
        ]
      },
      "properties": {
        "内容": "バス停: 発電所前",
        "name": "発電所前",
        "operator": "事業者不明",
        "ref": "",
        "url": "",
        "url2": ""
      }
    },
    {
      "type": "Feature",
      "geometry": {
        "type": "Point",
        "coordinates": [
          129.9442399,
          32.9628813
        ]
      },
      "properties": {
        "内容": "バス停: 福重",
        "name": "福重",
        "operator": "事業者不明",
        "ref": "",
        "url": "",
        "url2": ""
      }
    },
    {
      "type": "Feature",
      "geometry": {
        "type": "Point",
        "coordinates": [
          129.9441098,
          32.9626472
        ]
      },
      "properties": {
        "内容": "バス停: 福重",
        "name": "福重",
        "operator": "事業者不明",
        "ref": "",
        "url": "",
        "url2": ""
      }
    },
    {
      "type": "Feature",
      "geometry": {
        "type": "Point",
        "coordinates": [
          129.9425729,
          32.9592884
        ]
      },
      "properties": {
        "内容": "バス停: 郡橋",
        "name": "郡橋",
        "operator": "事業者不明",
        "ref": "",
        "url": "",
        "url2": ""
      }
    },
    {
      "type": "Feature",
      "geometry": {
        "type": "Point",
        "coordinates": [
          129.9426319,
          32.9583825
        ]
      },
      "properties": {
        "内容": "バス停: 郡橋",
        "name": "郡橋",
        "operator": "事業者不明",
        "ref": "",
        "url": "",
        "url2": ""
      }
    },
    {
      "type": "Feature",
      "geometry": {
        "type": "Point",
        "coordinates": [
          129.9439207,
          32.9541311
        ]
      },
      "properties": {
        "内容": "バス停: 立花",
        "name": "立花",
        "operator": "事業者不明",
        "ref": "",
        "url": "",
        "url2": ""
      }
    },
    {
      "type": "Feature",
      "geometry": {
        "type": "Point",
        "coordinates": [
          129.9437329,
          32.9543134
        ]
      },
      "properties": {
        "内容": "バス停: 立花",
        "name": "立花",
        "operator": "事業者不明",
        "ref": "",
        "url": "",
        "url2": ""
      }
    },
    {
      "type": "Feature",
      "geometry": {
        "type": "Point",
        "coordinates": [
          129.9444625,
          32.952209
        ]
      },
      "properties": {
        "内容": "バス停: 宮小路二丁目",
        "name": "宮小路二丁目",
        "operator": "事業者不明",
        "ref": "",
        "url": "",
        "url2": ""
      }
    },
    {
      "type": "Feature",
      "geometry": {
        "type": "Point",
        "coordinates": [
          129.9441996,
          32.9526097
        ]
      },
      "properties": {
        "内容": "バス停: 宮小路二丁目",
        "name": "宮小路二丁目",
        "operator": "事業者不明",
        "ref": "",
        "url": "",
        "url2": ""
      }
    },
    {
      "type": "Feature",
      "geometry": {
        "type": "Point",
        "coordinates": [
          129.945129,
          32.9493292
        ]
      },
      "properties": {
        "内容": "バス停: 宮小路",
        "name": "宮小路",
        "operator": "事業者不明",
        "ref": "",
        "url": "",
        "url2": ""
      }
    },
    {
      "type": "Feature",
      "geometry": {
        "type": "Point",
        "coordinates": [
          129.9449708,
          32.9495858
        ]
      },
      "properties": {
        "内容": "バス停: 宮小路",
        "name": "宮小路",
        "operator": "事業者不明",
        "ref": "",
        "url": "",
        "url2": ""
      }
    },
    {
      "type": "Feature",
      "geometry": {
        "type": "Point",
        "coordinates": [
          129.9455367,
          32.9471245
        ]
      },
      "properties": {
        "内容": "バス停: 竹松小学校前",
        "name": "竹松小学校前",
        "operator": "事業者不明",
        "ref": "",
        "url": "",
        "url2": ""
      }
    },
    {
      "type": "Feature",
      "geometry": {
        "type": "Point",
        "coordinates": [
          129.94542,
          32.9471561
        ]
      },
      "properties": {
        "内容": "バス停: 竹松小学校前",
        "name": "竹松小学校前",
        "operator": "事業者不明",
        "ref": "",
        "url": "",
        "url2": ""
      }
    },
    {
      "type": "Feature",
      "geometry": {
        "type": "Point",
        "coordinates": [
          129.9460047,
          32.9440611
        ]
      },
      "properties": {
        "内容": "バス停: 竹松局前",
        "name": "竹松局前",
        "operator": "事業者不明",
        "ref": "",
        "url": "",
        "url2": ""
      }
    },
    {
      "type": "Feature",
      "geometry": {
        "type": "Point",
        "coordinates": [
          129.9458666,
          32.9441601
        ]
      },
      "properties": {
        "内容": "バス停: 竹松局前",
        "name": "竹松局前",
        "operator": "事業者不明",
        "ref": "",
        "url": "",
        "url2": ""
      }
    },
    {
      "type": "Feature",
      "geometry": {
        "type": "Point",
        "coordinates": [
          129.9466257,
          32.9400668
        ]
      },
      "properties": {
        "内容": "バス停: 富の原入口",
        "name": "富の原入口",
        "operator": "事業者不明",
        "ref": "",
        "url": "",
        "url2": ""
      }
    },
    {
      "type": "Feature",
      "geometry": {
        "type": "Point",
        "coordinates": [
          129.9464218,
          32.9407308
        ]
      },
      "properties": {
        "内容": "バス停: 富の原入口",
        "name": "富の原入口",
        "operator": "事業者不明",
        "ref": "",
        "url": "",
        "url2": ""
      }
    },
    {
      "type": "Feature",
      "geometry": {
        "type": "Point",
        "coordinates": [
          129.9490303,
          32.9435288
        ]
      },
      "properties": {
        "内容": "バス停: 竹松出張所",
        "name": "竹松出張所",
        "operator": "事業者不明",
        "ref": "",
        "url": "",
        "url2": ""
      }
    },
    {
      "type": "Feature",
      "geometry": {
        "type": "Point",
        "coordinates": [
          129.9491148,
          32.9436379
        ]
      },
      "properties": {
        "内容": "バス停: 竹松出張所",
        "name": "竹松出張所",
        "operator": "事業者不明",
        "ref": "",
        "url": "",
        "url2": ""
      }
    },
    {
      "type": "Feature",
      "geometry": {
        "type": "Point",
        "coordinates": [
          129.9511586,
          32.9424382
        ]
      },
      "properties": {
        "内容": "バス停: 立小路",
        "name": "立小路",
        "operator": "事業者不明",
        "ref": "",
        "url": "",
        "url2": ""
      }
    },
    {
      "type": "Feature",
      "geometry": {
        "type": "Point",
        "coordinates": [
          129.9510862,
          32.9425361
        ]
      },
      "properties": {
        "内容": "バス停: 立小路",
        "name": "立小路",
        "operator": "事業者不明",
        "ref": "",
        "url": "",
        "url2": ""
      }
    },
    {
      "type": "Feature",
      "geometry": {
        "type": "Point",
        "coordinates": [
          129.9523737,
          32.9397944
        ]
      },
      "properties": {
        "内容": "バス停: 竹松駅前",
        "name": "竹松駅前",
        "operator": "事業者不明",
        "ref": "",
        "url": "",
        "url2": ""
      }
    },
    {
      "type": "Feature",
      "geometry": {
        "type": "Point",
        "coordinates": [
          129.9522597,
          32.9398574
        ]
      },
      "properties": {
        "内容": "バス停: 竹松駅前",
        "name": "竹松駅前",
        "operator": "事業者不明",
        "ref": "",
        "url": "",
        "url2": ""
      }
    },
    {
      "type": "Feature",
      "geometry": {
        "type": "Point",
        "coordinates": [
          129.9493521,
          32.9388861
        ]
      },
      "properties": {
        "内容": "バス停: 上原口",
        "name": "上原口",
        "operator": "事業者不明",
        "ref": "",
        "url": "",
        "url2": ""
      }
    },
    {
      "type": "Feature",
      "geometry": {
        "type": "Point",
        "coordinates": [
          129.9487111,
          32.9385665
        ]
      },
      "properties": {
        "内容": "バス停: 上原口",
        "name": "上原口",
        "operator": "事業者不明",
        "ref": "",
        "url": "",
        "url2": ""
      }
    },
    {
      "type": "Feature",
      "geometry": {
        "type": "Point",
        "coordinates": [
          129.9476731,
          32.9369367
        ]
      },
      "properties": {
        "内容": "バス停: 原口",
        "name": "原口",
        "operator": "事業者不明",
        "ref": "",
        "url": "",
        "url2": ""
      }
    },
    {
      "type": "Feature",
      "geometry": {
        "type": "Point",
        "coordinates": [
          129.9474183,
          32.937128
        ]
      },
      "properties": {
        "内容": "バス停: 原口",
        "name": "原口",
        "operator": "事業者不明",
        "ref": "",
        "url": "",
        "url2": ""
      }
    },
    {
      "type": "Feature",
      "geometry": {
        "type": "Point",
        "coordinates": [
          129.9482739,
          32.9355399
        ]
      },
      "properties": {
        "内容": "バス停: 原口住宅前",
        "name": "原口住宅前",
        "operator": "事業者不明",
        "ref": "",
        "url": "",
        "url2": ""
      }
    },
    {
      "type": "Feature",
      "geometry": {
        "type": "Point",
        "coordinates": [
          129.9481679,
          32.9353834
        ]
      },
      "properties": {
        "内容": "バス停: 原口住宅前",
        "name": "原口住宅前",
        "operator": "事業者不明",
        "ref": "",
        "url": "",
        "url2": ""
      }
    },
    {
      "type": "Feature",
      "geometry": {
        "type": "Point",
        "coordinates": [
          129.9492019,
          32.9330197
        ]
      },
      "properties": {
        "内容": "バス停: 安井前",
        "name": "安井前",
        "operator": "事業者不明",
        "ref": "",
        "url": "",
        "url2": ""
      }
    },
    {
      "type": "Feature",
      "geometry": {
        "type": "Point",
        "coordinates": [
          129.9495023,
          32.932736
        ]
      },
      "properties": {
        "内容": "バス停: 安井前",
        "name": "安井前",
        "operator": "事業者不明",
        "ref": "",
        "url": "",
        "url2": ""
      }
    },
    {
      "type": "Feature",
      "geometry": {
        "type": "Point",
        "coordinates": [
          129.9509454,
          32.9289944
        ]
      },
      "properties": {
        "内容": "バス停: 桜馬場",
        "name": "桜馬場",
        "operator": "事業者不明",
        "ref": "",
        "url": "",
        "url2": ""
      }
    },
    {
      "type": "Feature",
      "geometry": {
        "type": "Point",
        "coordinates": [
          129.9512324,
          32.9286703
        ]
      },
      "properties": {
        "内容": "バス停: 桜馬場",
        "name": "桜馬場",
        "operator": "事業者不明",
        "ref": "",
        "url": "",
        "url2": ""
      }
    },
    {
      "type": "Feature",
      "geometry": {
        "type": "Point",
        "coordinates": [
          129.9510245,
          32.9247563
        ]
      },
      "properties": {
        "内容": "バス停: 大村部隊前",
        "name": "大村部隊前",
        "operator": "事業者不明",
        "ref": "",
        "url": "",
        "url2": ""
      }
    },
    {
      "type": "Feature",
      "geometry": {
        "type": "Point",
        "coordinates": [
          129.9543585,
          32.9010525
        ]
      },
      "properties": {
        "内容": "バス停: イオン大村店",
        "name": "イオン大村店",
        "operator": "事業者不明",
        "ref": "",
        "url": "",
        "url2": ""
      }
    },
    {
      "type": "Feature",
      "geometry": {
        "type": "Point",
        "coordinates": [
          129.956857,
          32.9008138
        ]
      },
      "properties": {
        "内容": "バス停: シーハットおおむら",
        "name": "シーハットおおむら",
        "operator": "事業者不明",
        "ref": "",
        "url": "",
        "url2": ""
      }
    },
    {
      "type": "Feature",
      "geometry": {
        "type": "Point",
        "coordinates": [
          129.9442278,
          32.9554354
        ]
      },
      "properties": {
        "内容": "バス停: 大村車両基地駅",
        "name": "大村車両基地駅",
        "operator": "事業者不明",
        "ref": "",
        "url": "",
        "url2": ""
      }
    },
    {
      "type": "Feature",
      "geometry": {
        "type": "Point",
        "coordinates": [
          129.9788779,
          32.9032584
        ]
      },
      "properties": {
        "内容": "バス停: 向木場入口",
        "name": "向木場入口",
        "operator": "事業者不明",
        "ref": "",
        "url": "",
        "url2": ""
      }
    },
    {
      "type": "Feature",
      "geometry": {
        "type": "Point",
        "coordinates": [
          129.9765041,
          32.900628
        ]
      },
      "properties": {
        "内容": "バス停: 後木場",
        "name": "後木場",
        "operator": "事業者不明",
        "ref": "",
        "url": "",
        "url2": ""
      }
    },
    {
      "type": "Feature",
      "geometry": {
        "type": "Point",
        "coordinates": [
          129.975965,
          32.9002407
        ]
      },
      "properties": {
        "内容": "バス停: 後木場",
        "name": "後木場",
        "operator": "事業者不明",
        "ref": "",
        "url": "",
        "url2": ""
      }
    },
    {
      "type": "Feature",
      "geometry": {
        "type": "Point",
        "coordinates": [
          129.9782784,
          32.9769904
        ]
      },
      "properties": {
        "内容": "バス停: 野岳湖",
        "name": "野岳湖",
        "operator": "事業者不明",
        "ref": "",
        "url": "",
        "url2": ""
      }
    },
    {
      "type": "Feature",
      "geometry": {
        "type": "Point",
        "coordinates": [
          129.9656466,
          32.9146368
        ]
      },
      "properties": {
        "内容": "バス停: 大佐古",
        "name": "大佐古",
        "operator": "事業者不明",
        "ref": "",
        "url": "",
        "url2": ""
      }
    },
    {
      "type": "Feature",
      "geometry": {
        "type": "Point",
        "coordinates": [
          129.965668,
          32.9147809
        ]
      },
      "properties": {
        "内容": "バス停: 大佐古",
        "name": "大佐古",
        "operator": "事業者不明",
        "ref": "",
        "url": "",
        "url2": ""
      }
    },
    {
      "type": "Feature",
      "geometry": {
        "type": "Point",
        "coordinates": [
          129.9673806,
          32.9372372
        ]
      },
      "properties": {
        "内容": "バス停: 浄水場前",
        "name": "浄水場前",
        "operator": "事業者不明",
        "ref": "",
        "url": "",
        "url2": ""
      }
    },
    {
      "type": "Feature",
      "geometry": {
        "type": "Point",
        "coordinates": [
          129.9674959,
          32.9373936
        ]
      },
      "properties": {
        "内容": "バス停: 浄水場前",
        "name": "浄水場前",
        "operator": "事業者不明",
        "ref": "",
        "url": "",
        "url2": ""
      }
    },
    {
      "type": "Feature",
      "geometry": {
        "type": "Point",
        "coordinates": [
          129.9737978,
          32.9383121
        ]
      },
      "properties": {
        "内容": "バス停: 工業技術センター",
        "name": "工業技術センター",
        "operator": "事業者不明",
        "ref": "",
        "url": "",
        "url2": ""
      }
    },
    {
      "type": "Feature",
      "geometry": {
        "type": "Point",
        "coordinates": [
          129.9735108,
          32.9383571
        ]
      },
      "properties": {
        "内容": "バス停: 工業技術センター",
        "name": "工業技術センター",
        "operator": "事業者不明",
        "ref": "",
        "url": "",
        "url2": ""
      }
    },
    {
      "type": "Feature",
      "geometry": {
        "type": "Point",
        "coordinates": [
          129.9763378,
          32.9399914
        ]
      },
      "properties": {
        "内容": "バス停: ナーク前",
        "name": "ナーク前",
        "operator": "事業者不明",
        "ref": "",
        "url": "",
        "url2": ""
      }
    },
    {
      "type": "Feature",
      "geometry": {
        "type": "Point",
        "coordinates": [
          129.976126,
          32.9400499
        ]
      },
      "properties": {
        "内容": "バス停: ナーク前",
        "name": "ナーク前",
        "operator": "事業者不明",
        "ref": "",
        "url": "",
        "url2": ""
      }
    },
    {
      "type": "Feature",
      "geometry": {
        "type": "Point",
        "coordinates": [
          129.9827953,
          32.9375591
        ]
      },
      "properties": {
        "内容": "バス停: 児渕",
        "name": "児渕",
        "operator": "事業者不明",
        "ref": "",
        "url": "",
        "url2": ""
      }
    },
    {
      "type": "Feature",
      "geometry": {
        "type": "Point",
        "coordinates": [
          129.9827644,
          32.9374713
        ]
      },
      "properties": {
        "内容": "バス停: 児渕",
        "name": "児渕",
        "operator": "事業者不明",
        "ref": "",
        "url": "",
        "url2": ""
      }
    },
    {
      "type": "Feature",
      "geometry": {
        "type": "Point",
        "coordinates": [
          129.9864136,
          32.9366485
        ]
      },
      "properties": {
        "内容": "バス停: 雄ケ原",
        "name": "雄ケ原",
        "operator": "事業者不明",
        "ref": "",
        "url": "",
        "url2": ""
      }
    },
    {
      "type": "Feature",
      "geometry": {
        "type": "Point",
        "coordinates": [
          129.9865369,
          32.9365045
        ]
      },
      "properties": {
        "内容": "バス停: 雄ケ原",
        "name": "雄ケ原",
        "operator": "事業者不明",
        "ref": "",
        "url": "",
        "url2": ""
      }
    },
    {
      "type": "Feature",
      "geometry": {
        "type": "Point",
        "coordinates": [
          129.9880242,
          32.9386475
        ]
      },
      "properties": {
        "内容": "バス停: スカイパーク入口",
        "name": "スカイパーク入口",
        "operator": "事業者不明",
        "ref": "",
        "url": "",
        "url2": ""
      }
    },
    {
      "type": "Feature",
      "geometry": {
        "type": "Point",
        "coordinates": [
          129.9880698,
          32.9384832
        ]
      },
      "properties": {
        "内容": "バス停: スカイパーク入口",
        "name": "スカイパーク入口",
        "operator": "事業者不明",
        "ref": "",
        "url": "",
        "url2": ""
      }
    },
    {
      "type": "Feature",
      "geometry": {
        "type": "Point",
        "coordinates": [
          129.9864384,
          32.9427421
        ]
      },
      "properties": {
        "内容": "バス停: 三彩の里",
        "name": "三彩の里",
        "operator": "事業者不明",
        "ref": "",
        "url": "",
        "url2": ""
      }
    },
    {
      "type": "Feature",
      "geometry": {
        "type": "Point",
        "coordinates": [
          129.986549,
          32.9426616
        ]
      },
      "properties": {
        "内容": "バス停: 三彩の里",
        "name": "三彩の里",
        "operator": "事業者不明",
        "ref": "",
        "url": "",
        "url2": ""
      }
    },
    {
      "type": "Feature",
      "geometry": {
        "type": "Point",
        "coordinates": [
          130.0547791,
          32.9769442
        ]
      },
      "properties": {
        "内容": "バス停: 板小屋",
        "name": "板小屋",
        "operator": "事業者不明",
        "ref": "",
        "url": "",
        "url2": ""
      }
    },
    {
      "type": "Feature",
      "geometry": {
        "type": "Point",
        "coordinates": [
          130.0546369,
          32.9770275
        ]
      },
      "properties": {
        "内容": "バス停: 板小屋",
        "name": "板小屋",
        "operator": "事業者不明",
        "ref": "",
        "url": "",
        "url2": ""
      }
    },
    {
      "type": "Feature",
      "geometry": {
        "type": "Point",
        "coordinates": [
          130.0515148,
          32.9763063
        ]
      },
      "properties": {
        "内容": "バス停: 小岳入口",
        "name": "小岳入口",
        "operator": "事業者不明",
        "ref": "",
        "url": "",
        "url2": ""
      }
    },
    {
      "type": "Feature",
      "geometry": {
        "type": "Point",
        "coordinates": [
          130.0514571,
          32.9763615
        ]
      },
      "properties": {
        "内容": "バス停: 小岳入口",
        "name": "小岳入口",
        "operator": "事業者不明",
        "ref": "",
        "url": "",
        "url2": ""
      }
    },
    {
      "type": "Feature",
      "geometry": {
        "type": "Point",
        "coordinates": [
          130.0436465,
          32.978787
        ]
      },
      "properties": {
        "内容": "バス停: 板川内",
        "name": "板川内",
        "operator": "事業者不明",
        "ref": "",
        "url": "",
        "url2": ""
      }
    },
    {
      "type": "Feature",
      "geometry": {
        "type": "Point",
        "coordinates": [
          130.04366,
          32.9789119
        ]
      },
      "properties": {
        "内容": "バス停: 板川内",
        "name": "板川内",
        "operator": "事業者不明",
        "ref": "",
        "url": "",
        "url2": ""
      }
    },
    {
      "type": "Feature",
      "geometry": {
        "type": "Point",
        "coordinates": [
          130.037562,
          32.9802709
        ]
      },
      "properties": {
        "内容": "バス停: 岩屋口",
        "name": "岩屋口",
        "operator": "事業者不明",
        "ref": "",
        "url": "",
        "url2": ""
      }
    },
    {
      "type": "Feature",
      "geometry": {
        "type": "Point",
        "coordinates": [
          130.0377148,
          32.9801562
        ]
      },
      "properties": {
        "内容": "バス停: 岩屋口",
        "name": "岩屋口",
        "operator": "事業者不明",
        "ref": "",
        "url": "",
        "url2": ""
      }
    },
    {
      "type": "Feature",
      "geometry": {
        "type": "Point",
        "coordinates": [
          130.0347537,
          32.981028
        ]
      },
      "properties": {
        "内容": "バス停: 黒木小学校前",
        "name": "黒木小学校前",
        "operator": "事業者不明",
        "ref": "",
        "url": "",
        "url2": ""
      }
    },
    {
      "type": "Feature",
      "geometry": {
        "type": "Point",
        "coordinates": [
          130.0348771,
          32.9809909
        ]
      },
      "properties": {
        "内容": "バス停: 黒木小学校前",
        "name": "黒木小学校前",
        "operator": "事業者不明",
        "ref": "",
        "url": "",
        "url2": ""
      }
    },
    {
      "type": "Feature",
      "geometry": {
        "type": "Point",
        "coordinates": [
          130.0241697,
          32.9819606
        ]
      },
      "properties": {
        "内容": "バス停: 萱瀬ダム",
        "name": "萱瀬ダム",
        "operator": "事業者不明",
        "ref": "",
        "url": "",
        "url2": ""
      }
    },
    {
      "type": "Feature",
      "geometry": {
        "type": "Point",
        "coordinates": [
          130.0244069,
          32.9819078
        ]
      },
      "properties": {
        "内容": "バス停: 萱瀬ダム",
        "name": "萱瀬ダム",
        "operator": "事業者不明",
        "ref": "",
        "url": "",
        "url2": ""
      }
    },
    {
      "type": "Feature",
      "geometry": {
        "type": "Point",
        "coordinates": [
          130.0191567,
          32.9742002
        ]
      },
      "properties": {
        "内容": "バス停: ダム下",
        "name": "ダム下",
        "operator": "事業者不明",
        "ref": "",
        "url": "",
        "url2": ""
      }
    },
    {
      "type": "Feature",
      "geometry": {
        "type": "Point",
        "coordinates": [
          130.0190172,
          32.9740517
        ]
      },
      "properties": {
        "内容": "バス停: ダム下",
        "name": "ダム下",
        "operator": "事業者不明",
        "ref": "",
        "url": "",
        "url2": ""
      }
    },
    {
      "type": "Feature",
      "geometry": {
        "type": "Point",
        "coordinates": [
          130.0186203,
          32.9707743
        ]
      },
      "properties": {
        "内容": "バス停: 上久良原",
        "name": "上久良原",
        "operator": "事業者不明",
        "ref": "",
        "url": "",
        "url2": ""
      }
    },
    {
      "type": "Feature",
      "geometry": {
        "type": "Point",
        "coordinates": [
          130.0182849,
          32.9704041
        ]
      },
      "properties": {
        "内容": "バス停: 上久良原",
        "name": "上久良原",
        "operator": "事業者不明",
        "ref": "",
        "url": "",
        "url2": ""
      }
    },
    {
      "type": "Feature",
      "geometry": {
        "type": "Point",
        "coordinates": [
          130.0158253,
          32.9656515
        ]
      },
      "properties": {
        "内容": "バス停: 久良原",
        "name": "久良原",
        "operator": "事業者不明",
        "ref": "",
        "url": "",
        "url2": ""
      }
    },
    {
      "type": "Feature",
      "geometry": {
        "type": "Point",
        "coordinates": [
          130.0158522,
          32.9654535
        ]
      },
      "properties": {
        "内容": "バス停: 久良原",
        "name": "久良原",
        "operator": "事業者不明",
        "ref": "",
        "url": "",
        "url2": ""
      }
    },
    {
      "type": "Feature",
      "geometry": {
        "type": "Point",
        "coordinates": [
          130.0142965,
          32.9622399
        ]
      },
      "properties": {
        "内容": "バス停: 駄留",
        "name": "駄留",
        "operator": "事業者不明",
        "ref": "",
        "url": "",
        "url2": ""
      }
    },
    {
      "type": "Feature",
      "geometry": {
        "type": "Point",
        "coordinates": [
          130.0141677,
          32.9623884
        ]
      },
      "properties": {
        "内容": "バス停: 駄留",
        "name": "駄留",
        "operator": "事業者不明",
        "ref": "",
        "url": "",
        "url2": ""
      }
    },
    {
      "type": "Feature",
      "geometry": {
        "type": "Point",
        "coordinates": [
          130.010131,
          32.9570367
        ]
      },
      "properties": {
        "内容": "バス停: 榎茶屋",
        "name": "榎茶屋",
        "operator": "事業者不明",
        "ref": "",
        "url": "",
        "url2": ""
      }
    },
    {
      "type": "Feature",
      "geometry": {
        "type": "Point",
        "coordinates": [
          130.0103885,
          32.9571605
        ]
      },
      "properties": {
        "内容": "バス停: 榎茶屋",
        "name": "榎茶屋",
        "operator": "事業者不明",
        "ref": "",
        "url": "",
        "url2": ""
      }
    },
    {
      "type": "Feature",
      "geometry": {
        "type": "Point",
        "coordinates": [
          130.0053036,
          32.9527548
        ]
      },
      "properties": {
        "内容": "バス停: 田下",
        "name": "田下",
        "operator": "事業者不明",
        "ref": "",
        "url": "",
        "url2": ""
      }
    },
    {
      "type": "Feature",
      "geometry": {
        "type": "Point",
        "coordinates": [
          130.0051153,
          32.9528212
        ]
      },
      "properties": {
        "内容": "バス停: 田下",
        "name": "田下",
        "operator": "事業者不明",
        "ref": "",
        "url": "",
        "url2": ""
      }
    },
    {
      "type": "Feature",
      "geometry": {
        "type": "Point",
        "coordinates": [
          129.9962433,
          32.9508002
        ]
      },
      "properties": {
        "内容": "バス停: 下田下",
        "name": "下田下",
        "operator": "事業者不明",
        "ref": "",
        "url": "",
        "url2": ""
      }
    },
    {
      "type": "Feature",
      "geometry": {
        "type": "Point",
        "coordinates": [
          129.9963766,
          32.9510162
        ]
      },
      "properties": {
        "内容": "バス停: 下田下",
        "name": "下田下",
        "operator": "事業者不明",
        "ref": "",
        "url": "",
        "url2": ""
      }
    },
    {
      "type": "Feature",
      "geometry": {
        "type": "Point",
        "coordinates": [
          129.989875,
          32.9533952
        ]
      },
      "properties": {
        "内容": "バス停: 宮代町公民館",
        "name": "宮代町公民館",
        "operator": "事業者不明",
        "ref": "",
        "url": "",
        "url2": ""
      }
    },
    {
      "type": "Feature",
      "geometry": {
        "type": "Point",
        "coordinates": [
          129.9893385,
          32.9509745
        ]
      },
      "properties": {
        "内容": "バス停: 萱瀬小学校前",
        "name": "萱瀬小学校前",
        "operator": "事業者不明",
        "ref": "",
        "url": "",
        "url2": ""
      }
    },
    {
      "type": "Feature",
      "geometry": {
        "type": "Point",
        "coordinates": [
          129.9893238,
          32.9503004
        ]
      },
      "properties": {
        "内容": "バス停: 宮代",
        "name": "宮代",
        "operator": "事業者不明",
        "ref": "",
        "url": "",
        "url2": ""
      }
    },
    {
      "type": "Feature",
      "geometry": {
        "type": "Point",
        "coordinates": [
          129.9896671,
          32.9503995
        ]
      },
      "properties": {
        "内容": "バス停: 宮代",
        "name": "宮代",
        "operator": "事業者不明",
        "ref": "",
        "url": "",
        "url2": ""
      }
    },
    {
      "type": "Feature",
      "geometry": {
        "type": "Point",
        "coordinates": [
          129.9834833,
          32.9493438
        ]
      },
      "properties": {
        "内容": "バス停: 吉丸",
        "name": "吉丸",
        "operator": "事業者不明",
        "ref": "",
        "url": "",
        "url2": ""
      }
    },
    {
      "type": "Feature",
      "geometry": {
        "type": "Point",
        "coordinates": [
          129.9835315,
          32.9491323
        ]
      },
      "properties": {
        "内容": "バス停: 吉丸",
        "name": "吉丸",
        "operator": "事業者不明",
        "ref": "",
        "url": "",
        "url2": ""
      }
    },
    {
      "type": "Feature",
      "geometry": {
        "type": "Point",
        "coordinates": [
          129.9808778,
          32.9457646
        ]
      },
      "properties": {
        "内容": "バス停: 原郷",
        "name": "原郷",
        "operator": "事業者不明",
        "ref": "",
        "url": "",
        "url2": ""
      }
    },
    {
      "type": "Feature",
      "geometry": {
        "type": "Point",
        "coordinates": [
          129.9805972,
          32.945729
        ]
      },
      "properties": {
        "内容": "バス停: 原郷",
        "name": "原郷",
        "operator": "事業者不明",
        "ref": "",
        "url": "",
        "url2": ""
      }
    },
    {
      "type": "Feature",
      "geometry": {
        "type": "Point",
        "coordinates": [
          129.978312,
          32.9441039
        ]
      },
      "properties": {
        "内容": "バス停: 原郷山口",
        "name": "原郷山口",
        "operator": "事業者不明",
        "ref": "",
        "url": "",
        "url2": ""
      }
    },
    {
      "type": "Feature",
      "geometry": {
        "type": "Point",
        "coordinates": [
          129.9786901,
          32.9444663
        ]
      },
      "properties": {
        "内容": "バス停: 原郷山口",
        "name": "原郷山口",
        "operator": "事業者不明",
        "ref": "",
        "url": "",
        "url2": ""
      }
    },
    {
      "type": "Feature",
      "geometry": {
        "type": "Point",
        "coordinates": [
          129.97394,
          32.9424224
        ]
      },
      "properties": {
        "内容": "バス停: 石割場",
        "name": "石割場",
        "operator": "事業者不明",
        "ref": "",
        "url": "",
        "url2": ""
      }
    },
    {
      "type": "Feature",
      "geometry": {
        "type": "Point",
        "coordinates": [
          129.9737522,
          32.942517
        ]
      },
      "properties": {
        "内容": "バス停: 石割場",
        "name": "石割場",
        "operator": "事業者不明",
        "ref": "",
        "url": "",
        "url2": ""
      }
    },
    {
      "type": "Feature",
      "geometry": {
        "type": "Point",
        "coordinates": [
          129.967268,
          32.9403673
        ]
      },
      "properties": {
        "内容": "バス停: 坂口",
        "name": "坂口",
        "operator": "事業者不明",
        "ref": "",
        "url": "",
        "url2": ""
      }
    },
    {
      "type": "Feature",
      "geometry": {
        "type": "Point",
        "coordinates": [
          129.9667221,
          32.9399565
        ]
      },
      "properties": {
        "内容": "バス停: 坂口",
        "name": "坂口",
        "operator": "事業者不明",
        "ref": "",
        "url": "",
        "url2": ""
      }
    },
    {
      "type": "Feature",
      "geometry": {
        "type": "Point",
        "coordinates": [
          129.9647588,
          32.9378259
        ]
      },
      "properties": {
        "内容": "バス停: 浄水場入口",
        "name": "浄水場入口",
        "operator": "事業者不明",
        "ref": "",
        "url": "",
        "url2": ""
      }
    },
    {
      "type": "Feature",
      "geometry": {
        "type": "Point",
        "coordinates": [
          129.964174,
          32.9371753
        ]
      },
      "properties": {
        "内容": "バス停: 浄水場入口",
        "name": "浄水場入口",
        "operator": "事業者不明",
        "ref": "",
        "url": "",
        "url2": ""
      }
    },
    {
      "type": "Feature",
      "geometry": {
        "type": "Point",
        "coordinates": [
          129.9637932,
          32.9363919
        ]
      },
      "properties": {
        "内容": "バス停: 上池田",
        "name": "上池田",
        "operator": "事業者不明",
        "ref": "",
        "url": "",
        "url2": ""
      }
    },
    {
      "type": "Feature",
      "geometry": {
        "type": "Point",
        "coordinates": [
          129.9634123,
          32.9360407
        ]
      },
      "properties": {
        "内容": "バス停: 上池田",
        "name": "上池田",
        "operator": "事業者不明",
        "ref": "",
        "url": "",
        "url2": ""
      }
    },
    {
      "type": "Feature",
      "geometry": {
        "type": "Point",
        "coordinates": [
          129.9647748,
          32.9336838
        ]
      },
      "properties": {
        "内容": "バス停: 鳥居前",
        "name": "鳥居前",
        "operator": "事業者不明",
        "ref": "",
        "url": "",
        "url2": ""
      }
    },
    {
      "type": "Feature",
      "geometry": {
        "type": "Point",
        "coordinates": [
          129.9648567,
          32.9337479
        ]
      },
      "properties": {
        "内容": "バス停: 鳥居前",
        "name": "鳥居前",
        "operator": "事業者不明",
        "ref": "",
        "url": "",
        "url2": ""
      }
    },
    {
      "type": "Feature",
      "geometry": {
        "type": "Point",
        "coordinates": [
          129.9647507,
          32.9309609
        ]
      },
      "properties": {
        "内容": "バス停: 池田",
        "name": "池田",
        "operator": "事業者不明",
        "ref": "",
        "url": "",
        "url2": ""
      }
    },
    {
      "type": "Feature",
      "geometry": {
        "type": "Point",
        "coordinates": [
          129.9648218,
          32.9310262
        ]
      },
      "properties": {
        "内容": "バス停: 池田",
        "name": "池田",
        "operator": "事業者不明",
        "ref": "",
        "url": "",
        "url2": ""
      }
    },
    {
      "type": "Feature",
      "geometry": {
        "type": "Point",
        "coordinates": [
          129.9641821,
          32.9283506
        ]
      },
      "properties": {
        "内容": "バス停: 下池田",
        "name": "下池田",
        "operator": "事業者不明",
        "ref": "",
        "url": "",
        "url2": ""
      }
    },
    {
      "type": "Feature",
      "geometry": {
        "type": "Point",
        "coordinates": [
          129.9641204,
          32.9284834
        ]
      },
      "properties": {
        "内容": "バス停: 下池田",
        "name": "下池田",
        "operator": "事業者不明",
        "ref": "",
        "url": "",
        "url2": ""
      }
    },
    {
      "type": "Feature",
      "geometry": {
        "type": "Point",
        "coordinates": [
          129.9631709,
          32.9263424
        ]
      },
      "properties": {
        "内容": "バス停: 諏訪の本",
        "name": "諏訪の本",
        "operator": "事業者不明",
        "ref": "",
        "url": "",
        "url2": ""
      }
    },
    {
      "type": "Feature",
      "geometry": {
        "type": "Point",
        "coordinates": [
          129.9632229,
          32.9265902
        ]
      },
      "properties": {
        "内容": "バス停: 諏訪の本",
        "name": "諏訪の本",
        "operator": "事業者不明",
        "ref": "",
        "url": "",
        "url2": ""
      }
    },
    {
      "type": "Feature",
      "geometry": {
        "type": "Point",
        "coordinates": [
          129.9617788,
          32.924098
        ]
      },
      "properties": {
        "内容": "バス停: 中諏訪",
        "name": "中諏訪",
        "operator": "事業者不明",
        "ref": "",
        "url": "",
        "url2": ""
      }
    },
    {
      "type": "Feature",
      "geometry": {
        "type": "Point",
        "coordinates": [
          130.0573137,
          32.9770522
        ]
      },
      "properties": {
        "内容": "バス停: 黒木",
        "name": "黒木",
        "operator": "事業者不明",
        "ref": "",
        "url": "",
        "url2": ""
      }
    },
    {
      "type": "Feature",
      "geometry": {
        "type": "Point",
        "coordinates": [
          130.0574183,
          32.9771231
        ]
      },
      "properties": {
        "内容": "バス停: 黒木",
        "name": "黒木",
        "operator": "事業者不明",
        "ref": "",
        "url": "",
        "url2": ""
      }
    },
    {
      "type": "Feature",
      "geometry": {
        "type": "Point",
        "coordinates": [
          129.9609165,
          32.922712
        ]
      },
      "properties": {
        "内容": "バス停: 下諏訪",
        "name": "下諏訪",
        "operator": "事業者不明",
        "ref": "",
        "url": "",
        "url2": ""
      }
    },
    {
      "type": "Feature",
      "geometry": {
        "type": "Point",
        "coordinates": [
          129.9608387,
          32.922766
        ]
      },
      "properties": {
        "内容": "バス停: 下諏訪",
        "name": "下諏訪",
        "operator": "事業者不明",
        "ref": "",
        "url": "",
        "url2": ""
      }
    },
    {
      "type": "Feature",
      "geometry": {
        "type": "Point",
        "coordinates": [
          129.9588341,
          32.919791
        ]
      },
      "properties": {
        "内容": "バス停: 裏馬場",
        "name": "裏馬場",
        "operator": "事業者不明",
        "ref": "",
        "url": "",
        "url2": ""
      }
    },
    {
      "type": "Feature",
      "geometry": {
        "type": "Point",
        "coordinates": [
          129.9587359,
          32.9197411
        ]
      },
      "properties": {
        "内容": "バス停: 裏馬場",
        "name": "裏馬場",
        "operator": "事業者不明",
        "ref": "",
        "url": "",
        "url2": ""
      }
    },
    {
      "type": "Feature",
      "geometry": {
        "type": "Point",
        "coordinates": [
          129.9767107,
          32.8698443
        ]
      },
      "properties": {
        "内容": "バス停: 精神医療センター",
        "name": "精神医療センター",
        "operator": "事業者不明",
        "ref": "",
        "url": "",
        "url2": ""
      }
    },
    {
      "type": "Feature",
      "geometry": {
        "type": "Point",
        "coordinates": [
          130.0071913,
          32.8619693
        ]
      },
      "properties": {
        "内容": "バス停: 今村",
        "name": "今村",
        "operator": "事業者不明",
        "ref": "",
        "url": "",
        "url2": ""
      }
    },
    {
      "type": "Feature",
      "geometry": {
        "type": "Point",
        "coordinates": [
          129.9486601,
          32.9114168
        ]
      },
      "properties": {
        "内容": "バス停: 松山",
        "name": "松山",
        "operator": "事業者不明",
        "ref": "",
        "url": "",
        "url2": ""
      }
    },
    {
      "type": "Feature",
      "geometry": {
        "type": "Point",
        "coordinates": [
          129.9485354,
          32.9114089
        ]
      },
      "properties": {
        "内容": "バス停: 松山",
        "name": "松山",
        "operator": "事業者不明",
        "ref": "",
        "url": "",
        "url2": ""
      }
    },
    {
      "type": "Feature",
      "geometry": {
        "type": "Point",
        "coordinates": [
          129.9638186,
          32.8933853
        ]
      },
      "properties": {
        "内容": "バス停: 玖島中学校",
        "name": "玖島中学校",
        "operator": "事業者不明",
        "ref": "",
        "url": "",
        "url2": ""
      }
    },
    {
      "type": "Feature",
      "geometry": {
        "type": "Point",
        "coordinates": [
          129.9636993,
          32.8934449
        ]
      },
      "properties": {
        "内容": "バス停: 玖島中学校",
        "name": "玖島中学校",
        "operator": "事業者不明",
        "ref": "",
        "url": "",
        "url2": ""
      }
    },
    {
      "type": "Feature",
      "geometry": {
        "type": "Point",
        "coordinates": [
          129.9763888,
          32.8932456
        ]
      },
      "properties": {
        "内容": "バス停: 与崎",
        "name": "与崎",
        "operator": "事業者不明",
        "ref": "",
        "url": "",
        "url2": ""
      }
    },
    {
      "type": "Feature",
      "geometry": {
        "type": "Point",
        "coordinates": [
          129.9762185,
          32.8933898
        ]
      },
      "properties": {
        "内容": "バス停: 与崎",
        "name": "与崎",
        "operator": "事業者不明",
        "ref": "",
        "url": "",
        "url2": ""
      }
    },
    {
      "type": "Feature",
      "geometry": {
        "type": "Point",
        "coordinates": [
          129.9567711,
          32.9356468
        ]
      },
      "properties": {
        "内容": "バス停: 小路口町",
        "name": "小路口町",
        "operator": "事業者不明",
        "ref": "",
        "url": "",
        "url2": ""
      }
    },
    {
      "type": "Feature",
      "geometry": {
        "type": "Point",
        "coordinates": [
          129.9566008,
          32.9357312
        ]
      },
      "properties": {
        "内容": "バス停: 小路口町",
        "name": "小路口町",
        "operator": "事業者不明",
        "ref": "",
        "url": "",
        "url2": ""
      }
    },
    {
      "type": "Feature",
      "geometry": {
        "type": "Point",
        "coordinates": [
          129.955371,
          32.9380397
        ]
      },
      "properties": {
        "内容": "バス停: 竹松アパート前",
        "name": "竹松アパート前",
        "operator": "事業者不明",
        "ref": "",
        "url": "",
        "url2": ""
      }
    },
    {
      "type": "Feature",
      "geometry": {
        "type": "Point",
        "coordinates": [
          129.955485,
          32.9380003
        ]
      },
      "properties": {
        "内容": "バス停: 竹松アパート前",
        "name": "竹松アパート前",
        "operator": "事業者不明",
        "ref": "",
        "url": "",
        "url2": ""
      }
    },
    {
      "type": "Feature",
      "geometry": {
        "type": "Point",
        "coordinates": [
          129.9583603,
          32.9381207
        ]
      },
      "properties": {
        "内容": "バス停: 小路口東",
        "name": "小路口東",
        "operator": "事業者不明",
        "ref": "",
        "url": "",
        "url2": ""
      }
    },
    {
      "type": "Feature",
      "geometry": {
        "type": "Point",
        "coordinates": [
          129.9580143,
          32.9382265
        ]
      },
      "properties": {
        "内容": "バス停: 小路口東",
        "name": "小路口東",
        "operator": "事業者不明",
        "ref": "",
        "url": "",
        "url2": ""
      }
    },
    {
      "type": "Feature",
      "geometry": {
        "type": "Point",
        "coordinates": [
          129.9594359,
          32.9358393
        ]
      },
      "properties": {
        "内容": "バス停: 小路口アパート前",
        "name": "小路口アパート前",
        "operator": "事業者不明",
        "ref": "",
        "url": "",
        "url2": ""
      }
    },
    {
      "type": "Feature",
      "geometry": {
        "type": "Point",
        "coordinates": [
          129.9595982,
          32.935989
        ]
      },
      "properties": {
        "内容": "バス停: 小路口アパート前",
        "name": "小路口アパート前",
        "operator": "事業者不明",
        "ref": "",
        "url": "",
        "url2": ""
      }
    },
    {
      "type": "Feature",
      "geometry": {
        "type": "Point",
        "coordinates": [
          129.9617775,
          32.9317297
        ]
      },
      "properties": {
        "内容": "バス停: 池田一丁目北",
        "name": "池田一丁目北",
        "operator": "事業者不明",
        "ref": "",
        "url": "",
        "url2": ""
      }
    },
    {
      "type": "Feature",
      "geometry": {
        "type": "Point",
        "coordinates": [
          129.9616165,
          32.9318322
        ]
      },
      "properties": {
        "内容": "バス停: 池田一丁目北",
        "name": "池田一丁目北",
        "operator": "事業者不明",
        "ref": "",
        "url": "",
        "url2": ""
      }
    },
    {
      "type": "Feature",
      "geometry": {
        "type": "Point",
        "coordinates": [
          129.9632406,
          32.9286027
        ]
      },
      "properties": {
        "内容": "バス停: 池田一丁目南",
        "name": "池田一丁目南",
        "operator": "事業者不明",
        "ref": "",
        "url": "",
        "url2": ""
      }
    },
    {
      "type": "Feature",
      "geometry": {
        "type": "Point",
        "coordinates": [
          129.9632125,
          32.9284384
        ]
      },
      "properties": {
        "内容": "バス停: 池田一丁目南",
        "name": "池田一丁目南",
        "operator": "事業者不明",
        "ref": "",
        "url": "",
        "url2": ""
      }
    },
    {
      "type": "Feature",
      "geometry": {
        "type": "Point",
        "coordinates": [
          129.9640694,
          32.9258932
        ]
      },
      "properties": {
        "内容": "バス停: 池田新町",
        "name": "池田新町",
        "operator": "事業者不明",
        "ref": "",
        "url": "",
        "url2": ""
      }
    },
    {
      "type": "Feature",
      "geometry": {
        "type": "Point",
        "coordinates": [
          129.9641646,
          32.925963
        ]
      },
      "properties": {
        "内容": "バス停: 池田新町",
        "name": "池田新町",
        "operator": "事業者不明",
        "ref": "",
        "url": "",
        "url2": ""
      }
    },
    {
      "type": "Feature",
      "geometry": {
        "type": "Point",
        "coordinates": [
          129.9648929,
          32.9229045
        ]
      },
      "properties": {
        "内容": "バス停: 上諏訪町",
        "name": "上諏訪町",
        "operator": "事業者不明",
        "ref": "",
        "url": "",
        "url2": ""
      }
    },
    {
      "type": "Feature",
      "geometry": {
        "type": "Point",
        "coordinates": [
          129.964807,
          32.9227041
        ]
      },
      "properties": {
        "内容": "バス停: 上諏訪町",
        "name": "上諏訪町",
        "operator": "事業者不明",
        "ref": "",
        "url": "",
        "url2": ""
      }
    },
    {
      "type": "Feature",
      "geometry": {
        "type": "Point",
        "coordinates": [
          129.9658853,
          32.9183924
        ]
      },
      "properties": {
        "内容": "バス停: 三城町北",
        "name": "三城町北",
        "operator": "事業者不明",
        "ref": "",
        "url": "",
        "url2": ""
      }
    },
    {
      "type": "Feature",
      "geometry": {
        "type": "Point",
        "coordinates": [
          129.966006,
          32.9185275
        ]
      },
      "properties": {
        "内容": "バス停: 三城町北",
        "name": "三城町北",
        "operator": "事業者不明",
        "ref": "",
        "url": "",
        "url2": ""
      }
    },
    {
      "type": "Feature",
      "geometry": {
        "type": "Point",
        "coordinates": [
          129.9666484,
          32.9159562
        ]
      },
      "properties": {
        "内容": "バス停: 三城町南",
        "name": "三城町南",
        "operator": "事業者不明",
        "ref": "",
        "url": "",
        "url2": ""
      }
    },
    {
      "type": "Feature",
      "geometry": {
        "type": "Point",
        "coordinates": [
          129.9665236,
          32.9159799
        ]
      },
      "properties": {
        "内容": "バス停: 三城町南",
        "name": "三城町南",
        "operator": "事業者不明",
        "ref": "",
        "url": "",
        "url2": ""
      }
    },
    {
      "type": "Feature",
      "geometry": {
        "type": "Point",
        "coordinates": [
          129.9769038,
          32.8901668
        ]
      },
      "properties": {
        "内容": "バス停: 三鈴橋",
        "name": "三鈴橋",
        "operator": "事業者不明",
        "ref": "",
        "url": "",
        "url2": ""
      }
    },
    {
      "type": "Feature",
      "geometry": {
        "type": "Point",
        "coordinates": [
          129.9767858,
          32.8900981
        ]
      },
      "properties": {
        "内容": "バス停: 三鈴橋",
        "name": "三鈴橋",
        "operator": "事業者不明",
        "ref": "",
        "url": "",
        "url2": ""
      }
    },
    {
      "type": "Feature",
      "geometry": {
        "type": "Point",
        "coordinates": [
          129.976075,
          32.8871171
        ]
      },
      "properties": {
        "内容": "バス停: 田久保",
        "name": "田久保",
        "operator": "事業者不明",
        "ref": "",
        "url": "",
        "url2": ""
      }
    },
    {
      "type": "Feature",
      "geometry": {
        "type": "Point",
        "coordinates": [
          129.9758966,
          32.8871644
        ]
      },
      "properties": {
        "内容": "バス停: 田久保",
        "name": "田久保",
        "operator": "事業者不明",
        "ref": "",
        "url": "",
        "url2": ""
      }
    },
    {
      "type": "Feature",
      "geometry": {
        "type": "Point",
        "coordinates": [
          129.9721965,
          32.8856238
        ]
      },
      "properties": {
        "内容": "バス停: 釜川内",
        "name": "釜川内",
        "operator": "事業者不明",
        "ref": "",
        "url": "",
        "url2": ""
      }
    },
    {
      "type": "Feature",
      "geometry": {
        "type": "Point",
        "coordinates": [
          129.9714884,
          32.8855067
        ]
      },
      "properties": {
        "内容": "バス停: 釜川内",
        "name": "釜川内",
        "operator": "事業者不明",
        "ref": "",
        "url": "",
        "url2": ""
      }
    },
    {
      "type": "Feature",
      "geometry": {
        "type": "Point",
        "coordinates": [
          129.9666685,
          32.8777198
        ]
      },
      "properties": {
        "内容": "バス停: 上祝崎",
        "name": "上祝崎",
        "operator": "事業者不明",
        "ref": "",
        "url": "",
        "url2": ""
      }
    },
    {
      "type": "Feature",
      "geometry": {
        "type": "Point",
        "coordinates": [
          129.9667811,
          32.8778268
        ]
      },
      "properties": {
        "内容": "バス停: 上祝崎",
        "name": "上祝崎",
        "operator": "事業者不明",
        "ref": "",
        "url": "",
        "url2": ""
      }
    },
    {
      "type": "Feature",
      "geometry": {
        "type": "Point",
        "coordinates": [
          129.969698,
          32.8742012
        ]
      },
      "properties": {
        "内容": "バス停: 祝崎",
        "name": "祝崎",
        "operator": "事業者不明",
        "ref": "",
        "url": "",
        "url2": ""
      }
    },
    {
      "type": "Feature",
      "geometry": {
        "type": "Point",
        "coordinates": [
          129.9696122,
          32.8743127
        ]
      },
      "properties": {
        "内容": "バス停: 祝崎",
        "name": "祝崎",
        "operator": "事業者不明",
        "ref": "",
        "url": "",
        "url2": ""
      }
    },
    {
      "type": "Feature",
      "geometry": {
        "type": "Point",
        "coordinates": [
          129.9750879,
          32.8744535
        ]
      },
      "properties": {
        "内容": "バス停: 船津",
        "name": "船津",
        "operator": "事業者不明",
        "ref": "",
        "url": "",
        "url2": ""
      }
    },
    {
      "type": "Feature",
      "geometry": {
        "type": "Point",
        "coordinates": [
          129.9749686,
          32.8743532
        ]
      },
      "properties": {
        "内容": "バス停: 船津",
        "name": "船津",
        "operator": "事業者不明",
        "ref": "",
        "url": "",
        "url2": ""
      }
    },
    {
      "type": "Feature",
      "geometry": {
        "type": "Point",
        "coordinates": [
          129.9771291,
          32.873139
        ]
      },
      "properties": {
        "内容": "バス停: 蔦川内",
        "name": "蔦川内",
        "operator": "事業者不明",
        "ref": "",
        "url": "",
        "url2": ""
      }
    },
    {
      "type": "Feature",
      "geometry": {
        "type": "Point",
        "coordinates": [
          129.9772431,
          32.8731345
        ]
      },
      "properties": {
        "内容": "バス停: 蔦川内",
        "name": "蔦川内",
        "operator": "事業者不明",
        "ref": "",
        "url": "",
        "url2": ""
      }
    },
    {
      "type": "Feature",
      "geometry": {
        "type": "Point",
        "coordinates": [
          129.9783468,
          32.8718414
        ]
      },
      "properties": {
        "内容": "バス停: 精神医療センター入口",
        "name": "精神医療センター入口",
        "operator": "事業者不明",
        "ref": "",
        "url": "",
        "url2": ""
      }
    },
    {
      "type": "Feature",
      "geometry": {
        "type": "Point",
        "coordinates": [
          129.9781783,
          32.8718359
        ]
      },
      "properties": {
        "内容": "バス停: 精神医療センター入口",
        "name": "精神医療センター入口",
        "operator": "事業者不明",
        "ref": "",
        "url": "",
        "url2": ""
      }
    },
    {
      "type": "Feature",
      "geometry": {
        "type": "Point",
        "coordinates": [
          129.9817505,
          32.8682099
        ]
      },
      "properties": {
        "内容": "バス停: 釘の頭",
        "name": "釘の頭",
        "operator": "事業者不明",
        "ref": "",
        "url": "",
        "url2": ""
      }
    },
    {
      "type": "Feature",
      "geometry": {
        "type": "Point",
        "coordinates": [
          129.9830621,
          32.8673786
        ]
      },
      "properties": {
        "内容": "バス停: 釘の頭",
        "name": "釘の頭",
        "operator": "事業者不明",
        "ref": "",
        "url": "",
        "url2": ""
      }
    },
    {
      "type": "Feature",
      "geometry": {
        "type": "Point",
        "coordinates": [
          129.9844918,
          32.8623129
        ]
      },
      "properties": {
        "内容": "バス停: 三浦小学校前",
        "name": "三浦小学校前",
        "operator": "事業者不明",
        "ref": "",
        "url": "",
        "url2": ""
      }
    },
    {
      "type": "Feature",
      "geometry": {
        "type": "Point",
        "coordinates": [
          129.9847144,
          32.8622408
        ]
      },
      "properties": {
        "内容": "バス停: 三浦小学校前",
        "name": "三浦小学校前",
        "operator": "事業者不明",
        "ref": "",
        "url": "",
        "url2": ""
      }
    },
    {
      "type": "Feature",
      "geometry": {
        "type": "Point",
        "coordinates": [
          129.9881208,
          32.8614342
        ]
      },
      "properties": {
        "内容": "バス停: 日泊",
        "name": "日泊",
        "operator": "事業者不明",
        "ref": "",
        "url": "",
        "url2": ""
      }
    },
    {
      "type": "Feature",
      "geometry": {
        "type": "Point",
        "coordinates": [
          129.9880148,
          32.8613858
        ]
      },
      "properties": {
        "内容": "バス停: 日泊",
        "name": "日泊",
        "operator": "事業者不明",
        "ref": "",
        "url": "",
        "url2": ""
      }
    },
    {
      "type": "Feature",
      "geometry": {
        "type": "Point",
        "coordinates": [
          129.9913609,
          32.8583025
        ]
      },
      "properties": {
        "内容": "バス停: 山境",
        "name": "山境",
        "operator": "事業者不明",
        "ref": "",
        "url": "",
        "url2": ""
      }
    },
    {
      "type": "Feature",
      "geometry": {
        "type": "Point",
        "coordinates": [
          129.9914736,
          32.8581358
        ]
      },
      "properties": {
        "内容": "バス停: 山境",
        "name": "山境",
        "operator": "事業者不明",
        "ref": "",
        "url": "",
        "url2": ""
      }
    },
    {
      "type": "Feature",
      "geometry": {
        "type": "Point",
        "coordinates": [
          129.9961781,
          32.8488243
        ]
      },
      "properties": {
        "内容": "バス停: 先網代",
        "name": "先網代",
        "operator": "事業者不明",
        "ref": "",
        "url": "",
        "url2": ""
      }
    },
    {
      "type": "Feature",
      "geometry": {
        "type": "Point",
        "coordinates": [
          129.9960588,
          32.8487364
        ]
      },
      "properties": {
        "内容": "バス停: 先網代",
        "name": "先網代",
        "operator": "事業者不明",
        "ref": "",
        "url": "",
        "url2": ""
      }
    },
    {
      "type": "Feature",
      "geometry": {
        "type": "Point",
        "coordinates": [
          130.0030058,
          32.8466755
        ]
      },
      "properties": {
        "内容": "バス停: さつき台団地",
        "name": "さつき台団地",
        "operator": "事業者不明",
        "ref": "",
        "url": "",
        "url2": ""
      }
    },
    {
      "type": "Feature",
      "geometry": {
        "type": "Point",
        "coordinates": [
          130.0026745,
          32.8481517
        ]
      },
      "properties": {
        "内容": "バス停: 西溝陸",
        "name": "西溝陸",
        "operator": "事業者不明",
        "ref": "",
        "url": "",
        "url2": ""
      }
    },
    {
      "type": "Feature",
      "geometry": {
        "type": "Point",
        "coordinates": [
          130.0025243,
          32.8481945
        ]
      },
      "properties": {
        "内容": "バス停: 西溝陸",
        "name": "西溝陸",
        "operator": "事業者不明",
        "ref": "",
        "url": "",
        "url2": ""
      }
    },
    {
      "type": "Feature",
      "geometry": {
        "type": "Point",
        "coordinates": [
          130.0082714,
          32.8495431
        ]
      },
      "properties": {
        "内容": "バス停: 溝陸",
        "name": "溝陸",
        "operator": "事業者不明",
        "ref": "",
        "url": "",
        "url2": ""
      }
    },
    {
      "type": "Feature",
      "geometry": {
        "type": "Point",
        "coordinates": [
          130.0083929,
          32.8496254
        ]
      },
      "properties": {
        "内容": "バス停: 溝陸",
        "name": "溝陸",
        "operator": "事業者不明",
        "ref": "",
        "url": "",
        "url2": ""
      }
    },
    {
      "type": "Feature",
      "geometry": {
        "type": "Point",
        "coordinates": [
          130.0104502,
          32.8570407
        ]
      },
      "properties": {
        "内容": "バス停: 連蔵寺",
        "name": "連蔵寺",
        "operator": "事業者不明",
        "ref": "",
        "url": "",
        "url2": ""
      }
    },
    {
      "type": "Feature",
      "geometry": {
        "type": "Point",
        "coordinates": [
          130.0102356,
          32.8568965
        ]
      },
      "properties": {
        "内容": "バス停: 連蔵寺",
        "name": "連蔵寺",
        "operator": "事業者不明",
        "ref": "",
        "url": "",
        "url2": ""
      }
    },
    {
      "type": "Feature",
      "geometry": {
        "type": "Point",
        "coordinates": [
          129.8744488,
          32.7417297
        ]
      },
      "properties": {
        "内容": "バス停: 新地中華街",
        "name": "新地中華街",
        "operator": "事業者不明",
        "ref": "",
        "url": "",
        "url2": ""
      }
    },
    {
      "type": "Feature",
      "geometry": {
        "type": "Point",
        "coordinates": [
          129.8745024,
          32.7411725
        ]
      },
      "properties": {
        "内容": "バス停: 新地中華街",
        "name": "新地中華街",
        "operator": "事業者不明",
        "ref": "",
        "url": "",
        "url2": ""
      }
    },
    {
      "type": "Feature",
      "geometry": {
        "type": "Point",
        "coordinates": [
          129.8741256,
          32.7413857
        ]
      },
      "properties": {
        "内容": "バス停: 新地中華街",
        "name": "新地中華街",
        "operator": "事業者不明",
        "ref": "",
        "url": "",
        "url2": ""
      }
    },
    {
      "type": "Feature",
      "geometry": {
        "type": "Point",
        "coordinates": [
          129.8741014,
          32.741662
        ]
      },
      "properties": {
        "内容": "バス停: 新地中華街",
        "name": "新地中華街",
        "operator": "事業者不明",
        "ref": "",
        "url": "",
        "url2": ""
      }
    },
    {
      "type": "Feature",
      "geometry": {
        "type": "Point",
        "coordinates": [
          129.8740813,
          32.7419711
        ]
      },
      "properties": {
        "内容": "バス停: 新地中華街",
        "name": "新地中華街",
        "operator": "事業者不明",
        "ref": "",
        "url": "",
        "url2": ""
      }
    },
    {
      "type": "Feature",
      "geometry": {
        "type": "Point",
        "coordinates": [
          129.8783353,
          32.7432661
        ]
      },
      "properties": {
        "内容": "バス停: 浜の町",
        "name": "浜の町",
        "operator": "事業者不明",
        "ref": "",
        "url": "",
        "url2": ""
      }
    },
    {
      "type": "Feature",
      "geometry": {
        "type": "Point",
        "coordinates": [
          129.8782253,
          32.7431386
        ]
      },
      "properties": {
        "内容": "バス停: 浜の町",
        "name": "浜の町",
        "operator": "事業者不明",
        "ref": "",
        "url": "",
        "url2": ""
      }
    },
    {
      "type": "Feature",
      "geometry": {
        "type": "Point",
        "coordinates": [
          129.8770384,
          32.7438752
        ]
      },
      "properties": {
        "内容": "バス停: 浜の町",
        "name": "浜の町",
        "operator": "事業者不明",
        "ref": "",
        "url": "",
        "url2": ""
      }
    },
    {
      "type": "Feature",
      "geometry": {
        "type": "Point",
        "coordinates": [
          129.8772316,
          32.7436056
        ]
      },
      "properties": {
        "内容": "バス停: 浜の町",
        "name": "浜の町",
        "operator": "事業者不明",
        "ref": "",
        "url": "",
        "url2": ""
      }
    },
    {
      "type": "Feature",
      "geometry": {
        "type": "Point",
        "coordinates": [
          129.8753507,
          32.7433264
        ]
      },
      "properties": {
        "内容": "バス停: 浜の町",
        "name": "浜の町",
        "operator": "事業者不明",
        "ref": "",
        "url": "",
        "url2": ""
      }
    },
    {
      "type": "Feature",
      "geometry": {
        "type": "Point",
        "coordinates": [
          129.8729856,
          32.7455125
        ]
      },
      "properties": {
        "内容": "バス停: 江戸町",
        "name": "江戸町",
        "operator": "事業者不明",
        "ref": "",
        "url": "",
        "url2": ""
      }
    },
    {
      "type": "Feature",
      "geometry": {
        "type": "Point",
        "coordinates": [
          129.8721119,
          32.7464402
        ]
      },
      "properties": {
        "内容": "バス停: 大波止",
        "name": "大波止",
        "operator": "事業者不明",
        "ref": "",
        "url": "",
        "url2": ""
      }
    },
    {
      "type": "Feature",
      "geometry": {
        "type": "Point",
        "coordinates": [
          129.8720844,
          32.7500485
        ]
      },
      "properties": {
        "内容": "バス停: 五島町",
        "name": "五島町",
        "operator": "事業者不明",
        "ref": "",
        "url": "",
        "url2": ""
      }
    },
    {
      "type": "Feature",
      "geometry": {
        "type": "Point",
        "coordinates": [
          129.8723097,
          32.7515633
        ]
      },
      "properties": {
        "内容": "バス停: 長崎駅前南口",
        "name": "長崎駅前南口",
        "operator": "事業者不明",
        "ref": "",
        "url": "",
        "url2": ""
      }
    },
    {
      "type": "Feature",
      "geometry": {
        "type": "Point",
        "coordinates": [
          129.8719744,
          32.7533442
        ]
      },
      "properties": {
        "内容": "バス停: 長崎駅前",
        "name": "長崎駅前",
        "operator": "事業者不明",
        "ref": "",
        "url": "",
        "url2": ""
      }
    },
    {
      "type": "Feature",
      "geometry": {
        "type": "Point",
        "coordinates": [
          129.8657759,
          32.7601248
        ]
      },
      "properties": {
        "内容": "バス停: 銭座町",
        "name": "銭座町",
        "operator": "事業者不明",
        "ref": "",
        "url": "",
        "url2": ""
      }
    },
    {
      "type": "Feature",
      "geometry": {
        "type": "Point",
        "coordinates": [
          129.8661567,
          32.7599613
        ]
      },
      "properties": {
        "内容": "バス停: 銭座町",
        "name": "銭座町",
        "operator": "事業者不明",
        "ref": "",
        "url": "",
        "url2": ""
      }
    },
    {
      "type": "Feature",
      "geometry": {
        "type": "Point",
        "coordinates": [
          129.8651925,
          32.7630705
        ]
      },
      "properties": {
        "内容": "バス停: ココウォーク茂里町",
        "name": "ココウォーク茂里町",
        "operator": "事業者不明",
        "ref": "",
        "url": "",
        "url2": ""
      }
    },
    {
      "type": "Feature",
      "geometry": {
        "type": "Point",
        "coordinates": [
          129.8648264,
          32.7630277
        ]
      },
      "properties": {
        "内容": "バス停: ココウォーク茂里町",
        "name": "ココウォーク茂里町",
        "operator": "事業者不明",
        "ref": "",
        "url": "",
        "url2": ""
      }
    },
    {
      "type": "Feature",
      "geometry": {
        "type": "Point",
        "coordinates": [
          129.8647445,
          32.7623431
        ]
      },
      "properties": {
        "内容": "バス停: ココウォーク茂里町",
        "name": "ココウォーク茂里町",
        "operator": "事業者不明",
        "ref": "",
        "url": "",
        "url2": ""
      }
    },
    {
      "type": "Feature",
      "geometry": {
        "type": "Point",
        "coordinates": [
          129.9675389,
          32.9126485
        ]
      },
      "properties": {
        "内容": "バス停: 武部町",
        "name": "武部町",
        "operator": "事業者不明",
        "ref": "",
        "url": "",
        "url2": ""
      }
    },
    {
      "type": "Feature",
      "geometry": {
        "type": "Point",
        "coordinates": [
          129.9674396,
          32.9124796
        ]
      },
      "properties": {
        "内容": "バス停: 武部町",
        "name": "武部町",
        "operator": "事業者不明",
        "ref": "",
        "url": "",
        "url2": ""
      }
    },
    {
      "type": "Feature",
      "geometry": {
        "type": "Point",
        "coordinates": [
          129.9603479,
          32.9327023
        ]
      },
      "properties": {
        "内容": "バス停: 植松東",
        "name": "植松東",
        "operator": "事業者不明",
        "ref": "",
        "url": "",
        "url2": ""
      }
    },
    {
      "type": "Feature",
      "geometry": {
        "type": "Point",
        "coordinates": [
          129.9601132,
          32.9328103
        ]
      },
      "properties": {
        "内容": "バス停: 植松東",
        "name": "植松東",
        "operator": "事業者不明",
        "ref": "",
        "url": "",
        "url2": ""
      }
    },
    {
      "type": "Feature",
      "geometry": {
        "type": "Point",
        "coordinates": [
          129.9549258,
          32.9309936
        ]
      },
      "properties": {
        "内容": "バス停: 植松",
        "name": "植松",
        "operator": "事業者不明",
        "ref": "",
        "url": "",
        "url2": ""
      }
    },
    {
      "type": "Feature",
      "geometry": {
        "type": "Point",
        "coordinates": [
          129.9522154,
          32.9303767
        ]
      },
      "properties": {
        "内容": "バス停: 桜馬場",
        "name": "桜馬場",
        "operator": "事業者不明",
        "ref": "",
        "url": "",
        "url2": ""
      }
    },
    {
      "type": "Feature",
      "geometry": {
        "type": "Point",
        "coordinates": [
          129.9467504,
          32.9555715
        ]
      },
      "properties": {
        "内容": "バス停: 竹松町北",
        "name": "竹松町北",
        "operator": "事業者不明",
        "ref": "",
        "url": "",
        "url2": ""
      }
    },
    {
      "type": "Feature",
      "geometry": {
        "type": "Point",
        "coordinates": [
          129.9466404,
          32.9554072
        ]
      },
      "properties": {
        "内容": "バス停: 竹松町北",
        "name": "竹松町北",
        "operator": "事業者不明",
        "ref": "",
        "url": "",
        "url2": ""
      }
    },
    {
      "type": "Feature",
      "geometry": {
        "type": "Point",
        "coordinates": [
          129.9490584,
          32.952038
        ]
      },
      "properties": {
        "内容": "バス停: 竹松町公民館",
        "name": "竹松町公民館",
        "operator": "事業者不明",
        "ref": "",
        "url": "",
        "url2": ""
      }
    },
    {
      "type": "Feature",
      "geometry": {
        "type": "Point",
        "coordinates": [
          129.9488747,
          32.9520267
        ]
      },
      "properties": {
        "内容": "バス停: 竹松町公民館",
        "name": "竹松町公民館",
        "operator": "事業者不明",
        "ref": "",
        "url": "",
        "url2": ""
      }
    },
    {
      "type": "Feature",
      "geometry": {
        "type": "Point",
        "coordinates": [
          129.9514711,
          32.9483265
        ]
      },
      "properties": {
        "内容": "バス停: 鬼橋町北",
        "name": "鬼橋町北",
        "operator": "事業者不明",
        "ref": "",
        "url": "",
        "url2": ""
      }
    },
    {
      "type": "Feature",
      "geometry": {
        "type": "Point",
        "coordinates": [
          129.9512753,
          32.948331
        ]
      },
      "properties": {
        "内容": "バス停: 鬼橋町北",
        "name": "鬼橋町北",
        "operator": "事業者不明",
        "ref": "",
        "url": "",
        "url2": ""
      }
    },
    {
      "type": "Feature",
      "geometry": {
        "type": "Point",
        "coordinates": [
          129.9524769,
          32.9465258
        ]
      },
      "properties": {
        "内容": "バス停: 鬼橋町公民館",
        "name": "鬼橋町公民館",
        "operator": "事業者不明",
        "ref": "",
        "url": "",
        "url2": ""
      }
    },
    {
      "type": "Feature",
      "geometry": {
        "type": "Point",
        "coordinates": [
          129.953126,
          32.9458573
        ]
      },
      "properties": {
        "内容": "バス停: 鬼橋町公民館",
        "name": "鬼橋町公民館",
        "operator": "事業者不明",
        "ref": "",
        "url": "",
        "url2": ""
      }
    },
    {
      "type": "Feature",
      "geometry": {
        "type": "Point",
        "coordinates": [
          129.9558002,
          32.9419565
        ]
      },
      "properties": {
        "内容": "バス停: 小路口本町",
        "name": "小路口本町",
        "operator": "事業者不明",
        "ref": "",
        "url": "",
        "url2": ""
      }
    },
    {
      "type": "Feature",
      "geometry": {
        "type": "Point",
        "coordinates": [
          129.9559678,
          32.9413014
        ]
      },
      "properties": {
        "内容": "バス停: 小路口本町",
        "name": "小路口本町",
        "operator": "事業者不明",
        "ref": "",
        "url": "",
        "url2": ""
      }
    },
    {
      "type": "Feature",
      "geometry": {
        "type": "Point",
        "coordinates": [
          129.9726686,
          32.899707
        ]
      },
      "properties": {
        "内容": "バス停: 野田神社前",
        "name": "野田神社前",
        "operator": "事業者不明",
        "ref": "",
        "url": "",
        "url2": ""
      }
    },
    {
      "type": "Feature",
      "geometry": {
        "type": "Point",
        "coordinates": [
          129.9726015,
          32.8996101
        ]
      },
      "properties": {
        "内容": "バス停: 野田神社前",
        "name": "野田神社前",
        "operator": "事業者不明",
        "ref": "",
        "url": "",
        "url2": ""
      }
    },
    {
      "type": "Feature",
      "geometry": {
        "type": "Point",
        "coordinates": [
          129.97015,
          32.9022765
        ]
      },
      "properties": {
        "内容": "バス停: 須田ノ木南",
        "name": "須田ノ木南",
        "operator": "事業者不明",
        "ref": "",
        "url": "",
        "url2": ""
      }
    },
    {
      "type": "Feature",
      "geometry": {
        "type": "Point",
        "coordinates": [
          129.9704182,
          32.9021549
        ]
      },
      "properties": {
        "内容": "バス停: 須田ノ木南",
        "name": "須田ノ木南",
        "operator": "事業者不明",
        "ref": "",
        "url": "",
        "url2": ""
      }
    },
    {
      "type": "Feature",
      "geometry": {
        "type": "Point",
        "coordinates": [
          129.9694955,
          32.904551
        ]
      },
      "properties": {
        "内容": "バス停: 須田ノ木北",
        "name": "須田ノ木北",
        "operator": "事業者不明",
        "ref": "",
        "url": "",
        "url2": ""
      }
    },
    {
      "type": "Feature",
      "geometry": {
        "type": "Point",
        "coordinates": [
          129.9693212,
          32.9046456
        ]
      },
      "properties": {
        "内容": "バス停: 須田ノ木北",
        "name": "須田ノ木北",
        "operator": "事業者不明",
        "ref": "",
        "url": "",
        "url2": ""
      }
    },
    {
      "type": "Feature",
      "geometry": {
        "type": "Point",
        "coordinates": [
          129.9685983,
          32.9086088
        ]
      },
      "properties": {
        "内容": "バス停: 赤佐古入口",
        "name": "赤佐古入口",
        "operator": "事業者不明",
        "ref": "",
        "url": "",
        "url2": ""
      }
    },
    {
      "type": "Feature",
      "geometry": {
        "type": "Point",
        "coordinates": [
          129.9684589,
          32.9085368
        ]
      },
      "properties": {
        "内容": "バス停: 赤佐古入口",
        "name": "赤佐古入口",
        "operator": "事業者不明",
        "ref": "",
        "url": "",
        "url2": ""
      }
    },
    {
      "type": "Feature",
      "geometry": {
        "type": "Point",
        "coordinates": [
          129.9811739,
          32.9129502
        ]
      },
      "properties": {
        "内容": "バス停: 上徳泉",
        "name": "上徳泉",
        "operator": "事業者不明",
        "ref": "",
        "url": "",
        "url2": ""
      }
    },
    {
      "type": "Feature",
      "geometry": {
        "type": "Point",
        "coordinates": [
          129.9809808,
          32.9128849
        ]
      },
      "properties": {
        "内容": "バス停: 上徳泉",
        "name": "上徳泉",
        "operator": "事業者不明",
        "ref": "",
        "url": "",
        "url2": ""
      }
    },
    {
      "type": "Feature",
      "geometry": {
        "type": "Point",
        "coordinates": [
          129.9759838,
          32.9111207
        ]
      },
      "properties": {
        "内容": "バス停: 赤佐古池",
        "name": "赤佐古池",
        "operator": "事業者不明",
        "ref": "",
        "url": "",
        "url2": ""
      }
    },
    {
      "type": "Feature",
      "geometry": {
        "type": "Point",
        "coordinates": [
          129.9760938,
          32.9112738
        ]
      },
      "properties": {
        "内容": "バス停: 赤佐古池",
        "name": "赤佐古池",
        "operator": "事業者不明",
        "ref": "",
        "url": "",
        "url2": ""
      }
    },
    {
      "type": "Feature",
      "geometry": {
        "type": "Point",
        "coordinates": [
          129.9712095,
          32.9089905
        ]
      },
      "properties": {
        "内容": "バス停: 大村中前",
        "name": "大村中前",
        "operator": "事業者不明",
        "ref": "",
        "url": "",
        "url2": ""
      }
    },
    {
      "type": "Feature",
      "geometry": {
        "type": "Point",
        "coordinates": [
          129.9712591,
          32.9089179
        ]
      },
      "properties": {
        "内容": "バス停: 大村中前",
        "name": "大村中前",
        "operator": "事業者不明",
        "ref": "",
        "url": "",
        "url2": ""
      }
    },
    {
      "type": "Feature",
      "geometry": {
        "type": "Point",
        "coordinates": [
          129.9661669,
          32.9087997
        ]
      },
      "properties": {
        "内容": "バス停: 田の平橋",
        "name": "田の平橋",
        "operator": "事業者不明",
        "ref": "",
        "url": "",
        "url2": ""
      }
    },
    {
      "type": "Feature",
      "geometry": {
        "type": "Point",
        "coordinates": [
          129.9662876,
          32.90874
        ]
      },
      "properties": {
        "内容": "バス停: 田の平橋",
        "name": "田の平橋",
        "operator": "事業者不明",
        "ref": "",
        "url": "",
        "url2": ""
      }
    },
    {
      "type": "Feature",
      "geometry": {
        "type": "Point",
        "coordinates": [
          130.011566,
          32.9295753
        ]
      },
      "properties": {
        "内容": "バス停: 横山頭入口",
        "name": "横山頭入口",
        "operator": "事業者不明",
        "ref": "",
        "url": "",
        "url2": ""
      }
    },
    {
      "type": "Feature",
      "geometry": {
        "type": "Point",
        "coordinates": [
          130.0117967,
          32.9295483
        ]
      },
      "properties": {
        "内容": "バス停: 横山頭入口",
        "name": "横山頭入口",
        "operator": "事業者不明",
        "ref": "",
        "url": "",
        "url2": ""
      }
    },
    {
      "type": "Feature",
      "geometry": {
        "type": "Point",
        "coordinates": [
          130.0079504,
          32.9309328
        ]
      },
      "properties": {
        "内容": "バス停: 大多武",
        "name": "大多武",
        "operator": "事業者不明",
        "ref": "",
        "url": "",
        "url2": ""
      }
    },
    {
      "type": "Feature",
      "geometry": {
        "type": "Point",
        "coordinates": [
          130.007827,
          32.9310026
        ]
      },
      "properties": {
        "内容": "バス停: 大多武",
        "name": "大多武",
        "operator": "事業者不明",
        "ref": "",
        "url": "",
        "url2": ""
      }
    },
    {
      "type": "Feature",
      "geometry": {
        "type": "Point",
        "coordinates": [
          130.0039887,
          32.929125
        ]
      },
      "properties": {
        "内容": "バス停: 神社前",
        "name": "神社前",
        "operator": "事業者不明",
        "ref": "",
        "url": "",
        "url2": ""
      }
    },
    {
      "type": "Feature",
      "geometry": {
        "type": "Point",
        "coordinates": [
          130.0039378,
          32.9292488
        ]
      },
      "properties": {
        "内容": "バス停: 神社前",
        "name": "神社前",
        "operator": "事業者不明",
        "ref": "",
        "url": "",
        "url2": ""
      }
    },
    {
      "type": "Feature",
      "geometry": {
        "type": "Point",
        "coordinates": [
          129.9959743,
          32.9223844
        ]
      },
      "properties": {
        "内容": "バス停: 大多武公民館前",
        "name": "大多武公民館前",
        "operator": "事業者不明",
        "ref": "",
        "url": "",
        "url2": ""
      }
    },
    {
      "type": "Feature",
      "geometry": {
        "type": "Point",
        "coordinates": [
          129.9961299,
          32.9225015
        ]
      },
      "properties": {
        "内容": "バス停: 大多武公民館前",
        "name": "大多武公民館前",
        "operator": "事業者不明",
        "ref": "",
        "url": "",
        "url2": ""
      }
    },
    {
      "type": "Feature",
      "geometry": {
        "type": "Point",
        "coordinates": [
          129.9930245,
          32.9194062
        ]
      },
      "properties": {
        "内容": "バス停: 下椎池",
        "name": "下椎池",
        "operator": "事業者不明",
        "ref": "",
        "url": "",
        "url2": ""
      }
    },
    {
      "type": "Feature",
      "geometry": {
        "type": "Point",
        "coordinates": [
          129.9927805,
          32.9193055
        ]
      },
      "properties": {
        "内容": "バス停: 下椎池",
        "name": "下椎池",
        "operator": "事業者不明",
        "ref": "",
        "url": "",
        "url2": ""
      }
    },
    {
      "type": "Feature",
      "geometry": {
        "type": "Point",
        "coordinates": [
          129.9876876,
          32.914988
        ]
      },
      "properties": {
        "内容": "バス停: 烏帽子池",
        "name": "烏帽子池",
        "operator": "事業者不明",
        "ref": "",
        "url": "",
        "url2": ""
      }
    },
    {
      "type": "Feature",
      "geometry": {
        "type": "Point",
        "coordinates": [
          129.9877882,
          32.9148439
        ]
      },
      "properties": {
        "内容": "バス停: 烏帽子池",
        "name": "烏帽子池",
        "operator": "事業者不明",
        "ref": "",
        "url": "",
        "url2": ""
      }
    },
    {
      "type": "Feature",
      "geometry": {
        "type": "Point",
        "coordinates": [
          129.9858677,
          32.9117861
        ]
      },
      "properties": {
        "内容": "バス停: 三石",
        "name": "三石",
        "operator": "事業者不明",
        "ref": "",
        "url": "",
        "url2": ""
      }
    },
    {
      "type": "Feature",
      "geometry": {
        "type": "Point",
        "coordinates": [
          129.9859375,
          32.9115294
        ]
      },
      "properties": {
        "内容": "バス停: 三石",
        "name": "三石",
        "operator": "事業者不明",
        "ref": "",
        "url": "",
        "url2": ""
      }
    },
    {
      "type": "Feature",
      "geometry": {
        "type": "Point",
        "coordinates": [
          129.9833035,
          32.9101986
        ]
      },
      "properties": {
        "内容": "バス停: 三石",
        "name": "三石",
        "operator": "事業者不明",
        "ref": "",
        "url": "",
        "url2": ""
      }
    },
    {
      "type": "Feature",
      "geometry": {
        "type": "Point",
        "coordinates": [
          129.9833223,
          32.9103562
        ]
      },
      "properties": {
        "内容": "バス停: 三石",
        "name": "三石",
        "operator": "事業者不明",
        "ref": "",
        "url": "",
        "url2": ""
      }
    },
    {
      "type": "Feature",
      "geometry": {
        "type": "Point",
        "coordinates": [
          129.9816218,
          32.9095974
        ]
      },
      "properties": {
        "内容": "バス停: パールハイム前",
        "name": "パールハイム前",
        "operator": "事業者不明",
        "ref": "",
        "url": "",
        "url2": ""
      }
    },
    {
      "type": "Feature",
      "geometry": {
        "type": "Point",
        "coordinates": [
          129.9813241,
          32.9093159
        ]
      },
      "properties": {
        "内容": "バス停: パールハイム前",
        "name": "パールハイム前",
        "operator": "事業者不明",
        "ref": "",
        "url": "",
        "url2": ""
      }
    },
    {
      "type": "Feature",
      "geometry": {
        "type": "Point",
        "coordinates": [
          129.9791957,
          32.9083566
        ]
      },
      "properties": {
        "内容": "バス停: 清水川",
        "name": "清水川",
        "operator": "事業者不明",
        "ref": "",
        "url": "",
        "url2": ""
      }
    },
    {
      "type": "Feature",
      "geometry": {
        "type": "Point",
        "coordinates": [
          129.9789946,
          32.9081686
        ]
      },
      "properties": {
        "内容": "バス停: 清水川",
        "name": "清水川",
        "operator": "事業者不明",
        "ref": "",
        "url": "",
        "url2": ""
      }
    },
    {
      "type": "Feature",
      "geometry": {
        "type": "Point",
        "coordinates": [
          129.97486,
          32.9066238
        ]
      },
      "properties": {
        "内容": "バス停: 学校入口",
        "name": "学校入口",
        "operator": "事業者不明",
        "ref": "",
        "url": "",
        "url2": ""
      }
    },
    {
      "type": "Feature",
      "geometry": {
        "type": "Point",
        "coordinates": [
          129.975045,
          32.9066419
        ]
      },
      "properties": {
        "内容": "バス停: 学校入口",
        "name": "学校入口",
        "operator": "事業者不明",
        "ref": "",
        "url": "",
        "url2": ""
      }
    },
    {
      "type": "Feature",
      "geometry": {
        "type": "Point",
        "coordinates": [
          129.9717312,
          32.9049563
        ]
      },
      "properties": {
        "内容": "バス停: 須田ノ木中央",
        "name": "須田ノ木中央",
        "operator": "事業者不明",
        "ref": "",
        "url": "",
        "url2": ""
      }
    },
    {
      "type": "Feature",
      "geometry": {
        "type": "Point",
        "coordinates": [
          129.9717566,
          32.9050396
        ]
      },
      "properties": {
        "内容": "バス停: 須田ノ木中央",
        "name": "須田ノ木中央",
        "operator": "事業者不明",
        "ref": "",
        "url": "",
        "url2": ""
      }
    },
    {
      "type": "Feature",
      "geometry": {
        "type": "Point",
        "coordinates": [
          129.9683315,
          32.9047874
        ]
      },
      "properties": {
        "内容": "バス停: 須田ノ木",
        "name": "須田ノ木",
        "operator": "事業者不明",
        "ref": "",
        "url": "",
        "url2": ""
      }
    },
    {
      "type": "Feature",
      "geometry": {
        "type": "Point",
        "coordinates": [
          129.9681678,
          32.9047627
        ]
      },
      "properties": {
        "内容": "バス停: 須田ノ木",
        "name": "須田ノ木",
        "operator": "事業者不明",
        "ref": "",
        "url": "",
        "url2": ""
      }
    },
    {
      "type": "Feature",
      "geometry": {
        "type": "Point",
        "coordinates": [
          129.9654447,
          32.9036057
        ]
      },
      "properties": {
        "内容": "バス停: 上小路",
        "name": "上小路",
        "operator": "事業者不明",
        "ref": "",
        "url": "",
        "url2": ""
      }
    },
    {
      "type": "Feature",
      "geometry": {
        "type": "Point",
        "coordinates": [
          129.9653314,
          32.903648
        ]
      },
      "properties": {
        "内容": "バス停: 上小路",
        "name": "上小路",
        "operator": "事業者不明",
        "ref": "",
        "url": "",
        "url2": ""
      }
    },
    {
      "type": "Feature",
      "geometry": {
        "type": "Point",
        "coordinates": [
          129.9672908,
          32.9014478
        ]
      },
      "properties": {
        "内容": "バス停: 岩船",
        "name": "岩船",
        "operator": "事業者不明",
        "ref": "",
        "url": "",
        "url2": ""
      }
    },
    {
      "type": "Feature",
      "geometry": {
        "type": "Point",
        "coordinates": [
          129.9672961,
          32.9013329
        ]
      },
      "properties": {
        "内容": "バス停: 岩船",
        "name": "岩船",
        "operator": "事業者不明",
        "ref": "",
        "url": "",
        "url2": ""
      }
    },
    {
      "type": "Feature",
      "geometry": {
        "type": "Point",
        "coordinates": [
          129.9645618,
          32.8998373
        ]
      },
      "properties": {
        "内容": "バス停: 下岩船",
        "name": "下岩船",
        "operator": "事業者不明",
        "ref": "",
        "url": "",
        "url2": ""
      }
    },
    {
      "type": "Feature",
      "geometry": {
        "type": "Point",
        "coordinates": [
          129.9642129,
          32.8997126
        ]
      },
      "properties": {
        "内容": "バス停: 下岩船",
        "name": "下岩船",
        "operator": "事業者不明",
        "ref": "",
        "url": "",
        "url2": ""
      }
    },
    {
      "type": "Feature",
      "geometry": {
        "type": "Point",
        "coordinates": [
          129.9616849,
          32.898903
        ]
      },
      "properties": {
        "内容": "バス停: 本小路",
        "name": "本小路",
        "operator": "事業者不明",
        "ref": "",
        "url": "",
        "url2": ""
      }
    },
    {
      "type": "Feature",
      "geometry": {
        "type": "Point",
        "coordinates": [
          129.9616688,
          32.8990291
        ]
      },
      "properties": {
        "内容": "バス停: 本小路",
        "name": "本小路",
        "operator": "事業者不明",
        "ref": "",
        "url": "",
        "url2": ""
      }
    },
    {
      "type": "Feature",
      "geometry": {
        "type": "Point",
        "coordinates": [
          130.0169452,
          32.9318108
        ]
      },
      "properties": {
        "内容": "バス停: 横山頭",
        "name": "横山頭",
        "operator": "事業者不明",
        "ref": "",
        "url": "",
        "url2": ""
      }
    },
    {
      "type": "Feature",
      "geometry": {
        "type": "Point",
        "coordinates": [
          130.0168245,
          32.9319256
        ]
      },
      "properties": {
        "内容": "バス停: 横山頭",
        "name": "横山頭",
        "operator": "事業者不明",
        "ref": "",
        "url": "",
        "url2": ""
      }
    },
    {
      "type": "Feature",
      "geometry": {
        "type": "Point",
        "coordinates": [
          129.949953,
          32.9294244
        ]
      },
      "properties": {
        "内容": "バス停: 桜馬場",
        "name": "桜馬場",
        "operator": "事業者不明",
        "ref": "",
        "url": "",
        "url2": ""
      }
    },
    {
      "type": "Feature",
      "geometry": {
        "type": "Point",
        "coordinates": [
          129.8712945,
          32.7468779
        ]
      },
      "properties": {
        "内容": "バス停: 夢彩都",
        "name": "夢彩都",
        "operator": "事業者不明",
        "ref": "",
        "url": "",
        "url2": ""
      }
    },
    {
      "type": "Feature",
      "geometry": {
        "type": "Point",
        "coordinates": [
          129.8709592,
          32.7466455
        ]
      },
      "properties": {
        "内容": "バス停: 夢彩都",
        "name": "夢彩都",
        "operator": "事業者不明",
        "ref": "",
        "url": "",
        "url2": ""
      }
    },
    {
      "type": "Feature",
      "geometry": {
        "type": "Point",
        "coordinates": [
          129.8780577,
          32.7512509
        ]
      },
      "properties": {
        "内容": "バス停: 歴史文化博物館",
        "name": "歴史文化博物館",
        "operator": "事業者不明",
        "ref": "",
        "url": "",
        "url2": ""
      }
    },
    {
      "type": "Feature",
      "geometry": {
        "type": "Point",
        "coordinates": [
          129.8756048,
          32.7506542
        ]
      },
      "properties": {
        "内容": "バス停: 桜町",
        "name": "桜町",
        "operator": "事業者不明",
        "ref": "",
        "url": "",
        "url2": ""
      }
    },
    {
      "type": "Feature",
      "geometry": {
        "type": "Point",
        "coordinates": [
          129.8757765,
          32.7508369
        ]
      },
      "properties": {
        "内容": "バス停: 桜町",
        "name": "桜町",
        "operator": "事業者不明",
        "ref": "",
        "url": "",
        "url2": ""
      }
    },
    {
      "type": "Feature",
      "geometry": {
        "type": "Point",
        "coordinates": [
          129.8776124,
          32.7499707
        ]
      },
      "properties": {
        "内容": "バス停: 市役所上",
        "name": "市役所上",
        "operator": "事業者不明",
        "ref": "",
        "url": "",
        "url2": ""
      }
    },
    {
      "type": "Feature",
      "geometry": {
        "type": "Point",
        "coordinates": [
          129.8783098,
          32.750079
        ]
      },
      "properties": {
        "内容": "バス停: 市役所上",
        "name": "市役所上",
        "operator": "事業者不明",
        "ref": "",
        "url": "",
        "url2": ""
      }
    },
    {
      "type": "Feature",
      "geometry": {
        "type": "Point",
        "coordinates": [
          129.8746607,
          32.746288
        ]
      },
      "properties": {
        "内容": "バス停: 万才町",
        "name": "万才町",
        "operator": "事業者不明",
        "ref": "",
        "url": "",
        "url2": ""
      }
    },
    {
      "type": "Feature",
      "geometry": {
        "type": "Point",
        "coordinates": [
          129.8747626,
          32.7459992
        ]
      },
      "properties": {
        "内容": "バス停: 万才町",
        "name": "万才町",
        "operator": "事業者不明",
        "ref": "",
        "url": "",
        "url2": ""
      }
    },
    {
      "type": "Feature",
      "geometry": {
        "type": "Point",
        "coordinates": [
          129.8720495,
          32.743045
        ]
      },
      "properties": {
        "内容": "バス停: 水辺の森公園",
        "name": "水辺の森公園",
        "operator": "事業者不明",
        "ref": "",
        "url": "",
        "url2": ""
      }
    },
    {
      "type": "Feature",
      "geometry": {
        "type": "Point",
        "coordinates": [
          129.8718819,
          32.7427855
        ]
      },
      "properties": {
        "内容": "バス停: 水辺の森公園",
        "name": "水辺の森公園",
        "operator": "事業者不明",
        "ref": "",
        "url": "",
        "url2": ""
      }
    },
    {
      "type": "Feature",
      "geometry": {
        "type": "Point",
        "coordinates": [
          129.8657329,
          32.7565372
        ]
      },
      "properties": {
        "内容": "バス停: 幸町",
        "name": "幸町",
        "operator": "事業者不明",
        "ref": "",
        "url": "",
        "url2": ""
      }
    },
    {
      "type": "Feature",
      "geometry": {
        "type": "Point",
        "coordinates": [
          129.8656806,
          32.7572681
        ]
      },
      "properties": {
        "内容": "バス停: 幸町",
        "name": "幸町",
        "operator": "事業者不明",
        "ref": "",
        "url": "",
        "url2": ""
      }
    },
    {
      "type": "Feature",
      "geometry": {
        "type": "Point",
        "coordinates": [
          129.9588673,
          32.8115925
        ]
      },
      "properties": {
        "内容": "バス停: バイパス多良見",
        "name": "バイパス多良見",
        "operator": "事業者不明",
        "ref": "",
        "url": "",
        "url2": ""
      }
    },
    {
      "type": "Feature",
      "geometry": {
        "type": "Point",
        "coordinates": [
          129.9587828,
          32.8118969
        ]
      },
      "properties": {
        "内容": "バス停: バイパス多良見",
        "name": "バイパス多良見",
        "operator": "事業者不明",
        "ref": "",
        "url": "",
        "url2": ""
      }
    },
    {
      "type": "Feature",
      "geometry": {
        "type": "Point",
        "coordinates": [
          129.9453174,
          32.8147023
        ]
      },
      "properties": {
        "内容": "バス停: 正念",
        "name": "正念",
        "operator": "事業者不明",
        "ref": "",
        "url": "",
        "url2": ""
      }
    },
    {
      "type": "Feature",
      "geometry": {
        "type": "Point",
        "coordinates": [
          129.944675,
          32.8148668
        ]
      },
      "properties": {
        "内容": "バス停: 正念",
        "name": "正念",
        "operator": "事業者不明",
        "ref": "",
        "url": "",
        "url2": ""
      }
    },
    {
      "type": "Feature",
      "geometry": {
        "type": "Point",
        "coordinates": [
          129.9354315,
          32.8109749
        ]
      },
      "properties": {
        "内容": "バス停: バイパス八峰口",
        "name": "バイパス八峰口",
        "operator": "事業者不明",
        "ref": "",
        "url": "",
        "url2": ""
      }
    },
    {
      "type": "Feature",
      "geometry": {
        "type": "Point",
        "coordinates": [
          129.935056,
          32.811419
        ]
      },
      "properties": {
        "内容": "バス停: バイパス八峰口",
        "name": "バイパス八峰口",
        "operator": "事業者不明",
        "ref": "",
        "url": "",
        "url2": ""
      }
    },
    {
      "type": "Feature",
      "geometry": {
        "type": "Point",
        "coordinates": [
          129.9212185,
          32.8115204
        ]
      },
      "properties": {
        "内容": "バス停: 畦別当",
        "name": "畦別当",
        "operator": "事業者不明",
        "ref": "",
        "url": "",
        "url2": ""
      }
    },
    {
      "type": "Feature",
      "geometry": {
        "type": "Point",
        "coordinates": [
          129.9235895,
          32.8137273
        ]
      },
      "properties": {
        "内容": "バス停: 畦別当",
        "name": "畦別当",
        "operator": "事業者不明",
        "ref": "",
        "url": "",
        "url2": ""
      }
    },
    {
      "type": "Feature",
      "geometry": {
        "type": "Point",
        "coordinates": [
          129.9098432,
          32.8067006
        ]
      },
      "properties": {
        "内容": "バス停: バイパス犬継",
        "name": "バイパス犬継",
        "operator": "事業者不明",
        "ref": "",
        "url": "",
        "url2": ""
      }
    },
    {
      "type": "Feature",
      "geometry": {
        "type": "Point",
        "coordinates": [
          129.9096715,
          32.8070703
        ]
      },
      "properties": {
        "内容": "バス停: バイパス犬継",
        "name": "バイパス犬継",
        "operator": "事業者不明",
        "ref": "",
        "url": "",
        "url2": ""
      }
    },
    {
      "type": "Feature",
      "geometry": {
        "type": "Point",
        "coordinates": [
          129.8936614,
          32.8059251
        ]
      },
      "properties": {
        "内容": "バス停: バイパス川平",
        "name": "バイパス川平",
        "operator": "事業者不明",
        "ref": "",
        "url": "",
        "url2": ""
      }
    },
    {
      "type": "Feature",
      "geometry": {
        "type": "Point",
        "coordinates": [
          129.8932363,
          32.8050921
        ]
      },
      "properties": {
        "内容": "バス停: バイパス川平",
        "name": "バイパス川平",
        "operator": "事業者不明",
        "ref": "",
        "url": "",
        "url2": ""
      }
    },
    {
      "type": "Feature",
      "geometry": {
        "type": "Point",
        "coordinates": [
          129.8723325,
          32.7924787
        ]
      },
      "properties": {
        "内容": "バス停: 大井手",
        "name": "大井手",
        "operator": "事業者不明",
        "ref": "",
        "url": "",
        "url2": ""
      }
    },
    {
      "type": "Feature",
      "geometry": {
        "type": "Point",
        "coordinates": [
          129.8718953,
          32.7914776
        ]
      },
      "properties": {
        "内容": "バス停: 大井手",
        "name": "大井手",
        "operator": "事業者不明",
        "ref": "",
        "url": "",
        "url2": ""
      }
    },
    {
      "type": "Feature",
      "geometry": {
        "type": "Point",
        "coordinates": [
          129.8710531,
          32.7897075
        ]
      },
      "properties": {
        "内容": "バス停: 昭和町",
        "name": "昭和町",
        "operator": "事業者不明",
        "ref": "",
        "url": "",
        "url2": ""
      }
    },
    {
      "type": "Feature",
      "geometry": {
        "type": "Point",
        "coordinates": [
          129.8689556,
          32.7867221
        ]
      },
      "properties": {
        "内容": "バス停: 文教町",
        "name": "文教町",
        "operator": "事業者不明",
        "ref": "",
        "url": "",
        "url2": ""
      }
    },
    {
      "type": "Feature",
      "geometry": {
        "type": "Point",
        "coordinates": [
          129.8694921,
          32.7872678
        ]
      },
      "properties": {
        "内容": "バス停: 文教町",
        "name": "文教町",
        "operator": "事業者不明",
        "ref": "",
        "url": "",
        "url2": ""
      }
    },
    {
      "type": "Feature",
      "geometry": {
        "type": "Point",
        "coordinates": [
          129.867581,
          32.7859599
        ]
      },
      "properties": {
        "内容": "バス停: 純心校前",
        "name": "純心校前",
        "operator": "事業者不明",
        "ref": "",
        "url": "",
        "url2": ""
      }
    },
    {
      "type": "Feature",
      "geometry": {
        "type": "Point",
        "coordinates": [
          129.8678197,
          32.7859419
        ]
      },
      "properties": {
        "内容": "バス停: 純心校前",
        "name": "純心校前",
        "operator": "事業者不明",
        "ref": "",
        "url": "",
        "url2": ""
      }
    },
    {
      "type": "Feature",
      "geometry": {
        "type": "Point",
        "coordinates": [
          129.8656619,
          32.7844908
        ]
      },
      "properties": {
        "内容": "バス停: 長大東門前",
        "name": "長大東門前",
        "operator": "事業者不明",
        "ref": "",
        "url": "",
        "url2": ""
      }
    },
    {
      "type": "Feature",
      "geometry": {
        "type": "Point",
        "coordinates": [
          129.8658805,
          32.7845032
        ]
      },
      "properties": {
        "内容": "バス停: 長大東門前",
        "name": "長大東門前",
        "operator": "事業者不明",
        "ref": "",
        "url": "",
        "url2": ""
      }
    },
    {
      "type": "Feature",
      "geometry": {
        "type": "Point",
        "coordinates": [
          129.863103,
          32.7817972
        ]
      },
      "properties": {
        "内容": "バス停: 岩屋橋",
        "name": "岩屋橋",
        "operator": "事業者不明",
        "ref": "",
        "url": "",
        "url2": ""
      }
    },
    {
      "type": "Feature",
      "geometry": {
        "type": "Point",
        "coordinates": [
          129.8620677,
          32.7802401
        ]
      },
      "properties": {
        "内容": "バス停: 岩屋橋",
        "name": "岩屋橋",
        "operator": "事業者不明",
        "ref": "",
        "url": "",
        "url2": ""
      }
    },
    {
      "type": "Feature",
      "geometry": {
        "type": "Point",
        "coordinates": [
          129.8622447,
          32.7800935
        ]
      },
      "properties": {
        "内容": "バス停: 岩屋橋",
        "name": "岩屋橋",
        "operator": "事業者不明",
        "ref": "",
        "url": "",
        "url2": ""
      }
    },
    {
      "type": "Feature",
      "geometry": {
        "type": "Point",
        "coordinates": [
          129.8619698,
          32.7778858
        ]
      },
      "properties": {
        "内容": "バス停: 大橋",
        "name": "大橋",
        "operator": "事業者不明",
        "ref": "",
        "url": "",
        "url2": ""
      }
    },
    {
      "type": "Feature",
      "geometry": {
        "type": "Point",
        "coordinates": [
          129.8617713,
          32.7779737
        ]
      },
      "properties": {
        "内容": "バス停: 大橋",
        "name": "大橋",
        "operator": "事業者不明",
        "ref": "",
        "url": "",
        "url2": ""
      }
    },
    {
      "type": "Feature",
      "geometry": {
        "type": "Point",
        "coordinates": [
          129.8602948,
          32.7778463
        ]
      },
      "properties": {
        "内容": "バス停: 大橋",
        "name": "大橋",
        "operator": "事業者不明",
        "ref": "",
        "url": "",
        "url2": ""
      }
    },
    {
      "type": "Feature",
      "geometry": {
        "type": "Point",
        "coordinates": [
          129.8604718,
          32.7778035
        ]
      },
      "properties": {
        "内容": "バス停: 大橋",
        "name": "大橋",
        "operator": "事業者不明",
        "ref": "",
        "url": "",
        "url2": ""
      }
    },
    {
      "type": "Feature",
      "geometry": {
        "type": "Point",
        "coordinates": [
          129.8625264,
          32.7729762
        ]
      },
      "properties": {
        "内容": "バス停: 平和公園",
        "name": "平和公園",
        "operator": "事業者不明",
        "ref": "",
        "url": "",
        "url2": ""
      }
    },
    {
      "type": "Feature",
      "geometry": {
        "type": "Point",
        "coordinates": [
          129.8622487,
          32.7743699
        ]
      },
      "properties": {
        "内容": "バス停: 平和公園",
        "name": "平和公園",
        "operator": "事業者不明",
        "ref": "",
        "url": "",
        "url2": ""
      }
    },
    {
      "type": "Feature",
      "geometry": {
        "type": "Point",
        "coordinates": [
          129.8639801,
          32.7697861
        ]
      },
      "properties": {
        "内容": "バス停: 原爆資料館",
        "name": "原爆資料館",
        "operator": "事業者不明",
        "ref": "",
        "url": "",
        "url2": ""
      }
    },
    {
      "type": "Feature",
      "geometry": {
        "type": "Point",
        "coordinates": [
          129.8642805,
          32.7696643
        ]
      },
      "properties": {
        "内容": "バス停: 原爆資料館",
        "name": "原爆資料館",
        "operator": "事業者不明",
        "ref": "",
        "url": "",
        "url2": ""
      }
    },
    {
      "type": "Feature",
      "geometry": {
        "type": "Point",
        "coordinates": [
          129.8640901,
          32.7650655
        ]
      },
      "properties": {
        "内容": "バス停: 浦上駅前",
        "name": "浦上駅前",
        "operator": "事業者不明",
        "ref": "",
        "url": "",
        "url2": ""
      }
    },
    {
      "type": "Feature",
      "geometry": {
        "type": "Point",
        "coordinates": [
          129.9687728,
          32.9686707
        ]
      },
      "properties": {
        "内容": "バス停: 立福寺大又",
        "name": "立福寺大又",
        "operator": "事業者不明",
        "ref": "",
        "url": "",
        "url2": ""
      }
    },
    {
      "type": "Feature",
      "geometry": {
        "type": "Point",
        "coordinates": [
          129.9605155,
          32.9571402
        ]
      },
      "properties": {
        "内容": "バス停: 野田入口",
        "name": "野田入口",
        "operator": "事業者不明",
        "ref": "",
        "url": "",
        "url2": ""
      }
    },
    {
      "type": "Feature",
      "geometry": {
        "type": "Point",
        "coordinates": [
          129.9605986,
          32.9570547
        ]
      },
      "properties": {
        "内容": "バス停: 野田入口",
        "name": "野田入口",
        "operator": "事業者不明",
        "ref": "",
        "url": "",
        "url2": ""
      }
    },
    {
      "type": "Feature",
      "geometry": {
        "type": "Point",
        "coordinates": [
          129.968431,
          32.9576679
        ]
      },
      "properties": {
        "内容": "バス停: 野田町",
        "name": "野田町",
        "operator": "事業者不明",
        "ref": "",
        "url": "",
        "url2": ""
      }
    },
    {
      "type": "Feature",
      "geometry": {
        "type": "Point",
        "coordinates": [
          129.9555588,
          32.9549999
        ]
      },
      "properties": {
        "内容": "バス停: 今富中央",
        "name": "今富中央",
        "operator": "事業者不明",
        "ref": "",
        "url": "",
        "url2": ""
      }
    },
    {
      "type": "Feature",
      "geometry": {
        "type": "Point",
        "coordinates": [
          129.9554354,
          32.9551124
        ]
      },
      "properties": {
        "内容": "バス停: 今富中央",
        "name": "今富中央",
        "operator": "事業者不明",
        "ref": "",
        "url": "",
        "url2": ""
      }
    },
    {
      "type": "Feature",
      "geometry": {
        "type": "Point",
        "coordinates": [
          129.95382,
          32.9546156
        ]
      },
      "properties": {
        "内容": "バス停: 今富町",
        "name": "今富町",
        "operator": "事業者不明",
        "ref": "",
        "url": "",
        "url2": ""
      }
    },
    {
      "type": "Feature",
      "geometry": {
        "type": "Point",
        "coordinates": [
          129.9537865,
          32.9545317
        ]
      },
      "properties": {
        "内容": "バス停: 今富町",
        "name": "今富町",
        "operator": "事業者不明",
        "ref": "",
        "url": "",
        "url2": ""
      }
    },
    {
      "type": "Feature",
      "geometry": {
        "type": "Point",
        "coordinates": [
          129.9557237,
          32.950162
        ]
      },
      "properties": {
        "内容": "バス停: 段",
        "name": "段",
        "operator": "事業者不明",
        "ref": "",
        "url": "",
        "url2": ""
      }
    },
    {
      "type": "Feature",
      "geometry": {
        "type": "Point",
        "coordinates": [
          129.9557948,
          32.9502216
        ]
      },
      "properties": {
        "内容": "バス停: 段",
        "name": "段",
        "operator": "事業者不明",
        "ref": "",
        "url": "",
        "url2": ""
      }
    },
    {
      "type": "Feature",
      "geometry": {
        "type": "Point",
        "coordinates": [
          129.9556653,
          32.9476567
        ]
      },
      "properties": {
        "内容": "バス停: 鬼橋",
        "name": "鬼橋",
        "operator": "事業者不明",
        "ref": "",
        "url": "",
        "url2": ""
      }
    },
    {
      "type": "Feature",
      "geometry": {
        "type": "Point",
        "coordinates": [
          129.9555185,
          32.9476783
        ]
      },
      "properties": {
        "内容": "バス停: 鬼橋",
        "name": "鬼橋",
        "operator": "事業者不明",
        "ref": "",
        "url": "",
        "url2": ""
      }
    },
    {
      "type": "Feature",
      "geometry": {
        "type": "Point",
        "coordinates": [
          129.9523844,
          32.9461916
        ]
      },
      "properties": {
        "内容": "バス停: 鬼橋公民館前",
        "name": "鬼橋公民館前",
        "operator": "事業者不明",
        "ref": "",
        "url": "",
        "url2": ""
      }
    },
    {
      "type": "Feature",
      "geometry": {
        "type": "Point",
        "coordinates": [
          129.9522878,
          32.9462073
        ]
      },
      "properties": {
        "内容": "バス停: 鬼橋公民館前",
        "name": "鬼橋公民館前",
        "operator": "事業者不明",
        "ref": "",
        "url": "",
        "url2": ""
      }
    },
    {
      "type": "Feature",
      "geometry": {
        "type": "Point",
        "coordinates": [
          129.9432718,
          32.9618964
        ]
      },
      "properties": {
        "内容": "バス停: 寿古町",
        "name": "寿古町",
        "operator": "事業者不明",
        "ref": "",
        "url": "",
        "url2": ""
      }
    },
    {
      "type": "Feature",
      "geometry": {
        "type": "Point",
        "coordinates": [
          129.9431757,
          32.9621184
        ]
      },
      "properties": {
        "内容": "バス停: 寿古町",
        "name": "寿古町",
        "operator": "事業者不明",
        "ref": "",
        "url": "",
        "url2": ""
      }
    },
    {
      "type": "Feature",
      "geometry": {
        "type": "Point",
        "coordinates": [
          129.9537912,
          32.97186
        ]
      },
      "properties": {
        "内容": "バス停: 草場上",
        "name": "草場上",
        "operator": "事業者不明",
        "ref": "",
        "url": "",
        "url2": ""
      }
    },
    {
      "type": "Feature",
      "geometry": {
        "type": "Point",
        "coordinates": [
          129.9482122,
          32.9676048
        ]
      },
      "properties": {
        "内容": "バス停: 福重町",
        "name": "福重町",
        "operator": "事業者不明",
        "ref": "",
        "url": "",
        "url2": ""
      }
    },
    {
      "type": "Feature",
      "geometry": {
        "type": "Point",
        "coordinates": [
          129.9482712,
          32.9677443
        ]
      },
      "properties": {
        "内容": "バス停: 福重町",
        "name": "福重町",
        "operator": "事業者不明",
        "ref": "",
        "url": "",
        "url2": ""
      }
    },
    {
      "type": "Feature",
      "geometry": {
        "type": "Point",
        "coordinates": [
          129.9474102,
          32.9701476
        ]
      },
      "properties": {
        "内容": "バス停: 草場町",
        "name": "草場町",
        "operator": "事業者不明",
        "ref": "",
        "url": "",
        "url2": ""
      }
    },
    {
      "type": "Feature",
      "geometry": {
        "type": "Point",
        "coordinates": [
          129.9475926,
          32.9700734
        ]
      },
      "properties": {
        "内容": "バス停: 草場町",
        "name": "草場町",
        "operator": "事業者不明",
        "ref": "",
        "url": "",
        "url2": ""
      }
    },
    {
      "type": "Feature",
      "geometry": {
        "type": "Point",
        "coordinates": [
          129.947083,
          32.9648369
        ]
      },
      "properties": {
        "内容": "バス停: 皆同町",
        "name": "皆同町",
        "operator": "事業者不明",
        "ref": "",
        "url": "",
        "url2": ""
      }
    },
    {
      "type": "Feature",
      "geometry": {
        "type": "Point",
        "coordinates": [
          129.9470991,
          32.9649989
        ]
      },
      "properties": {
        "内容": "バス停: 皆同町",
        "name": "皆同町",
        "operator": "事業者不明",
        "ref": "",
        "url": "",
        "url2": ""
      }
    },
    {
      "type": "Feature",
      "geometry": {
        "type": "Point",
        "coordinates": [
          129.9473914,
          32.960381
        ]
      },
      "properties": {
        "内容": "バス停: 福重出張所前",
        "name": "福重出張所前",
        "operator": "事業者不明",
        "ref": "",
        "url": "",
        "url2": ""
      }
    },
    {
      "type": "Feature",
      "geometry": {
        "type": "Point",
        "coordinates": [
          129.9475926,
          32.9603832
        ]
      },
      "properties": {
        "内容": "バス停: 福重出張所前",
        "name": "福重出張所前",
        "operator": "事業者不明",
        "ref": "",
        "url": "",
        "url2": ""
      }
    },
    {
      "type": "Feature",
      "geometry": {
        "type": "Point",
        "coordinates": [
          129.9522658,
          32.9643192
        ]
      },
      "properties": {
        "内容": "バス停: 福重小学校口",
        "name": "福重小学校口",
        "operator": "事業者不明",
        "ref": "",
        "url": "",
        "url2": ""
      }
    },
    {
      "type": "Feature",
      "geometry": {
        "type": "Point",
        "coordinates": [
          129.9521752,
          32.9642889
        ]
      },
      "properties": {
        "内容": "バス停: 福重小学校口",
        "name": "福重小学校口",
        "operator": "事業者不明",
        "ref": "",
        "url": "",
        "url2": ""
      }
    },
    {
      "type": "Feature",
      "geometry": {
        "type": "Point",
        "coordinates": [
          129.9569978,
          32.9664549
        ]
      },
      "properties": {
        "内容": "バス停: シュシュ前",
        "name": "シュシュ前",
        "operator": "事業者不明",
        "ref": "",
        "url": "",
        "url2": ""
      }
    },
    {
      "type": "Feature",
      "geometry": {
        "type": "Point",
        "coordinates": [
          129.9559209,
          32.9636802
        ]
      },
      "properties": {
        "内容": "バス停: 弥勒寺公民館前",
        "name": "弥勒寺公民館前",
        "operator": "事業者不明",
        "ref": "",
        "url": "",
        "url2": ""
      }
    },
    {
      "type": "Feature",
      "geometry": {
        "type": "Point",
        "coordinates": [
          129.9559852,
          32.9635564
        ]
      },
      "properties": {
        "内容": "バス停: 弥勒寺公民館前",
        "name": "弥勒寺公民館前",
        "operator": "事業者不明",
        "ref": "",
        "url": "",
        "url2": ""
      }
    },
    {
      "type": "Feature",
      "geometry": {
        "type": "Point",
        "coordinates": [
          129.9560496,
          32.9596541
        ]
      },
      "properties": {
        "内容": "バス停: 弥勒寺町",
        "name": "弥勒寺町",
        "operator": "事業者不明",
        "ref": "",
        "url": "",
        "url2": ""
      }
    },
    {
      "type": "Feature",
      "geometry": {
        "type": "Point",
        "coordinates": [
          129.955996,
          32.9597621
        ]
      },
      "properties": {
        "内容": "バス停: 弥勒寺町",
        "name": "弥勒寺町",
        "operator": "事業者不明",
        "ref": "",
        "url": "",
        "url2": ""
      }
    },
    {
      "type": "Feature",
      "geometry": {
        "type": "Point",
        "coordinates": [
          129.9588418,
          32.9595933
        ]
      },
      "properties": {
        "内容": "バス停: 立福寺町",
        "name": "立福寺町",
        "operator": "事業者不明",
        "ref": "",
        "url": "",
        "url2": ""
      }
    },
    {
      "type": "Feature",
      "geometry": {
        "type": "Point",
        "coordinates": [
          129.958654,
          32.9596428
        ]
      },
      "properties": {
        "内容": "バス停: 立福寺町",
        "name": "立福寺町",
        "operator": "事業者不明",
        "ref": "",
        "url": "",
        "url2": ""
      }
    },
    {
      "type": "Feature",
      "geometry": {
        "type": "Point",
        "coordinates": [
          129.9616528,
          32.9624582
        ]
      },
      "properties": {
        "内容": "バス停: 立福寺上",
        "name": "立福寺上",
        "operator": "事業者不明",
        "ref": "",
        "url": "",
        "url2": ""
      }
    },
    {
      "type": "Feature",
      "geometry": {
        "type": "Point",
        "coordinates": [
          129.9617574,
          32.9624154
        ]
      },
      "properties": {
        "内容": "バス停: 立福寺上",
        "name": "立福寺上",
        "operator": "事業者不明",
        "ref": "",
        "url": "",
        "url2": ""
      }
    },
    {
      "type": "Feature",
      "geometry": {
        "type": "Point",
        "coordinates": [
          130.0334783,
          32.9580506
        ]
      },
      "properties": {
        "内容": "バス停: 南川内",
        "name": "南川内",
        "operator": "事業者不明",
        "ref": "",
        "url": "",
        "url2": ""
      }
    },
    {
      "type": "Feature",
      "geometry": {
        "type": "Point",
        "coordinates": [
          130.0335668,
          32.9580618
        ]
      },
      "properties": {
        "内容": "バス停: 南川内",
        "name": "南川内",
        "operator": "事業者不明",
        "ref": "",
        "url": "",
        "url2": ""
      }
    },
    {
      "type": "Feature",
      "geometry": {
        "type": "Point",
        "coordinates": [
          130.0132075,
          32.9511467
        ]
      },
      "properties": {
        "内容": "バス停: 中岳町",
        "name": "中岳町",
        "operator": "事業者不明",
        "ref": "",
        "url": "",
        "url2": ""
      }
    },
    {
      "type": "Feature",
      "geometry": {
        "type": "Point",
        "coordinates": [
          130.0131968,
          32.9512637
        ]
      },
      "properties": {
        "内容": "バス停: 中岳町",
        "name": "中岳町",
        "operator": "事業者不明",
        "ref": "",
        "url": "",
        "url2": ""
      }
    },
    {
      "type": "Feature",
      "geometry": {
        "type": "Point",
        "coordinates": [
          129.9564023,
          32.9868485
        ]
      },
      "properties": {
        "内容": "バス停: 武留路公民館前",
        "name": "武留路公民館前",
        "operator": "事業者不明",
        "ref": "",
        "url": "",
        "url2": ""
      }
    },
    {
      "type": "Feature",
      "geometry": {
        "type": "Point",
        "coordinates": [
          129.9564855,
          32.9868749
        ]
      },
      "properties": {
        "内容": "バス停: 武留路公民館前",
        "name": "武留路公民館前",
        "operator": "事業者不明",
        "ref": "",
        "url": "",
        "url2": ""
      }
    },
    {
      "type": "Feature",
      "geometry": {
        "type": "Point",
        "coordinates": [
          129.953283,
          32.986932
        ]
      },
      "properties": {
        "内容": "バス停: 武留路下",
        "name": "武留路下",
        "operator": "事業者不明",
        "ref": "",
        "url": "",
        "url2": ""
      }
    },
    {
      "type": "Feature",
      "geometry": {
        "type": "Point",
        "coordinates": [
          129.9533142,
          32.9868058
        ]
      },
      "properties": {
        "内容": "バス停: 武留路下",
        "name": "武留路下",
        "operator": "事業者不明",
        "ref": "",
        "url": "",
        "url2": ""
      }
    },
    {
      "type": "Feature",
      "geometry": {
        "type": "Point",
        "coordinates": [
          129.9492462,
          32.9806635
        ]
      },
      "properties": {
        "内容": "バス停: 久津寺本公民館前",
        "name": "久津寺本公民館前",
        "operator": "事業者不明",
        "ref": "",
        "url": "",
        "url2": ""
      }
    },
    {
      "type": "Feature",
      "geometry": {
        "type": "Point",
        "coordinates": [
          129.9491979,
          32.9807322
        ]
      },
      "properties": {
        "内容": "バス停: 久津寺本公民館前",
        "name": "久津寺本公民館前",
        "operator": "事業者不明",
        "ref": "",
        "url": "",
        "url2": ""
      }
    },
    {
      "type": "Feature",
      "geometry": {
        "type": "Point",
        "coordinates": [
          129.9522811,
          32.9789322
        ]
      },
      "properties": {
        "内容": "バス停: 北木場下",
        "name": "北木場下",
        "operator": "事業者不明",
        "ref": "",
        "url": "",
        "url2": ""
      }
    },
    {
      "type": "Feature",
      "geometry": {
        "type": "Point",
        "coordinates": [
          129.9521792,
          32.9788444
        ]
      },
      "properties": {
        "内容": "バス停: 北木場下",
        "name": "北木場下",
        "operator": "事業者不明",
        "ref": "",
        "url": "",
        "url2": ""
      }
    },
    {
      "type": "Feature",
      "geometry": {
        "type": "Point",
        "coordinates": [
          129.9457338,
          32.9778263
        ]
      },
      "properties": {
        "内容": "バス停: 松原駅前",
        "name": "松原駅前",
        "operator": "事業者不明",
        "ref": "",
        "url": "",
        "url2": ""
      }
    },
    {
      "type": "Feature",
      "geometry": {
        "type": "Point",
        "coordinates": [
          129.9457003,
          32.9779118
        ]
      },
      "properties": {
        "内容": "バス停: 松原駅前",
        "name": "松原駅前",
        "operator": "事業者不明",
        "ref": "",
        "url": "",
        "url2": ""
      }
    },
    {
      "type": "Feature",
      "geometry": {
        "type": "Point",
        "coordinates": [
          129.9452323,
          32.9757573
        ]
      },
      "properties": {
        "内容": "バス停: 松原出張所前",
        "name": "松原出張所前",
        "operator": "事業者不明",
        "ref": "",
        "url": "",
        "url2": ""
      }
    },
    {
      "type": "Feature",
      "geometry": {
        "type": "Point",
        "coordinates": [
          129.9451169,
          32.9756178
        ]
      },
      "properties": {
        "内容": "バス停: 松原出張所前",
        "name": "松原出張所前",
        "operator": "事業者不明",
        "ref": "",
        "url": "",
        "url2": ""
      }
    },
    {
      "type": "Feature",
      "geometry": {
        "type": "Point",
        "coordinates": [
          129.9434969,
          32.9736152
        ]
      },
      "properties": {
        "内容": "バス停: 松原小学校入口",
        "name": "松原小学校入口",
        "operator": "事業者不明",
        "ref": "",
        "url": "",
        "url2": ""
      }
    },
    {
      "type": "Feature",
      "geometry": {
        "type": "Point",
        "coordinates": [
          129.9434057,
          32.9737029
        ]
      },
      "properties": {
        "内容": "バス停: 松原小学校入口",
        "name": "松原小学校入口",
        "operator": "事業者不明",
        "ref": "",
        "url": "",
        "url2": ""
      }
    },
    {
      "type": "Feature",
      "geometry": {
        "type": "Point",
        "coordinates": [
          129.9429055,
          32.9715968
        ]
      },
      "properties": {
        "内容": "バス停: 伏原",
        "name": "伏原",
        "operator": "事業者不明",
        "ref": "",
        "url": "",
        "url2": ""
      }
    },
    {
      "type": "Feature",
      "geometry": {
        "type": "Point",
        "coordinates": [
          129.9428304,
          32.9716575
        ]
      },
      "properties": {
        "内容": "バス停: 伏原",
        "name": "伏原",
        "operator": "事業者不明",
        "ref": "",
        "url": "",
        "url2": ""
      }
    },
    {
      "type": "Feature",
      "geometry": {
        "type": "Point",
        "coordinates": [
          129.9463414,
          32.9750631
        ]
      },
      "properties": {
        "内容": "バス停: 野岳入口",
        "name": "野岳入口",
        "operator": "事業者不明",
        "ref": "",
        "url": "",
        "url2": ""
      }
    },
    {
      "type": "Feature",
      "geometry": {
        "type": "Point",
        "coordinates": [
          130.0075534,
          32.9033507
        ]
      },
      "properties": {
        "内容": "バス停: 平上",
        "name": "平上",
        "operator": "事業者不明",
        "ref": "",
        "url": "",
        "url2": ""
      }
    },
    {
      "type": "Feature",
      "geometry": {
        "type": "Point",
        "coordinates": [
          130.0074917,
          32.9034746
        ]
      },
      "properties": {
        "内容": "バス停: 平上",
        "name": "平上",
        "operator": "事業者不明",
        "ref": "",
        "url": "",
        "url2": ""
      }
    },
    {
      "type": "Feature",
      "geometry": {
        "type": "Point",
        "coordinates": [
          130.0044407,
          32.8940891
        ]
      },
      "properties": {
        "内容": "バス停: 平公民館前",
        "name": "平公民館前",
        "operator": "事業者不明",
        "ref": "",
        "url": "",
        "url2": ""
      }
    },
    {
      "type": "Feature",
      "geometry": {
        "type": "Point",
        "coordinates": [
          130.0045212,
          32.8941352
        ]
      },
      "properties": {
        "内容": "バス停: 平公民館前",
        "name": "平公民館前",
        "operator": "事業者不明",
        "ref": "",
        "url": "",
        "url2": ""
      }
    },
    {
      "type": "Feature",
      "geometry": {
        "type": "Point",
        "coordinates": [
          130.0028515,
          32.9003128
        ]
      },
      "properties": {
        "内容": "バス停: 小川内公民館",
        "name": "小川内公民館",
        "operator": "事業者不明",
        "ref": "",
        "url": "",
        "url2": ""
      }
    },
    {
      "type": "Feature",
      "geometry": {
        "type": "Point",
        "coordinates": [
          130.0029722,
          32.9004028
        ]
      },
      "properties": {
        "内容": "バス停: 小川内公民館",
        "name": "小川内公民館",
        "operator": "事業者不明",
        "ref": "",
        "url": "",
        "url2": ""
      }
    },
    {
      "type": "Feature",
      "geometry": {
        "type": "Point",
        "coordinates": [
          130.0028488,
          32.9083274
        ]
      },
      "properties": {
        "内容": "バス停: 小川内上",
        "name": "小川内上",
        "operator": "事業者不明",
        "ref": "",
        "url": "",
        "url2": ""
      }
    },
    {
      "type": "Feature",
      "geometry": {
        "type": "Point",
        "coordinates": [
          130.002999,
          32.9083747
        ]
      },
      "properties": {
        "内容": "バス停: 小川内上",
        "name": "小川内上",
        "operator": "事業者不明",
        "ref": "",
        "url": "",
        "url2": ""
      }
    },
    {
      "type": "Feature",
      "geometry": {
        "type": "Point",
        "coordinates": [
          129.9892569,
          32.8777523
        ]
      },
      "properties": {
        "内容": "バス停: 内倉",
        "name": "内倉",
        "operator": "事業者不明",
        "ref": "",
        "url": "",
        "url2": ""
      }
    },
    {
      "type": "Feature",
      "geometry": {
        "type": "Point",
        "coordinates": [
          129.9891937,
          32.8777485
        ]
      },
      "properties": {
        "内容": "バス停: 内倉",
        "name": "内倉",
        "operator": "事業者不明",
        "ref": "",
        "url": "",
        "url2": ""
      }
    },
    {
      "type": "Feature",
      "geometry": {
        "type": "Point",
        "coordinates": [
          129.9944293,
          32.8781022
        ]
      },
      "properties": {
        "内容": "バス停: 内倉公民館前",
        "name": "内倉公民館前",
        "operator": "事業者不明",
        "ref": "",
        "url": "",
        "url2": ""
      }
    },
    {
      "type": "Feature",
      "geometry": {
        "type": "Point",
        "coordinates": [
          129.994432,
          32.8781734
        ]
      },
      "properties": {
        "内容": "バス停: 内倉公民館前",
        "name": "内倉公民館前",
        "operator": "事業者不明",
        "ref": "",
        "url": "",
        "url2": ""
      }
    },
    {
      "type": "Feature",
      "geometry": {
        "type": "Point",
        "coordinates": [
          129.9970686,
          32.886129
        ]
      },
      "properties": {
        "内容": "バス停: 中里",
        "name": "中里",
        "operator": "事業者不明",
        "ref": "",
        "url": "",
        "url2": ""
      }
    },
    {
      "type": "Feature",
      "geometry": {
        "type": "Point",
        "coordinates": [
          129.9971947,
          32.8861509
        ]
      },
      "properties": {
        "内容": "バス停: 中里",
        "name": "中里",
        "operator": "事業者不明",
        "ref": "",
        "url": "",
        "url2": ""
      }
    },
    {
      "type": "Feature",
      "geometry": {
        "type": "Point",
        "coordinates": [
          129.9920905,
          32.8895564
        ]
      },
      "properties": {
        "内容": "バス停: 鈴田出張所前",
        "name": "鈴田出張所前",
        "operator": "事業者不明",
        "ref": "",
        "url": "",
        "url2": ""
      }
    },
    {
      "type": "Feature",
      "geometry": {
        "type": "Point",
        "coordinates": [
          129.9919966,
          32.8896195
        ]
      },
      "properties": {
        "内容": "バス停: 鈴田出張所前",
        "name": "鈴田出張所前",
        "operator": "事業者不明",
        "ref": "",
        "url": "",
        "url2": ""
      }
    },
    {
      "type": "Feature",
      "geometry": {
        "type": "Point",
        "coordinates": [
          129.9816942,
          32.8917974
        ]
      },
      "properties": {
        "内容": "バス停: 岩松公民館前",
        "name": "岩松公民館前",
        "operator": "事業者不明",
        "ref": "",
        "url": "",
        "url2": ""
      }
    },
    {
      "type": "Feature",
      "geometry": {
        "type": "Point",
        "coordinates": [
          129.9817935,
          32.8918875
        ]
      },
      "properties": {
        "内容": "バス停: 岩松公民館前",
        "name": "岩松公民館前",
        "operator": "事業者不明",
        "ref": "",
        "url": "",
        "url2": ""
      }
    },
    {
      "type": "Feature",
      "geometry": {
        "type": "Point",
        "coordinates": [
          129.9836737,
          32.8875293
        ]
      },
      "properties": {
        "内容": "バス停: 陰平上公民館前",
        "name": "陰平上公民館前",
        "operator": "事業者不明",
        "ref": "",
        "url": "",
        "url2": ""
      }
    },
    {
      "type": "Feature",
      "geometry": {
        "type": "Point",
        "coordinates": [
          129.9834993,
          32.8875901
        ]
      },
      "properties": {
        "内容": "バス停: 陰平上公民館前",
        "name": "陰平上公民館前",
        "operator": "事業者不明",
        "ref": "",
        "url": "",
        "url2": ""
      }
    },
    {
      "type": "Feature",
      "geometry": {
        "type": "Point",
        "coordinates": [
          129.9790925,
          32.8868829
        ]
      },
      "properties": {
        "内容": "バス停: 陰平下公民館前",
        "name": "陰平下公民館前",
        "operator": "事業者不明",
        "ref": "",
        "url": "",
        "url2": ""
      }
    },
    {
      "type": "Feature",
      "geometry": {
        "type": "Point",
        "coordinates": [
          129.9790201,
          32.886955
        ]
      },
      "properties": {
        "内容": "バス停: 陰平下公民館前",
        "name": "陰平下公民館前",
        "operator": "事業者不明",
        "ref": "",
        "url": "",
        "url2": ""
      }
    },
    {
      "type": "Feature",
      "geometry": {
        "type": "Point",
        "coordinates": [
          129.9656197,
          32.9743577
        ]
      },
      "properties": {
        "内容": "バス停: 北野岳公民館前",
        "name": "北野岳公民館前",
        "operator": "事業者不明",
        "ref": "",
        "url": "",
        "url2": ""
      }
    },
    {
      "type": "Feature",
      "geometry": {
        "type": "Point",
        "coordinates": [
          129.9656814,
          32.974234
        ]
      },
      "properties": {
        "内容": "バス停: 北野岳公民館前",
        "name": "北野岳公民館前",
        "operator": "事業者不明",
        "ref": "",
        "url": "",
        "url2": ""
      }
    },
    {
      "type": "Feature",
      "geometry": {
        "type": "Point",
        "coordinates": [
          129.9501246,
          32.9742092
        ]
      },
      "properties": {
        "内容": "バス停: 梶ノ尾団地",
        "name": "梶ノ尾団地",
        "operator": "事業者不明",
        "ref": "",
        "url": "",
        "url2": ""
      }
    },
    {
      "type": "Feature",
      "geometry": {
        "type": "Point",
        "coordinates": [
          129.9499865,
          32.9741081
        ]
      },
      "properties": {
        "内容": "バス停: 梶ノ尾団地",
        "name": "梶ノ尾団地",
        "operator": "事業者不明",
        "ref": "",
        "url": "",
        "url2": ""
      }
    },
    {
      "type": "Feature",
      "geometry": {
        "type": "Point",
        "coordinates": [
          129.9571842,
          32.9788692
        ]
      },
      "properties": {
        "内容": "バス停: 今山北木場公民館前",
        "name": "今山北木場公民館前",
        "operator": "事業者不明",
        "ref": "",
        "url": "",
        "url2": ""
      }
    },
    {
      "type": "Feature",
      "geometry": {
        "type": "Point",
        "coordinates": [
          129.9570367,
          32.9789142
        ]
      },
      "properties": {
        "内容": "バス停: 今山北木場公民館前",
        "name": "今山北木場公民館前",
        "operator": "事業者不明",
        "ref": "",
        "url": "",
        "url2": ""
      }
    },
    {
      "type": "Feature",
      "geometry": {
        "type": "Point",
        "coordinates": [
          129.9834242,
          32.9811956
        ]
      },
      "properties": {
        "内容": "バス停: 平原入口",
        "name": "平原入口",
        "operator": "事業者不明",
        "ref": "",
        "url": "",
        "url2": ""
      }
    },
    {
      "type": "Feature",
      "geometry": {
        "type": "Point",
        "coordinates": [
          129.9835101,
          32.9810517
        ]
      },
      "properties": {
        "内容": "バス停: 平原入口",
        "name": "平原入口",
        "operator": "事業者不明",
        "ref": "",
        "url": "",
        "url2": ""
      }
    },
    {
      "type": "Feature",
      "geometry": {
        "type": "Point",
        "coordinates": [
          130.0031178,
          32.8466602
        ]
      },
      "properties": {
        "内容": "バス停: さつき台団地",
        "name": "さつき台団地",
        "operator": "事業者不明",
        "ref": "",
        "url": "",
        "url2": ""
      }
    },
    {
      "type": "Feature",
      "geometry": {
        "type": "Point",
        "coordinates": [
          129.9716168,
          32.8719216
        ]
      },
      "properties": {
        "内容": "バス停: 船津集会所前",
        "name": "船津集会所前",
        "operator": "事業者不明",
        "ref": "",
        "url": "",
        "url2": ""
      }
    },
    {
      "type": "Feature",
      "geometry": {
        "type": "Point",
        "coordinates": [
          129.9717271,
          32.8719079
        ]
      },
      "properties": {
        "内容": "バス停: 船津集会所前",
        "name": "船津集会所前",
        "operator": "事業者不明",
        "ref": "",
        "url": "",
        "url2": ""
      }
    },
    {
      "type": "Feature",
      "geometry": {
        "type": "Point",
        "coordinates": [
          129.9710051,
          32.8758642
        ]
      },
      "properties": {
        "内容": "バス停: 祝崎集落センター前",
        "name": "祝崎集落センター前",
        "operator": "事業者不明",
        "ref": "",
        "url": "",
        "url2": ""
      }
    },
    {
      "type": "Feature",
      "geometry": {
        "type": "Point",
        "coordinates": [
          129.9709029,
          32.8758648
        ]
      },
      "properties": {
        "内容": "バス停: 祝崎集落センター前",
        "name": "祝崎集落センター前",
        "operator": "事業者不明",
        "ref": "",
        "url": "",
        "url2": ""
      }
    },
    {
      "type": "Feature",
      "geometry": {
        "type": "Point",
        "coordinates": [
          129.9752596,
          32.874244
        ]
      },
      "properties": {
        "内容": "バス停: 船津",
        "name": "船津",
        "operator": "事業者不明",
        "ref": "",
        "url": "",
        "url2": ""
      }
    },
    {
      "type": "Feature",
      "geometry": {
        "type": "Point",
        "coordinates": [
          129.9754018,
          32.8743566
        ]
      },
      "properties": {
        "内容": "バス停: 船津",
        "name": "船津",
        "operator": "事業者不明",
        "ref": "",
        "url": "",
        "url2": ""
      }
    },
    {
      "type": "Feature",
      "geometry": {
        "type": "Point",
        "coordinates": [
          129.9816835,
          32.8920441
        ]
      },
      "properties": {
        "内容": "バス停: 岩松公民館前",
        "name": "岩松公民館前",
        "operator": "事業者不明",
        "ref": "",
        "url": "",
        "url2": ""
      }
    },
    {
      "type": "Feature",
      "geometry": {
        "type": "Point",
        "coordinates": [
          129.981713,
          32.8919483
        ]
      },
      "properties": {
        "内容": "バス停: 岩松公民館前",
        "name": "岩松公民館前",
        "operator": "事業者不明",
        "ref": "",
        "url": "",
        "url2": ""
      }
    },
    {
      "type": "Feature",
      "geometry": {
        "type": "Point",
        "coordinates": [
          129.9670789,
          32.8779496
        ]
      },
      "properties": {
        "内容": "バス停: 上祝崎",
        "name": "上祝崎",
        "operator": "事業者不明",
        "ref": "",
        "url": "",
        "url2": ""
      }
    },
    {
      "type": "Feature",
      "geometry": {
        "type": "Point",
        "coordinates": [
          129.966912,
          32.8778806
        ]
      },
      "properties": {
        "内容": "バス停: 上祝崎",
        "name": "上祝崎",
        "operator": "事業者不明",
        "ref": "",
        "url": "",
        "url2": ""
      }
    },
    {
      "type": "Feature",
      "geometry": {
        "type": "Point",
        "coordinates": [
          129.9737066,
          32.8861464
        ]
      },
      "properties": {
        "内容": "バス停: 釜川内公民館前",
        "name": "釜川内公民館前",
        "operator": "事業者不明",
        "ref": "",
        "url": "",
        "url2": ""
      }
    },
    {
      "type": "Feature",
      "geometry": {
        "type": "Point",
        "coordinates": [
          129.973551,
          32.8862004
        ]
      },
      "properties": {
        "内容": "バス停: 釜川内公民館前",
        "name": "釜川内公民館前",
        "operator": "事業者不明",
        "ref": "",
        "url": "",
        "url2": ""
      }
    },
    {
      "type": "Feature",
      "geometry": {
        "type": "Point",
        "coordinates": [
          130.01387,
          32.8509075
        ]
      },
      "properties": {
        "内容": "バス停: 今村橋",
        "name": "今村橋",
        "operator": "事業者不明",
        "ref": "",
        "url": "",
        "url2": ""
      }
    },
    {
      "type": "Feature",
      "geometry": {
        "type": "Point",
        "coordinates": [
          130.0138137,
          32.8509886
        ]
      },
      "properties": {
        "内容": "バス停: 今村橋",
        "name": "今村橋",
        "operator": "事業者不明",
        "ref": "",
        "url": "",
        "url2": ""
      }
    },
    {
      "type": "Feature",
      "geometry": {
        "type": "Point",
        "coordinates": [
          130.008802,
          32.8647067
        ]
      },
      "properties": {
        "内容": "バス停: 水頭公民館前",
        "name": "水頭公民館前",
        "operator": "事業者不明",
        "ref": "",
        "url": "",
        "url2": ""
      }
    },
    {
      "type": "Feature",
      "geometry": {
        "type": "Point",
        "coordinates": [
          130.0087403,
          32.8646346
        ]
      },
      "properties": {
        "内容": "バス停: 水頭公民館前",
        "name": "水頭公民館前",
        "operator": "事業者不明",
        "ref": "",
        "url": "",
        "url2": ""
      }
    },
    {
      "type": "Feature",
      "geometry": {
        "type": "Point",
        "coordinates": [
          129.9668643,
          32.9405496
        ]
      },
      "properties": {
        "内容": "バス停: 坂口",
        "name": "坂口",
        "operator": "事業者不明",
        "ref": "",
        "url": "",
        "url2": ""
      }
    },
    {
      "type": "Feature",
      "geometry": {
        "type": "Point",
        "coordinates": [
          129.965806,
          32.9461141
        ]
      },
      "properties": {
        "内容": "バス停: 荒瀬",
        "name": "荒瀬",
        "operator": "事業者不明",
        "ref": "",
        "url": "",
        "url2": ""
      }
    },
    {
      "type": "Feature",
      "geometry": {
        "type": "Point",
        "coordinates": [
          129.9658612,
          32.9460791
        ]
      },
      "properties": {
        "内容": "バス停: 荒瀬",
        "name": "荒瀬",
        "operator": "事業者不明",
        "ref": "",
        "url": "",
        "url2": ""
      }
    },
    {
      "type": "Feature",
      "geometry": {
        "type": "Point",
        "coordinates": [
          129.9657237,
          32.9449464
        ]
      },
      "properties": {
        "内容": "バス停: 荒瀬公民館前",
        "name": "荒瀬公民館前",
        "operator": "事業者不明",
        "ref": "",
        "url": "",
        "url2": ""
      }
    },
    {
      "type": "Feature",
      "geometry": {
        "type": "Point",
        "coordinates": [
          129.9656209,
          32.9449852
        ]
      },
      "properties": {
        "内容": "バス停: 荒瀬公民館前",
        "name": "荒瀬公民館前",
        "operator": "事業者不明",
        "ref": "",
        "url": "",
        "url2": ""
      }
    },
    {
      "type": "Feature",
      "geometry": {
        "type": "Point",
        "coordinates": [
          130.0609884,
          32.9743307
        ]
      },
      "properties": {
        "内容": "バス停: 黒木キャンプ場",
        "name": "黒木キャンプ場",
        "operator": "事業者不明",
        "ref": "",
        "url": "",
        "url2": ""
      }
    },
    {
      "type": "Feature",
      "geometry": {
        "type": "Point",
        "coordinates": [
          130.0608274,
          32.9744072
        ]
      },
      "properties": {
        "内容": "バス停: 黒木キャンプ場",
        "name": "黒木キャンプ場",
        "operator": "事業者不明",
        "ref": "",
        "url": "",
        "url2": ""
      }
    },
    {
      "type": "Feature",
      "geometry": {
        "type": "Point",
        "coordinates": [
          130.0307049,
          32.9885662
        ]
      },
      "properties": {
        "内容": "バス停: 北ノ川内",
        "name": "北ノ川内",
        "operator": "事業者不明",
        "ref": "",
        "url": "",
        "url2": ""
      }
    },
    {
      "type": "Feature",
      "geometry": {
        "type": "Point",
        "coordinates": [
          130.0099111,
          32.9542639
        ]
      },
      "properties": {
        "内容": "バス停: 中岳公民館前",
        "name": "中岳公民館前",
        "operator": "事業者不明",
        "ref": "",
        "url": "",
        "url2": ""
      }
    },
    {
      "type": "Feature",
      "geometry": {
        "type": "Point",
        "coordinates": [
          130.0100881,
          32.9542189
        ]
      },
      "properties": {
        "内容": "バス停: 中岳公民館前",
        "name": "中岳公民館前",
        "operator": "事業者不明",
        "ref": "",
        "url": "",
        "url2": ""
      }
    },
    {
      "type": "Feature",
      "geometry": {
        "type": "Point",
        "coordinates": [
          129.9762467,
          32.8870417
        ]
      },
      "properties": {
        "内容": "バス停: 田久保",
        "name": "田久保",
        "operator": "事業者不明",
        "ref": "",
        "url": "",
        "url2": ""
      }
    },
    {
      "type": "Feature",
      "geometry": {
        "type": "Point",
        "coordinates": [
          129.9762762,
          32.8871329
        ]
      },
      "properties": {
        "内容": "バス停: 田久保",
        "name": "田久保",
        "operator": "事業者不明",
        "ref": "",
        "url": "",
        "url2": ""
      }
    },
    {
      "type": "Feature",
      "geometry": {
        "type": "Point",
        "coordinates": [
          129.9429551,
          32.7768112
        ]
      },
      "properties": {
        "内容": "バス停: 高城台西",
        "name": "高城台西",
        "operator": "事業者不明",
        "ref": "",
        "url": "",
        "url2": ""
      }
    },
    {
      "type": "Feature",
      "geometry": {
        "type": "Point",
        "coordinates": [
          129.9430677,
          32.7769104
        ]
      },
      "properties": {
        "内容": "バス停: 高城台西",
        "name": "高城台西",
        "operator": "事業者不明",
        "ref": "",
        "url": "",
        "url2": ""
      }
    },
    {
      "type": "Feature",
      "geometry": {
        "type": "Point",
        "coordinates": [
          129.9465573,
          32.7754581
        ]
      },
      "properties": {
        "内容": "バス停: 高城台南",
        "name": "高城台南",
        "operator": "事業者不明",
        "ref": "",
        "url": "",
        "url2": ""
      }
    },
    {
      "type": "Feature",
      "geometry": {
        "type": "Point",
        "coordinates": [
          129.9463132,
          32.7754671
        ]
      },
      "properties": {
        "内容": "バス停: 高城台南",
        "name": "高城台南",
        "operator": "事業者不明",
        "ref": "",
        "url": "",
        "url2": ""
      }
    },
    {
      "type": "Feature",
      "geometry": {
        "type": "Point",
        "coordinates": [
          129.9477214,
          32.7777403
        ]
      },
      "properties": {
        "内容": "バス停: 高城台中央",
        "name": "高城台中央",
        "operator": "事業者不明",
        "ref": "",
        "url": "",
        "url2": ""
      }
    },
    {
      "type": "Feature",
      "geometry": {
        "type": "Point",
        "coordinates": [
          129.947606,
          32.7775261
        ]
      },
      "properties": {
        "内容": "バス停: 高城台中央",
        "name": "高城台中央",
        "operator": "事業者不明",
        "ref": "",
        "url": "",
        "url2": ""
      }
    },
    {
      "type": "Feature",
      "geometry": {
        "type": "Point",
        "coordinates": [
          129.9505055,
          32.7773254
        ]
      },
      "properties": {
        "内容": "バス停: 宮郷",
        "name": "宮郷",
        "operator": "事業者不明",
        "ref": "",
        "url": "",
        "url2": ""
      }
    },
    {
      "type": "Feature",
      "geometry": {
        "type": "Point",
        "coordinates": [
          129.9506047,
          32.777402
        ]
      },
      "properties": {
        "内容": "バス停: 宮郷",
        "name": "宮郷",
        "operator": "事業者不明",
        "ref": "",
        "url": "",
        "url2": ""
      }
    },
    {
      "type": "Feature",
      "geometry": {
        "type": "Point",
        "coordinates": [
          129.9368504,
          32.7645671
        ]
      },
      "properties": {
        "内容": "バス停: 大曲",
        "name": "大曲",
        "operator": "事業者不明",
        "ref": "",
        "url": "",
        "url2": ""
      }
    },
    {
      "type": "Feature",
      "geometry": {
        "type": "Point",
        "coordinates": [
          129.9379809,
          32.7635352
        ]
      },
      "properties": {
        "内容": "バス停: 大曲",
        "name": "大曲",
        "operator": "事業者不明",
        "ref": "",
        "url": "",
        "url2": ""
      }
    },
    {
      "type": "Feature",
      "geometry": {
        "type": "Point",
        "coordinates": [
          129.9437839,
          32.7574823
        ]
      },
      "properties": {
        "内容": "バス停: ペンギン水族館前",
        "name": "ペンギン水族館前",
        "operator": "事業者不明",
        "ref": "",
        "url": "",
        "url2": ""
      }
    },
    {
      "type": "Feature",
      "geometry": {
        "type": "Point",
        "coordinates": [
          129.9429832,
          32.7581399
        ]
      },
      "properties": {
        "内容": "バス停: 日見公園前",
        "name": "日見公園前",
        "operator": "事業者不明",
        "ref": "",
        "url": "",
        "url2": ""
      }
    },
    {
      "type": "Feature",
      "geometry": {
        "type": "Point",
        "coordinates": [
          129.9448675,
          32.7563568
        ]
      },
      "properties": {
        "内容": "バス停: 長総大前",
        "name": "長総大前",
        "operator": "事業者不明",
        "ref": "",
        "url": "",
        "url2": ""
      }
    },
    {
      "type": "Feature",
      "geometry": {
        "type": "Point",
        "coordinates": [
          129.9450559,
          32.756306
        ]
      },
      "properties": {
        "内容": "バス停: 長総大前",
        "name": "長総大前",
        "operator": "事業者不明",
        "ref": "",
        "url": "",
        "url2": ""
      }
    },
    {
      "type": "Feature",
      "geometry": {
        "type": "Point",
        "coordinates": [
          129.9472225,
          32.7541586
        ]
      },
      "properties": {
        "内容": "バス停: 網場",
        "name": "網場",
        "operator": "事業者不明",
        "ref": "",
        "url": "",
        "url2": ""
      }
    },
    {
      "type": "Feature",
      "geometry": {
        "type": "Point",
        "coordinates": [
          129.9474961,
          32.7540864
        ]
      },
      "properties": {
        "内容": "バス停: 網場",
        "name": "網場",
        "operator": "事業者不明",
        "ref": "",
        "url": "",
        "url2": ""
      }
    },
    {
      "type": "Feature",
      "geometry": {
        "type": "Point",
        "coordinates": [
          129.9498175,
          32.7522694
        ]
      },
      "properties": {
        "内容": "バス停: 天満宮前",
        "name": "天満宮前",
        "operator": "事業者不明",
        "ref": "",
        "url": "",
        "url2": ""
      }
    },
    {
      "type": "Feature",
      "geometry": {
        "type": "Point",
        "coordinates": [
          129.9496298,
          32.7522096
        ]
      },
      "properties": {
        "内容": "バス停: 天満宮前",
        "name": "天満宮前",
        "operator": "事業者不明",
        "ref": "",
        "url": "",
        "url2": ""
      }
    },
    {
      "type": "Feature",
      "geometry": {
        "type": "Point",
        "coordinates": [
          129.9517474,
          32.7500925
        ]
      },
      "properties": {
        "内容": "バス停: 小崎",
        "name": "小崎",
        "operator": "事業者不明",
        "ref": "",
        "url": "",
        "url2": ""
      }
    },
    {
      "type": "Feature",
      "geometry": {
        "type": "Point",
        "coordinates": [
          129.9517071,
          32.7499775
        ]
      },
      "properties": {
        "内容": "バス停: 小崎",
        "name": "小崎",
        "operator": "事業者不明",
        "ref": "",
        "url": "",
        "url2": ""
      }
    },
    {
      "type": "Feature",
      "geometry": {
        "type": "Point",
        "coordinates": [
          129.9526446,
          32.746985
        ]
      },
      "properties": {
        "内容": "バス停: 尾上",
        "name": "尾上",
        "operator": "事業者不明",
        "ref": "",
        "url": "",
        "url2": ""
      }
    },
    {
      "type": "Feature",
      "geometry": {
        "type": "Point",
        "coordinates": [
          129.9525748,
          32.7468993
        ]
      },
      "properties": {
        "内容": "バス停: 尾上",
        "name": "尾上",
        "operator": "事業者不明",
        "ref": "",
        "url": "",
        "url2": ""
      }
    },
    {
      "type": "Feature",
      "geometry": {
        "type": "Point",
        "coordinates": [
          129.9911597,
          32.8271299
        ]
      },
      "properties": {
        "内容": "バス停: 西陵高校",
        "name": "西陵高校",
        "operator": "事業者不明",
        "ref": "",
        "url": "",
        "url2": ""
      }
    },
    {
      "type": "Feature",
      "geometry": {
        "type": "Point",
        "coordinates": [
          129.9912831,
          32.8270533
        ]
      },
      "properties": {
        "内容": "バス停: 西陵高校",
        "name": "西陵高校",
        "operator": "事業者不明",
        "ref": "",
        "url": "",
        "url2": ""
      }
    },
    {
      "type": "Feature",
      "geometry": {
        "type": "Point",
        "coordinates": [
          129.9534613,
          32.7428194
        ]
      },
      "properties": {
        "内容": "バス停: 春日車庫前",
        "name": "春日車庫前",
        "operator": "事業者不明",
        "ref": "",
        "url": "",
        "url2": ""
      }
    },
    {
      "type": "Feature",
      "geometry": {
        "type": "Point",
        "coordinates": [
          129.9532252,
          32.7427743
        ]
      },
      "properties": {
        "内容": "バス停: 春日車庫前",
        "name": "春日車庫前",
        "operator": "事業者不明",
        "ref": "",
        "url": "",
        "url2": ""
      }
    },
    {
      "type": "Feature",
      "geometry": {
        "type": "Point",
        "coordinates": [
          129.9518801,
          32.7754062
        ]
      },
      "properties": {
        "内容": "バス停: 矢上",
        "name": "矢上",
        "operator": "事業者不明",
        "ref": "",
        "url": "",
        "url2": ""
      }
    },
    {
      "type": "Feature",
      "geometry": {
        "type": "Point",
        "coordinates": [
          129.9517648,
          32.7754897
        ]
      },
      "properties": {
        "内容": "バス停: 矢上",
        "name": "矢上",
        "operator": "事業者不明",
        "ref": "",
        "url": "",
        "url2": ""
      }
    },
    {
      "type": "Feature",
      "geometry": {
        "type": "Point",
        "coordinates": [
          129.9506664,
          32.771464
        ]
      },
      "properties": {
        "内容": "バス停: 番所橋",
        "name": "番所橋",
        "operator": "事業者不明",
        "ref": "",
        "url": "",
        "url2": ""
      }
    },
    {
      "type": "Feature",
      "geometry": {
        "type": "Point",
        "coordinates": [
          129.9505886,
          32.7715858
        ]
      },
      "properties": {
        "内容": "バス停: 番所橋",
        "name": "番所橋",
        "operator": "事業者不明",
        "ref": "",
        "url": "",
        "url2": ""
      }
    },
    {
      "type": "Feature",
      "geometry": {
        "type": "Point",
        "coordinates": [
          129.9484107,
          32.7670018
        ]
      },
      "properties": {
        "内容": "バス停: 東望道",
        "name": "東望道",
        "operator": "事業者不明",
        "ref": "",
        "url": "",
        "url2": ""
      }
    },
    {
      "type": "Feature",
      "geometry": {
        "type": "Point",
        "coordinates": [
          129.9485864,
          32.7671924
        ]
      },
      "properties": {
        "内容": "バス停: 東望道",
        "name": "東望道",
        "operator": "事業者不明",
        "ref": "",
        "url": "",
        "url2": ""
      }
    },
    {
      "type": "Feature",
      "geometry": {
        "type": "Point",
        "coordinates": [
          129.9480486,
          32.7637697
        ]
      },
      "properties": {
        "内容": "バス停: 東切通",
        "name": "東切通",
        "operator": "事業者不明",
        "ref": "",
        "url": "",
        "url2": ""
      }
    },
    {
      "type": "Feature",
      "geometry": {
        "type": "Point",
        "coordinates": [
          129.9479916,
          32.7638447
        ]
      },
      "properties": {
        "内容": "バス停: 東切通",
        "name": "東切通",
        "operator": "事業者不明",
        "ref": "",
        "url": "",
        "url2": ""
      }
    },
    {
      "type": "Feature",
      "geometry": {
        "type": "Point",
        "coordinates": [
          129.947087,
          32.7608815
        ]
      },
      "properties": {
        "内容": "バス停: 切通",
        "name": "切通",
        "operator": "事業者不明",
        "ref": "",
        "url": "",
        "url2": ""
      }
    },
    {
      "type": "Feature",
      "geometry": {
        "type": "Point",
        "coordinates": [
          129.9469315,
          32.7606447
        ]
      },
      "properties": {
        "内容": "バス停: 切通",
        "name": "切通",
        "operator": "事業者不明",
        "ref": "",
        "url": "",
        "url2": ""
      }
    },
    {
      "type": "Feature",
      "geometry": {
        "type": "Point",
        "coordinates": [
          129.9428183,
          32.7588312
        ]
      },
      "properties": {
        "内容": "バス停: 日見公園前",
        "name": "日見公園前",
        "operator": "事業者不明",
        "ref": "",
        "url": "",
        "url2": ""
      }
    },
    {
      "type": "Feature",
      "geometry": {
        "type": "Point",
        "coordinates": [
          129.9423315,
          32.7588628
        ]
      },
      "properties": {
        "内容": "バス停: 日見公園前",
        "name": "日見公園前",
        "operator": "事業者不明",
        "ref": "",
        "url": "",
        "url2": ""
      }
    },
    {
      "type": "Feature",
      "geometry": {
        "type": "Point",
        "coordinates": [
          129.9409327,
          32.7599618
        ]
      },
      "properties": {
        "内容": "バス停: 日見宿跡",
        "name": "日見宿跡",
        "operator": "事業者不明",
        "ref": "",
        "url": "",
        "url2": ""
      }
    },
    {
      "type": "Feature",
      "geometry": {
        "type": "Point",
        "coordinates": [
          129.9408361,
          32.7599336
        ]
      },
      "properties": {
        "内容": "バス停: 日見宿跡",
        "name": "日見宿跡",
        "operator": "事業者不明",
        "ref": "",
        "url": "",
        "url2": ""
      }
    },
    {
      "type": "Feature",
      "geometry": {
        "type": "Point",
        "coordinates": [
          129.9393851,
          32.7602878
        ]
      },
      "properties": {
        "内容": "バス停: 八坂神社前",
        "name": "八坂神社前",
        "operator": "事業者不明",
        "ref": "",
        "url": "",
        "url2": ""
      }
    },
    {
      "type": "Feature",
      "geometry": {
        "type": "Point",
        "coordinates": [
          129.939145,
          32.7602596
        ]
      },
      "properties": {
        "内容": "バス停: 八坂神社前",
        "name": "八坂神社前",
        "operator": "事業者不明",
        "ref": "",
        "url": "",
        "url2": ""
      }
    },
    {
      "type": "Feature",
      "geometry": {
        "type": "Point",
        "coordinates": [
          130.0398915,
          32.844348
        ]
      },
      "properties": {
        "内容": "バス停: 御館山公園口",
        "name": "御館山公園口",
        "operator": "事業者不明",
        "ref": "",
        "url": "",
        "url2": ""
      }
    },
    {
      "type": "Feature",
      "geometry": {
        "type": "Point",
        "coordinates": [
          130.0410891,
          32.8456144
        ]
      },
      "properties": {
        "内容": "バス停: 御館山公園口",
        "name": "御館山公園口",
        "operator": "事業者不明",
        "ref": "",
        "url": "",
        "url2": ""
      }
    },
    {
      "type": "Feature",
      "geometry": {
        "type": "Point",
        "coordinates": [
          130.0362155,
          32.8416708
        ]
      },
      "properties": {
        "内容": "バス停: 競技場北口",
        "name": "競技場北口",
        "operator": "事業者不明",
        "ref": "",
        "url": "",
        "url2": ""
      }
    },
    {
      "type": "Feature",
      "geometry": {
        "type": "Point",
        "coordinates": [
          130.0348717,
          32.8411818
        ]
      },
      "properties": {
        "内容": "バス停: 競技場北口",
        "name": "競技場北口",
        "operator": "事業者不明",
        "ref": "",
        "url": "",
        "url2": ""
      }
    },
    {
      "type": "Feature",
      "geometry": {
        "type": "Point",
        "coordinates": [
          130.0314438,
          32.841157
        ]
      },
      "properties": {
        "内容": "バス停: ポリテクセンター長崎前",
        "name": "ポリテクセンター長崎前",
        "operator": "事業者不明",
        "ref": "",
        "url": "",
        "url2": ""
      }
    },
    {
      "type": "Feature",
      "geometry": {
        "type": "Point",
        "coordinates": [
          130.0323102,
          32.8413058
        ]
      },
      "properties": {
        "内容": "バス停: ポリテクセンター長崎前",
        "name": "ポリテクセンター長崎前",
        "operator": "事業者不明",
        "ref": "",
        "url": "",
        "url2": ""
      }
    },
    {
      "type": "Feature",
      "geometry": {
        "type": "Point",
        "coordinates": [
          130.0274473,
          32.8408291
        ]
      },
      "properties": {
        "内容": "バス停: 高峰",
        "name": "高峰",
        "operator": "事業者不明",
        "ref": "",
        "url": "",
        "url2": ""
      }
    },
    {
      "type": "Feature",
      "geometry": {
        "type": "Point",
        "coordinates": [
          130.0266152,
          32.840868
        ]
      },
      "properties": {
        "内容": "バス停: 高峰",
        "name": "高峰",
        "operator": "事業者不明",
        "ref": "",
        "url": "",
        "url2": ""
      }
    },
    {
      "type": "Feature",
      "geometry": {
        "type": "Point",
        "coordinates": [
          130.0192881,
          32.8374792
        ]
      },
      "properties": {
        "内容": "バス停: 農林試験場前",
        "name": "農林試験場前",
        "operator": "事業者不明",
        "ref": "",
        "url": "",
        "url2": ""
      }
    },
    {
      "type": "Feature",
      "geometry": {
        "type": "Point",
        "coordinates": [
          129.9606684,
          32.8061426
        ]
      },
      "properties": {
        "内容": "バス停: 古賀団地",
        "name": "古賀団地",
        "operator": "事業者不明",
        "ref": "",
        "url": "",
        "url2": ""
      }
    },
    {
      "type": "Feature",
      "geometry": {
        "type": "Point",
        "coordinates": [
          129.9606979,
          32.8060412
        ]
      },
      "properties": {
        "内容": "バス停: 古賀団地",
        "name": "古賀団地",
        "operator": "事業者不明",
        "ref": "",
        "url": "",
        "url2": ""
      }
    },
    {
      "type": "Feature",
      "geometry": {
        "type": "Point",
        "coordinates": [
          129.9587573,
          32.8085458
        ]
      },
      "properties": {
        "内容": "バス停: 団地中央",
        "name": "団地中央",
        "operator": "事業者不明",
        "ref": "",
        "url": "",
        "url2": ""
      }
    },
    {
      "type": "Feature",
      "geometry": {
        "type": "Point",
        "coordinates": [
          129.959047,
          32.808716
        ]
      },
      "properties": {
        "内容": "バス停: 団地中央",
        "name": "団地中央",
        "operator": "事業者不明",
        "ref": "",
        "url": "",
        "url2": ""
      }
    },
    {
      "type": "Feature",
      "geometry": {
        "type": "Point",
        "coordinates": [
          129.9607515,
          32.8108261
        ]
      },
      "properties": {
        "内容": "バス停: 多良見団地",
        "name": "多良見団地",
        "operator": "事業者不明",
        "ref": "",
        "url": "",
        "url2": ""
      }
    },
    {
      "type": "Feature",
      "geometry": {
        "type": "Point",
        "coordinates": [
          129.9611847,
          32.8109647
        ]
      },
      "properties": {
        "内容": "バス停: 多良見団地",
        "name": "多良見団地",
        "operator": "事業者不明",
        "ref": "",
        "url": "",
        "url2": ""
      }
    },
    {
      "type": "Feature",
      "geometry": {
        "type": "Point",
        "coordinates": [
          129.9642679,
          32.8121899
        ]
      },
      "properties": {
        "内容": "バス停: つつじが丘",
        "name": "つつじが丘",
        "operator": "事業者不明",
        "ref": "",
        "url": "",
        "url2": ""
      }
    },
    {
      "type": "Feature",
      "geometry": {
        "type": "Point",
        "coordinates": [
          129.9642867,
          32.812058
        ]
      },
      "properties": {
        "内容": "バス停: つつじが丘",
        "name": "つつじが丘",
        "operator": "事業者不明",
        "ref": "",
        "url": "",
        "url2": ""
      }
    },
    {
      "type": "Feature",
      "geometry": {
        "type": "Point",
        "coordinates": [
          129.9369349,
          32.7635171
        ]
      },
      "properties": {
        "内容": "バス停: 団地前",
        "name": "団地前",
        "operator": "事業者不明",
        "ref": "",
        "url": "",
        "url2": ""
      }
    },
    {
      "type": "Feature",
      "geometry": {
        "type": "Point",
        "coordinates": [
          129.9371535,
          32.76386
        ]
      },
      "properties": {
        "内容": "バス停: 団地前",
        "name": "団地前",
        "operator": "事業者不明",
        "ref": "",
        "url": "",
        "url2": ""
      }
    },
    {
      "type": "Feature",
      "geometry": {
        "type": "Point",
        "coordinates": [
          129.9444598,
          32.7603583
        ]
      },
      "properties": {
        "内容": "バス停: 網場道",
        "name": "網場道",
        "operator": "事業者不明",
        "ref": "",
        "url": "",
        "url2": ""
      }
    },
    {
      "type": "Feature",
      "geometry": {
        "type": "Point",
        "coordinates": [
          130.0391176,
          32.8492468
        ]
      },
      "properties": {
        "内容": "バス停: 諫早商高前",
        "name": "諫早商高前",
        "operator": "事業者不明",
        "ref": "",
        "url": "",
        "url2": ""
      }
    },
    {
      "type": "Feature",
      "geometry": {
        "type": "Point",
        "coordinates": [
          130.0387207,
          32.849044
        ]
      },
      "properties": {
        "内容": "バス停: 諫早商高前",
        "name": "諫早商高前",
        "operator": "事業者不明",
        "ref": "",
        "url": "",
        "url2": ""
      }
    },
    {
      "type": "Feature",
      "geometry": {
        "type": "Point",
        "coordinates": [
          130.0369129,
          32.8491973
        ]
      },
      "properties": {
        "内容": "バス停: 御館山",
        "name": "御館山",
        "operator": "事業者不明",
        "ref": "",
        "url": "",
        "url2": ""
      }
    },
    {
      "type": "Feature",
      "geometry": {
        "type": "Point",
        "coordinates": [
          130.0371891,
          32.8490012
        ]
      },
      "properties": {
        "内容": "バス停: 御館山",
        "name": "御館山",
        "operator": "事業者不明",
        "ref": "",
        "url": "",
        "url2": ""
      }
    },
    {
      "type": "Feature",
      "geometry": {
        "type": "Point",
        "coordinates": [
          130.0330505,
          32.8496941
        ]
      },
      "properties": {
        "内容": "バス停: 女乙石",
        "name": "女乙石",
        "operator": "事業者不明",
        "ref": "",
        "url": "",
        "url2": ""
      }
    },
    {
      "type": "Feature",
      "geometry": {
        "type": "Point",
        "coordinates": [
          130.0335293,
          32.8495398
        ]
      },
      "properties": {
        "内容": "バス停: 女乙石",
        "name": "女乙石",
        "operator": "事業者不明",
        "ref": "",
        "url": "",
        "url2": ""
      }
    },
    {
      "type": "Feature",
      "geometry": {
        "type": "Point",
        "coordinates": [
          130.0297607,
          32.8496198
        ]
      },
      "properties": {
        "内容": "バス停: 中尾町",
        "name": "中尾町",
        "operator": "事業者不明",
        "ref": "",
        "url": "",
        "url2": ""
      }
    },
    {
      "type": "Feature",
      "geometry": {
        "type": "Point",
        "coordinates": [
          130.0298318,
          32.849773
        ]
      },
      "properties": {
        "内容": "バス停: 中尾町",
        "name": "中尾町",
        "operator": "事業者不明",
        "ref": "",
        "url": "",
        "url2": ""
      }
    },
    {
      "type": "Feature",
      "geometry": {
        "type": "Point",
        "coordinates": [
          130.0253244,
          32.8492457
        ]
      },
      "properties": {
        "内容": "バス停: 山川町",
        "name": "山川町",
        "operator": "事業者不明",
        "ref": "",
        "url": "",
        "url2": ""
      }
    },
    {
      "type": "Feature",
      "geometry": {
        "type": "Point",
        "coordinates": [
          130.0262028,
          32.8494722
        ]
      },
      "properties": {
        "内容": "バス停: 山川町",
        "name": "山川町",
        "operator": "事業者不明",
        "ref": "",
        "url": "",
        "url2": ""
      }
    },
    {
      "type": "Feature",
      "geometry": {
        "type": "Point",
        "coordinates": [
          130.0240248,
          32.8457271
        ]
      },
      "properties": {
        "内容": "バス停: 地区センター前",
        "name": "地区センター前",
        "operator": "事業者不明",
        "ref": "",
        "url": "",
        "url2": ""
      }
    },
    {
      "type": "Feature",
      "geometry": {
        "type": "Point",
        "coordinates": [
          130.0237855,
          32.8453671
        ]
      },
      "properties": {
        "内容": "バス停: 地区センター前",
        "name": "地区センター前",
        "operator": "事業者不明",
        "ref": "",
        "url": "",
        "url2": ""
      }
    },
    {
      "type": "Feature",
      "geometry": {
        "type": "Point",
        "coordinates": [
          130.0211804,
          32.8414973
        ]
      },
      "properties": {
        "内容": "バス停: 西諫早駅通",
        "name": "西諫早駅通",
        "operator": "事業者不明",
        "ref": "",
        "url": "",
        "url2": ""
      }
    },
    {
      "type": "Feature",
      "geometry": {
        "type": "Point",
        "coordinates": [
          130.0210798,
          32.8415525
        ]
      },
      "properties": {
        "内容": "バス停: 西諫早駅通",
        "name": "西諫早駅通",
        "operator": "事業者不明",
        "ref": "",
        "url": "",
        "url2": ""
      }
    },
    {
      "type": "Feature",
      "geometry": {
        "type": "Point",
        "coordinates": [
          130.0128293,
          32.8425857
        ]
      },
      "properties": {
        "内容": "バス停: 諫早営業所",
        "name": "諫早営業所",
        "operator": "事業者不明",
        "ref": "",
        "url": "",
        "url2": ""
      }
    },
    {
      "type": "Feature",
      "geometry": {
        "type": "Point",
        "coordinates": [
          130.0133067,
          32.8418827
        ]
      },
      "properties": {
        "内容": "バス停: 諫早営業所",
        "name": "諫早営業所",
        "operator": "事業者不明",
        "ref": "",
        "url": "",
        "url2": ""
      }
    },
    {
      "type": "Feature",
      "geometry": {
        "type": "Point",
        "coordinates": [
          130.0142173,
          32.8401373
        ]
      },
      "properties": {
        "内容": "バス停: 日大高校前",
        "name": "日大高校前",
        "operator": "事業者不明",
        "ref": "",
        "url": "",
        "url2": ""
      }
    },
    {
      "type": "Feature",
      "geometry": {
        "type": "Point",
        "coordinates": [
          130.0133067,
          32.8411074
        ]
      },
      "properties": {
        "内容": "バス停: 日大高校前",
        "name": "日大高校前",
        "operator": "事業者不明",
        "ref": "",
        "url": "",
        "url2": ""
      }
    },
    {
      "type": "Feature",
      "geometry": {
        "type": "Point",
        "coordinates": [
          130.0135803,
          32.8394725
        ]
      },
      "properties": {
        "内容": "バス停: 日大高校前",
        "name": "日大高校前",
        "operator": "事業者不明",
        "ref": "",
        "url": "",
        "url2": ""
      }
    },
    {
      "type": "Feature",
      "geometry": {
        "type": "Point",
        "coordinates": [
          130.014275,
          32.8378105
        ]
      },
      "properties": {
        "内容": "バス停: 貝津団地入口",
        "name": "貝津団地入口",
        "operator": "事業者不明",
        "ref": "",
        "url": "",
        "url2": ""
      }
    },
    {
      "type": "Feature",
      "geometry": {
        "type": "Point",
        "coordinates": [
          130.0145137,
          32.8366003
        ]
      },
      "properties": {
        "内容": "バス停: 貝津団地入口",
        "name": "貝津団地入口",
        "operator": "事業者不明",
        "ref": "",
        "url": "",
        "url2": ""
      }
    },
    {
      "type": "Feature",
      "geometry": {
        "type": "Point",
        "coordinates": [
          130.0143099,
          32.8361563
        ]
      },
      "properties": {
        "内容": "バス停: 貝津団地入口",
        "name": "貝津団地入口",
        "operator": "事業者不明",
        "ref": "",
        "url": "",
        "url2": ""
      }
    },
    {
      "type": "Feature",
      "geometry": {
        "type": "Point",
        "coordinates": [
          130.0134851,
          32.8372482
        ]
      },
      "properties": {
        "内容": "バス停: 貝津団地入口",
        "name": "貝津団地入口",
        "operator": "事業者不明",
        "ref": "",
        "url": "",
        "url2": ""
      }
    },
    {
      "type": "Feature",
      "geometry": {
        "type": "Point",
        "coordinates": [
          130.0058717,
          32.8368031
        ]
      },
      "properties": {
        "内容": "バス停: 横島",
        "name": "横島",
        "operator": "事業者不明",
        "ref": "",
        "url": "",
        "url2": ""
      }
    },
    {
      "type": "Feature",
      "geometry": {
        "type": "Point",
        "coordinates": [
          130.0056584,
          32.8369383
        ]
      },
      "properties": {
        "内容": "バス停: 横島",
        "name": "横島",
        "operator": "事業者不明",
        "ref": "",
        "url": "",
        "url2": ""
      }
    },
    {
      "type": "Feature",
      "geometry": {
        "type": "Point",
        "coordinates": [
          130.0025927,
          32.8338665
        ]
      },
      "properties": {
        "内容": "バス停: 久山橋",
        "name": "久山橋",
        "operator": "事業者不明",
        "ref": "",
        "url": "",
        "url2": ""
      }
    },
    {
      "type": "Feature",
      "geometry": {
        "type": "Point",
        "coordinates": [
          130.002024,
          32.8327329
        ]
      },
      "properties": {
        "内容": "バス停: 久山橋",
        "name": "久山橋",
        "operator": "事業者不明",
        "ref": "",
        "url": "",
        "url2": ""
      }
    },
    {
      "type": "Feature",
      "geometry": {
        "type": "Point",
        "coordinates": [
          129.9996355,
          32.8301028
        ]
      },
      "properties": {
        "内容": "バス停: 久山",
        "name": "久山",
        "operator": "事業者不明",
        "ref": "",
        "url": "",
        "url2": ""
      }
    },
    {
      "type": "Feature",
      "geometry": {
        "type": "Point",
        "coordinates": [
          129.9983561,
          32.8294446
        ]
      },
      "properties": {
        "内容": "バス停: 久山",
        "name": "久山",
        "operator": "事業者不明",
        "ref": "",
        "url": "",
        "url2": ""
      }
    },
    {
      "type": "Feature",
      "geometry": {
        "type": "Point",
        "coordinates": [
          129.9956149,
          32.8289364
        ]
      },
      "properties": {
        "内容": "バス停: 西陵高校入口",
        "name": "西陵高校入口",
        "operator": "事業者不明",
        "ref": "",
        "url": "",
        "url2": ""
      }
    },
    {
      "type": "Feature",
      "geometry": {
        "type": "Point",
        "coordinates": [
          129.9961057,
          32.8290671
        ]
      },
      "properties": {
        "内容": "バス停: 西陵高校入口",
        "name": "西陵高校入口",
        "operator": "事業者不明",
        "ref": "",
        "url": "",
        "url2": ""
      }
    },
    {
      "type": "Feature",
      "geometry": {
        "type": "Point",
        "coordinates": [
          129.98649,
          32.8309322
        ]
      },
      "properties": {
        "内容": "バス停: 喜々津駅通",
        "name": "喜々津駅通",
        "operator": "事業者不明",
        "ref": "",
        "url": "",
        "url2": ""
      }
    },
    {
      "type": "Feature",
      "geometry": {
        "type": "Point",
        "coordinates": [
          129.9873322,
          32.8309265
        ]
      },
      "properties": {
        "内容": "バス停: 喜々津駅通",
        "name": "喜々津駅通",
        "operator": "事業者不明",
        "ref": "",
        "url": "",
        "url2": ""
      }
    },
    {
      "type": "Feature",
      "geometry": {
        "type": "Point",
        "coordinates": [
          129.9865732,
          32.8304352
        ]
      },
      "properties": {
        "内容": "バス停: 喜々津駅通",
        "name": "喜々津駅通",
        "operator": "事業者不明",
        "ref": "",
        "url": "",
        "url2": ""
      }
    },
    {
      "type": "Feature",
      "geometry": {
        "type": "Point",
        "coordinates": [
          129.9873671,
          32.8301614
        ]
      },
      "properties": {
        "内容": "バス停: 喜々津駅通",
        "name": "喜々津駅通",
        "operator": "事業者不明",
        "ref": "",
        "url": "",
        "url2": ""
      }
    },
    {
      "type": "Feature",
      "geometry": {
        "type": "Point",
        "coordinates": [
          129.9865571,
          32.8301467
        ]
      },
      "properties": {
        "内容": "バス停: 喜々津駅通",
        "name": "喜々津駅通",
        "operator": "事業者不明",
        "ref": "",
        "url": "",
        "url2": ""
      }
    },
    {
      "type": "Feature",
      "geometry": {
        "type": "Point",
        "coordinates": [
          129.9839097,
          32.8290006
        ]
      },
      "properties": {
        "内容": "バス停: 諫早日赤病院前",
        "name": "諫早日赤病院前",
        "operator": "事業者不明",
        "ref": "",
        "url": "",
        "url2": ""
      }
    },
    {
      "type": "Feature",
      "geometry": {
        "type": "Point",
        "coordinates": [
          129.9825861,
          32.8286062
        ]
      },
      "properties": {
        "内容": "バス停: 諫早日赤病院前",
        "name": "諫早日赤病院前",
        "operator": "事業者不明",
        "ref": "",
        "url": "",
        "url2": ""
      }
    },
    {
      "type": "Feature",
      "geometry": {
        "type": "Point",
        "coordinates": [
          129.9751952,
          32.8243148
        ]
      },
      "properties": {
        "内容": "バス停: 喜々津橋",
        "name": "喜々津橋",
        "operator": "事業者不明",
        "ref": "",
        "url": "",
        "url2": ""
      }
    },
    {
      "type": "Feature",
      "geometry": {
        "type": "Point",
        "coordinates": [
          129.9756002,
          32.8243351
        ]
      },
      "properties": {
        "内容": "バス停: 喜々津橋",
        "name": "喜々津橋",
        "operator": "事業者不明",
        "ref": "",
        "url": "",
        "url2": ""
      }
    },
    {
      "type": "Feature",
      "geometry": {
        "type": "Point",
        "coordinates": [
          129.9686815,
          32.8184149
        ]
      },
      "properties": {
        "内容": "バス停: 塚原",
        "name": "塚原",
        "operator": "事業者不明",
        "ref": "",
        "url": "",
        "url2": ""
      }
    },
    {
      "type": "Feature",
      "geometry": {
        "type": "Point",
        "coordinates": [
          129.9684253,
          32.8184937
        ]
      },
      "properties": {
        "内容": "バス停: 塚原",
        "name": "塚原",
        "operator": "事業者不明",
        "ref": "",
        "url": "",
        "url2": ""
      }
    },
    {
      "type": "Feature",
      "geometry": {
        "type": "Point",
        "coordinates": [
          129.9662943,
          32.8154924
        ]
      },
      "properties": {
        "内容": "バス停: 市布",
        "name": "市布",
        "operator": "事業者不明",
        "ref": "",
        "url": "",
        "url2": ""
      }
    },
    {
      "type": "Feature",
      "geometry": {
        "type": "Point",
        "coordinates": [
          129.9659952,
          32.8141195
        ]
      },
      "properties": {
        "内容": "バス停: 市布",
        "name": "市布",
        "operator": "事業者不明",
        "ref": "",
        "url": "",
        "url2": ""
      }
    },
    {
      "type": "Feature",
      "geometry": {
        "type": "Point",
        "coordinates": [
          129.9662286,
          32.8092007
        ]
      },
      "properties": {
        "内容": "バス停: 藤棚",
        "name": "藤棚",
        "operator": "事業者不明",
        "ref": "",
        "url": "",
        "url2": ""
      }
    },
    {
      "type": "Feature",
      "geometry": {
        "type": "Point",
        "coordinates": [
          129.9664271,
          32.8098883
        ]
      },
      "properties": {
        "内容": "バス停: 藤棚",
        "name": "藤棚",
        "operator": "事業者不明",
        "ref": "",
        "url": "",
        "url2": ""
      }
    },
    {
      "type": "Feature",
      "geometry": {
        "type": "Point",
        "coordinates": [
          129.9634901,
          32.8049726
        ]
      },
      "properties": {
        "内容": "バス停: つつじが丘入口",
        "name": "つつじが丘入口",
        "operator": "事業者不明",
        "ref": "",
        "url": "",
        "url2": ""
      }
    },
    {
      "type": "Feature",
      "geometry": {
        "type": "Point",
        "coordinates": [
          129.9634793,
          32.8051045
        ]
      },
      "properties": {
        "内容": "バス停: つつじが丘入口",
        "name": "つつじが丘入口",
        "operator": "事業者不明",
        "ref": "",
        "url": "",
        "url2": ""
      }
    },
    {
      "type": "Feature",
      "geometry": {
        "type": "Point",
        "coordinates": [
          129.9612853,
          32.7999281
        ]
      },
      "properties": {
        "内容": "バス停: 古賀",
        "name": "古賀",
        "operator": "事業者不明",
        "ref": "",
        "url": "",
        "url2": ""
      }
    },
    {
      "type": "Feature",
      "geometry": {
        "type": "Point",
        "coordinates": [
          129.9609031,
          32.7998999
        ]
      },
      "properties": {
        "内容": "バス停: 古賀",
        "name": "古賀",
        "operator": "事業者不明",
        "ref": "",
        "url": "",
        "url2": ""
      }
    },
    {
      "type": "Feature",
      "geometry": {
        "type": "Point",
        "coordinates": [
          129.9548212,
          32.7973466
        ]
      },
      "properties": {
        "内容": "バス停: 松原",
        "name": "松原",
        "operator": "事業者不明",
        "ref": "",
        "url": "",
        "url2": ""
      }
    },
    {
      "type": "Feature",
      "geometry": {
        "type": "Point",
        "coordinates": [
          129.9544644,
          32.796589
        ]
      },
      "properties": {
        "内容": "バス停: 松原",
        "name": "松原",
        "operator": "事業者不明",
        "ref": "",
        "url": "",
        "url2": ""
      }
    },
    {
      "type": "Feature",
      "geometry": {
        "type": "Point",
        "coordinates": [
          129.9513987,
          32.792296
        ]
      },
      "properties": {
        "内容": "バス停: 鶴の尾",
        "name": "鶴の尾",
        "operator": "事業者不明",
        "ref": "",
        "url": "",
        "url2": ""
      }
    },
    {
      "type": "Feature",
      "geometry": {
        "type": "Point",
        "coordinates": [
          129.9507335,
          32.7915114
        ]
      },
      "properties": {
        "内容": "バス停: 鶴の尾",
        "name": "鶴の尾",
        "operator": "事業者不明",
        "ref": "",
        "url": "",
        "url2": ""
      }
    },
    {
      "type": "Feature",
      "geometry": {
        "type": "Point",
        "coordinates": [
          129.9471956,
          32.7880322
        ]
      },
      "properties": {
        "内容": "バス停: 観音入口",
        "name": "観音入口",
        "operator": "事業者不明",
        "ref": "",
        "url": "",
        "url2": ""
      }
    },
    {
      "type": "Feature",
      "geometry": {
        "type": "Point",
        "coordinates": [
          129.9473754,
          32.7877864
        ]
      },
      "properties": {
        "内容": "バス停: 観音入口",
        "name": "観音入口",
        "operator": "事業者不明",
        "ref": "",
        "url": "",
        "url2": ""
      }
    },
    {
      "type": "Feature",
      "geometry": {
        "type": "Point",
        "coordinates": [
          129.9513262,
          32.7801894
        ]
      },
      "properties": {
        "内容": "バス停: 馬場",
        "name": "馬場",
        "operator": "事業者不明",
        "ref": "",
        "url": "",
        "url2": ""
      }
    },
    {
      "type": "Feature",
      "geometry": {
        "type": "Point",
        "coordinates": [
          129.9512672,
          32.7801014
        ]
      },
      "properties": {
        "内容": "バス停: 馬場",
        "name": "馬場",
        "operator": "事業者不明",
        "ref": "",
        "url": "",
        "url2": ""
      }
    },
    {
      "type": "Feature",
      "geometry": {
        "type": "Point",
        "coordinates": [
          129.9553549,
          32.7767819
        ]
      },
      "properties": {
        "内容": "バス停: 普賢神社口",
        "name": "普賢神社口",
        "operator": "事業者不明",
        "ref": "",
        "url": "",
        "url2": ""
      }
    },
    {
      "type": "Feature",
      "geometry": {
        "type": "Point",
        "coordinates": [
          129.9547058,
          32.7767593
        ]
      },
      "properties": {
        "内容": "バス停: 普賢神社口",
        "name": "普賢神社口",
        "operator": "事業者不明",
        "ref": "",
        "url": "",
        "url2": ""
      }
    },
    {
      "type": "Feature",
      "geometry": {
        "type": "Point",
        "coordinates": [
          129.9548748,
          32.7762677
        ]
      },
      "properties": {
        "内容": "バス停: 普賢神社口",
        "name": "普賢神社口",
        "operator": "事業者不明",
        "ref": "",
        "url": "",
        "url2": ""
      }
    },
    {
      "type": "Feature",
      "geometry": {
        "type": "Point",
        "coordinates": [
          129.9575785,
          32.7758121
        ]
      },
      "properties": {
        "内容": "バス停: 下侍石",
        "name": "下侍石",
        "operator": "事業者不明",
        "ref": "",
        "url": "",
        "url2": ""
      }
    },
    {
      "type": "Feature",
      "geometry": {
        "type": "Point",
        "coordinates": [
          129.9579996,
          32.7758685
        ]
      },
      "properties": {
        "内容": "バス停: 下侍石",
        "name": "下侍石",
        "operator": "事業者不明",
        "ref": "",
        "url": "",
        "url2": ""
      }
    },
    {
      "type": "Feature",
      "geometry": {
        "type": "Point",
        "coordinates": [
          129.9619009,
          32.7742763
        ]
      },
      "properties": {
        "内容": "バス停: 侍石",
        "name": "侍石",
        "operator": "事業者不明",
        "ref": "",
        "url": "",
        "url2": ""
      }
    },
    {
      "type": "Feature",
      "geometry": {
        "type": "Point",
        "coordinates": [
          129.9621382,
          32.7744342
        ]
      },
      "properties": {
        "内容": "バス停: 侍石",
        "name": "侍石",
        "operator": "事業者不明",
        "ref": "",
        "url": "",
        "url2": ""
      }
    },
    {
      "type": "Feature",
      "geometry": {
        "type": "Point",
        "coordinates": [
          129.9704745,
          32.798484
        ]
      },
      "properties": {
        "内容": "バス停: 石垣",
        "name": "石垣",
        "operator": "事業者不明",
        "ref": "",
        "url": "",
        "url2": ""
      }
    },
    {
      "type": "Feature",
      "geometry": {
        "type": "Point",
        "coordinates": [
          129.9703927,
          32.7984108
        ]
      },
      "properties": {
        "内容": "バス停: 石垣",
        "name": "石垣",
        "operator": "事業者不明",
        "ref": "",
        "url": "",
        "url2": ""
      }
    },
    {
      "type": "Feature",
      "geometry": {
        "type": "Point",
        "coordinates": [
          129.9672613,
          32.7999123
        ]
      },
      "properties": {
        "内容": "バス停: 三反田",
        "name": "三反田",
        "operator": "事業者不明",
        "ref": "",
        "url": "",
        "url2": ""
      }
    },
    {
      "type": "Feature",
      "geometry": {
        "type": "Point",
        "coordinates": [
          129.9670976,
          32.8000284
        ]
      },
      "properties": {
        "内容": "バス停: 三反田",
        "name": "三反田",
        "operator": "事業者不明",
        "ref": "",
        "url": "",
        "url2": ""
      }
    },
    {
      "type": "Feature",
      "geometry": {
        "type": "Point",
        "coordinates": [
          129.9763674,
          32.7999918
        ]
      },
      "properties": {
        "内容": "バス停: 古賀木場",
        "name": "古賀木場",
        "operator": "事業者不明",
        "ref": "",
        "url": "",
        "url2": ""
      }
    },
    {
      "type": "Feature",
      "geometry": {
        "type": "Point",
        "coordinates": [
          129.9764639,
          32.8000437
        ]
      },
      "properties": {
        "内容": "バス停: 古賀木場",
        "name": "古賀木場",
        "operator": "事業者不明",
        "ref": "",
        "url": "",
        "url2": ""
      }
    },
    {
      "type": "Feature",
      "geometry": {
        "type": "Point",
        "coordinates": [
          129.9854922,
          32.8324309
        ]
      },
      "properties": {
        "内容": "バス停: 喜々津駅前",
        "name": "喜々津駅前",
        "operator": "事業者不明",
        "ref": "",
        "url": "",
        "url2": ""
      }
    },
    {
      "type": "Feature",
      "geometry": {
        "type": "Point",
        "coordinates": [
          129.9518466,
          32.7713592
        ]
      },
      "properties": {
        "内容": "バス停: ＪＡ東長崎支店",
        "name": "ＪＡ東長崎支店",
        "operator": "事業者不明",
        "ref": "",
        "url": "",
        "url2": ""
      }
    },
    {
      "type": "Feature",
      "geometry": {
        "type": "Point",
        "coordinates": [
          129.9516991,
          32.77149
        ]
      },
      "properties": {
        "内容": "バス停: ＪＡ東長崎支店",
        "name": "ＪＡ東長崎支店",
        "operator": "事業者不明",
        "ref": "",
        "url": "",
        "url2": ""
      }
    },
    {
      "type": "Feature",
      "geometry": {
        "type": "Point",
        "coordinates": [
          129.9532762,
          32.770801
        ]
      },
      "properties": {
        "内容": "バス停: かき道橋",
        "name": "かき道橋",
        "operator": "事業者不明",
        "ref": "",
        "url": "",
        "url2": ""
      }
    },
    {
      "type": "Feature",
      "geometry": {
        "type": "Point",
        "coordinates": [
          129.9535766,
          32.7702642
        ]
      },
      "properties": {
        "内容": "バス停: かき道橋",
        "name": "かき道橋",
        "operator": "事業者不明",
        "ref": "",
        "url": "",
        "url2": ""
      }
    },
    {
      "type": "Feature",
      "geometry": {
        "type": "Point",
        "coordinates": [
          129.9533567,
          32.7701537
        ]
      },
      "properties": {
        "内容": "バス停: かき道橋",
        "name": "かき道橋",
        "operator": "事業者不明",
        "ref": "",
        "url": "",
        "url2": ""
      }
    },
    {
      "type": "Feature",
      "geometry": {
        "type": "Point",
        "coordinates": [
          129.9530429,
          32.7683325
        ]
      },
      "properties": {
        "内容": "バス停: イオン東長崎店",
        "name": "イオン東長崎店",
        "operator": "事業者不明",
        "ref": "",
        "url": "",
        "url2": ""
      }
    },
    {
      "type": "Feature",
      "geometry": {
        "type": "Point",
        "coordinates": [
          129.9527881,
          32.7679683
        ]
      },
      "properties": {
        "内容": "バス停: イオン東長崎店",
        "name": "イオン東長崎店",
        "operator": "事業者不明",
        "ref": "",
        "url": "",
        "url2": ""
      }
    },
    {
      "type": "Feature",
      "geometry": {
        "type": "Point",
        "coordinates": [
          129.9467906,
          32.7856521
        ]
      },
      "properties": {
        "内容": "バス停: 平原",
        "name": "平原",
        "operator": "事業者不明",
        "ref": "",
        "url": "",
        "url2": ""
      }
    },
    {
      "type": "Feature",
      "geometry": {
        "type": "Point",
        "coordinates": [
          129.9466968,
          32.785828
        ]
      },
      "properties": {
        "内容": "バス停: 平原",
        "name": "平原",
        "operator": "事業者不明",
        "ref": "",
        "url": "",
        "url2": ""
      }
    },
    {
      "type": "Feature",
      "geometry": {
        "type": "Point",
        "coordinates": [
          129.9466994,
          32.7835877
        ]
      },
      "properties": {
        "内容": "バス停: 平間公民館",
        "name": "平間公民館",
        "operator": "事業者不明",
        "ref": "",
        "url": "",
        "url2": ""
      }
    },
    {
      "type": "Feature",
      "geometry": {
        "type": "Point",
        "coordinates": [
          129.94656,
          32.7836937
        ]
      },
      "properties": {
        "内容": "バス停: 平間公民館",
        "name": "平間公民館",
        "operator": "事業者不明",
        "ref": "",
        "url": "",
        "url2": ""
      }
    },
    {
      "type": "Feature",
      "geometry": {
        "type": "Point",
        "coordinates": [
          129.9475095,
          32.7817476
        ]
      },
      "properties": {
        "内容": "バス停: 東長崎営業所",
        "name": "東長崎営業所",
        "operator": "事業者不明",
        "ref": "",
        "url": "",
        "url2": ""
      }
    },
    {
      "type": "Feature",
      "geometry": {
        "type": "Point",
        "coordinates": [
          129.9342661,
          32.7607789
        ]
      },
      "properties": {
        "内容": "バス停: 朝日ケ峰",
        "name": "朝日ケ峰",
        "operator": "事業者不明",
        "ref": "",
        "url": "",
        "url2": ""
      }
    },
    {
      "type": "Feature",
      "geometry": {
        "type": "Point",
        "coordinates": [
          129.9343264,
          32.7605669
        ]
      },
      "properties": {
        "内容": "バス停: 朝日ケ峰",
        "name": "朝日ケ峰",
        "operator": "事業者不明",
        "ref": "",
        "url": "",
        "url2": ""
      }
    },
    {
      "type": "Feature",
      "geometry": {
        "type": "Point",
        "coordinates": [
          129.9316831,
          32.7593139
        ]
      },
      "properties": {
        "内容": "バス停: 日見山口",
        "name": "日見山口",
        "operator": "事業者不明",
        "ref": "",
        "url": "",
        "url2": ""
      }
    },
    {
      "type": "Feature",
      "geometry": {
        "type": "Point",
        "coordinates": [
          129.9307001,
          32.7588154
        ]
      },
      "properties": {
        "内容": "バス停: 日見山口",
        "name": "日見山口",
        "operator": "事業者不明",
        "ref": "",
        "url": "",
        "url2": ""
      }
    },
    {
      "type": "Feature",
      "geometry": {
        "type": "Point",
        "coordinates": [
          129.9288078,
          32.7543063
        ]
      },
      "properties": {
        "内容": "バス停: 芒塚",
        "name": "芒塚",
        "operator": "事業者不明",
        "ref": "",
        "url": "",
        "url2": ""
      }
    },
    {
      "type": "Feature",
      "geometry": {
        "type": "Point",
        "coordinates": [
          129.9284524,
          32.753457
        ]
      },
      "properties": {
        "内容": "バス停: 芒塚",
        "name": "芒塚",
        "operator": "事業者不明",
        "ref": "",
        "url": "",
        "url2": ""
      }
    },
    {
      "type": "Feature",
      "geometry": {
        "type": "Point",
        "coordinates": [
          129.9187495,
          32.7529799
        ]
      },
      "properties": {
        "内容": "バス停: 西トンネル口",
        "name": "西トンネル口",
        "operator": "事業者不明",
        "ref": "",
        "url": "",
        "url2": ""
      }
    },
    {
      "type": "Feature",
      "geometry": {
        "type": "Point",
        "coordinates": [
          129.9185845,
          32.7530578
        ]
      },
      "properties": {
        "内容": "バス停: 西トンネル口",
        "name": "西トンネル口",
        "operator": "事業者不明",
        "ref": "",
        "url": "",
        "url2": ""
      }
    },
    {
      "type": "Feature",
      "geometry": {
        "type": "Point",
        "coordinates": [
          129.9149783,
          32.7512949
        ]
      },
      "properties": {
        "内容": "バス停: 御手水",
        "name": "御手水",
        "operator": "事業者不明",
        "ref": "",
        "url": "",
        "url2": ""
      }
    },
    {
      "type": "Feature",
      "geometry": {
        "type": "Point",
        "coordinates": [
          129.9155349,
          32.7512983
        ]
      },
      "properties": {
        "内容": "バス停: 御手水",
        "name": "御手水",
        "operator": "事業者不明",
        "ref": "",
        "url": "",
        "url2": ""
      }
    },
    {
      "type": "Feature",
      "geometry": {
        "type": "Point",
        "coordinates": [
          129.9140757,
          32.7571846
        ]
      },
      "properties": {
        "内容": "バス停: 奥山",
        "name": "奥山",
        "operator": "事業者不明",
        "ref": "",
        "url": "",
        "url2": ""
      }
    },
    {
      "type": "Feature",
      "geometry": {
        "type": "Point",
        "coordinates": [
          129.91447,
          32.7579583
        ]
      },
      "properties": {
        "内容": "バス停: 奥山",
        "name": "奥山",
        "operator": "事業者不明",
        "ref": "",
        "url": "",
        "url2": ""
      }
    },
    {
      "type": "Feature",
      "geometry": {
        "type": "Point",
        "coordinates": [
          129.9082084,
          32.7530905
        ]
      },
      "properties": {
        "内容": "バス停: 道光",
        "name": "道光",
        "operator": "事業者不明",
        "ref": "",
        "url": "",
        "url2": ""
      }
    },
    {
      "type": "Feature",
      "geometry": {
        "type": "Point",
        "coordinates": [
          129.9076411,
          32.7531051
        ]
      },
      "properties": {
        "内容": "バス停: 道光",
        "name": "道光",
        "operator": "事業者不明",
        "ref": "",
        "url": "",
        "url2": ""
      }
    },
    {
      "type": "Feature",
      "geometry": {
        "type": "Point",
        "coordinates": [
          129.9035279,
          32.7526811
        ]
      },
      "properties": {
        "内容": "バス停: 妙相寺道",
        "name": "妙相寺道",
        "operator": "事業者不明",
        "ref": "",
        "url": "",
        "url2": ""
      }
    },
    {
      "type": "Feature",
      "geometry": {
        "type": "Point",
        "coordinates": [
          129.9036151,
          32.7528818
        ]
      },
      "properties": {
        "内容": "バス停: 妙相寺道",
        "name": "妙相寺道",
        "operator": "事業者不明",
        "ref": "",
        "url": "",
        "url2": ""
      }
    },
    {
      "type": "Feature",
      "geometry": {
        "type": "Point",
        "coordinates": [
          129.9012896,
          32.7525006
        ]
      },
      "properties": {
        "内容": "バス停: 番所",
        "name": "番所",
        "operator": "事業者不明",
        "ref": "",
        "url": "",
        "url2": ""
      }
    },
    {
      "type": "Feature",
      "geometry": {
        "type": "Point",
        "coordinates": [
          129.9002261,
          32.7520641
        ]
      },
      "properties": {
        "内容": "バス停: 番所",
        "name": "番所",
        "operator": "事業者不明",
        "ref": "",
        "url": "",
        "url2": ""
      }
    },
    {
      "type": "Feature",
      "geometry": {
        "type": "Point",
        "coordinates": [
          129.8916337,
          32.7520404
        ]
      },
      "properties": {
        "内容": "バス停: 中川町",
        "name": "中川町",
        "operator": "事業者不明",
        "ref": "",
        "url": "",
        "url2": ""
      }
    },
    {
      "type": "Feature",
      "geometry": {
        "type": "Point",
        "coordinates": [
          129.8914607,
          32.7522603
        ]
      },
      "properties": {
        "内容": "バス停: 中川町",
        "name": "中川町",
        "operator": "事業者不明",
        "ref": "",
        "url": "",
        "url2": ""
      }
    },
    {
      "type": "Feature",
      "geometry": {
        "type": "Point",
        "coordinates": [
          129.8875929,
          32.7522028
        ]
      },
      "properties": {
        "内容": "バス停: 新大工町",
        "name": "新大工町",
        "operator": "事業者不明",
        "ref": "",
        "url": "",
        "url2": ""
      }
    },
    {
      "type": "Feature",
      "geometry": {
        "type": "Point",
        "coordinates": [
          129.887546,
          32.7524081
        ]
      },
      "properties": {
        "内容": "バス停: 新大工町",
        "name": "新大工町",
        "operator": "事業者不明",
        "ref": "",
        "url": "",
        "url2": ""
      }
    },
    {
      "type": "Feature",
      "geometry": {
        "type": "Point",
        "coordinates": [
          129.8851374,
          32.7522479
        ]
      },
      "properties": {
        "内容": "バス停: 諏訪神社前",
        "name": "諏訪神社前",
        "operator": "事業者不明",
        "ref": "",
        "url": "",
        "url2": ""
      }
    },
    {
      "type": "Feature",
      "geometry": {
        "type": "Point",
        "coordinates": [
          129.8846734,
          32.7525886
        ]
      },
      "properties": {
        "内容": "バス停: 諏訪神社前",
        "name": "諏訪神社前",
        "operator": "事業者不明",
        "ref": "",
        "url": "",
        "url2": ""
      }
    },
    {
      "type": "Feature",
      "geometry": {
        "type": "Point",
        "coordinates": [
          129.8838566,
          32.753236
        ]
      },
      "properties": {
        "内容": "バス停: 諏訪神社前",
        "name": "諏訪神社前",
        "operator": "事業者不明",
        "ref": "",
        "url": "",
        "url2": ""
      }
    },
    {
      "type": "Feature",
      "geometry": {
        "type": "Point",
        "coordinates": [
          129.8840095,
          32.7530747
        ]
      },
      "properties": {
        "内容": "バス停: 諏訪神社前",
        "name": "諏訪神社前",
        "operator": "事業者不明",
        "ref": "",
        "url": "",
        "url2": ""
      }
    },
    {
      "type": "Feature",
      "geometry": {
        "type": "Point",
        "coordinates": [
          129.8803577,
          32.7498083
        ]
      },
      "properties": {
        "内容": "バス停: 長崎市役所",
        "name": "長崎市役所",
        "operator": "事業者不明",
        "ref": "",
        "url": "",
        "url2": ""
      }
    },
    {
      "type": "Feature",
      "geometry": {
        "type": "Point",
        "coordinates": [
          129.8785096,
          32.746914
        ]
      },
      "properties": {
        "内容": "バス停: めがね橋",
        "name": "めがね橋",
        "operator": "事業者不明",
        "ref": "",
        "url": "",
        "url2": ""
      }
    },
    {
      "type": "Feature",
      "geometry": {
        "type": "Point",
        "coordinates": [
          129.8778538,
          32.7466545
        ]
      },
      "properties": {
        "内容": "バス停: めがね橋",
        "name": "めがね橋",
        "operator": "事業者不明",
        "ref": "",
        "url": "",
        "url2": ""
      }
    },
    {
      "type": "Feature",
      "geometry": {
        "type": "Point",
        "coordinates": [
          129.9702747,
          32.7726774
        ]
      },
      "properties": {
        "内容": "バス停: 長谷",
        "name": "長谷",
        "operator": "事業者不明",
        "ref": "",
        "url": "",
        "url2": ""
      }
    },
    {
      "type": "Feature",
      "geometry": {
        "type": "Point",
        "coordinates": [
          129.9702238,
          32.7727777
        ]
      },
      "properties": {
        "内容": "バス停: 長谷",
        "name": "長谷",
        "operator": "事業者不明",
        "ref": "",
        "url": "",
        "url2": ""
      }
    },
    {
      "type": "Feature",
      "geometry": {
        "type": "Point",
        "coordinates": [
          129.9731125,
          32.772674
        ]
      },
      "properties": {
        "内容": "バス停: 陣の内",
        "name": "陣の内",
        "operator": "事業者不明",
        "ref": "",
        "url": "",
        "url2": ""
      }
    },
    {
      "type": "Feature",
      "geometry": {
        "type": "Point",
        "coordinates": [
          129.9729167,
          32.7726537
        ]
      },
      "properties": {
        "内容": "バス停: 陣の内",
        "name": "陣の内",
        "operator": "事業者不明",
        "ref": "",
        "url": "",
        "url2": ""
      }
    },
    {
      "type": "Feature",
      "geometry": {
        "type": "Point",
        "coordinates": [
          129.9825834,
          32.7624627
        ]
      },
      "properties": {
        "内容": "バス停: 坂",
        "name": "坂",
        "operator": "事業者不明",
        "ref": "",
        "url": "",
        "url2": ""
      }
    },
    {
      "type": "Feature",
      "geometry": {
        "type": "Point",
        "coordinates": [
          129.9826035,
          32.7623251
        ]
      },
      "properties": {
        "内容": "バス停: 坂",
        "name": "坂",
        "operator": "事業者不明",
        "ref": "",
        "url": "",
        "url2": ""
      }
    },
    {
      "type": "Feature",
      "geometry": {
        "type": "Point",
        "coordinates": [
          129.9769977,
          32.7697353
        ]
      },
      "properties": {
        "内容": "バス停: 尾崎",
        "name": "尾崎",
        "operator": "事業者不明",
        "ref": "",
        "url": "",
        "url2": ""
      }
    },
    {
      "type": "Feature",
      "geometry": {
        "type": "Point",
        "coordinates": [
          129.9768247,
          32.7698774
        ]
      },
      "properties": {
        "内容": "バス停: 尾崎",
        "name": "尾崎",
        "operator": "事業者不明",
        "ref": "",
        "url": "",
        "url2": ""
      }
    },
    {
      "type": "Feature",
      "geometry": {
        "type": "Point",
        "coordinates": [
          129.9775234,
          32.7682051
        ]
      },
      "properties": {
        "内容": "バス停: 尾崎",
        "name": "尾崎",
        "operator": "事業者不明",
        "ref": "",
        "url": "",
        "url2": ""
      }
    },
    {
      "type": "Feature",
      "geometry": {
        "type": "Point",
        "coordinates": [
          129.9777541,
          32.7684351
        ]
      },
      "properties": {
        "内容": "バス停: 尾崎",
        "name": "尾崎",
        "operator": "事業者不明",
        "ref": "",
        "url": "",
        "url2": ""
      }
    },
    {
      "type": "Feature",
      "geometry": {
        "type": "Point",
        "coordinates": [
          129.9785386,
          32.7682682
        ]
      },
      "properties": {
        "内容": "バス停: 戸石学校前",
        "name": "戸石学校前",
        "operator": "事業者不明",
        "ref": "",
        "url": "",
        "url2": ""
      }
    },
    {
      "type": "Feature",
      "geometry": {
        "type": "Point",
        "coordinates": [
          129.9784984,
          32.7683562
        ]
      },
      "properties": {
        "内容": "バス停: 戸石学校前",
        "name": "戸石学校前",
        "operator": "事業者不明",
        "ref": "",
        "url": "",
        "url2": ""
      }
    },
    {
      "type": "Feature",
      "geometry": {
        "type": "Point",
        "coordinates": [
          129.979535,
          32.7666443
        ]
      },
      "properties": {
        "内容": "バス停: 戸石局前",
        "name": "戸石局前",
        "operator": "事業者不明",
        "ref": "",
        "url": "",
        "url2": ""
      }
    },
    {
      "type": "Feature",
      "geometry": {
        "type": "Point",
        "coordinates": [
          129.9794747,
          32.7665552
        ]
      },
      "properties": {
        "内容": "バス停: 戸石局前",
        "name": "戸石局前",
        "operator": "事業者不明",
        "ref": "",
        "url": "",
        "url2": ""
      }
    },
    {
      "type": "Feature",
      "geometry": {
        "type": "Point",
        "coordinates": [
          129.9799991,
          32.7645716
        ]
      },
      "properties": {
        "内容": "バス停: 戸石",
        "name": "戸石",
        "operator": "事業者不明",
        "ref": "",
        "url": "",
        "url2": ""
      }
    },
    {
      "type": "Feature",
      "geometry": {
        "type": "Point",
        "coordinates": [
          129.9800983,
          32.7644498
        ]
      },
      "properties": {
        "内容": "バス停: 戸石",
        "name": "戸石",
        "operator": "事業者不明",
        "ref": "",
        "url": "",
        "url2": ""
      }
    },
    {
      "type": "Feature",
      "geometry": {
        "type": "Point",
        "coordinates": [
          129.9885727,
          32.7590139
        ]
      },
      "properties": {
        "内容": "バス停: 池下",
        "name": "池下",
        "operator": "事業者不明",
        "ref": "",
        "url": "",
        "url2": ""
      }
    },
    {
      "type": "Feature",
      "geometry": {
        "type": "Point",
        "coordinates": [
          129.9883984,
          32.7592045
        ]
      },
      "properties": {
        "内容": "バス停: 池下",
        "name": "池下",
        "operator": "事業者不明",
        "ref": "",
        "url": "",
        "url2": ""
      }
    },
    {
      "type": "Feature",
      "geometry": {
        "type": "Point",
        "coordinates": [
          129.9925035,
          32.7574508
        ]
      },
      "properties": {
        "内容": "バス停: 結の浜",
        "name": "結の浜",
        "operator": "事業者不明",
        "ref": "",
        "url": "",
        "url2": ""
      }
    },
    {
      "type": "Feature",
      "geometry": {
        "type": "Point",
        "coordinates": [
          129.992356,
          32.7572523
        ]
      },
      "properties": {
        "内容": "バス停: 結の浜",
        "name": "結の浜",
        "operator": "事業者不明",
        "ref": "",
        "url": "",
        "url2": ""
      }
    },
    {
      "type": "Feature",
      "geometry": {
        "type": "Point",
        "coordinates": [
          129.9954352,
          32.7631123
        ]
      },
      "properties": {
        "内容": "バス停: 大門",
        "name": "大門",
        "operator": "事業者不明",
        "ref": "",
        "url": "",
        "url2": ""
      }
    },
    {
      "type": "Feature",
      "geometry": {
        "type": "Point",
        "coordinates": [
          129.9955693,
          32.7630153
        ]
      },
      "properties": {
        "内容": "バス停: 大門",
        "name": "大門",
        "operator": "事業者不明",
        "ref": "",
        "url": "",
        "url2": ""
      }
    },
    {
      "type": "Feature",
      "geometry": {
        "type": "Point",
        "coordinates": [
          129.9947003,
          32.7689944
        ]
      },
      "properties": {
        "内容": "バス停: 田結出張所前",
        "name": "田結出張所前",
        "operator": "事業者不明",
        "ref": "",
        "url": "",
        "url2": ""
      }
    },
    {
      "type": "Feature",
      "geometry": {
        "type": "Point",
        "coordinates": [
          129.9949403,
          32.7686685
        ]
      },
      "properties": {
        "内容": "バス停: 田結出張所前",
        "name": "田結出張所前",
        "operator": "事業者不明",
        "ref": "",
        "url": "",
        "url2": ""
      }
    },
    {
      "type": "Feature",
      "geometry": {
        "type": "Point",
        "coordinates": [
          129.9945581,
          32.7738681
        ]
      },
      "properties": {
        "内容": "バス停: 田結東",
        "name": "田結東",
        "operator": "事業者不明",
        "ref": "",
        "url": "",
        "url2": ""
      }
    },
    {
      "type": "Feature",
      "geometry": {
        "type": "Point",
        "coordinates": [
          129.9946184,
          32.7737644
        ]
      },
      "properties": {
        "内容": "バス停: 田結東",
        "name": "田結東",
        "operator": "事業者不明",
        "ref": "",
        "url": "",
        "url2": ""
      }
    },
    {
      "type": "Feature",
      "geometry": {
        "type": "Point",
        "coordinates": [
          129.8642054,
          32.7539928
        ]
      },
      "properties": {
        "内容": "バス停: 稗田橋",
        "name": "稗田橋",
        "operator": "事業者不明",
        "ref": "",
        "url": "",
        "url2": ""
      }
    },
    {
      "type": "Feature",
      "geometry": {
        "type": "Point",
        "coordinates": [
          129.8641276,
          32.7538597
        ]
      },
      "properties": {
        "内容": "バス停: 稗田橋",
        "name": "稗田橋",
        "operator": "事業者不明",
        "ref": "",
        "url": "",
        "url2": ""
      }
    },
    {
      "type": "Feature",
      "geometry": {
        "type": "Point",
        "coordinates": [
          129.8646855,
          32.7512926
        ]
      },
      "properties": {
        "内容": "バス停: 旭町",
        "name": "旭町",
        "operator": "事業者不明",
        "ref": "",
        "url": "",
        "url2": ""
      }
    },
    {
      "type": "Feature",
      "geometry": {
        "type": "Point",
        "coordinates": [
          129.8647848,
          32.7511843
        ]
      },
      "properties": {
        "内容": "バス停: 旭町",
        "name": "旭町",
        "operator": "事業者不明",
        "ref": "",
        "url": "",
        "url2": ""
      }
    },
    {
      "type": "Feature",
      "geometry": {
        "type": "Point",
        "coordinates": [
          129.864243,
          32.7487683
        ]
      },
      "properties": {
        "内容": "バス停: 旭町桟橋前",
        "name": "旭町桟橋前",
        "operator": "事業者不明",
        "ref": "",
        "url": "",
        "url2": ""
      }
    },
    {
      "type": "Feature",
      "geometry": {
        "type": "Point",
        "coordinates": [
          129.8635536,
          32.7482743
        ]
      },
      "properties": {
        "内容": "バス停: 旭町桟橋前",
        "name": "旭町桟橋前",
        "operator": "事業者不明",
        "ref": "",
        "url": "",
        "url2": ""
      }
    },
    {
      "type": "Feature",
      "geometry": {
        "type": "Point",
        "coordinates": [
          129.8626873,
          32.7472253
        ]
      },
      "properties": {
        "内容": "バス停: 電機前",
        "name": "電機前",
        "operator": "事業者不明",
        "ref": "",
        "url": "",
        "url2": ""
      }
    },
    {
      "type": "Feature",
      "geometry": {
        "type": "Point",
        "coordinates": [
          129.8621401,
          32.7469004
        ]
      },
      "properties": {
        "内容": "バス停: 電機前",
        "name": "電機前",
        "operator": "事業者不明",
        "ref": "",
        "url": "",
        "url2": ""
      }
    },
    {
      "type": "Feature",
      "geometry": {
        "type": "Point",
        "coordinates": [
          129.8598012,
          32.7452536
        ]
      },
      "properties": {
        "内容": "バス停: 重工記念長崎病院",
        "name": "重工記念長崎病院",
        "operator": "事業者不明",
        "ref": "",
        "url": "",
        "url2": ""
      }
    },
    {
      "type": "Feature",
      "geometry": {
        "type": "Point",
        "coordinates": [
          129.859651,
          32.7453912
        ]
      },
      "properties": {
        "内容": "バス停: 重工記念長崎病院",
        "name": "重工記念長崎病院",
        "operator": "事業者不明",
        "ref": "",
        "url": "",
        "url2": ""
      }
    },
    {
      "type": "Feature",
      "geometry": {
        "type": "Point",
        "coordinates": [
          129.8586801,
          32.7448881
        ]
      },
      "properties": {
        "内容": "バス停: 水の浦",
        "name": "水の浦",
        "operator": "事業者不明",
        "ref": "",
        "url": "",
        "url2": ""
      }
    },
    {
      "type": "Feature",
      "geometry": {
        "type": "Point",
        "coordinates": [
          129.8587471,
          32.7446332
        ]
      },
      "properties": {
        "内容": "バス停: 水の浦",
        "name": "水の浦",
        "operator": "事業者不明",
        "ref": "",
        "url": "",
        "url2": ""
      }
    },
    {
      "type": "Feature",
      "geometry": {
        "type": "Point",
        "coordinates": [
          129.8582134,
          32.7433766
        ]
      },
      "properties": {
        "内容": "バス停: 飽の浦神社前",
        "name": "飽の浦神社前",
        "operator": "事業者不明",
        "ref": "",
        "url": "",
        "url2": ""
      }
    },
    {
      "type": "Feature",
      "geometry": {
        "type": "Point",
        "coordinates": [
          129.8580846,
          32.7434195
        ]
      },
      "properties": {
        "内容": "バス停: 飽の浦神社前",
        "name": "飽の浦神社前",
        "operator": "事業者不明",
        "ref": "",
        "url": "",
        "url2": ""
      }
    },
    {
      "type": "Feature",
      "geometry": {
        "type": "Point",
        "coordinates": [
          129.8548593,
          32.743274
        ]
      },
      "properties": {
        "内容": "バス停: 飽の浦",
        "name": "飽の浦",
        "operator": "事業者不明",
        "ref": "",
        "url": "",
        "url2": ""
      }
    },
    {
      "type": "Feature",
      "geometry": {
        "type": "Point",
        "coordinates": [
          129.8549438,
          32.7433676
        ]
      },
      "properties": {
        "内容": "バス停: 飽の浦",
        "name": "飽の浦",
        "operator": "事業者不明",
        "ref": "",
        "url": "",
        "url2": ""
      }
    },
    {
      "type": "Feature",
      "geometry": {
        "type": "Point",
        "coordinates": [
          129.8531292,
          32.7423174
        ]
      },
      "properties": {
        "内容": "バス停: 飽の浦公園前",
        "name": "飽の浦公園前",
        "operator": "事業者不明",
        "ref": "",
        "url": "",
        "url2": ""
      }
    },
    {
      "type": "Feature",
      "geometry": {
        "type": "Point",
        "coordinates": [
          129.8530233,
          32.7424776
        ]
      },
      "properties": {
        "内容": "バス停: 飽の浦公園前",
        "name": "飽の浦公園前",
        "operator": "事業者不明",
        "ref": "",
        "url": "",
        "url2": ""
      }
    },
    {
      "type": "Feature",
      "geometry": {
        "type": "Point",
        "coordinates": [
          129.8542745,
          32.7416519
        ]
      },
      "properties": {
        "内容": "バス停: 塩浜町",
        "name": "塩浜町",
        "operator": "事業者不明",
        "ref": "",
        "url": "",
        "url2": ""
      }
    },
    {
      "type": "Feature",
      "geometry": {
        "type": "Point",
        "coordinates": [
          129.8544167,
          32.7416699
        ]
      },
      "properties": {
        "内容": "バス停: 塩浜町",
        "name": "塩浜町",
        "operator": "事業者不明",
        "ref": "",
        "url": "",
        "url2": ""
      }
    },
    {
      "type": "Feature",
      "geometry": {
        "type": "Point",
        "coordinates": [
          129.8545843,
          32.7392525
        ]
      },
      "properties": {
        "内容": "バス停: 岩瀬道町",
        "name": "岩瀬道町",
        "operator": "事業者不明",
        "ref": "",
        "url": "",
        "url2": ""
      }
    },
    {
      "type": "Feature",
      "geometry": {
        "type": "Point",
        "coordinates": [
          129.8545977,
          32.738957
        ]
      },
      "properties": {
        "内容": "バス停: 岩瀬道町",
        "name": "岩瀬道町",
        "operator": "事業者不明",
        "ref": "",
        "url": "",
        "url2": ""
      }
    },
    {
      "type": "Feature",
      "geometry": {
        "type": "Point",
        "coordinates": [
          129.8551878,
          32.7363669
        ]
      },
      "properties": {
        "内容": "バス停: 八軒家",
        "name": "八軒家",
        "operator": "事業者不明",
        "ref": "",
        "url": "",
        "url2": ""
      }
    },
    {
      "type": "Feature",
      "geometry": {
        "type": "Point",
        "coordinates": [
          129.8552066,
          32.7365497
        ]
      },
      "properties": {
        "内容": "バス停: 八軒家",
        "name": "八軒家",
        "operator": "事業者不明",
        "ref": "",
        "url": "",
        "url2": ""
      }
    },
    {
      "type": "Feature",
      "geometry": {
        "type": "Point",
        "coordinates": [
          129.8532942,
          32.7360172
        ]
      },
      "properties": {
        "内容": "バス停: ドック上",
        "name": "ドック上",
        "operator": "事業者不明",
        "ref": "",
        "url": "",
        "url2": ""
      }
    },
    {
      "type": "Feature",
      "geometry": {
        "type": "Point",
        "coordinates": [
          129.853144,
          32.7359721
        ]
      },
      "properties": {
        "内容": "バス停: ドック上",
        "name": "ドック上",
        "operator": "事業者不明",
        "ref": "",
        "url": "",
        "url2": ""
      }
    },
    {
      "type": "Feature",
      "geometry": {
        "type": "Point",
        "coordinates": [
          129.8512182,
          32.7354419
        ]
      },
      "properties": {
        "内容": "バス停: 立神",
        "name": "立神",
        "operator": "事業者不明",
        "ref": "",
        "url": "",
        "url2": ""
      }
    },
    {
      "type": "Feature",
      "geometry": {
        "type": "Point",
        "coordinates": [
          129.851422,
          32.735302
        ]
      },
      "properties": {
        "内容": "バス停: 立神",
        "name": "立神",
        "operator": "事業者不明",
        "ref": "",
        "url": "",
        "url2": ""
      }
    },
    {
      "type": "Feature",
      "geometry": {
        "type": "Point",
        "coordinates": [
          129.863264,
          32.7557116
        ]
      },
      "properties": {
        "内容": "バス停: 稲佐橋",
        "name": "稲佐橋",
        "operator": "事業者不明",
        "ref": "",
        "url": "",
        "url2": ""
      }
    },
    {
      "type": "Feature",
      "geometry": {
        "type": "Point",
        "coordinates": [
          129.8634571,
          32.7566365
        ]
      },
      "properties": {
        "内容": "バス停: 稲佐橋",
        "name": "稲佐橋",
        "operator": "事業者不明",
        "ref": "",
        "url": "",
        "url2": ""
      }
    },
    {
      "type": "Feature",
      "geometry": {
        "type": "Point",
        "coordinates": [
          129.8634785,
          32.75635
        ]
      },
      "properties": {
        "内容": "バス停: 稲佐橋",
        "name": "稲佐橋",
        "operator": "事業者不明",
        "ref": "",
        "url": "",
        "url2": ""
      }
    },
    {
      "type": "Feature",
      "geometry": {
        "type": "Point",
        "coordinates": [
          129.863964,
          32.7562237
        ]
      },
      "properties": {
        "内容": "バス停: 稲佐橋",
        "name": "稲佐橋",
        "operator": "事業者不明",
        "ref": "",
        "url": "",
        "url2": ""
      }
    },
    {
      "type": "Feature",
      "geometry": {
        "type": "Point",
        "coordinates": [
          129.864428,
          32.7562688
        ]
      },
      "properties": {
        "内容": "バス停: 稲佐橋",
        "name": "稲佐橋",
        "operator": "事業者不明",
        "ref": "",
        "url": "",
        "url2": ""
      }
    },
    {
      "type": "Feature",
      "geometry": {
        "type": "Point",
        "coordinates": [
          129.8646641,
          32.7567312
        ]
      },
      "properties": {
        "内容": "バス停: 稲佐橋",
        "name": "稲佐橋",
        "operator": "事業者不明",
        "ref": "",
        "url": "",
        "url2": ""
      }
    },
    {
      "type": "Feature",
      "geometry": {
        "type": "Point",
        "coordinates": [
          129.8858052,
          32.7560184
        ]
      },
      "properties": {
        "内容": "バス停: 上長崎小学校前",
        "name": "上長崎小学校前",
        "operator": "事業者不明",
        "ref": "",
        "url": "",
        "url2": ""
      }
    },
    {
      "type": "Feature",
      "geometry": {
        "type": "Point",
        "coordinates": [
          129.8851964,
          32.7550845
        ]
      },
      "properties": {
        "内容": "バス停: 上長崎小学校前",
        "name": "上長崎小学校前",
        "operator": "事業者不明",
        "ref": "",
        "url": "",
        "url2": ""
      }
    },
    {
      "type": "Feature",
      "geometry": {
        "type": "Point",
        "coordinates": [
          129.8865938,
          32.7571936
        ]
      },
      "properties": {
        "内容": "バス停: 経済学部前",
        "name": "経済学部前",
        "operator": "事業者不明",
        "ref": "",
        "url": "",
        "url2": ""
      }
    },
    {
      "type": "Feature",
      "geometry": {
        "type": "Point",
        "coordinates": [
          129.8865241,
          32.7585267
        ]
      },
      "properties": {
        "内容": "バス停: 経済学部前",
        "name": "経済学部前",
        "operator": "事業者不明",
        "ref": "",
        "url": "",
        "url2": ""
      }
    },
    {
      "type": "Feature",
      "geometry": {
        "type": "Point",
        "coordinates": [
          129.8886698,
          32.7622259
        ]
      },
      "properties": {
        "内容": "バス停: 水源池跡",
        "name": "水源池跡",
        "operator": "事業者不明",
        "ref": "",
        "url": "",
        "url2": ""
      }
    },
    {
      "type": "Feature",
      "geometry": {
        "type": "Point",
        "coordinates": [
          129.8883051,
          32.7617747
        ]
      },
      "properties": {
        "内容": "バス停: 水源池跡",
        "name": "水源池跡",
        "operator": "事業者不明",
        "ref": "",
        "url": "",
        "url2": ""
      }
    },
    {
      "type": "Feature",
      "geometry": {
        "type": "Point",
        "coordinates": [
          129.8877364,
          32.7623386
        ]
      },
      "properties": {
        "内容": "バス停: 西山二丁目",
        "name": "西山二丁目",
        "operator": "事業者不明",
        "ref": "",
        "url": "",
        "url2": ""
      }
    },
    {
      "type": "Feature",
      "geometry": {
        "type": "Point",
        "coordinates": [
          129.8877633,
          32.7622349
        ]
      },
      "properties": {
        "内容": "バス停: 西山二丁目",
        "name": "西山二丁目",
        "operator": "事業者不明",
        "ref": "",
        "url": "",
        "url2": ""
      }
    },
    {
      "type": "Feature",
      "geometry": {
        "type": "Point",
        "coordinates": [
          129.8846063,
          32.7598598
        ]
      },
      "properties": {
        "内容": "バス停: 西山東部",
        "name": "西山東部",
        "operator": "事業者不明",
        "ref": "",
        "url": "",
        "url2": ""
      }
    },
    {
      "type": "Feature",
      "geometry": {
        "type": "Point",
        "coordinates": [
          129.8845138,
          32.759809
        ]
      },
      "properties": {
        "内容": "バス停: 西山東部",
        "name": "西山東部",
        "operator": "事業者不明",
        "ref": "",
        "url": "",
        "url2": ""
      }
    },
    {
      "type": "Feature",
      "geometry": {
        "type": "Point",
        "coordinates": [
          129.882144,
          32.7599928
        ]
      },
      "properties": {
        "内容": "バス停: 西山一丁目",
        "name": "西山一丁目",
        "operator": "事業者不明",
        "ref": "",
        "url": "",
        "url2": ""
      }
    },
    {
      "type": "Feature",
      "geometry": {
        "type": "Point",
        "coordinates": [
          129.8826188,
          32.7601101
        ]
      },
      "properties": {
        "内容": "バス停: 西山一丁目",
        "name": "西山一丁目",
        "operator": "事業者不明",
        "ref": "",
        "url": "",
        "url2": ""
      }
    },
    {
      "type": "Feature",
      "geometry": {
        "type": "Point",
        "coordinates": [
          129.8816371,
          32.7579887
        ]
      },
      "properties": {
        "内容": "バス停: 長崎中学校前",
        "name": "長崎中学校前",
        "operator": "事業者不明",
        "ref": "",
        "url": "",
        "url2": ""
      }
    },
    {
      "type": "Feature",
      "geometry": {
        "type": "Point",
        "coordinates": [
          129.8815486,
          32.7579605
        ]
      },
      "properties": {
        "内容": "バス停: 長崎中学校前",
        "name": "長崎中学校前",
        "operator": "事業者不明",
        "ref": "",
        "url": "",
        "url2": ""
      }
    },
    {
      "type": "Feature",
      "geometry": {
        "type": "Point",
        "coordinates": [
          129.8801914,
          32.7612785
        ]
      },
      "properties": {
        "内容": "バス停: 立山公園口",
        "name": "立山公園口",
        "operator": "事業者不明",
        "ref": "",
        "url": "",
        "url2": ""
      }
    },
    {
      "type": "Feature",
      "geometry": {
        "type": "Point",
        "coordinates": [
          129.8800519,
          32.7613281
        ]
      },
      "properties": {
        "内容": "バス停: 立山公園口",
        "name": "立山公園口",
        "operator": "事業者不明",
        "ref": "",
        "url": "",
        "url2": ""
      }
    },
    {
      "type": "Feature",
      "geometry": {
        "type": "Point",
        "coordinates": [
          129.8793814,
          32.7613868
        ]
      },
      "properties": {
        "内容": "バス停: 東高下",
        "name": "東高下",
        "operator": "事業者不明",
        "ref": "",
        "url": "",
        "url2": ""
      }
    },
    {
      "type": "Feature",
      "geometry": {
        "type": "Point",
        "coordinates": [
          129.8794538,
          32.761283
        ]
      },
      "properties": {
        "内容": "バス停: 東高下",
        "name": "東高下",
        "operator": "事業者不明",
        "ref": "",
        "url": "",
        "url2": ""
      }
    },
    {
      "type": "Feature",
      "geometry": {
        "type": "Point",
        "coordinates": [
          129.8785244,
          32.7607203
        ]
      },
      "properties": {
        "内容": "バス停: 東高",
        "name": "東高",
        "operator": "事業者不明",
        "ref": "",
        "url": "",
        "url2": ""
      }
    },
    {
      "type": "Feature",
      "geometry": {
        "type": "Point",
        "coordinates": [
          129.8784332,
          32.7607812
        ]
      },
      "properties": {
        "内容": "バス停: 東高",
        "name": "東高",
        "operator": "事業者不明",
        "ref": "",
        "url": "",
        "url2": ""
      }
    },
    {
      "type": "Feature",
      "geometry": {
        "type": "Point",
        "coordinates": [
          129.9911571,
          32.8412562
        ]
      },
      "properties": {
        "内容": "バス停: 喜々津シーサイド",
        "name": "喜々津シーサイド",
        "operator": "事業者不明",
        "ref": "",
        "url": "",
        "url2": ""
      }
    },
    {
      "type": "Feature",
      "geometry": {
        "type": "Point",
        "coordinates": [
          129.9911141,
          32.8413305
        ]
      },
      "properties": {
        "内容": "バス停: 喜々津シーサイド",
        "name": "喜々津シーサイド",
        "operator": "事業者不明",
        "ref": "",
        "url": "",
        "url2": ""
      }
    },
    {
      "type": "Feature",
      "geometry": {
        "type": "Point",
        "coordinates": [
          129.9912214,
          32.8380989
        ]
      },
      "properties": {
        "内容": "バス停: 東小学校前",
        "name": "東小学校前",
        "operator": "事業者不明",
        "ref": "",
        "url": "",
        "url2": ""
      }
    },
    {
      "type": "Feature",
      "geometry": {
        "type": "Point",
        "coordinates": [
          129.9910189,
          32.8384561
        ]
      },
      "properties": {
        "内容": "バス停: 東小学校前",
        "name": "東小学校前",
        "operator": "事業者不明",
        "ref": "",
        "url": "",
        "url2": ""
      }
    },
    {
      "type": "Feature",
      "geometry": {
        "type": "Point",
        "coordinates": [
          129.9912697,
          32.8345832
        ]
      },
      "properties": {
        "内容": "バス停: 大島東",
        "name": "大島東",
        "operator": "事業者不明",
        "ref": "",
        "url": "",
        "url2": ""
      }
    },
    {
      "type": "Feature",
      "geometry": {
        "type": "Point",
        "coordinates": [
          129.9911571,
          32.8344762
        ]
      },
      "properties": {
        "内容": "バス停: 大島東",
        "name": "大島東",
        "operator": "事業者不明",
        "ref": "",
        "url": "",
        "url2": ""
      }
    },
    {
      "type": "Feature",
      "geometry": {
        "type": "Point",
        "coordinates": [
          129.8718256,
          32.7971189
        ]
      },
      "properties": {
        "内容": "バス停: 浦上水源池",
        "name": "浦上水源池",
        "operator": "事業者不明",
        "ref": "",
        "url": "",
        "url2": ""
      }
    },
    {
      "type": "Feature",
      "geometry": {
        "type": "Point",
        "coordinates": [
          129.8718041,
          32.796465
        ]
      },
      "properties": {
        "内容": "バス停: 浦上水源池",
        "name": "浦上水源池",
        "operator": "事業者不明",
        "ref": "",
        "url": "",
        "url2": ""
      }
    },
    {
      "type": "Feature",
      "geometry": {
        "type": "Point",
        "coordinates": [
          129.8711523,
          32.7996283
        ]
      },
      "properties": {
        "内容": "バス停: 園折",
        "name": "園折",
        "operator": "事業者不明",
        "ref": "",
        "url": "",
        "url2": ""
      }
    },
    {
      "type": "Feature",
      "geometry": {
        "type": "Point",
        "coordinates": [
          129.8711389,
          32.7995268
        ]
      },
      "properties": {
        "内容": "バス停: 園折",
        "name": "園折",
        "operator": "事業者不明",
        "ref": "",
        "url": "",
        "url2": ""
      }
    },
    {
      "type": "Feature",
      "geometry": {
        "type": "Point",
        "coordinates": [
          129.8709418,
          32.8040449
        ]
      },
      "properties": {
        "内容": "バス停: 女の都入口",
        "name": "女の都入口",
        "operator": "事業者不明",
        "ref": "",
        "url": "",
        "url2": ""
      }
    },
    {
      "type": "Feature",
      "geometry": {
        "type": "Point",
        "coordinates": [
          129.870801,
          32.8040099
        ]
      },
      "properties": {
        "内容": "バス停: 女の都入口",
        "name": "女の都入口",
        "operator": "事業者不明",
        "ref": "",
        "url": "",
        "url2": ""
      }
    },
    {
      "type": "Feature",
      "geometry": {
        "type": "Point",
        "coordinates": [
          129.8698702,
          32.8024464
        ]
      },
      "properties": {
        "内容": "バス停: 女の都入口",
        "name": "女の都入口",
        "operator": "事業者不明",
        "ref": "",
        "url": "",
        "url2": ""
      }
    },
    {
      "type": "Feature",
      "geometry": {
        "type": "Point",
        "coordinates": [
          129.8704228,
          32.8042478
        ]
      },
      "properties": {
        "内容": "バス停: 女の都入口",
        "name": "女の都入口",
        "operator": "事業者不明",
        "ref": "",
        "url": "",
        "url2": ""
      }
    },
    {
      "type": "Feature",
      "geometry": {
        "type": "Point",
        "coordinates": [
          129.8713294,
          32.8068426
        ]
      },
      "properties": {
        "内容": "バス停: 島の本",
        "name": "島の本",
        "operator": "事業者不明",
        "ref": "",
        "url": "",
        "url2": ""
      }
    },
    {
      "type": "Feature",
      "geometry": {
        "type": "Point",
        "coordinates": [
          129.8711845,
          32.8071357
        ]
      },
      "properties": {
        "内容": "バス停: 島の本",
        "name": "島の本",
        "operator": "事業者不明",
        "ref": "",
        "url": "",
        "url2": ""
      }
    },
    {
      "type": "Feature",
      "geometry": {
        "type": "Point",
        "coordinates": [
          129.8673047,
          32.8087194
        ]
      },
      "properties": {
        "内容": "バス停: 長崎商業",
        "name": "長崎商業",
        "operator": "事業者不明",
        "ref": "",
        "url": "",
        "url2": ""
      }
    },
    {
      "type": "Feature",
      "geometry": {
        "type": "Point",
        "coordinates": [
          130.0208075,
          32.8401666
        ]
      },
      "properties": {
        "内容": "バス停: 西諫早駅",
        "name": "西諫早駅",
        "operator": "事業者不明",
        "ref": "",
        "url": "",
        "url2": ""
      }
    },
    {
      "type": "Feature",
      "geometry": {
        "type": "Point",
        "coordinates": [
          130.0126657,
          32.8302515
        ]
      },
      "properties": {
        "内容": "バス停: 貝津団地前",
        "name": "貝津団地前",
        "operator": "事業者不明",
        "ref": "",
        "url": "",
        "url2": ""
      }
    },
    {
      "type": "Feature",
      "geometry": {
        "type": "Point",
        "coordinates": [
          130.0127059,
          32.8312567
        ]
      },
      "properties": {
        "内容": "バス停: 貝津団地前",
        "name": "貝津団地前",
        "operator": "事業者不明",
        "ref": "",
        "url": "",
        "url2": ""
      }
    },
    {
      "type": "Feature",
      "geometry": {
        "type": "Point",
        "coordinates": [
          130.0123036,
          32.8247678
        ]
      },
      "properties": {
        "内容": "バス停: 中核団地入口",
        "name": "中核団地入口",
        "operator": "事業者不明",
        "ref": "",
        "url": "",
        "url2": ""
      }
    },
    {
      "type": "Feature",
      "geometry": {
        "type": "Point",
        "coordinates": [
          130.0119334,
          32.8247047
        ]
      },
      "properties": {
        "内容": "バス停: 中核団地入口",
        "name": "中核団地入口",
        "operator": "事業者不明",
        "ref": "",
        "url": "",
        "url2": ""
      }
    },
    {
      "type": "Feature",
      "geometry": {
        "type": "Point",
        "coordinates": [
          130.0166058,
          32.8249865
        ]
      },
      "properties": {
        "内容": "バス停: 三菱工場前",
        "name": "三菱工場前",
        "operator": "事業者不明",
        "ref": "",
        "url": "",
        "url2": ""
      }
    },
    {
      "type": "Feature",
      "geometry": {
        "type": "Point",
        "coordinates": [
          130.016799,
          32.8251713
        ]
      },
      "properties": {
        "内容": "バス停: 三菱工場前",
        "name": "三菱工場前",
        "operator": "事業者不明",
        "ref": "",
        "url": "",
        "url2": ""
      }
    },
    {
      "type": "Feature",
      "geometry": {
        "type": "Point",
        "coordinates": [
          130.0145271,
          32.8218331
        ]
      },
      "properties": {
        "内容": "バス停: 中核団地東",
        "name": "中核団地東",
        "operator": "事業者不明",
        "ref": "",
        "url": "",
        "url2": ""
      }
    },
    {
      "type": "Feature",
      "geometry": {
        "type": "Point",
        "coordinates": [
          130.0145392,
          32.8219504
        ]
      },
      "properties": {
        "内容": "バス停: 中核団地東",
        "name": "中核団地東",
        "operator": "事業者不明",
        "ref": "",
        "url": "",
        "url2": ""
      }
    },
    {
      "type": "Feature",
      "geometry": {
        "type": "Point",
        "coordinates": [
          130.009549,
          32.8190674
        ]
      },
      "properties": {
        "内容": "バス停: 配水池下",
        "name": "配水池下",
        "operator": "事業者不明",
        "ref": "",
        "url": "",
        "url2": ""
      }
    },
    {
      "type": "Feature",
      "geometry": {
        "type": "Point",
        "coordinates": [
          130.0093344,
          32.8192252
        ]
      },
      "properties": {
        "内容": "バス停: 配水池下",
        "name": "配水池下",
        "operator": "事業者不明",
        "ref": "",
        "url": "",
        "url2": ""
      }
    },
    {
      "type": "Feature",
      "geometry": {
        "type": "Point",
        "coordinates": [
          130.0072845,
          32.8200367
        ]
      },
      "properties": {
        "内容": "バス停: 中核団地南",
        "name": "中核団地南",
        "operator": "事業者不明",
        "ref": "",
        "url": "",
        "url2": ""
      }
    },
    {
      "type": "Feature",
      "geometry": {
        "type": "Point",
        "coordinates": [
          130.0074998,
          32.8200818
        ]
      },
      "properties": {
        "内容": "バス停: 中核団地南",
        "name": "中核団地南",
        "operator": "事業者不明",
        "ref": "",
        "url": "",
        "url2": ""
      }
    },
    {
      "type": "Feature",
      "geometry": {
        "type": "Point",
        "coordinates": [
          130.0043307,
          32.8211085
        ]
      },
      "properties": {
        "内容": "バス停: ソフトウェアセンター前",
        "name": "ソフトウェアセンター前",
        "operator": "事業者不明",
        "ref": "",
        "url": "",
        "url2": ""
      }
    },
    {
      "type": "Feature",
      "geometry": {
        "type": "Point",
        "coordinates": [
          130.004438,
          32.820794
        ]
      },
      "properties": {
        "内容": "バス停: ソフトウェアセンター前",
        "name": "ソフトウェアセンター前",
        "operator": "事業者不明",
        "ref": "",
        "url": "",
        "url2": ""
      }
    },
    {
      "type": "Feature",
      "geometry": {
        "type": "Point",
        "coordinates": [
          130.0043039,
          32.8221836
        ]
      },
      "properties": {
        "内容": "バス停: 津久葉町",
        "name": "津久葉町",
        "operator": "事業者不明",
        "ref": "",
        "url": "",
        "url2": ""
      }
    },
    {
      "type": "Feature",
      "geometry": {
        "type": "Point",
        "coordinates": [
          130.0044702,
          32.8220732
        ]
      },
      "properties": {
        "内容": "バス停: 津久葉町",
        "name": "津久葉町",
        "operator": "事業者不明",
        "ref": "",
        "url": "",
        "url2": ""
      }
    },
    {
      "type": "Feature",
      "geometry": {
        "type": "Point",
        "coordinates": [
          130.0090903,
          32.8233794
        ]
      },
      "properties": {
        "内容": "バス停: 中核団地",
        "name": "中核団地",
        "operator": "事業者不明",
        "ref": "",
        "url": "",
        "url2": ""
      }
    },
    {
      "type": "Feature",
      "geometry": {
        "type": "Point",
        "coordinates": [
          130.0099044,
          32.8235777
        ]
      },
      "properties": {
        "内容": "バス停: 中核団地",
        "name": "中核団地",
        "operator": "事業者不明",
        "ref": "",
        "url": "",
        "url2": ""
      }
    },
    {
      "type": "Feature",
      "geometry": {
        "type": "Point",
        "coordinates": [
          129.8697013,
          32.7996395
        ]
      },
      "properties": {
        "内容": "バス停: 園折",
        "name": "園折",
        "operator": "事業者不明",
        "ref": "",
        "url": "",
        "url2": ""
      }
    },
    {
      "type": "Feature",
      "geometry": {
        "type": "Point",
        "coordinates": [
          129.8695752,
          32.7995989
        ]
      },
      "properties": {
        "内容": "バス停: 園折",
        "name": "園折",
        "operator": "事業者不明",
        "ref": "",
        "url": "",
        "url2": ""
      }
    },
    {
      "type": "Feature",
      "geometry": {
        "type": "Point",
        "coordinates": [
          130.0562167,
          32.7907989
        ]
      },
      "properties": {
        "内容": "バス停: 並原",
        "name": "並原",
        "operator": "事業者不明",
        "ref": "",
        "url": "",
        "url2": ""
      }
    },
    {
      "type": "Feature",
      "geometry": {
        "type": "Point",
        "coordinates": [
          130.0558493,
          32.7908823
        ]
      },
      "properties": {
        "内容": "バス停: 並原",
        "name": "並原",
        "operator": "事業者不明",
        "ref": "",
        "url": "",
        "url2": ""
      }
    },
    {
      "type": "Feature",
      "geometry": {
        "type": "Point",
        "coordinates": [
          130.045917,
          32.7867559
        ]
      },
      "properties": {
        "内容": "バス停: 牧野",
        "name": "牧野",
        "operator": "事業者不明",
        "ref": "",
        "url": "",
        "url2": ""
      }
    },
    {
      "type": "Feature",
      "geometry": {
        "type": "Point",
        "coordinates": [
          130.0459707,
          32.7864019
        ]
      },
      "properties": {
        "内容": "バス停: 牧野",
        "name": "牧野",
        "operator": "事業者不明",
        "ref": "",
        "url": "",
        "url2": ""
      }
    },
    {
      "type": "Feature",
      "geometry": {
        "type": "Point",
        "coordinates": [
          130.0282493,
          32.7807915
        ]
      },
      "properties": {
        "内容": "バス停: 山新田",
        "name": "山新田",
        "operator": "事業者不明",
        "ref": "",
        "url": "",
        "url2": ""
      }
    },
    {
      "type": "Feature",
      "geometry": {
        "type": "Point",
        "coordinates": [
          130.0271443,
          32.780345
        ]
      },
      "properties": {
        "内容": "バス停: 山新田",
        "name": "山新田",
        "operator": "事業者不明",
        "ref": "",
        "url": "",
        "url2": ""
      }
    },
    {
      "type": "Feature",
      "geometry": {
        "type": "Point",
        "coordinates": [
          130.0232363,
          32.7796887
        ]
      },
      "properties": {
        "内容": "バス停: 馬場",
        "name": "馬場",
        "operator": "事業者不明",
        "ref": "",
        "url": "",
        "url2": ""
      }
    },
    {
      "type": "Feature",
      "geometry": {
        "type": "Point",
        "coordinates": [
          130.0230485,
          32.7796211
        ]
      },
      "properties": {
        "内容": "バス停: 馬場",
        "name": "馬場",
        "operator": "事業者不明",
        "ref": "",
        "url": "",
        "url2": ""
      }
    },
    {
      "type": "Feature",
      "geometry": {
        "type": "Point",
        "coordinates": [
          130.0240007,
          32.7803495
        ]
      },
      "properties": {
        "内容": "バス停: 馬場",
        "name": "馬場",
        "operator": "事業者不明",
        "ref": "",
        "url": "",
        "url2": ""
      }
    },
    {
      "type": "Feature",
      "geometry": {
        "type": "Point",
        "coordinates": [
          130.0239122,
          32.7801961
        ]
      },
      "properties": {
        "内容": "バス停: 馬場",
        "name": "馬場",
        "operator": "事業者不明",
        "ref": "",
        "url": "",
        "url2": ""
      }
    },
    {
      "type": "Feature",
      "geometry": {
        "type": "Point",
        "coordinates": [
          130.0225094,
          32.7771652
        ]
      },
      "properties": {
        "内容": "バス停: コミュニティ会館前",
        "name": "コミュニティ会館前",
        "operator": "事業者不明",
        "ref": "",
        "url": "",
        "url2": ""
      }
    },
    {
      "type": "Feature",
      "geometry": {
        "type": "Point",
        "coordinates": [
          130.0225872,
          32.777287
        ]
      },
      "properties": {
        "内容": "バス停: コミュニティ会館前",
        "name": "コミュニティ会館前",
        "operator": "事業者不明",
        "ref": "",
        "url": "",
        "url2": ""
      }
    },
    {
      "type": "Feature",
      "geometry": {
        "type": "Point",
        "coordinates": [
          130.0238907,
          32.7762699
        ]
      },
      "properties": {
        "内容": "バス停: 上原",
        "name": "上原",
        "operator": "事業者不明",
        "ref": "",
        "url": "",
        "url2": ""
      }
    },
    {
      "type": "Feature",
      "geometry": {
        "type": "Point",
        "coordinates": [
          130.0238129,
          32.7761414
        ]
      },
      "properties": {
        "内容": "バス停: 上原",
        "name": "上原",
        "operator": "事業者不明",
        "ref": "",
        "url": "",
        "url2": ""
      }
    },
    {
      "type": "Feature",
      "geometry": {
        "type": "Point",
        "coordinates": [
          130.0246739,
          32.7728623
        ]
      },
      "properties": {
        "内容": "バス停: 後田口",
        "name": "後田口",
        "operator": "事業者不明",
        "ref": "",
        "url": "",
        "url2": ""
      }
    },
    {
      "type": "Feature",
      "geometry": {
        "type": "Point",
        "coordinates": [
          130.0245157,
          32.7729164
        ]
      },
      "properties": {
        "内容": "バス停: 後田口",
        "name": "後田口",
        "operator": "事業者不明",
        "ref": "",
        "url": "",
        "url2": ""
      }
    },
    {
      "type": "Feature",
      "geometry": {
        "type": "Point",
        "coordinates": [
          130.0259668,
          32.7699417
        ]
      },
      "properties": {
        "内容": "バス停: 江の浦",
        "name": "江の浦",
        "operator": "事業者不明",
        "ref": "",
        "url": "",
        "url2": ""
      }
    },
    {
      "type": "Feature",
      "geometry": {
        "type": "Point",
        "coordinates": [
          130.0258997,
          32.7697613
        ]
      },
      "properties": {
        "内容": "バス停: 江の浦",
        "name": "江の浦",
        "operator": "事業者不明",
        "ref": "",
        "url": "",
        "url2": ""
      }
    },
    {
      "type": "Feature",
      "geometry": {
        "type": "Point",
        "coordinates": [
          130.0431718,
          32.8535889
        ]
      },
      "properties": {
        "内容": "バス停: 諫早病院前",
        "name": "諫早病院前",
        "operator": "事業者不明",
        "ref": "",
        "url": "",
        "url2": ""
      }
    },
    {
      "type": "Feature",
      "geometry": {
        "type": "Point",
        "coordinates": [
          130.043027,
          32.853697
        ]
      },
      "properties": {
        "内容": "バス停: 諫早病院前",
        "name": "諫早病院前",
        "operator": "事業者不明",
        "ref": "",
        "url": "",
        "url2": ""
      }
    },
    {
      "type": "Feature",
      "geometry": {
        "type": "Point",
        "coordinates": [
          130.0766417,
          32.7976848
        ]
      },
      "properties": {
        "内容": "バス停: 山本橋",
        "name": "山本橋",
        "operator": "事業者不明",
        "ref": "",
        "url": "",
        "url2": ""
      }
    },
    {
      "type": "Feature",
      "geometry": {
        "type": "Point",
        "coordinates": [
          130.0766337,
          32.7975495
        ]
      },
      "properties": {
        "内容": "バス停: 山本橋",
        "name": "山本橋",
        "operator": "事業者不明",
        "ref": "",
        "url": "",
        "url2": ""
      }
    },
    {
      "type": "Feature",
      "geometry": {
        "type": "Point",
        "coordinates": [
          130.0742894,
          32.7964718
        ]
      },
      "properties": {
        "内容": "バス停: 下中通",
        "name": "下中通",
        "operator": "事業者不明",
        "ref": "",
        "url": "",
        "url2": ""
      }
    },
    {
      "type": "Feature",
      "geometry": {
        "type": "Point",
        "coordinates": [
          130.0741124,
          32.7964966
        ]
      },
      "properties": {
        "内容": "バス停: 下中通",
        "name": "下中通",
        "operator": "事業者不明",
        "ref": "",
        "url": "",
        "url2": ""
      }
    },
    {
      "type": "Feature",
      "geometry": {
        "type": "Point",
        "coordinates": [
          130.0703707,
          32.7957322
        ]
      },
      "properties": {
        "内容": "バス停: 中通",
        "name": "中通",
        "operator": "事業者不明",
        "ref": "",
        "url": "",
        "url2": ""
      }
    },
    {
      "type": "Feature",
      "geometry": {
        "type": "Point",
        "coordinates": [
          130.0702742,
          32.7956601
        ]
      },
      "properties": {
        "内容": "バス停: 中通",
        "name": "中通",
        "operator": "事業者不明",
        "ref": "",
        "url": "",
        "url2": ""
      }
    },
    {
      "type": "Feature",
      "geometry": {
        "type": "Point",
        "coordinates": [
          130.065925,
          32.7973804
        ]
      },
      "properties": {
        "内容": "バス停: 平田",
        "name": "平田",
        "operator": "事業者不明",
        "ref": "",
        "url": "",
        "url2": ""
      }
    },
    {
      "type": "Feature",
      "geometry": {
        "type": "Point",
        "coordinates": [
          130.0656246,
          32.7974289
        ]
      },
      "properties": {
        "内容": "バス停: 平田",
        "name": "平田",
        "operator": "事業者不明",
        "ref": "",
        "url": "",
        "url2": ""
      }
    },
    {
      "type": "Feature",
      "geometry": {
        "type": "Point",
        "coordinates": [
          130.0635418,
          32.7996531
        ]
      },
      "properties": {
        "内容": "バス停: 中屋敷",
        "name": "中屋敷",
        "operator": "事業者不明",
        "ref": "",
        "url": "",
        "url2": ""
      }
    },
    {
      "type": "Feature",
      "geometry": {
        "type": "Point",
        "coordinates": [
          130.0637417,
          32.7996328
        ]
      },
      "properties": {
        "内容": "バス停: 中屋敷",
        "name": "中屋敷",
        "operator": "事業者不明",
        "ref": "",
        "url": "",
        "url2": ""
      }
    },
    {
      "type": "Feature",
      "geometry": {
        "type": "Point",
        "coordinates": [
          130.0581761,
          32.8026584
        ]
      },
      "properties": {
        "内容": "バス停: 天神町",
        "name": "天神町",
        "operator": "事業者不明",
        "ref": "",
        "url": "",
        "url2": ""
      }
    },
    {
      "type": "Feature",
      "geometry": {
        "type": "Point",
        "coordinates": [
          130.0579897,
          32.8026257
        ]
      },
      "properties": {
        "内容": "バス停: 天神町",
        "name": "天神町",
        "operator": "事業者不明",
        "ref": "",
        "url": "",
        "url2": ""
      }
    },
    {
      "type": "Feature",
      "geometry": {
        "type": "Point",
        "coordinates": [
          130.0547522,
          32.8098815
        ]
      },
      "properties": {
        "内容": "バス停: 小ヶ倉",
        "name": "小ヶ倉",
        "operator": "事業者不明",
        "ref": "",
        "url": "",
        "url2": ""
      }
    },
    {
      "type": "Feature",
      "geometry": {
        "type": "Point",
        "coordinates": [
          130.0545739,
          32.8099458
        ]
      },
      "properties": {
        "内容": "バス停: 小ヶ倉",
        "name": "小ヶ倉",
        "operator": "事業者不明",
        "ref": "",
        "url": "",
        "url2": ""
      }
    },
    {
      "type": "Feature",
      "geometry": {
        "type": "Point",
        "coordinates": [
          130.050855,
          32.8141511
        ]
      },
      "properties": {
        "内容": "バス停: 善神",
        "name": "善神",
        "operator": "事業者不明",
        "ref": "",
        "url": "",
        "url2": ""
      }
    },
    {
      "type": "Feature",
      "geometry": {
        "type": "Point",
        "coordinates": [
          130.0510025,
          32.8140384
        ]
      },
      "properties": {
        "内容": "バス停: 善神",
        "name": "善神",
        "operator": "事業者不明",
        "ref": "",
        "url": "",
        "url2": ""
      }
    },
    {
      "type": "Feature",
      "geometry": {
        "type": "Point",
        "coordinates": [
          130.0519802,
          32.8215931
        ]
      },
      "properties": {
        "内容": "バス停: 小ヶ倉ダム入口",
        "name": "小ヶ倉ダム入口",
        "operator": "事業者不明",
        "ref": "",
        "url": "",
        "url2": ""
      }
    },
    {
      "type": "Feature",
      "geometry": {
        "type": "Point",
        "coordinates": [
          130.0520794,
          32.8214567
        ]
      },
      "properties": {
        "内容": "バス停: 小ヶ倉ダム入口",
        "name": "小ヶ倉ダム入口",
        "operator": "事業者不明",
        "ref": "",
        "url": "",
        "url2": ""
      }
    },
    {
      "type": "Feature",
      "geometry": {
        "type": "Point",
        "coordinates": [
          130.0543606,
          32.825355
        ]
      },
      "properties": {
        "内容": "バス停: 県営住宅前",
        "name": "県営住宅前",
        "operator": "事業者不明",
        "ref": "",
        "url": "",
        "url2": ""
      }
    },
    {
      "type": "Feature",
      "geometry": {
        "type": "Point",
        "coordinates": [
          130.0541796,
          32.8252209
        ]
      },
      "properties": {
        "内容": "バス停: 県営住宅前",
        "name": "県営住宅前",
        "operator": "事業者不明",
        "ref": "",
        "url": "",
        "url2": ""
      }
    },
    {
      "type": "Feature",
      "geometry": {
        "type": "Point",
        "coordinates": [
          130.0559002,
          32.829057
        ]
      },
      "properties": {
        "内容": "バス停: 小川",
        "name": "小川",
        "operator": "事業者不明",
        "ref": "",
        "url": "",
        "url2": ""
      }
    },
    {
      "type": "Feature",
      "geometry": {
        "type": "Point",
        "coordinates": [
          130.0557272,
          32.8289939
        ]
      },
      "properties": {
        "内容": "バス停: 小川",
        "name": "小川",
        "operator": "事業者不明",
        "ref": "",
        "url": "",
        "url2": ""
      }
    },
    {
      "type": "Feature",
      "geometry": {
        "type": "Point",
        "coordinates": [
          130.0599101,
          32.8317886
        ]
      },
      "properties": {
        "内容": "バス停: 小栗",
        "name": "小栗",
        "operator": "事業者不明",
        "ref": "",
        "url": "",
        "url2": ""
      }
    },
    {
      "type": "Feature",
      "geometry": {
        "type": "Point",
        "coordinates": [
          130.0585368,
          32.8323565
        ]
      },
      "properties": {
        "内容": "バス停: 小栗",
        "name": "小栗",
        "operator": "事業者不明",
        "ref": "",
        "url": "",
        "url2": ""
      }
    },
    {
      "type": "Feature",
      "geometry": {
        "type": "Point",
        "coordinates": [
          130.0597492,
          32.8327825
        ]
      },
      "properties": {
        "内容": "バス停: 小栗",
        "name": "小栗",
        "operator": "事業者不明",
        "ref": "",
        "url": "",
        "url2": ""
      }
    },
    {
      "type": "Feature",
      "geometry": {
        "type": "Point",
        "coordinates": [
          130.0599074,
          32.8319509
        ]
      },
      "properties": {
        "内容": "バス停: 小栗",
        "name": "小栗",
        "operator": "事業者不明",
        "ref": "",
        "url": "",
        "url2": ""
      }
    },
    {
      "type": "Feature",
      "geometry": {
        "type": "Point",
        "coordinates": [
          130.0560772,
          32.8315655
        ]
      },
      "properties": {
        "内容": "バス停: 小栗",
        "name": "小栗",
        "operator": "事業者不明",
        "ref": "",
        "url": "",
        "url2": ""
      }
    },
    {
      "type": "Feature",
      "geometry": {
        "type": "Point",
        "coordinates": [
          130.057582,
          32.8360752
        ]
      },
      "properties": {
        "内容": "バス停: 農高前",
        "name": "農高前",
        "operator": "事業者不明",
        "ref": "",
        "url": "",
        "url2": ""
      }
    },
    {
      "type": "Feature",
      "geometry": {
        "type": "Point",
        "coordinates": [
          130.0573084,
          32.8363388
        ]
      },
      "properties": {
        "内容": "バス停: 農高前",
        "name": "農高前",
        "operator": "事業者不明",
        "ref": "",
        "url": "",
        "url2": ""
      }
    },
    {
      "type": "Feature",
      "geometry": {
        "type": "Point",
        "coordinates": [
          130.0561577,
          32.839104
        ]
      },
      "properties": {
        "内容": "バス停: 上野町",
        "name": "上野町",
        "operator": "事業者不明",
        "ref": "",
        "url": "",
        "url2": ""
      }
    },
    {
      "type": "Feature",
      "geometry": {
        "type": "Point",
        "coordinates": [
          130.0559351,
          32.8392933
        ]
      },
      "properties": {
        "内容": "バス停: 上野町",
        "name": "上野町",
        "operator": "事業者不明",
        "ref": "",
        "url": "",
        "url2": ""
      }
    },
    {
      "type": "Feature",
      "geometry": {
        "type": "Point",
        "coordinates": [
          130.0553691,
          32.8411705
        ]
      },
      "properties": {
        "内容": "バス停: 栄町",
        "name": "栄町",
        "operator": "事業者不明",
        "ref": "",
        "url": "",
        "url2": ""
      }
    },
    {
      "type": "Feature",
      "geometry": {
        "type": "Point",
        "coordinates": [
          130.0554952,
          32.8410962
        ]
      },
      "properties": {
        "内容": "バス停: 栄町",
        "name": "栄町",
        "operator": "事業者不明",
        "ref": "",
        "url": "",
        "url2": ""
      }
    },
    {
      "type": "Feature",
      "geometry": {
        "type": "Point",
        "coordinates": [
          130.0687507,
          32.7903163
        ]
      },
      "properties": {
        "内容": "バス停: 館の上",
        "name": "館の上",
        "operator": "事業者不明",
        "ref": "",
        "url": "",
        "url2": ""
      }
    },
    {
      "type": "Feature",
      "geometry": {
        "type": "Point",
        "coordinates": [
          130.0763226,
          32.793331
        ]
      },
      "properties": {
        "内容": "バス停: うき福祉村前",
        "name": "うき福祉村前",
        "operator": "事業者不明",
        "ref": "",
        "url": "",
        "url2": ""
      }
    },
    {
      "type": "Feature",
      "geometry": {
        "type": "Point",
        "coordinates": [
          130.0767826,
          32.7938281
        ]
      },
      "properties": {
        "内容": "バス停: うき福祉村前",
        "name": "うき福祉村前",
        "operator": "事業者不明",
        "ref": "",
        "url": "",
        "url2": ""
      }
    },
    {
      "type": "Feature",
      "geometry": {
        "type": "Point",
        "coordinates": [
          130.0686595,
          32.7901788
        ]
      },
      "properties": {
        "内容": "バス停: 館の上",
        "name": "館の上",
        "operator": "事業者不明",
        "ref": "",
        "url": "",
        "url2": ""
      }
    },
    {
      "type": "Feature",
      "geometry": {
        "type": "Point",
        "coordinates": [
          130.0850987,
          32.7953084
        ]
      },
      "properties": {
        "内容": "バス停: 漁協前",
        "name": "漁協前",
        "operator": "事業者不明",
        "ref": "",
        "url": "",
        "url2": ""
      }
    },
    {
      "type": "Feature",
      "geometry": {
        "type": "Point",
        "coordinates": [
          130.0849378,
          32.7952407
        ]
      },
      "properties": {
        "内容": "バス停: 漁協前",
        "name": "漁協前",
        "operator": "事業者不明",
        "ref": "",
        "url": "",
        "url2": ""
      }
    },
    {
      "type": "Feature",
      "geometry": {
        "type": "Point",
        "coordinates": [
          130.0869039,
          32.7961201
        ]
      },
      "properties": {
        "内容": "バス停: 松里町",
        "name": "松里町",
        "operator": "事業者不明",
        "ref": "",
        "url": "",
        "url2": ""
      }
    },
    {
      "type": "Feature",
      "geometry": {
        "type": "Point",
        "coordinates": [
          130.0869146,
          32.7963117
        ]
      },
      "properties": {
        "内容": "バス停: 松里町",
        "name": "松里町",
        "operator": "事業者不明",
        "ref": "",
        "url": "",
        "url2": ""
      }
    },
    {
      "type": "Feature",
      "geometry": {
        "type": "Point",
        "coordinates": [
          130.0847527,
          32.796801
        ]
      },
      "properties": {
        "内容": "バス停: 郵便局前",
        "name": "郵便局前",
        "operator": "事業者不明",
        "ref": "",
        "url": "",
        "url2": ""
      }
    },
    {
      "type": "Feature",
      "geometry": {
        "type": "Point",
        "coordinates": [
          130.0845033,
          32.7968596
        ]
      },
      "properties": {
        "内容": "バス停: 郵便局前",
        "name": "郵便局前",
        "operator": "事業者不明",
        "ref": "",
        "url": "",
        "url2": ""
      }
    },
    {
      "type": "Feature",
      "geometry": {
        "type": "Point",
        "coordinates": [
          130.0817138,
          32.7965214
        ]
      },
      "properties": {
        "内容": "バス停: 山崎",
        "name": "山崎",
        "operator": "事業者不明",
        "ref": "",
        "url": "",
        "url2": ""
      }
    },
    {
      "type": "Feature",
      "geometry": {
        "type": "Point",
        "coordinates": [
          130.0815448,
          32.7966657
        ]
      },
      "properties": {
        "内容": "バス停: 山崎",
        "name": "山崎",
        "operator": "事業者不明",
        "ref": "",
        "url": "",
        "url2": ""
      }
    },
    {
      "type": "Feature",
      "geometry": {
        "type": "Point",
        "coordinates": [
          130.0827143,
          32.7980591
        ]
      },
      "properties": {
        "内容": "バス停: 有喜",
        "name": "有喜",
        "operator": "事業者不明",
        "ref": "",
        "url": "",
        "url2": ""
      }
    },
    {
      "type": "Feature",
      "geometry": {
        "type": "Point",
        "coordinates": [
          130.0840339,
          32.7991074
        ]
      },
      "properties": {
        "内容": "バス停: 岩崎",
        "name": "岩崎",
        "operator": "事業者不明",
        "ref": "",
        "url": "",
        "url2": ""
      }
    },
    {
      "type": "Feature",
      "geometry": {
        "type": "Point",
        "coordinates": [
          130.0827786,
          32.7982665
        ]
      },
      "properties": {
        "内容": "バス停: 有喜",
        "name": "有喜",
        "operator": "事業者不明",
        "ref": "",
        "url": "",
        "url2": ""
      }
    },
    {
      "type": "Feature",
      "geometry": {
        "type": "Point",
        "coordinates": [
          130.0839561,
          32.7989474
        ]
      },
      "properties": {
        "内容": "バス停: 岩崎",
        "name": "岩崎",
        "operator": "事業者不明",
        "ref": "",
        "url": "",
        "url2": ""
      }
    },
    {
      "type": "Feature",
      "geometry": {
        "type": "Point",
        "coordinates": [
          130.0846803,
          32.8091489
        ]
      },
      "properties": {
        "内容": "バス停: 余木",
        "name": "余木",
        "operator": "事業者不明",
        "ref": "",
        "url": "",
        "url2": ""
      }
    },
    {
      "type": "Feature",
      "geometry": {
        "type": "Point",
        "coordinates": [
          130.0844282,
          32.8091398
        ]
      },
      "properties": {
        "内容": "バス停: 余木",
        "name": "余木",
        "operator": "事業者不明",
        "ref": "",
        "url": "",
        "url2": ""
      }
    },
    {
      "type": "Feature",
      "geometry": {
        "type": "Point",
        "coordinates": [
          130.0815448,
          32.8123094
        ]
      },
      "properties": {
        "内容": "バス停: 野副",
        "name": "野副",
        "operator": "事業者不明",
        "ref": "",
        "url": "",
        "url2": ""
      }
    },
    {
      "type": "Feature",
      "geometry": {
        "type": "Point",
        "coordinates": [
          130.0816816,
          32.8123951
        ]
      },
      "properties": {
        "内容": "バス停: 野副",
        "name": "野副",
        "operator": "事業者不明",
        "ref": "",
        "url": "",
        "url2": ""
      }
    },
    {
      "type": "Feature",
      "geometry": {
        "type": "Point",
        "coordinates": [
          130.0786561,
          32.8170184
        ]
      },
      "properties": {
        "内容": "バス停: 秀路",
        "name": "秀路",
        "operator": "事業者不明",
        "ref": "",
        "url": "",
        "url2": ""
      }
    },
    {
      "type": "Feature",
      "geometry": {
        "type": "Point",
        "coordinates": [
          130.078868,
          32.8170094
        ]
      },
      "properties": {
        "内容": "バス停: 秀路",
        "name": "秀路",
        "operator": "事業者不明",
        "ref": "",
        "url": "",
        "url2": ""
      }
    },
    {
      "type": "Feature",
      "geometry": {
        "type": "Point",
        "coordinates": [
          130.0754133,
          32.8214004
        ]
      },
      "properties": {
        "内容": "バス停: 中組",
        "name": "中組",
        "operator": "事業者不明",
        "ref": "",
        "url": "",
        "url2": ""
      }
    },
    {
      "type": "Feature",
      "geometry": {
        "type": "Point",
        "coordinates": [
          130.0760758,
          32.8212832
        ]
      },
      "properties": {
        "内容": "バス停: 中組",
        "name": "中組",
        "operator": "事業者不明",
        "ref": "",
        "url": "",
        "url2": ""
      }
    },
    {
      "type": "Feature",
      "geometry": {
        "type": "Point",
        "coordinates": [
          130.0718996,
          32.8269429
        ]
      },
      "properties": {
        "内容": "バス停: 川床",
        "name": "川床",
        "operator": "事業者不明",
        "ref": "",
        "url": "",
        "url2": ""
      }
    },
    {
      "type": "Feature",
      "geometry": {
        "type": "Point",
        "coordinates": [
          130.072318,
          32.8265169
        ]
      },
      "properties": {
        "内容": "バス停: 川床",
        "name": "川床",
        "operator": "事業者不明",
        "ref": "",
        "url": "",
        "url2": ""
      }
    },
    {
      "type": "Feature",
      "geometry": {
        "type": "Point",
        "coordinates": [
          130.0534835,
          32.8419018
        ]
      },
      "properties": {
        "内容": "バス停: 本諫早駅前",
        "name": "本諫早駅前",
        "operator": "事業者不明",
        "ref": "",
        "url": "",
        "url2": ""
      }
    },
    {
      "type": "Feature",
      "geometry": {
        "type": "Point",
        "coordinates": [
          130.0535385,
          32.8419931
        ]
      },
      "properties": {
        "内容": "バス停: 本諫早駅前",
        "name": "本諫早駅前",
        "operator": "事業者不明",
        "ref": "",
        "url": "",
        "url2": ""
      }
    },
    {
      "type": "Feature",
      "geometry": {
        "type": "Point",
        "coordinates": [
          130.0529055,
          32.8442646
        ]
      },
      "properties": {
        "内容": "バス停: 諫早市役所",
        "name": "諫早市役所",
        "operator": "事業者不明",
        "ref": "",
        "url": "",
        "url2": ""
      }
    },
    {
      "type": "Feature",
      "geometry": {
        "type": "Point",
        "coordinates": [
          130.0528318,
          32.8443818
        ]
      },
      "properties": {
        "内容": "バス停: 諫早市役所",
        "name": "諫早市役所",
        "operator": "事業者不明",
        "ref": "",
        "url": "",
        "url2": ""
      }
    },
    {
      "type": "Feature",
      "geometry": {
        "type": "Point",
        "coordinates": [
          130.0490606,
          32.845842
        ]
      },
      "properties": {
        "内容": "バス停: 諫早公園前",
        "name": "諫早公園前",
        "operator": "事業者不明",
        "ref": "",
        "url": "",
        "url2": ""
      }
    },
    {
      "type": "Feature",
      "geometry": {
        "type": "Point",
        "coordinates": [
          130.0489104,
          32.8457789
        ]
      },
      "properties": {
        "内容": "バス停: 諫早公園前",
        "name": "諫早公園前",
        "operator": "事業者不明",
        "ref": "",
        "url": "",
        "url2": ""
      }
    },
    {
      "type": "Feature",
      "geometry": {
        "type": "Point",
        "coordinates": [
          130.0465393,
          32.8472098
        ]
      },
      "properties": {
        "内容": "バス停: 天満公園前",
        "name": "天満公園前",
        "operator": "事業者不明",
        "ref": "",
        "url": "",
        "url2": ""
      }
    },
    {
      "type": "Feature",
      "geometry": {
        "type": "Point",
        "coordinates": [
          130.0473171,
          32.8470002
        ]
      },
      "properties": {
        "内容": "バス停: 天満公園前",
        "name": "天満公園前",
        "operator": "事業者不明",
        "ref": "",
        "url": "",
        "url2": ""
      }
    },
    {
      "type": "Feature",
      "geometry": {
        "type": "Point",
        "coordinates": [
          130.0826043,
          32.7935023
        ]
      },
      "properties": {
        "内容": "バス停: 有喜港",
        "name": "有喜港",
        "operator": "事業者不明",
        "ref": "",
        "url": "",
        "url2": ""
      }
    },
    {
      "type": "Feature",
      "geometry": {
        "type": "Point",
        "coordinates": [
          130.0648642,
          32.7909454
        ]
      },
      "properties": {
        "内容": "バス停: 早見",
        "name": "早見",
        "operator": "事業者不明",
        "ref": "",
        "url": "",
        "url2": ""
      }
    },
    {
      "type": "Feature",
      "geometry": {
        "type": "Point",
        "coordinates": [
          130.0638583,
          32.7915542
        ]
      },
      "properties": {
        "内容": "バス停: 早見",
        "name": "早見",
        "operator": "事業者不明",
        "ref": "",
        "url": "",
        "url2": ""
      }
    },
    {
      "type": "Feature",
      "geometry": {
        "type": "Point",
        "coordinates": [
          130.1892315,
          32.9267972
        ]
      },
      "properties": {
        "内容": "バス停: 小長井支所前",
        "name": "小長井支所前",
        "operator": "事業者不明",
        "ref": "",
        "url": "",
        "url2": ""
      }
    },
    {
      "type": "Feature",
      "geometry": {
        "type": "Point",
        "coordinates": [
          130.1893441,
          32.9269604
        ]
      },
      "properties": {
        "内容": "バス停: 小長井支所前",
        "name": "小長井支所前",
        "operator": "事業者不明",
        "ref": "",
        "url": "",
        "url2": ""
      }
    },
    {
      "type": "Feature",
      "geometry": {
        "type": "Point",
        "coordinates": [
          130.1862985,
          32.924485
        ]
      },
      "properties": {
        "内容": "バス停: 小長井駅前",
        "name": "小長井駅前",
        "operator": "事業者不明",
        "ref": "",
        "url": "",
        "url2": ""
      }
    },
    {
      "type": "Feature",
      "geometry": {
        "type": "Point",
        "coordinates": [
          130.1865345,
          32.9245615
        ]
      },
      "properties": {
        "内容": "バス停: 小長井駅前",
        "name": "小長井駅前",
        "operator": "事業者不明",
        "ref": "",
        "url": "",
        "url2": ""
      }
    },
    {
      "type": "Feature",
      "geometry": {
        "type": "Point",
        "coordinates": [
          130.1845799,
          32.9212316
        ]
      },
      "properties": {
        "内容": "バス停: 長戸",
        "name": "長戸",
        "operator": "事業者不明",
        "ref": "",
        "url": "",
        "url2": ""
      }
    },
    {
      "type": "Feature",
      "geometry": {
        "type": "Point",
        "coordinates": [
          130.1847723,
          32.9204729
        ]
      },
      "properties": {
        "内容": "バス停: 長戸",
        "name": "長戸",
        "operator": "事業者不明",
        "ref": "",
        "url": "",
        "url2": ""
      }
    },
    {
      "type": "Feature",
      "geometry": {
        "type": "Point",
        "coordinates": [
          130.1784503,
          32.914934
        ]
      },
      "properties": {
        "内容": "バス停: 帆崎",
        "name": "帆崎",
        "operator": "事業者不明",
        "ref": "",
        "url": "",
        "url2": ""
      }
    },
    {
      "type": "Feature",
      "geometry": {
        "type": "Point",
        "coordinates": [
          130.178917,
          32.9147403
        ]
      },
      "properties": {
        "内容": "バス停: 帆崎",
        "name": "帆崎",
        "operator": "事業者不明",
        "ref": "",
        "url": "",
        "url2": ""
      }
    },
    {
      "type": "Feature",
      "geometry": {
        "type": "Point",
        "coordinates": [
          130.1760069,
          32.9162309
        ]
      },
      "properties": {
        "内容": "バス停: 平原",
        "name": "平原",
        "operator": "事業者不明",
        "ref": "",
        "url": "",
        "url2": ""
      }
    },
    {
      "type": "Feature",
      "geometry": {
        "type": "Point",
        "coordinates": [
          130.1757614,
          32.9161172
        ]
      },
      "properties": {
        "内容": "バス停: 平原",
        "name": "平原",
        "operator": "事業者不明",
        "ref": "",
        "url": "",
        "url2": ""
      }
    },
    {
      "type": "Feature",
      "geometry": {
        "type": "Point",
        "coordinates": [
          130.1679093,
          32.9158301
        ]
      },
      "properties": {
        "内容": "バス停: 足角",
        "name": "足角",
        "operator": "事業者不明",
        "ref": "",
        "url": "",
        "url2": ""
      }
    },
    {
      "type": "Feature",
      "geometry": {
        "type": "Point",
        "coordinates": [
          130.1684216,
          32.915954
        ]
      },
      "properties": {
        "内容": "バス停: 足角",
        "name": "足角",
        "operator": "事業者不明",
        "ref": "",
        "url": "",
        "url2": ""
      }
    },
    {
      "type": "Feature",
      "geometry": {
        "type": "Point",
        "coordinates": [
          130.1647523,
          32.9137383
        ]
      },
      "properties": {
        "内容": "バス停: 長里",
        "name": "長里",
        "operator": "事業者不明",
        "ref": "",
        "url": "",
        "url2": ""
      }
    },
    {
      "type": "Feature",
      "geometry": {
        "type": "Point",
        "coordinates": [
          130.1646343,
          32.9135222
        ]
      },
      "properties": {
        "内容": "バス停: 長里",
        "name": "長里",
        "operator": "事業者不明",
        "ref": "",
        "url": "",
        "url2": ""
      }
    },
    {
      "type": "Feature",
      "geometry": {
        "type": "Point",
        "coordinates": [
          130.1634595,
          32.911365
        ]
      },
      "properties": {
        "内容": "バス停: 殿崎",
        "name": "殿崎",
        "operator": "事業者不明",
        "ref": "",
        "url": "",
        "url2": ""
      }
    },
    {
      "type": "Feature",
      "geometry": {
        "type": "Point",
        "coordinates": [
          130.1633361,
          32.9110543
        ]
      },
      "properties": {
        "内容": "バス停: 殿崎",
        "name": "殿崎",
        "operator": "事業者不明",
        "ref": "",
        "url": "",
        "url2": ""
      }
    },
    {
      "type": "Feature",
      "geometry": {
        "type": "Point",
        "coordinates": [
          130.1597178,
          32.9080639
        ]
      },
      "properties": {
        "内容": "バス停: 水の浦",
        "name": "水の浦",
        "operator": "事業者不明",
        "ref": "",
        "url": "",
        "url2": ""
      }
    },
    {
      "type": "Feature",
      "geometry": {
        "type": "Point",
        "coordinates": [
          130.1580682,
          32.9083409
        ]
      },
      "properties": {
        "内容": "バス停: 水の浦",
        "name": "水の浦",
        "operator": "事業者不明",
        "ref": "",
        "url": "",
        "url2": ""
      }
    },
    {
      "type": "Feature",
      "geometry": {
        "type": "Point",
        "coordinates": [
          130.1560941,
          32.9083544
        ]
      },
      "properties": {
        "内容": "バス停: 城の下",
        "name": "城の下",
        "operator": "事業者不明",
        "ref": "",
        "url": "",
        "url2": ""
      }
    },
    {
      "type": "Feature",
      "geometry": {
        "type": "Point",
        "coordinates": [
          130.155665,
          32.9081787
        ]
      },
      "properties": {
        "内容": "バス停: 城の下",
        "name": "城の下",
        "operator": "事業者不明",
        "ref": "",
        "url": "",
        "url2": ""
      }
    },
    {
      "type": "Feature",
      "geometry": {
        "type": "Point",
        "coordinates": [
          130.1516309,
          32.9067128
        ]
      },
      "properties": {
        "内容": "バス停: 金崎",
        "name": "金崎",
        "operator": "事業者不明",
        "ref": "",
        "url": "",
        "url2": ""
      }
    },
    {
      "type": "Feature",
      "geometry": {
        "type": "Point",
        "coordinates": [
          130.1509067,
          32.9062489
        ]
      },
      "properties": {
        "内容": "バス停: 金崎",
        "name": "金崎",
        "operator": "事業者不明",
        "ref": "",
        "url": "",
        "url2": ""
      }
    },
    {
      "type": "Feature",
      "geometry": {
        "type": "Point",
        "coordinates": [
          130.1451588,
          32.9042267
        ]
      },
      "properties": {
        "内容": "バス停: 溝口",
        "name": "溝口",
        "operator": "事業者不明",
        "ref": "",
        "url": "",
        "url2": ""
      }
    },
    {
      "type": "Feature",
      "geometry": {
        "type": "Point",
        "coordinates": [
          130.1461619,
          32.9046861
        ]
      },
      "properties": {
        "内容": "バス停: 溝口",
        "name": "溝口",
        "operator": "事業者不明",
        "ref": "",
        "url": "",
        "url2": ""
      }
    },
    {
      "type": "Feature",
      "geometry": {
        "type": "Point",
        "coordinates": [
          130.142144,
          32.9044226
        ]
      },
      "properties": {
        "内容": "バス停: 湯江駅前",
        "name": "湯江駅前",
        "operator": "事業者不明",
        "ref": "",
        "url": "",
        "url2": ""
      }
    },
    {
      "type": "Feature",
      "geometry": {
        "type": "Point",
        "coordinates": [
          130.1415914,
          32.9043686
        ]
      },
      "properties": {
        "内容": "バス停: 湯江駅前",
        "name": "湯江駅前",
        "operator": "事業者不明",
        "ref": "",
        "url": "",
        "url2": ""
      }
    },
    {
      "type": "Feature",
      "geometry": {
        "type": "Point",
        "coordinates": [
          130.13686,
          32.9035781
        ]
      },
      "properties": {
        "内容": "バス停: 湯江宿",
        "name": "湯江宿",
        "operator": "事業者不明",
        "ref": "",
        "url": "",
        "url2": ""
      }
    },
    {
      "type": "Feature",
      "geometry": {
        "type": "Point",
        "coordinates": [
          130.1363732,
          32.9034881
        ]
      },
      "properties": {
        "内容": "バス停: 湯江宿",
        "name": "湯江宿",
        "operator": "事業者不明",
        "ref": "",
        "url": "",
        "url2": ""
      }
    },
    {
      "type": "Feature",
      "geometry": {
        "type": "Point",
        "coordinates": [
          130.1286659,
          32.899511
        ]
      },
      "properties": {
        "内容": "バス停: ふれあい会館前",
        "name": "ふれあい会館前",
        "operator": "事業者不明",
        "ref": "",
        "url": "",
        "url2": ""
      }
    },
    {
      "type": "Feature",
      "geometry": {
        "type": "Point",
        "coordinates": [
          130.1287678,
          32.8996428
        ]
      },
      "properties": {
        "内容": "バス停: ふれあい会館前",
        "name": "ふれあい会館前",
        "operator": "事業者不明",
        "ref": "",
        "url": "",
        "url2": ""
      }
    },
    {
      "type": "Feature",
      "geometry": {
        "type": "Point",
        "coordinates": [
          130.1318791,
          32.9009917
        ]
      },
      "properties": {
        "内容": "バス停: 鍛冶屋尾",
        "name": "鍛冶屋尾",
        "operator": "事業者不明",
        "ref": "",
        "url": "",
        "url2": ""
      }
    },
    {
      "type": "Feature",
      "geometry": {
        "type": "Point",
        "coordinates": [
          130.1317812,
          32.901119
        ]
      },
      "properties": {
        "内容": "バス停: 鍛冶屋尾",
        "name": "鍛冶屋尾",
        "operator": "事業者不明",
        "ref": "",
        "url": "",
        "url2": ""
      }
    },
    {
      "type": "Feature",
      "geometry": {
        "type": "Point",
        "coordinates": [
          130.1269653,
          32.8993534
        ]
      },
      "properties": {
        "内容": "バス停: 田島川",
        "name": "田島川",
        "operator": "事業者不明",
        "ref": "",
        "url": "",
        "url2": ""
      }
    },
    {
      "type": "Feature",
      "geometry": {
        "type": "Point",
        "coordinates": [
          130.126445,
          32.8994514
        ]
      },
      "properties": {
        "内容": "バス停: 田島川",
        "name": "田島川",
        "operator": "事業者不明",
        "ref": "",
        "url": "",
        "url2": ""
      }
    },
    {
      "type": "Feature",
      "geometry": {
        "type": "Point",
        "coordinates": [
          130.1227918,
          32.8961689
        ]
      },
      "properties": {
        "内容": "バス停: 小船津",
        "name": "小船津",
        "operator": "事業者不明",
        "ref": "",
        "url": "",
        "url2": ""
      }
    },
    {
      "type": "Feature",
      "geometry": {
        "type": "Point",
        "coordinates": [
          130.1226644,
          32.8957309
        ]
      },
      "properties": {
        "内容": "バス停: 小船津",
        "name": "小船津",
        "operator": "事業者不明",
        "ref": "",
        "url": "",
        "url2": ""
      }
    },
    {
      "type": "Feature",
      "geometry": {
        "type": "Point",
        "coordinates": [
          130.1188932,
          32.8916184
        ]
      },
      "properties": {
        "内容": "バス停: 下与",
        "name": "下与",
        "operator": "事業者不明",
        "ref": "",
        "url": "",
        "url2": ""
      }
    },
    {
      "type": "Feature",
      "geometry": {
        "type": "Point",
        "coordinates": [
          130.1187725,
          32.8916646
        ]
      },
      "properties": {
        "内容": "バス停: 下与",
        "name": "下与",
        "operator": "事業者不明",
        "ref": "",
        "url": "",
        "url2": ""
      }
    },
    {
      "type": "Feature",
      "geometry": {
        "type": "Point",
        "coordinates": [
          130.1139754,
          32.8887478
        ]
      },
      "properties": {
        "内容": "バス停: 小江駅前",
        "name": "小江駅前",
        "operator": "事業者不明",
        "ref": "",
        "url": "",
        "url2": ""
      }
    },
    {
      "type": "Feature",
      "geometry": {
        "type": "Point",
        "coordinates": [
          130.1138587,
          32.8888132
        ]
      },
      "properties": {
        "内容": "バス停: 小江駅前",
        "name": "小江駅前",
        "operator": "事業者不明",
        "ref": "",
        "url": "",
        "url2": ""
      }
    },
    {
      "type": "Feature",
      "geometry": {
        "type": "Point",
        "coordinates": [
          130.1083884,
          32.885295
        ]
      },
      "properties": {
        "内容": "バス停: 冨地戸",
        "name": "冨地戸",
        "operator": "事業者不明",
        "ref": "",
        "url": "",
        "url2": ""
      }
    },
    {
      "type": "Feature",
      "geometry": {
        "type": "Point",
        "coordinates": [
          130.1084594,
          32.8851272
        ]
      },
      "properties": {
        "内容": "バス停: 冨地戸",
        "name": "冨地戸",
        "operator": "事業者不明",
        "ref": "",
        "url": "",
        "url2": ""
      }
    },
    {
      "type": "Feature",
      "geometry": {
        "type": "Point",
        "coordinates": [
          130.1059556,
          32.8820075
        ]
      },
      "properties": {
        "内容": "バス停: 深の海",
        "name": "深の海",
        "operator": "事業者不明",
        "ref": "",
        "url": "",
        "url2": ""
      }
    },
    {
      "type": "Feature",
      "geometry": {
        "type": "Point",
        "coordinates": [
          130.1060535,
          32.8819456
        ]
      },
      "properties": {
        "内容": "バス停: 深の海",
        "name": "深の海",
        "operator": "事業者不明",
        "ref": "",
        "url": "",
        "url2": ""
      }
    },
    {
      "type": "Feature",
      "geometry": {
        "type": "Point",
        "coordinates": [
          130.1023963,
          32.8804341
        ]
      },
      "properties": {
        "内容": "バス停: 猿崎",
        "name": "猿崎",
        "operator": "事業者不明",
        "ref": "",
        "url": "",
        "url2": ""
      }
    },
    {
      "type": "Feature",
      "geometry": {
        "type": "Point",
        "coordinates": [
          130.1021764,
          32.8804612
        ]
      },
      "properties": {
        "内容": "バス停: 猿崎",
        "name": "猿崎",
        "operator": "事業者不明",
        "ref": "",
        "url": "",
        "url2": ""
      }
    },
    {
      "type": "Feature",
      "geometry": {
        "type": "Point",
        "coordinates": [
          130.0966966,
          32.8752577
        ]
      },
      "properties": {
        "内容": "バス停: 白浜",
        "name": "白浜",
        "operator": "事業者不明",
        "ref": "",
        "url": "",
        "url2": ""
      }
    },
    {
      "type": "Feature",
      "geometry": {
        "type": "Point",
        "coordinates": [
          130.0965437,
          32.8753455
        ]
      },
      "properties": {
        "内容": "バス停: 白浜",
        "name": "白浜",
        "operator": "事業者不明",
        "ref": "",
        "url": "",
        "url2": ""
      }
    },
    {
      "type": "Feature",
      "geometry": {
        "type": "Point",
        "coordinates": [
          130.0936604,
          32.8728247
        ]
      },
      "properties": {
        "内容": "バス停: 高天町",
        "name": "高天町",
        "operator": "事業者不明",
        "ref": "",
        "url": "",
        "url2": ""
      }
    },
    {
      "type": "Feature",
      "geometry": {
        "type": "Point",
        "coordinates": [
          130.0938481,
          32.8732877
        ]
      },
      "properties": {
        "内容": "バス停: 高天町",
        "name": "高天町",
        "operator": "事業者不明",
        "ref": "",
        "url": "",
        "url2": ""
      }
    },
    {
      "type": "Feature",
      "geometry": {
        "type": "Point",
        "coordinates": [
          130.0914784,
          32.8701237
        ]
      },
      "properties": {
        "内容": "バス停: 正久寺",
        "name": "正久寺",
        "operator": "事業者不明",
        "ref": "",
        "url": "",
        "url2": ""
      }
    },
    {
      "type": "Feature",
      "geometry": {
        "type": "Point",
        "coordinates": [
          130.0902553,
          32.8693949
        ]
      },
      "properties": {
        "内容": "バス停: 正久寺",
        "name": "正久寺",
        "operator": "事業者不明",
        "ref": "",
        "url": "",
        "url2": ""
      }
    },
    {
      "type": "Feature",
      "geometry": {
        "type": "Point",
        "coordinates": [
          130.0810432,
          32.8623839
        ]
      },
      "properties": {
        "内容": "バス停: 東長田",
        "name": "東長田",
        "operator": "事業者不明",
        "ref": "",
        "url": "",
        "url2": ""
      }
    },
    {
      "type": "Feature",
      "geometry": {
        "type": "Point",
        "coordinates": [
          130.0809856,
          32.8625269
        ]
      },
      "properties": {
        "内容": "バス停: 東長田",
        "name": "東長田",
        "operator": "事業者不明",
        "ref": "",
        "url": "",
        "url2": ""
      }
    },
    {
      "type": "Feature",
      "geometry": {
        "type": "Point",
        "coordinates": [
          130.0811827,
          32.8615953
        ]
      },
      "properties": {
        "内容": "バス停: 東長田",
        "name": "東長田",
        "operator": "事業者不明",
        "ref": "",
        "url": "",
        "url2": ""
      }
    },
    {
      "type": "Feature",
      "geometry": {
        "type": "Point",
        "coordinates": [
          130.0810365,
          32.8615367
        ]
      },
      "properties": {
        "内容": "バス停: 東長田",
        "name": "東長田",
        "operator": "事業者不明",
        "ref": "",
        "url": "",
        "url2": ""
      }
    },
    {
      "type": "Feature",
      "geometry": {
        "type": "Point",
        "coordinates": [
          130.0767423,
          32.8577482
        ]
      },
      "properties": {
        "内容": "バス停: 西長田",
        "name": "西長田",
        "operator": "事業者不明",
        "ref": "",
        "url": "",
        "url2": ""
      }
    },
    {
      "type": "Feature",
      "geometry": {
        "type": "Point",
        "coordinates": [
          130.0767222,
          32.8575083
        ]
      },
      "properties": {
        "内容": "バス停: 西長田",
        "name": "西長田",
        "operator": "事業者不明",
        "ref": "",
        "url": "",
        "url2": ""
      }
    },
    {
      "type": "Feature",
      "geometry": {
        "type": "Point",
        "coordinates": [
          130.0685616,
          32.8545037
        ]
      },
      "properties": {
        "内容": "バス停: 小豆崎",
        "name": "小豆崎",
        "operator": "事業者不明",
        "ref": "",
        "url": "",
        "url2": ""
      }
    },
    {
      "type": "Feature",
      "geometry": {
        "type": "Point",
        "coordinates": [
          130.0687587,
          32.854435
        ]
      },
      "properties": {
        "内容": "バス停: 小豆崎",
        "name": "小豆崎",
        "operator": "事業者不明",
        "ref": "",
        "url": "",
        "url2": ""
      }
    },
    {
      "type": "Feature",
      "geometry": {
        "type": "Point",
        "coordinates": [
          130.0638235,
          32.8522245
        ]
      },
      "properties": {
        "内容": "バス停: 東諫早",
        "name": "東諫早",
        "operator": "事業者不明",
        "ref": "",
        "url": "",
        "url2": ""
      }
    },
    {
      "type": "Feature",
      "geometry": {
        "type": "Point",
        "coordinates": [
          130.0645584,
          32.8526898
        ]
      },
      "properties": {
        "内容": "バス停: 東諫早",
        "name": "東諫早",
        "operator": "事業者不明",
        "ref": "",
        "url": "",
        "url2": ""
      }
    },
    {
      "type": "Feature",
      "geometry": {
        "type": "Point",
        "coordinates": [
          130.0601904,
          32.8487883
        ]
      },
      "properties": {
        "内容": "バス停: 福田町",
        "name": "福田町",
        "operator": "事業者不明",
        "ref": "",
        "url": "",
        "url2": ""
      }
    },
    {
      "type": "Feature",
      "geometry": {
        "type": "Point",
        "coordinates": [
          130.0603259,
          32.8487725
        ]
      },
      "properties": {
        "内容": "バス停: 福田町",
        "name": "福田町",
        "operator": "事業者不明",
        "ref": "",
        "url": "",
        "url2": ""
      }
    },
    {
      "type": "Feature",
      "geometry": {
        "type": "Point",
        "coordinates": [
          130.1687837,
          32.9602685
        ]
      },
      "properties": {
        "内容": "バス停: みさかえの園",
        "name": "みさかえの園",
        "operator": "事業者不明",
        "ref": "",
        "url": "",
        "url2": ""
      }
    },
    {
      "type": "Feature",
      "geometry": {
        "type": "Point",
        "coordinates": [
          130.1686254,
          32.9601694
        ]
      },
      "properties": {
        "内容": "バス停: みさかえの園",
        "name": "みさかえの園",
        "operator": "事業者不明",
        "ref": "",
        "url": "",
        "url2": ""
      }
    },
    {
      "type": "Feature",
      "geometry": {
        "type": "Point",
        "coordinates": [
          129.9836844,
          32.8263974
        ]
      },
      "properties": {
        "内容": "バス停: 諫早日赤病院",
        "name": "諫早日赤病院",
        "operator": "事業者不明",
        "ref": "",
        "url": "",
        "url2": ""
      }
    },
    {
      "type": "Feature",
      "geometry": {
        "type": "Point",
        "coordinates": [
          130.1958565,
          32.9294357
        ]
      },
      "properties": {
        "内容": "バス停: 井崎",
        "name": "井崎",
        "operator": "事業者不明",
        "ref": "",
        "url": "",
        "url2": ""
      }
    },
    {
      "type": "Feature",
      "geometry": {
        "type": "Point",
        "coordinates": [
          130.1963675,
          32.929591
        ]
      },
      "properties": {
        "内容": "バス停: 井崎",
        "name": "井崎",
        "operator": "事業者不明",
        "ref": "",
        "url": "",
        "url2": ""
      }
    },
    {
      "type": "Feature",
      "geometry": {
        "type": "Point",
        "coordinates": [
          130.1996961,
          32.9387758
        ]
      },
      "properties": {
        "内容": "バス停: 大久保",
        "name": "大久保",
        "operator": "事業者不明",
        "ref": "",
        "url": "",
        "url2": ""
      }
    },
    {
      "type": "Feature",
      "geometry": {
        "type": "Point",
        "coordinates": [
          130.1995271,
          32.9394399
        ]
      },
      "properties": {
        "内容": "バス停: 大久保",
        "name": "大久保",
        "operator": "事業者不明",
        "ref": "",
        "url": "",
        "url2": ""
      }
    },
    {
      "type": "Feature",
      "geometry": {
        "type": "Point",
        "coordinates": [
          130.1994333,
          32.9412227
        ]
      },
      "properties": {
        "内容": "バス停: 築切",
        "name": "築切",
        "operator": "事業者不明",
        "ref": "",
        "url": "",
        "url2": ""
      }
    },
    {
      "type": "Feature",
      "geometry": {
        "type": "Point",
        "coordinates": [
          130.1995996,
          32.9413104
        ]
      },
      "properties": {
        "内容": "バス停: 築切",
        "name": "築切",
        "operator": "事業者不明",
        "ref": "",
        "url": "",
        "url2": ""
      }
    },
    {
      "type": "Feature",
      "geometry": {
        "type": "Point",
        "coordinates": [
          130.2006859,
          32.9455895
        ]
      },
      "properties": {
        "内容": "バス停: 土井崎",
        "name": "土井崎",
        "operator": "事業者不明",
        "ref": "",
        "url": "",
        "url2": ""
      }
    },
    {
      "type": "Feature",
      "geometry": {
        "type": "Point",
        "coordinates": [
          130.2005303,
          32.9449052
        ]
      },
      "properties": {
        "内容": "バス停: 土井崎",
        "name": "土井崎",
        "operator": "事業者不明",
        "ref": "",
        "url": "",
        "url2": ""
      }
    },
    {
      "type": "Feature",
      "geometry": {
        "type": "Point",
        "coordinates": [
          130.2003479,
          32.9505919
        ]
      },
      "properties": {
        "内容": "バス停: 釜",
        "name": "釜",
        "operator": "事業者不明",
        "ref": "",
        "url": "",
        "url2": ""
      }
    },
    {
      "type": "Feature",
      "geometry": {
        "type": "Point",
        "coordinates": [
          130.2005088,
          32.9502959
        ]
      },
      "properties": {
        "内容": "バス停: 釜",
        "name": "釜",
        "operator": "事業者不明",
        "ref": "",
        "url": "",
        "url2": ""
      }
    },
    {
      "type": "Feature",
      "geometry": {
        "type": "Point",
        "coordinates": [
          130.2023864,
          32.9534109
        ]
      },
      "properties": {
        "内容": "バス停: 阿弥陀崎",
        "name": "阿弥陀崎",
        "operator": "事業者不明",
        "ref": "",
        "url": "",
        "url2": ""
      }
    },
    {
      "type": "Feature",
      "geometry": {
        "type": "Point",
        "coordinates": [
          130.2020109,
          32.9531408
        ]
      },
      "properties": {
        "内容": "バス停: 阿弥陀崎",
        "name": "阿弥陀崎",
        "operator": "事業者不明",
        "ref": "",
        "url": "",
        "url2": ""
      }
    },
    {
      "type": "Feature",
      "geometry": {
        "type": "Point",
        "coordinates": [
          130.0207338,
          32.8465608
        ]
      },
      "properties": {
        "内容": "バス停: 真崎小学校前",
        "name": "真崎小学校前",
        "operator": "事業者不明",
        "ref": "",
        "url": "",
        "url2": ""
      }
    },
    {
      "type": "Feature",
      "geometry": {
        "type": "Point",
        "coordinates": [
          130.0194973,
          32.8446972
        ]
      },
      "properties": {
        "内容": "バス停: 夕日ケ丘",
        "name": "夕日ケ丘",
        "operator": "事業者不明",
        "ref": "",
        "url": "",
        "url2": ""
      }
    },
    {
      "type": "Feature",
      "geometry": {
        "type": "Point",
        "coordinates": [
          130.0202805,
          32.8433384
        ]
      },
      "properties": {
        "内容": "バス停: 堂崎町",
        "name": "堂崎町",
        "operator": "事業者不明",
        "ref": "",
        "url": "",
        "url2": ""
      }
    },
    {
      "type": "Feature",
      "geometry": {
        "type": "Point",
        "coordinates": [
          130.2021959,
          32.9584185
        ]
      },
      "properties": {
        "内容": "バス停: 県界",
        "name": "県界",
        "operator": "事業者不明",
        "ref": "",
        "url": "",
        "url2": ""
      }
    },
    {
      "type": "Feature",
      "geometry": {
        "type": "Point",
        "coordinates": [
          130.2021369,
          32.9585153
        ]
      },
      "properties": {
        "内容": "バス停: 県界",
        "name": "県界",
        "operator": "事業者不明",
        "ref": "",
        "url": "",
        "url2": ""
      }
    },
    {
      "type": "Feature",
      "geometry": {
        "type": "Point",
        "coordinates": [
          130.166308,
          32.9563683
        ]
      },
      "properties": {
        "内容": "バス停: 聖母の騎士",
        "name": "聖母の騎士",
        "operator": "事業者不明",
        "ref": "",
        "url": "",
        "url2": ""
      }
    },
    {
      "type": "Feature",
      "geometry": {
        "type": "Point",
        "coordinates": [
          130.1665869,
          32.9565078
        ]
      },
      "properties": {
        "内容": "バス停: 聖母の騎士",
        "name": "聖母の騎士",
        "operator": "事業者不明",
        "ref": "",
        "url": "",
        "url2": ""
      }
    },
    {
      "type": "Feature",
      "geometry": {
        "type": "Point",
        "coordinates": [
          130.1650286,
          32.9481892
        ]
      },
      "properties": {
        "内容": "バス停: 小次郎川",
        "name": "小次郎川",
        "operator": "事業者不明",
        "ref": "",
        "url": "",
        "url2": ""
      }
    },
    {
      "type": "Feature",
      "geometry": {
        "type": "Point",
        "coordinates": [
          130.1651171,
          32.9485156
        ]
      },
      "properties": {
        "内容": "バス停: 小次郎川",
        "name": "小次郎川",
        "operator": "事業者不明",
        "ref": "",
        "url": "",
        "url2": ""
      }
    },
    {
      "type": "Feature",
      "geometry": {
        "type": "Point",
        "coordinates": [
          130.1627058,
          32.9473676
        ]
      },
      "properties": {
        "内容": "バス停: 田原",
        "name": "田原",
        "operator": "事業者不明",
        "ref": "",
        "url": "",
        "url2": ""
      }
    },
    {
      "type": "Feature",
      "geometry": {
        "type": "Point",
        "coordinates": [
          130.162738,
          32.9471561
        ]
      },
      "properties": {
        "内容": "バス停: 田原",
        "name": "田原",
        "operator": "事業者不明",
        "ref": "",
        "url": "",
        "url2": ""
      }
    },
    {
      "type": "Feature",
      "geometry": {
        "type": "Point",
        "coordinates": [
          130.160104,
          32.9453374
        ]
      },
      "properties": {
        "内容": "バス停: 田原口",
        "name": "田原口",
        "operator": "事業者不明",
        "ref": "",
        "url": "",
        "url2": ""
      }
    },
    {
      "type": "Feature",
      "geometry": {
        "type": "Point",
        "coordinates": [
          130.1601014,
          32.9451753
        ]
      },
      "properties": {
        "内容": "バス停: 田原口",
        "name": "田原口",
        "operator": "事業者不明",
        "ref": "",
        "url": "",
        "url2": ""
      }
    },
    {
      "type": "Feature",
      "geometry": {
        "type": "Point",
        "coordinates": [
          130.1619977,
          32.9396695
        ]
      },
      "properties": {
        "内容": "バス停: 農場前",
        "name": "農場前",
        "operator": "事業者不明",
        "ref": "",
        "url": "",
        "url2": ""
      }
    },
    {
      "type": "Feature",
      "geometry": {
        "type": "Point",
        "coordinates": [
          130.1618502,
          32.9397077
        ]
      },
      "properties": {
        "内容": "バス停: 農場前",
        "name": "農場前",
        "operator": "事業者不明",
        "ref": "",
        "url": "",
        "url2": ""
      }
    },
    {
      "type": "Feature",
      "geometry": {
        "type": "Point",
        "coordinates": [
          130.1637036,
          32.9377246
        ]
      },
      "properties": {
        "内容": "バス停: 農場入口",
        "name": "農場入口",
        "operator": "事業者不明",
        "ref": "",
        "url": "",
        "url2": ""
      }
    },
    {
      "type": "Feature",
      "geometry": {
        "type": "Point",
        "coordinates": [
          130.1637465,
          32.9374724
        ]
      },
      "properties": {
        "内容": "バス停: 農場入口",
        "name": "農場入口",
        "operator": "事業者不明",
        "ref": "",
        "url": "",
        "url2": ""
      }
    },
    {
      "type": "Feature",
      "geometry": {
        "type": "Point",
        "coordinates": [
          130.1683357,
          32.9347914
        ]
      },
      "properties": {
        "内容": "バス停: 仏石",
        "name": "仏石",
        "operator": "事業者不明",
        "ref": "",
        "url": "",
        "url2": ""
      }
    },
    {
      "type": "Feature",
      "geometry": {
        "type": "Point",
        "coordinates": [
          130.1682553,
          32.9348949
        ]
      },
      "properties": {
        "内容": "バス停: 仏石",
        "name": "仏石",
        "operator": "事業者不明",
        "ref": "",
        "url": "",
        "url2": ""
      }
    },
    {
      "type": "Feature",
      "geometry": {
        "type": "Point",
        "coordinates": [
          130.1734078,
          32.9325222
        ]
      },
      "properties": {
        "内容": "バス停: 畜産センター前",
        "name": "畜産センター前",
        "operator": "事業者不明",
        "ref": "",
        "url": "",
        "url2": ""
      }
    },
    {
      "type": "Feature",
      "geometry": {
        "type": "Point",
        "coordinates": [
          130.1731878,
          32.9326505
        ]
      },
      "properties": {
        "内容": "バス停: 畜産センター前",
        "name": "畜産センター前",
        "operator": "事業者不明",
        "ref": "",
        "url": "",
        "url2": ""
      }
    },
    {
      "type": "Feature",
      "geometry": {
        "type": "Point",
        "coordinates": [
          130.1809958,
          32.9279363
        ]
      },
      "properties": {
        "内容": "バス停: 新田原",
        "name": "新田原",
        "operator": "事業者不明",
        "ref": "",
        "url": "",
        "url2": ""
      }
    },
    {
      "type": "Feature",
      "geometry": {
        "type": "Point",
        "coordinates": [
          130.1810011,
          32.9281187
        ]
      },
      "properties": {
        "内容": "バス停: 新田原",
        "name": "新田原",
        "operator": "事業者不明",
        "ref": "",
        "url": "",
        "url2": ""
      }
    },
    {
      "type": "Feature",
      "geometry": {
        "type": "Point",
        "coordinates": [
          130.1848312,
          32.926854
        ]
      },
      "properties": {
        "内容": "バス停: 出口",
        "name": "出口",
        "operator": "事業者不明",
        "ref": "",
        "url": "",
        "url2": ""
      }
    },
    {
      "type": "Feature",
      "geometry": {
        "type": "Point",
        "coordinates": [
          130.184944,
          32.926993
        ]
      },
      "properties": {
        "内容": "バス停: 出口",
        "name": "出口",
        "operator": "事業者不明",
        "ref": "",
        "url": "",
        "url2": ""
      }
    },
    {
      "type": "Feature",
      "geometry": {
        "type": "Point",
        "coordinates": [
          130.1863253,
          32.9289449
        ]
      },
      "properties": {
        "内容": "バス停: 公民館前",
        "name": "公民館前",
        "operator": "事業者不明",
        "ref": "",
        "url": "",
        "url2": ""
      }
    },
    {
      "type": "Feature",
      "geometry": {
        "type": "Point",
        "coordinates": [
          130.1861912,
          32.9287828
        ]
      },
      "properties": {
        "内容": "バス停: 公民館前",
        "name": "公民館前",
        "operator": "事業者不明",
        "ref": "",
        "url": "",
        "url2": ""
      }
    },
    {
      "type": "Feature",
      "geometry": {
        "type": "Point",
        "coordinates": [
          130.033823,
          32.8374634
        ]
      },
      "properties": {
        "内容": "バス停: 飛岡",
        "name": "飛岡",
        "operator": "事業者不明",
        "ref": "",
        "url": "",
        "url2": ""
      }
    },
    {
      "type": "Feature",
      "geometry": {
        "type": "Point",
        "coordinates": [
          130.0339088,
          32.83754
        ]
      },
      "properties": {
        "内容": "バス停: 飛岡",
        "name": "飛岡",
        "operator": "事業者不明",
        "ref": "",
        "url": "",
        "url2": ""
      }
    },
    {
      "type": "Feature",
      "geometry": {
        "type": "Point",
        "coordinates": [
          130.036253,
          32.8317097
        ]
      },
      "properties": {
        "内容": "バス停: 公民館前",
        "name": "公民館前",
        "operator": "事業者不明",
        "ref": "",
        "url": "",
        "url2": ""
      }
    },
    {
      "type": "Feature",
      "geometry": {
        "type": "Point",
        "coordinates": [
          130.0360867,
          32.8316511
        ]
      },
      "properties": {
        "内容": "バス停: 公民館前",
        "name": "公民館前",
        "operator": "事業者不明",
        "ref": "",
        "url": "",
        "url2": ""
      }
    },
    {
      "type": "Feature",
      "geometry": {
        "type": "Point",
        "coordinates": [
          130.0349253,
          32.8257866
        ]
      },
      "properties": {
        "内容": "バス停: 平山",
        "name": "平山",
        "operator": "事業者不明",
        "ref": "",
        "url": "",
        "url2": ""
      }
    },
    {
      "type": "Feature",
      "geometry": {
        "type": "Point",
        "coordinates": [
          130.0347644,
          32.8260796
        ]
      },
      "properties": {
        "内容": "バス停: 平山",
        "name": "平山",
        "operator": "事業者不明",
        "ref": "",
        "url": "",
        "url2": ""
      }
    },
    {
      "type": "Feature",
      "geometry": {
        "type": "Point",
        "coordinates": [
          130.031366,
          32.8194664
        ]
      },
      "properties": {
        "内容": "バス停: 土師野尾ダム入口",
        "name": "土師野尾ダム入口",
        "operator": "事業者不明",
        "ref": "",
        "url": "",
        "url2": ""
      }
    },
    {
      "type": "Feature",
      "geometry": {
        "type": "Point",
        "coordinates": [
          130.0314626,
          32.8192117
        ]
      },
      "properties": {
        "内容": "バス停: 土師野尾ダム入口",
        "name": "土師野尾ダム入口",
        "operator": "事業者不明",
        "ref": "",
        "url": "",
        "url2": ""
      }
    },
    {
      "type": "Feature",
      "geometry": {
        "type": "Point",
        "coordinates": [
          130.0334837,
          32.8138242
        ]
      },
      "properties": {
        "内容": "バス停: 下土師野尾",
        "name": "下土師野尾",
        "operator": "事業者不明",
        "ref": "",
        "url": "",
        "url2": ""
      }
    },
    {
      "type": "Feature",
      "geometry": {
        "type": "Point",
        "coordinates": [
          130.0332691,
          32.8139922
        ]
      },
      "properties": {
        "内容": "バス停: 下土師野尾",
        "name": "下土師野尾",
        "operator": "事業者不明",
        "ref": "",
        "url": "",
        "url2": ""
      }
    },
    {
      "type": "Feature",
      "geometry": {
        "type": "Point",
        "coordinates": [
          130.0301363,
          32.8083508
        ]
      },
      "properties": {
        "内容": "バス停: 土師野尾",
        "name": "土師野尾",
        "operator": "事業者不明",
        "ref": "",
        "url": "",
        "url2": ""
      }
    },
    {
      "type": "Feature",
      "geometry": {
        "type": "Point",
        "coordinates": [
          130.0301711,
          32.80814
        ]
      },
      "properties": {
        "内容": "バス停: 土師野尾",
        "name": "土師野尾",
        "operator": "事業者不明",
        "ref": "",
        "url": "",
        "url2": ""
      }
    },
    {
      "type": "Feature",
      "geometry": {
        "type": "Point",
        "coordinates": [
          130.0301778,
          32.8009449
        ]
      },
      "properties": {
        "内容": "バス停: 栄野",
        "name": "栄野",
        "operator": "事業者不明",
        "ref": "",
        "url": "",
        "url2": ""
      }
    },
    {
      "type": "Feature",
      "geometry": {
        "type": "Point",
        "coordinates": [
          130.0301805,
          32.8011118
        ]
      },
      "properties": {
        "内容": "バス停: 栄野",
        "name": "栄野",
        "operator": "事業者不明",
        "ref": "",
        "url": "",
        "url2": ""
      }
    },
    {
      "type": "Feature",
      "geometry": {
        "type": "Point",
        "coordinates": [
          130.0315484,
          32.7998357
        ]
      },
      "properties": {
        "内容": "バス停: ＢＴＳ諫早",
        "name": "ＢＴＳ諫早",
        "operator": "事業者不明",
        "ref": "",
        "url": "",
        "url2": ""
      }
    },
    {
      "type": "Feature",
      "geometry": {
        "type": "Point",
        "coordinates": [
          130.0314438,
          32.7994817
        ]
      },
      "properties": {
        "内容": "バス停: ＢＴＳ諫早",
        "name": "ＢＴＳ諫早",
        "operator": "事業者不明",
        "ref": "",
        "url": "",
        "url2": ""
      }
    },
    {
      "type": "Feature",
      "geometry": {
        "type": "Point",
        "coordinates": [
          130.0323021,
          32.7980297
        ]
      },
      "properties": {
        "内容": "バス停: 山口",
        "name": "山口",
        "operator": "事業者不明",
        "ref": "",
        "url": "",
        "url2": ""
      }
    },
    {
      "type": "Feature",
      "geometry": {
        "type": "Point",
        "coordinates": [
          130.0321144,
          32.7980974
        ]
      },
      "properties": {
        "内容": "バス停: 山口",
        "name": "山口",
        "operator": "事業者不明",
        "ref": "",
        "url": "",
        "url2": ""
      }
    },
    {
      "type": "Feature",
      "geometry": {
        "type": "Point",
        "coordinates": [
          130.0310616,
          32.7915272
        ]
      },
      "properties": {
        "内容": "バス停: 中山",
        "name": "中山",
        "operator": "事業者不明",
        "ref": "",
        "url": "",
        "url2": ""
      }
    },
    {
      "type": "Feature",
      "geometry": {
        "type": "Point",
        "coordinates": [
          130.0310509,
          32.7917256
        ]
      },
      "properties": {
        "内容": "バス停: 中山",
        "name": "中山",
        "operator": "事業者不明",
        "ref": "",
        "url": "",
        "url2": ""
      }
    },
    {
      "type": "Feature",
      "geometry": {
        "type": "Point",
        "coordinates": [
          130.0265515,
          32.7870693
        ]
      },
      "properties": {
        "内容": "バス停: 一宅",
        "name": "一宅",
        "operator": "事業者不明",
        "ref": "",
        "url": "",
        "url2": ""
      }
    },
    {
      "type": "Feature",
      "geometry": {
        "type": "Point",
        "coordinates": [
          130.0264147,
          32.7871505
        ]
      },
      "properties": {
        "内容": "バス停: 一宅",
        "name": "一宅",
        "operator": "事業者不明",
        "ref": "",
        "url": "",
        "url2": ""
      }
    },
    {
      "type": "Feature",
      "geometry": {
        "type": "Point",
        "coordinates": [
          129.9983668,
          32.7798601
        ]
      },
      "properties": {
        "内容": "バス停: 田結橋",
        "name": "田結橋",
        "operator": "事業者不明",
        "ref": "",
        "url": "",
        "url2": ""
      }
    },
    {
      "type": "Feature",
      "geometry": {
        "type": "Point",
        "coordinates": [
          129.9984097,
          32.7796752
        ]
      },
      "properties": {
        "内容": "バス停: 田結橋",
        "name": "田結橋",
        "operator": "事業者不明",
        "ref": "",
        "url": "",
        "url2": ""
      }
    },
    {
      "type": "Feature",
      "geometry": {
        "type": "Point",
        "coordinates": [
          129.9988872,
          32.7833013
        ]
      },
      "properties": {
        "内容": "バス停: 補伽",
        "name": "補伽",
        "operator": "事業者不明",
        "ref": "",
        "url": "",
        "url2": ""
      }
    },
    {
      "type": "Feature",
      "geometry": {
        "type": "Point",
        "coordinates": [
          129.9990226,
          32.7831705
        ]
      },
      "properties": {
        "内容": "バス停: 補伽",
        "name": "補伽",
        "operator": "事業者不明",
        "ref": "",
        "url": "",
        "url2": ""
      }
    },
    {
      "type": "Feature",
      "geometry": {
        "type": "Point",
        "coordinates": [
          130.0009113,
          32.7894114
        ]
      },
      "properties": {
        "内容": "バス停: 古場",
        "name": "古場",
        "operator": "事業者不明",
        "ref": "",
        "url": "",
        "url2": ""
      }
    },
    {
      "type": "Feature",
      "geometry": {
        "type": "Point",
        "coordinates": [
          130.0006413,
          32.7892656
        ]
      },
      "properties": {
        "内容": "バス停: 古場",
        "name": "古場",
        "operator": "事業者不明",
        "ref": "",
        "url": "",
        "url2": ""
      }
    },
    {
      "type": "Feature",
      "geometry": {
        "type": "Point",
        "coordinates": [
          130.0124404,
          32.7846983
        ]
      },
      "properties": {
        "内容": "バス停: 狩場",
        "name": "狩場",
        "operator": "事業者不明",
        "ref": "",
        "url": "",
        "url2": ""
      }
    },
    {
      "type": "Feature",
      "geometry": {
        "type": "Point",
        "coordinates": [
          130.012439,
          32.7845833
        ]
      },
      "properties": {
        "内容": "バス停: 狩場",
        "name": "狩場",
        "operator": "事業者不明",
        "ref": "",
        "url": "",
        "url2": ""
      }
    },
    {
      "type": "Feature",
      "geometry": {
        "type": "Point",
        "coordinates": [
          130.0158119,
          32.7809426
        ]
      },
      "properties": {
        "内容": "バス停: 普同寺下",
        "name": "普同寺下",
        "operator": "事業者不明",
        "ref": "",
        "url": "",
        "url2": ""
      }
    },
    {
      "type": "Feature",
      "geometry": {
        "type": "Point",
        "coordinates": [
          130.0158508,
          32.7810435
        ]
      },
      "properties": {
        "内容": "バス停: 普同寺下",
        "name": "普同寺下",
        "operator": "事業者不明",
        "ref": "",
        "url": "",
        "url2": ""
      }
    },
    {
      "type": "Feature",
      "geometry": {
        "type": "Point",
        "coordinates": [
          130.0186604,
          32.7823429
        ]
      },
      "properties": {
        "内容": "バス停: 飯盛中学校前",
        "name": "飯盛中学校前",
        "operator": "事業者不明",
        "ref": "",
        "url": "",
        "url2": ""
      }
    },
    {
      "type": "Feature",
      "geometry": {
        "type": "Point",
        "coordinates": [
          130.0181964,
          32.7822685
        ]
      },
      "properties": {
        "内容": "バス停: 飯盛中学校前",
        "name": "飯盛中学校前",
        "operator": "事業者不明",
        "ref": "",
        "url": "",
        "url2": ""
      }
    },
    {
      "type": "Feature",
      "geometry": {
        "type": "Point",
        "coordinates": [
          130.0212514,
          32.7831435
        ]
      },
      "properties": {
        "内容": "バス停: 石原道",
        "name": "石原道",
        "operator": "事業者不明",
        "ref": "",
        "url": "",
        "url2": ""
      }
    },
    {
      "type": "Feature",
      "geometry": {
        "type": "Point",
        "coordinates": [
          130.0220293,
          32.7828999
        ]
      },
      "properties": {
        "内容": "バス停: 石原道",
        "name": "石原道",
        "operator": "事業者不明",
        "ref": "",
        "url": "",
        "url2": ""
      }
    },
    {
      "type": "Feature",
      "geometry": {
        "type": "Point",
        "coordinates": [
          130.0239551,
          32.7810282
        ]
      },
      "properties": {
        "内容": "バス停: 三本松",
        "name": "三本松",
        "operator": "事業者不明",
        "ref": "",
        "url": "",
        "url2": ""
      }
    },
    {
      "type": "Feature",
      "geometry": {
        "type": "Point",
        "coordinates": [
          130.0238639,
          32.7812132
        ]
      },
      "properties": {
        "内容": "バス停: 三本松",
        "name": "三本松",
        "operator": "事業者不明",
        "ref": "",
        "url": "",
        "url2": ""
      }
    },
    {
      "type": "Feature",
      "geometry": {
        "type": "Point",
        "coordinates": [
          130.0240114,
          32.7678374
        ]
      },
      "properties": {
        "内容": "バス停: 下久保",
        "name": "下久保",
        "operator": "事業者不明",
        "ref": "",
        "url": "",
        "url2": ""
      }
    },
    {
      "type": "Feature",
      "geometry": {
        "type": "Point",
        "coordinates": [
          130.0239041,
          32.7679705
        ]
      },
      "properties": {
        "内容": "バス停: 下久保",
        "name": "下久保",
        "operator": "事業者不明",
        "ref": "",
        "url": "",
        "url2": ""
      }
    },
    {
      "type": "Feature",
      "geometry": {
        "type": "Point",
        "coordinates": [
          130.0196072,
          32.7697568
        ]
      },
      "properties": {
        "内容": "バス停: 塩屋",
        "name": "塩屋",
        "operator": "事業者不明",
        "ref": "",
        "url": "",
        "url2": ""
      }
    },
    {
      "type": "Feature",
      "geometry": {
        "type": "Point",
        "coordinates": [
          130.0199801,
          32.7695583
        ]
      },
      "properties": {
        "内容": "バス停: 塩屋",
        "name": "塩屋",
        "operator": "事業者不明",
        "ref": "",
        "url": "",
        "url2": ""
      }
    },
    {
      "type": "Feature",
      "geometry": {
        "type": "Point",
        "coordinates": [
          130.016343,
          32.7743519
        ]
      },
      "properties": {
        "内容": "バス停: 飯盛団地",
        "name": "飯盛団地",
        "operator": "事業者不明",
        "ref": "",
        "url": "",
        "url2": ""
      }
    },
    {
      "type": "Feature",
      "geometry": {
        "type": "Point",
        "coordinates": [
          130.0161941,
          32.7745075
        ]
      },
      "properties": {
        "内容": "バス停: 飯盛団地",
        "name": "飯盛団地",
        "operator": "事業者不明",
        "ref": "",
        "url": "",
        "url2": ""
      }
    },
    {
      "type": "Feature",
      "geometry": {
        "type": "Point",
        "coordinates": [
          130.0687354,
          32.9238539
        ]
      },
      "properties": {
        "内容": "バス停: 片木",
        "name": "片木",
        "operator": "事業者不明",
        "ref": "",
        "url": "",
        "url2": ""
      }
    },
    {
      "type": "Feature",
      "geometry": {
        "type": "Point",
        "coordinates": [
          130.0685495,
          32.9240189
        ]
      },
      "properties": {
        "内容": "バス停: 片木",
        "name": "片木",
        "operator": "事業者不明",
        "ref": "",
        "url": "",
        "url2": ""
      }
    },
    {
      "type": "Feature",
      "geometry": {
        "type": "Point",
        "coordinates": [
          130.0700998,
          32.9120225
        ]
      },
      "properties": {
        "内容": "バス停: 白木峰高原",
        "name": "白木峰高原",
        "operator": "事業者不明",
        "ref": "",
        "url": "",
        "url2": ""
      }
    },
    {
      "type": "Feature",
      "geometry": {
        "type": "Point",
        "coordinates": [
          130.0698155,
          32.9119054
        ]
      },
      "properties": {
        "内容": "バス停: 白木峰高原",
        "name": "白木峰高原",
        "operator": "事業者不明",
        "ref": "",
        "url": "",
        "url2": ""
      }
    },
    {
      "type": "Feature",
      "geometry": {
        "type": "Point",
        "coordinates": [
          130.0695339,
          32.9010514
        ]
      },
      "properties": {
        "内容": "バス停: 白木峰",
        "name": "白木峰",
        "operator": "事業者不明",
        "ref": "",
        "url": "",
        "url2": ""
      }
    },
    {
      "type": "Feature",
      "geometry": {
        "type": "Point",
        "coordinates": [
          130.0694373,
          32.9009073
        ]
      },
      "properties": {
        "内容": "バス停: 白木峰",
        "name": "白木峰",
        "operator": "事業者不明",
        "ref": "",
        "url": "",
        "url2": ""
      }
    },
    {
      "type": "Feature",
      "geometry": {
        "type": "Point",
        "coordinates": [
          130.0715429,
          32.8954482
        ]
      },
      "properties": {
        "内容": "バス停: 法月",
        "name": "法月",
        "operator": "事業者不明",
        "ref": "",
        "url": "",
        "url2": ""
      }
    },
    {
      "type": "Feature",
      "geometry": {
        "type": "Point",
        "coordinates": [
          130.0712961,
          32.8956127
        ]
      },
      "properties": {
        "内容": "バス停: 法月",
        "name": "法月",
        "operator": "事業者不明",
        "ref": "",
        "url": "",
        "url2": ""
      }
    },
    {
      "type": "Feature",
      "geometry": {
        "type": "Point",
        "coordinates": [
          130.0709313,
          32.885991
        ]
      },
      "properties": {
        "内容": "バス停: 中古場",
        "name": "中古場",
        "operator": "事業者不明",
        "ref": "",
        "url": "",
        "url2": ""
      }
    },
    {
      "type": "Feature",
      "geometry": {
        "type": "Point",
        "coordinates": [
          130.0710279,
          32.8861892
        ]
      },
      "properties": {
        "内容": "バス停: 中古場",
        "name": "中古場",
        "operator": "事業者不明",
        "ref": "",
        "url": "",
        "url2": ""
      }
    },
    {
      "type": "Feature",
      "geometry": {
        "type": "Point",
        "coordinates": [
          130.0743659,
          32.8800489
        ]
      },
      "properties": {
        "内容": "バス停: 一の瀬",
        "name": "一の瀬",
        "operator": "事業者不明",
        "ref": "",
        "url": "",
        "url2": ""
      }
    },
    {
      "type": "Feature",
      "geometry": {
        "type": "Point",
        "coordinates": [
          130.0742935,
          32.8799588
        ]
      },
      "properties": {
        "内容": "バス停: 一の瀬",
        "name": "一の瀬",
        "operator": "事業者不明",
        "ref": "",
        "url": "",
        "url2": ""
      }
    },
    {
      "type": "Feature",
      "geometry": {
        "type": "Point",
        "coordinates": [
          130.0773579,
          32.8642076
        ]
      },
      "properties": {
        "内容": "バス停: 長田中学校前",
        "name": "長田中学校前",
        "operator": "事業者不明",
        "ref": "",
        "url": "",
        "url2": ""
      }
    },
    {
      "type": "Feature",
      "geometry": {
        "type": "Point",
        "coordinates": [
          130.077543,
          32.864273
        ]
      },
      "properties": {
        "内容": "バス停: 長田中学校前",
        "name": "長田中学校前",
        "operator": "事業者不明",
        "ref": "",
        "url": "",
        "url2": ""
      }
    },
    {
      "type": "Feature",
      "geometry": {
        "type": "Point",
        "coordinates": [
          130.0679299,
          32.9287851
        ]
      },
      "properties": {
        "内容": "バス停: 国立少年自然の家",
        "name": "国立少年自然の家",
        "operator": "事業者不明",
        "ref": "",
        "url": "",
        "url2": ""
      }
    },
    {
      "type": "Feature",
      "geometry": {
        "type": "Point",
        "coordinates": [
          130.0679659,
          32.9288858
        ]
      },
      "properties": {
        "内容": "バス停: 国立少年自然の家",
        "name": "国立少年自然の家",
        "operator": "事業者不明",
        "ref": "",
        "url": "",
        "url2": ""
      }
    },
    {
      "type": "Feature",
      "geometry": {
        "type": "Point",
        "coordinates": [
          130.0314465,
          32.8528769
        ]
      },
      "properties": {
        "内容": "バス停: 中井原",
        "name": "中井原",
        "operator": "事業者不明",
        "ref": "",
        "url": "",
        "url2": ""
      }
    },
    {
      "type": "Feature",
      "geometry": {
        "type": "Point",
        "coordinates": [
          130.0315297,
          32.8528194
        ]
      },
      "properties": {
        "内容": "バス停: 中井原",
        "name": "中井原",
        "operator": "事業者不明",
        "ref": "",
        "url": "",
        "url2": ""
      }
    },
    {
      "type": "Feature",
      "geometry": {
        "type": "Point",
        "coordinates": [
          130.0273052,
          32.8520927
        ]
      },
      "properties": {
        "内容": "バス停: 諫早特別支援学校",
        "name": "諫早特別支援学校",
        "operator": "事業者不明",
        "ref": "",
        "url": "",
        "url2": ""
      }
    },
    {
      "type": "Feature",
      "geometry": {
        "type": "Point",
        "coordinates": [
          130.0272435,
          32.8519846
        ]
      },
      "properties": {
        "内容": "バス停: 諫早特別支援学校",
        "name": "諫早特別支援学校",
        "operator": "事業者不明",
        "ref": "",
        "url": "",
        "url2": ""
      }
    },
    {
      "type": "Feature",
      "geometry": {
        "type": "Point",
        "coordinates": [
          130.0231746,
          32.8520679
        ]
      },
      "properties": {
        "内容": "バス停: 清水谷",
        "name": "清水谷",
        "operator": "事業者不明",
        "ref": "",
        "url": "",
        "url2": ""
      }
    },
    {
      "type": "Feature",
      "geometry": {
        "type": "Point",
        "coordinates": [
          130.0233141,
          32.851917
        ]
      },
      "properties": {
        "内容": "バス停: 清水谷",
        "name": "清水谷",
        "operator": "事業者不明",
        "ref": "",
        "url": "",
        "url2": ""
      }
    },
    {
      "type": "Feature",
      "geometry": {
        "type": "Point",
        "coordinates": [
          130.0238103,
          32.8557024
        ]
      },
      "properties": {
        "内容": "バス停: 堀の内東",
        "name": "堀の内東",
        "operator": "事業者不明",
        "ref": "",
        "url": "",
        "url2": ""
      }
    },
    {
      "type": "Feature",
      "geometry": {
        "type": "Point",
        "coordinates": [
          130.0239417,
          32.8558038
        ]
      },
      "properties": {
        "内容": "バス停: 堀の内東",
        "name": "堀の内東",
        "operator": "事業者不明",
        "ref": "",
        "url": "",
        "url2": ""
      }
    },
    {
      "type": "Feature",
      "geometry": {
        "type": "Point",
        "coordinates": [
          130.0208893,
          32.8556641
        ]
      },
      "properties": {
        "内容": "バス停: 堀の内中央",
        "name": "堀の内中央",
        "operator": "事業者不明",
        "ref": "",
        "url": "",
        "url2": ""
      }
    },
    {
      "type": "Feature",
      "geometry": {
        "type": "Point",
        "coordinates": [
          130.0209081,
          32.8557564
        ]
      },
      "properties": {
        "内容": "バス停: 堀の内中央",
        "name": "堀の内中央",
        "operator": "事業者不明",
        "ref": "",
        "url": "",
        "url2": ""
      }
    },
    {
      "type": "Feature",
      "geometry": {
        "type": "Point",
        "coordinates": [
          130.0199237,
          32.8543572
        ]
      },
      "properties": {
        "内容": "バス停: 堀の内西",
        "name": "堀の内西",
        "operator": "事業者不明",
        "ref": "",
        "url": "",
        "url2": ""
      }
    },
    {
      "type": "Feature",
      "geometry": {
        "type": "Point",
        "coordinates": [
          130.0198272,
          32.8542626
        ]
      },
      "properties": {
        "内容": "バス停: 堀の内西",
        "name": "堀の内西",
        "operator": "事業者不明",
        "ref": "",
        "url": "",
        "url2": ""
      }
    },
    {
      "type": "Feature",
      "geometry": {
        "type": "Point",
        "coordinates": [
          130.0205862,
          32.8525839
        ]
      },
      "properties": {
        "内容": "バス停: 西部台真崎",
        "name": "西部台真崎",
        "operator": "事業者不明",
        "ref": "",
        "url": "",
        "url2": ""
      }
    },
    {
      "type": "Feature",
      "geometry": {
        "type": "Point",
        "coordinates": [
          130.020479,
          32.8524149
        ]
      },
      "properties": {
        "内容": "バス停: 西部台真崎",
        "name": "西部台真崎",
        "operator": "事業者不明",
        "ref": "",
        "url": "",
        "url2": ""
      }
    },
    {
      "type": "Feature",
      "geometry": {
        "type": "Point",
        "coordinates": [
          130.0201893,
          32.8516038
        ]
      },
      "properties": {
        "内容": "バス停: 真崎",
        "name": "真崎",
        "operator": "事業者不明",
        "ref": "",
        "url": "",
        "url2": ""
      }
    },
    {
      "type": "Feature",
      "geometry": {
        "type": "Point",
        "coordinates": [
          130.0201195,
          32.8516962
        ]
      },
      "properties": {
        "内容": "バス停: 真崎",
        "name": "真崎",
        "operator": "事業者不明",
        "ref": "",
        "url": "",
        "url2": ""
      }
    },
    {
      "type": "Feature",
      "geometry": {
        "type": "Point",
        "coordinates": [
          130.0201598,
          32.8492468
        ]
      },
      "properties": {
        "内容": "バス停: 白岩町",
        "name": "白岩町",
        "operator": "事業者不明",
        "ref": "",
        "url": "",
        "url2": ""
      }
    },
    {
      "type": "Feature",
      "geometry": {
        "type": "Point",
        "coordinates": [
          130.0198621,
          32.8494722
        ]
      },
      "properties": {
        "内容": "バス停: 白岩町",
        "name": "白岩町",
        "operator": "事業者不明",
        "ref": "",
        "url": "",
        "url2": ""
      }
    },
    {
      "type": "Feature",
      "geometry": {
        "type": "Point",
        "coordinates": [
          130.0161767,
          32.8502653
        ]
      },
      "properties": {
        "内容": "バス停: ふれあい広場前",
        "name": "ふれあい広場前",
        "operator": "事業者不明",
        "ref": "",
        "url": "",
        "url2": ""
      }
    },
    {
      "type": "Feature",
      "geometry": {
        "type": "Point",
        "coordinates": [
          130.015997,
          32.8501774
        ]
      },
      "properties": {
        "内容": "バス停: ふれあい広場前",
        "name": "ふれあい広場前",
        "operator": "事業者不明",
        "ref": "",
        "url": "",
        "url2": ""
      }
    },
    {
      "type": "Feature",
      "geometry": {
        "type": "Point",
        "coordinates": [
          130.0138539,
          32.8483477
        ]
      },
      "properties": {
        "内容": "バス停: 津水",
        "name": "津水",
        "operator": "事業者不明",
        "ref": "",
        "url": "",
        "url2": ""
      }
    },
    {
      "type": "Feature",
      "geometry": {
        "type": "Point",
        "coordinates": [
          130.0139344,
          32.8482847
        ]
      },
      "properties": {
        "内容": "バス停: 津水",
        "name": "津水",
        "operator": "事業者不明",
        "ref": "",
        "url": "",
        "url2": ""
      }
    },
    {
      "type": "Feature",
      "geometry": {
        "type": "Point",
        "coordinates": [
          130.0544398,
          32.8346463
        ]
      },
      "properties": {
        "内容": "バス停: 西郷",
        "name": "西郷",
        "operator": "事業者不明",
        "ref": "",
        "url": "",
        "url2": ""
      }
    },
    {
      "type": "Feature",
      "geometry": {
        "type": "Point",
        "coordinates": [
          130.0499564,
          32.8334834
        ]
      },
      "properties": {
        "内容": "バス停: 新道",
        "name": "新道",
        "operator": "事業者不明",
        "ref": "",
        "url": "",
        "url2": ""
      }
    },
    {
      "type": "Feature",
      "geometry": {
        "type": "Point",
        "coordinates": [
          130.0502917,
          32.8325616
        ]
      },
      "properties": {
        "内容": "バス停: 新道",
        "name": "新道",
        "operator": "事業者不明",
        "ref": "",
        "url": "",
        "url2": ""
      }
    },
    {
      "type": "Feature",
      "geometry": {
        "type": "Point",
        "coordinates": [
          130.0459599,
          32.8307158
        ]
      },
      "properties": {
        "内容": "バス停: 栗面",
        "name": "栗面",
        "operator": "事業者不明",
        "ref": "",
        "url": "",
        "url2": ""
      }
    },
    {
      "type": "Feature",
      "geometry": {
        "type": "Point",
        "coordinates": [
          130.0454771,
          32.8305355
        ]
      },
      "properties": {
        "内容": "バス停: 栗面",
        "name": "栗面",
        "operator": "事業者不明",
        "ref": "",
        "url": "",
        "url2": ""
      }
    },
    {
      "type": "Feature",
      "geometry": {
        "type": "Point",
        "coordinates": [
          130.0392866,
          32.8256717
        ]
      },
      "properties": {
        "内容": "バス停: 駄森",
        "name": "駄森",
        "operator": "事業者不明",
        "ref": "",
        "url": "",
        "url2": ""
      }
    },
    {
      "type": "Feature",
      "geometry": {
        "type": "Point",
        "coordinates": [
          130.0392249,
          32.8255319
        ]
      },
      "properties": {
        "内容": "バス停: 駄森",
        "name": "駄森",
        "operator": "事業者不明",
        "ref": "",
        "url": "",
        "url2": ""
      }
    },
    {
      "type": "Feature",
      "geometry": {
        "type": "Point",
        "coordinates": [
          130.0374788,
          32.8259737
        ]
      },
      "properties": {
        "内容": "バス停: 平山団地前",
        "name": "平山団地前",
        "operator": "事業者不明",
        "ref": "",
        "url": "",
        "url2": ""
      }
    },
    {
      "type": "Feature",
      "geometry": {
        "type": "Point",
        "coordinates": [
          130.0372052,
          32.82587
        ]
      },
      "properties": {
        "内容": "バス停: 平山団地前",
        "name": "平山団地前",
        "operator": "事業者不明",
        "ref": "",
        "url": "",
        "url2": ""
      }
    },
    {
      "type": "Feature",
      "geometry": {
        "type": "Point",
        "coordinates": [
          130.0250606,
          32.8068864
        ]
      },
      "properties": {
        "内容": "バス停: 日焼",
        "name": "日焼",
        "operator": "事業者不明",
        "ref": "",
        "url": "",
        "url2": ""
      }
    },
    {
      "type": "Feature",
      "geometry": {
        "type": "Point",
        "coordinates": [
          130.0248586,
          32.8069269
        ]
      },
      "properties": {
        "内容": "バス停: 日焼",
        "name": "日焼",
        "operator": "事業者不明",
        "ref": "",
        "url": "",
        "url2": ""
      }
    },
    {
      "type": "Feature",
      "geometry": {
        "type": "Point",
        "coordinates": [
          130.0211951,
          32.806273
        ]
      },
      "properties": {
        "内容": "バス停: 後古場",
        "name": "後古場",
        "operator": "事業者不明",
        "ref": "",
        "url": "",
        "url2": ""
      }
    },
    {
      "type": "Feature",
      "geometry": {
        "type": "Point",
        "coordinates": [
          130.0209993,
          32.8062497
        ]
      },
      "properties": {
        "内容": "バス停: 後古場",
        "name": "後古場",
        "operator": "事業者不明",
        "ref": "",
        "url": "",
        "url2": ""
      }
    },
    {
      "type": "Feature",
      "geometry": {
        "type": "Point",
        "coordinates": [
          130.0183466,
          32.8052127
        ]
      },
      "properties": {
        "内容": "バス停: 上後古場",
        "name": "上後古場",
        "operator": "事業者不明",
        "ref": "",
        "url": "",
        "url2": ""
      }
    },
    {
      "type": "Feature",
      "geometry": {
        "type": "Point",
        "coordinates": [
          130.0182044,
          32.8052375
        ]
      },
      "properties": {
        "内容": "バス停: 上後古場",
        "name": "上後古場",
        "operator": "事業者不明",
        "ref": "",
        "url": "",
        "url2": ""
      }
    },
    {
      "type": "Feature",
      "geometry": {
        "type": "Point",
        "coordinates": [
          130.0358762,
          32.8551988
        ]
      },
      "properties": {
        "内容": "バス停: 社会保険事務所入口",
        "name": "社会保険事務所入口",
        "operator": "事業者不明",
        "ref": "",
        "url": "",
        "url2": ""
      }
    },
    {
      "type": "Feature",
      "geometry": {
        "type": "Point",
        "coordinates": [
          130.0357005,
          32.8551729
        ]
      },
      "properties": {
        "内容": "バス停: 社会保険事務所入口",
        "name": "社会保険事務所入口",
        "operator": "事業者不明",
        "ref": "",
        "url": "",
        "url2": ""
      }
    },
    {
      "type": "Feature",
      "geometry": {
        "type": "Point",
        "coordinates": [
          130.032616,
          32.8569123
        ]
      },
      "properties": {
        "内容": "バス停: 鎮西高校前",
        "name": "鎮西高校前",
        "operator": "事業者不明",
        "ref": "",
        "url": "",
        "url2": ""
      }
    },
    {
      "type": "Feature",
      "geometry": {
        "type": "Point",
        "coordinates": [
          130.0324765,
          32.8569979
        ]
      },
      "properties": {
        "内容": "バス停: 鎮西高校前",
        "name": "鎮西高校前",
        "operator": "事業者不明",
        "ref": "",
        "url": "",
        "url2": ""
      }
    },
    {
      "type": "Feature",
      "geometry": {
        "type": "Point",
        "coordinates": [
          130.0297084,
          32.8610625
        ]
      },
      "properties": {
        "内容": "バス停: 西栄田",
        "name": "西栄田",
        "operator": "事業者不明",
        "ref": "",
        "url": "",
        "url2": ""
      }
    },
    {
      "type": "Feature",
      "geometry": {
        "type": "Point",
        "coordinates": [
          130.0297326,
          32.8611932
        ]
      },
      "properties": {
        "内容": "バス停: 西栄田",
        "name": "西栄田",
        "operator": "事業者不明",
        "ref": "",
        "url": "",
        "url2": ""
      }
    },
    {
      "type": "Feature",
      "geometry": {
        "type": "Point",
        "coordinates": [
          130.0269029,
          32.8636354
        ]
      },
      "properties": {
        "内容": "バス停: 破籠井入口",
        "name": "破籠井入口",
        "operator": "事業者不明",
        "ref": "",
        "url": "",
        "url2": ""
      }
    },
    {
      "type": "Feature",
      "geometry": {
        "type": "Point",
        "coordinates": [
          130.0268653,
          32.8635092
        ]
      },
      "properties": {
        "内容": "バス停: 破籠井入口",
        "name": "破籠井入口",
        "operator": "事業者不明",
        "ref": "",
        "url": "",
        "url2": ""
      }
    },
    {
      "type": "Feature",
      "geometry": {
        "type": "Point",
        "coordinates": [
          130.0249153,
          32.8659852
        ]
      },
      "properties": {
        "内容": "バス停: 下破籠井",
        "name": "下破籠井",
        "operator": "事業者不明",
        "ref": "",
        "url": "",
        "url2": ""
      }
    },
    {
      "type": "Feature",
      "geometry": {
        "type": "Point",
        "coordinates": [
          130.0250199,
          32.8659323
        ]
      },
      "properties": {
        "内容": "バス停: 下破籠井",
        "name": "下破籠井",
        "operator": "事業者不明",
        "ref": "",
        "url": "",
        "url2": ""
      }
    },
    {
      "type": "Feature",
      "geometry": {
        "type": "Point",
        "coordinates": [
          130.0246847,
          32.8693555
        ]
      },
      "properties": {
        "内容": "バス停: 破籠井",
        "name": "破籠井",
        "operator": "事業者不明",
        "ref": "",
        "url": "",
        "url2": ""
      }
    },
    {
      "type": "Feature",
      "geometry": {
        "type": "Point",
        "coordinates": [
          130.0245559,
          32.8695042
        ]
      },
      "properties": {
        "内容": "バス停: 破籠井",
        "name": "破籠井",
        "operator": "事業者不明",
        "ref": "",
        "url": "",
        "url2": ""
      }
    },
    {
      "type": "Feature",
      "geometry": {
        "type": "Point",
        "coordinates": [
          130.0565091,
          32.8481427
        ]
      },
      "properties": {
        "内容": "バス停: 泉町",
        "name": "泉町",
        "operator": "事業者不明",
        "ref": "",
        "url": "",
        "url2": ""
      }
    },
    {
      "type": "Feature",
      "geometry": {
        "type": "Point",
        "coordinates": [
          130.0566432,
          32.8479782
        ]
      },
      "properties": {
        "内容": "バス停: 泉町",
        "name": "泉町",
        "operator": "事業者不明",
        "ref": "",
        "url": "",
        "url2": ""
      }
    },
    {
      "type": "Feature",
      "geometry": {
        "type": "Point",
        "coordinates": [
          130.056316,
          32.8504208
        ]
      },
      "properties": {
        "内容": "バス停: 福田神社前",
        "name": "福田神社前",
        "operator": "事業者不明",
        "ref": "",
        "url": "",
        "url2": ""
      }
    },
    {
      "type": "Feature",
      "geometry": {
        "type": "Point",
        "coordinates": [
          130.0561255,
          32.8504839
        ]
      },
      "properties": {
        "内容": "バス停: 福田神社前",
        "name": "福田神社前",
        "operator": "事業者不明",
        "ref": "",
        "url": "",
        "url2": ""
      }
    },
    {
      "type": "Feature",
      "geometry": {
        "type": "Point",
        "coordinates": [
          130.0471334,
          32.8525513
        ]
      },
      "properties": {
        "内容": "バス停: 北諫早中学校前",
        "name": "北諫早中学校前",
        "operator": "事業者不明",
        "ref": "",
        "url": "",
        "url2": ""
      }
    },
    {
      "type": "Feature",
      "geometry": {
        "type": "Point",
        "coordinates": [
          130.0468183,
          32.8525704
        ]
      },
      "properties": {
        "内容": "バス停: 北諫早中学校前",
        "name": "北諫早中学校前",
        "operator": "事業者不明",
        "ref": "",
        "url": "",
        "url2": ""
      }
    },
    {
      "type": "Feature",
      "geometry": {
        "type": "Point",
        "coordinates": [
          130.0511004,
          32.8507779
        ]
      },
      "properties": {
        "内容": "バス停: 金谷町",
        "name": "金谷町",
        "operator": "事業者不明",
        "ref": "",
        "url": "",
        "url2": ""
      }
    },
    {
      "type": "Feature",
      "geometry": {
        "type": "Point",
        "coordinates": [
          130.0509287,
          32.8507441
        ]
      },
      "properties": {
        "内容": "バス停: 金谷町",
        "name": "金谷町",
        "operator": "事業者不明",
        "ref": "",
        "url": "",
        "url2": ""
      }
    },
    {
      "type": "Feature",
      "geometry": {
        "type": "Point",
        "coordinates": [
          130.0055203,
          32.8301005
        ]
      },
      "properties": {
        "内容": "バス停: 青葉台",
        "name": "青葉台",
        "operator": "事業者不明",
        "ref": "",
        "url": "",
        "url2": ""
      }
    },
    {
      "type": "Feature",
      "geometry": {
        "type": "Point",
        "coordinates": [
          130.0054747,
          32.8299811
        ]
      },
      "properties": {
        "内容": "バス停: 青葉台",
        "name": "青葉台",
        "operator": "事業者不明",
        "ref": "",
        "url": "",
        "url2": ""
      }
    },
    {
      "type": "Feature",
      "geometry": {
        "type": "Point",
        "coordinates": [
          130.0072396,
          32.8283346
        ]
      },
      "properties": {
        "内容": "バス停: 若葉町",
        "name": "若葉町",
        "operator": "事業者不明",
        "ref": "",
        "url": "",
        "url2": ""
      }
    },
    {
      "type": "Feature",
      "geometry": {
        "type": "Point",
        "coordinates": [
          130.0077103,
          32.8283515
        ]
      },
      "properties": {
        "内容": "バス停: 若葉町",
        "name": "若葉町",
        "operator": "事業者不明",
        "ref": "",
        "url": "",
        "url2": ""
      }
    },
    {
      "type": "Feature",
      "geometry": {
        "type": "Point",
        "coordinates": [
          129.9940592,
          32.8254373
        ]
      },
      "properties": {
        "内容": "バス停: 久山台ニュータウン",
        "name": "久山台ニュータウン",
        "operator": "事業者不明",
        "ref": "",
        "url": "",
        "url2": ""
      }
    },
    {
      "type": "Feature",
      "geometry": {
        "type": "Point",
        "coordinates": [
          129.9949041,
          32.8251623
        ]
      },
      "properties": {
        "内容": "バス停: 久山台ニュータウン",
        "name": "久山台ニュータウン",
        "operator": "事業者不明",
        "ref": "",
        "url": "",
        "url2": ""
      }
    },
    {
      "type": "Feature",
      "geometry": {
        "type": "Point",
        "coordinates": [
          129.0990848,
          32.9714826
        ]
      },
      "properties": {
        "内容": "バス停: 箒山",
        "name": "箒山",
        "operator": "事業者不明",
        "ref": "",
        "url": "",
        "url2": ""
      }
    },
    {
      "type": "Feature",
      "geometry": {
        "type": "Point",
        "coordinates": [
          130.0584,
          32.8325143
        ]
      },
      "properties": {
        "内容": "バス停: 小栗",
        "name": "小栗",
        "operator": "事業者不明",
        "ref": "",
        "url": "",
        "url2": ""
      }
    },
    {
      "type": "Feature",
      "geometry": {
        "type": "Point",
        "coordinates": [
          130.0467485,
          32.8329763
        ]
      },
      "properties": {
        "内容": "バス停: テニス場前",
        "name": "テニス場前",
        "operator": "事業者不明",
        "ref": "",
        "url": "",
        "url2": ""
      }
    },
    {
      "type": "Feature",
      "geometry": {
        "type": "Point",
        "coordinates": [
          130.0467351,
          32.8331454
        ]
      },
      "properties": {
        "内容": "バス停: テニス場前",
        "name": "テニス場前",
        "operator": "事業者不明",
        "ref": "",
        "url": "",
        "url2": ""
      }
    },
    {
      "type": "Feature",
      "geometry": {
        "type": "Point",
        "coordinates": [
          130.0417006,
          32.8346599
        ]
      },
      "properties": {
        "内容": "バス停: 貴船神社前",
        "name": "貴船神社前",
        "operator": "事業者不明",
        "ref": "",
        "url": "",
        "url2": ""
      }
    },
    {
      "type": "Feature",
      "geometry": {
        "type": "Point",
        "coordinates": [
          130.0400698,
          32.835363
        ]
      },
      "properties": {
        "内容": "バス停: 貴船神社前",
        "name": "貴船神社前",
        "operator": "事業者不明",
        "ref": "",
        "url": "",
        "url2": ""
      }
    },
    {
      "type": "Feature",
      "geometry": {
        "type": "Point",
        "coordinates": [
          130.038726,
          32.8367535
        ]
      },
      "properties": {
        "内容": "バス停: 競技場前",
        "name": "競技場前",
        "operator": "事業者不明",
        "ref": "",
        "url": "",
        "url2": ""
      }
    },
    {
      "type": "Feature",
      "geometry": {
        "type": "Point",
        "coordinates": [
          130.0385275,
          32.8366994
        ]
      },
      "properties": {
        "内容": "バス停: 競技場前",
        "name": "競技場前",
        "operator": "事業者不明",
        "ref": "",
        "url": "",
        "url2": ""
      }
    },
    {
      "type": "Feature",
      "geometry": {
        "type": "Point",
        "coordinates": [
          130.0353089,
          32.8394804
        ]
      },
      "properties": {
        "内容": "バス停: 警察署前",
        "name": "警察署前",
        "operator": "事業者不明",
        "ref": "",
        "url": "",
        "url2": ""
      }
    },
    {
      "type": "Feature",
      "geometry": {
        "type": "Point",
        "coordinates": [
          130.0347966,
          32.8396584
        ]
      },
      "properties": {
        "内容": "バス停: 警察署前",
        "name": "警察署前",
        "operator": "事業者不明",
        "ref": "",
        "url": "",
        "url2": ""
      }
    },
    {
      "type": "Feature",
      "geometry": {
        "type": "Point",
        "coordinates": [
          130.0527754,
          32.9077014
        ]
      },
      "properties": {
        "内容": "バス停: 下川頭",
        "name": "下川頭",
        "operator": "事業者不明",
        "ref": "",
        "url": "",
        "url2": ""
      }
    },
    {
      "type": "Feature",
      "geometry": {
        "type": "Point",
        "coordinates": [
          130.0529283,
          32.907555
        ]
      },
      "properties": {
        "内容": "バス停: 下川頭",
        "name": "下川頭",
        "operator": "事業者不明",
        "ref": "",
        "url": "",
        "url2": ""
      }
    },
    {
      "type": "Feature",
      "geometry": {
        "type": "Point",
        "coordinates": [
          130.0580889,
          32.8956374
        ]
      },
      "properties": {
        "内容": "バス停: 川頭入口",
        "name": "川頭入口",
        "operator": "事業者不明",
        "ref": "",
        "url": "",
        "url2": ""
      }
    },
    {
      "type": "Feature",
      "geometry": {
        "type": "Point",
        "coordinates": [
          130.0578875,
          32.8958884
        ]
      },
      "properties": {
        "内容": "バス停: 川頭入口",
        "name": "川頭入口",
        "operator": "事業者不明",
        "ref": "",
        "url": "",
        "url2": ""
      }
    },
    {
      "type": "Feature",
      "geometry": {
        "type": "Point",
        "coordinates": [
          130.0541326,
          32.8872365
        ]
      },
      "properties": {
        "内容": "バス停: 四本松",
        "name": "四本松",
        "operator": "事業者不明",
        "ref": "",
        "url": "",
        "url2": ""
      }
    },
    {
      "type": "Feature",
      "geometry": {
        "type": "Point",
        "coordinates": [
          130.0541729,
          32.8870676
        ]
      },
      "properties": {
        "内容": "バス停: 四本松",
        "name": "四本松",
        "operator": "事業者不明",
        "ref": "",
        "url": "",
        "url2": ""
      }
    },
    {
      "type": "Feature",
      "geometry": {
        "type": "Point",
        "coordinates": [
          130.0529605,
          32.8832385
        ]
      },
      "properties": {
        "内容": "バス停: 目代",
        "name": "目代",
        "operator": "事業者不明",
        "ref": "",
        "url": "",
        "url2": ""
      }
    },
    {
      "type": "Feature",
      "geometry": {
        "type": "Point",
        "coordinates": [
          130.0527754,
          32.8830763
        ]
      },
      "properties": {
        "内容": "バス停: 目代",
        "name": "目代",
        "operator": "事業者不明",
        "ref": "",
        "url": "",
        "url2": ""
      }
    },
    {
      "type": "Feature",
      "geometry": {
        "type": "Point",
        "coordinates": [
          130.0515389,
          32.8809522
        ]
      },
      "properties": {
        "内容": "バス停: 公民館前",
        "name": "公民館前",
        "operator": "事業者不明",
        "ref": "",
        "url": "",
        "url2": ""
      }
    },
    {
      "type": "Feature",
      "geometry": {
        "type": "Point",
        "coordinates": [
          130.0515926,
          32.8807292
        ]
      },
      "properties": {
        "内容": "バス停: 公民館前",
        "name": "公民館前",
        "operator": "事業者不明",
        "ref": "",
        "url": "",
        "url2": ""
      }
    },
    {
      "type": "Feature",
      "geometry": {
        "type": "Point",
        "coordinates": [
          130.0508282,
          32.8767286
        ]
      },
      "properties": {
        "内容": "バス停: 上高野",
        "name": "上高野",
        "operator": "事業者不明",
        "ref": "",
        "url": "",
        "url2": ""
      }
    },
    {
      "type": "Feature",
      "geometry": {
        "type": "Point",
        "coordinates": [
          130.0509877,
          32.8766543
        ]
      },
      "properties": {
        "内容": "バス停: 上高野",
        "name": "上高野",
        "operator": "事業者不明",
        "ref": "",
        "url": "",
        "url2": ""
      }
    },
    {
      "type": "Feature",
      "geometry": {
        "type": "Point",
        "coordinates": [
          130.0491169,
          32.8649128
        ]
      },
      "properties": {
        "内容": "バス停: 香田",
        "name": "香田",
        "operator": "事業者不明",
        "ref": "",
        "url": "",
        "url2": ""
      }
    },
    {
      "type": "Feature",
      "geometry": {
        "type": "Point",
        "coordinates": [
          130.0492215,
          32.8650345
        ]
      },
      "properties": {
        "内容": "バス停: 香田",
        "name": "香田",
        "operator": "事業者不明",
        "ref": "",
        "url": "",
        "url2": ""
      }
    },
    {
      "type": "Feature",
      "geometry": {
        "type": "Point",
        "coordinates": [
          130.0486328,
          32.8626013
        ]
      },
      "properties": {
        "内容": "バス停: 日の出町公園前",
        "name": "日の出町公園前",
        "operator": "事業者不明",
        "ref": "",
        "url": "",
        "url2": ""
      }
    },
    {
      "type": "Feature",
      "geometry": {
        "type": "Point",
        "coordinates": [
          130.0487266,
          32.8626756
        ]
      },
      "properties": {
        "内容": "バス停: 日の出町公園前",
        "name": "日の出町公園前",
        "operator": "事業者不明",
        "ref": "",
        "url": "",
        "url2": ""
      }
    },
    {
      "type": "Feature",
      "geometry": {
        "type": "Point",
        "coordinates": [
          130.0496641,
          32.8596588
        ]
      },
      "properties": {
        "内容": "バス停: 日の出町",
        "name": "日の出町",
        "operator": "事業者不明",
        "ref": "",
        "url": "",
        "url2": ""
      }
    },
    {
      "type": "Feature",
      "geometry": {
        "type": "Point",
        "coordinates": [
          130.0495782,
          32.8595079
        ]
      },
      "properties": {
        "内容": "バス停: 日の出町",
        "name": "日の出町",
        "operator": "事業者不明",
        "ref": "",
        "url": "",
        "url2": ""
      }
    },
    {
      "type": "Feature",
      "geometry": {
        "type": "Point",
        "coordinates": [
          130.0500879,
          32.8555165
        ]
      },
      "properties": {
        "内容": "バス停: 病院前",
        "name": "病院前",
        "operator": "事業者不明",
        "ref": "",
        "url": "",
        "url2": ""
      }
    },
    {
      "type": "Feature",
      "geometry": {
        "type": "Point",
        "coordinates": [
          130.0499564,
          32.8556291
        ]
      },
      "properties": {
        "内容": "バス停: 病院前",
        "name": "病院前",
        "operator": "事業者不明",
        "ref": "",
        "url": "",
        "url2": ""
      }
    },
    {
      "type": "Feature",
      "geometry": {
        "type": "Point",
        "coordinates": [
          130.0527658,
          32.9133626
        ]
      },
      "properties": {
        "内容": "バス停: 川頭",
        "name": "川頭",
        "operator": "事業者不明",
        "ref": "",
        "url": "",
        "url2": ""
      }
    },
    {
      "type": "Feature",
      "geometry": {
        "type": "Point",
        "coordinates": [
          130.0501415,
          32.8324219
        ]
      },
      "properties": {
        "内容": "バス停: 新道",
        "name": "新道",
        "operator": "事業者不明",
        "ref": "",
        "url": "",
        "url2": ""
      }
    },
    {
      "type": "Feature",
      "geometry": {
        "type": "Point",
        "coordinates": [
          130.0894091,
          32.8564031
        ]
      },
      "properties": {
        "内容": "バス停: 不知火橋",
        "name": "不知火橋",
        "operator": "事業者不明",
        "ref": "",
        "url": "",
        "url2": ""
      }
    },
    {
      "type": "Feature",
      "geometry": {
        "type": "Point",
        "coordinates": [
          130.0894868,
          32.8561845
        ]
      },
      "properties": {
        "内容": "バス停: 不知火橋",
        "name": "不知火橋",
        "operator": "事業者不明",
        "ref": "",
        "url": "",
        "url2": ""
      }
    },
    {
      "type": "Feature",
      "geometry": {
        "type": "Point",
        "coordinates": [
          130.0911579,
          32.8497921
        ]
      },
      "properties": {
        "内容": "バス停: 選果場前",
        "name": "選果場前",
        "operator": "事業者不明",
        "ref": "",
        "url": "",
        "url2": ""
      }
    },
    {
      "type": "Feature",
      "geometry": {
        "type": "Point",
        "coordinates": [
          130.0910425,
          32.8494541
        ]
      },
      "properties": {
        "内容": "バス停: 選果場前",
        "name": "選果場前",
        "operator": "事業者不明",
        "ref": "",
        "url": "",
        "url2": ""
      }
    },
    {
      "type": "Feature",
      "geometry": {
        "type": "Point",
        "coordinates": [
          130.091638,
          32.8455231
        ]
      },
      "properties": {
        "内容": "バス停: 干拓の里前",
        "name": "干拓の里前",
        "operator": "事業者不明",
        "ref": "",
        "url": "",
        "url2": ""
      }
    },
    {
      "type": "Feature",
      "geometry": {
        "type": "Point",
        "coordinates": [
          130.0917707,
          32.8453879
        ]
      },
      "properties": {
        "内容": "バス停: 干拓の里前",
        "name": "干拓の里前",
        "operator": "事業者不明",
        "ref": "",
        "url": "",
        "url2": ""
      }
    },
    {
      "type": "Feature",
      "geometry": {
        "type": "Point",
        "coordinates": [
          130.0921047,
          32.8440573
        ]
      },
      "properties": {
        "内容": "バス停: 小野島",
        "name": "小野島",
        "operator": "事業者不明",
        "ref": "",
        "url": "",
        "url2": ""
      }
    },
    {
      "type": "Feature",
      "geometry": {
        "type": "Point",
        "coordinates": [
          130.0919116,
          32.8442871
        ]
      },
      "properties": {
        "内容": "バス停: 小野島",
        "name": "小野島",
        "operator": "事業者不明",
        "ref": "",
        "url": "",
        "url2": ""
      }
    },
    {
      "type": "Feature",
      "geometry": {
        "type": "Point",
        "coordinates": [
          130.0915387,
          32.8434871
        ]
      },
      "properties": {
        "内容": "バス停: 小野島",
        "name": "小野島",
        "operator": "事業者不明",
        "ref": "",
        "url": "",
        "url2": ""
      }
    },
    {
      "type": "Feature",
      "geometry": {
        "type": "Point",
        "coordinates": [
          130.091697,
          32.8436156
        ]
      },
      "properties": {
        "内容": "バス停: 小野島",
        "name": "小野島",
        "operator": "事業者不明",
        "ref": "",
        "url": "",
        "url2": ""
      }
    },
    {
      "type": "Feature",
      "geometry": {
        "type": "Point",
        "coordinates": [
          130.0927055,
          32.8408708
        ]
      },
      "properties": {
        "内容": "バス停: 東川向",
        "name": "東川向",
        "operator": "事業者不明",
        "ref": "",
        "url": "",
        "url2": ""
      }
    },
    {
      "type": "Feature",
      "geometry": {
        "type": "Point",
        "coordinates": [
          130.0929522,
          32.8405283
        ]
      },
      "properties": {
        "内容": "バス停: 東川向",
        "name": "東川向",
        "operator": "事業者不明",
        "ref": "",
        "url": "",
        "url2": ""
      }
    },
    {
      "type": "Feature",
      "geometry": {
        "type": "Point",
        "coordinates": [
          130.0936604,
          32.8368031
        ]
      },
      "properties": {
        "内容": "バス停: 尾崎",
        "name": "尾崎",
        "operator": "事業者不明",
        "ref": "",
        "url": "",
        "url2": ""
      }
    },
    {
      "type": "Feature",
      "geometry": {
        "type": "Point",
        "coordinates": [
          130.0880116,
          32.8337223
        ]
      },
      "properties": {
        "内容": "バス停: 本村",
        "name": "本村",
        "operator": "事業者不明",
        "ref": "",
        "url": "",
        "url2": ""
      }
    },
    {
      "type": "Feature",
      "geometry": {
        "type": "Point",
        "coordinates": [
          130.0886393,
          32.8341618
        ]
      },
      "properties": {
        "内容": "バス停: 本村",
        "name": "本村",
        "operator": "事業者不明",
        "ref": "",
        "url": "",
        "url2": ""
      }
    },
    {
      "type": "Feature",
      "geometry": {
        "type": "Point",
        "coordinates": [
          130.0927725,
          32.8354261
        ]
      },
      "properties": {
        "内容": "バス停: 尾崎",
        "name": "尾崎",
        "operator": "事業者不明",
        "ref": "",
        "url": "",
        "url2": ""
      }
    },
    {
      "type": "Feature",
      "geometry": {
        "type": "Point",
        "coordinates": [
          130.0853723,
          32.8334834
        ]
      },
      "properties": {
        "内容": "バス停: 小野",
        "name": "小野",
        "operator": "事業者不明",
        "ref": "",
        "url": "",
        "url2": ""
      }
    },
    {
      "type": "Feature",
      "geometry": {
        "type": "Point",
        "coordinates": [
          130.0829208,
          32.8328095
        ]
      },
      "properties": {
        "内容": "バス停: 小野",
        "name": "小野",
        "operator": "事業者不明",
        "ref": "",
        "url": "",
        "url2": ""
      }
    },
    {
      "type": "Feature",
      "geometry": {
        "type": "Point",
        "coordinates": [
          130.0760101,
          32.8348356
        ]
      },
      "properties": {
        "内容": "バス停: 半造",
        "name": "半造",
        "operator": "事業者不明",
        "ref": "",
        "url": "",
        "url2": ""
      }
    },
    {
      "type": "Feature",
      "geometry": {
        "type": "Point",
        "coordinates": [
          130.0757298,
          32.8350757
        ]
      },
      "properties": {
        "内容": "バス停: 半造",
        "name": "半造",
        "operator": "事業者不明",
        "ref": "",
        "url": "",
        "url2": ""
      }
    },
    {
      "type": "Feature",
      "geometry": {
        "type": "Point",
        "coordinates": [
          130.0231585,
          32.8876194
        ]
      },
      "properties": {
        "内容": "バス停: 本野出張所前",
        "name": "本野出張所前",
        "operator": "事業者不明",
        "ref": "",
        "url": "",
        "url2": ""
      }
    },
    {
      "type": "Feature",
      "geometry": {
        "type": "Point",
        "coordinates": [
          130.0234133,
          32.8881442
        ]
      },
      "properties": {
        "内容": "バス停: 本野出張所前",
        "name": "本野出張所前",
        "operator": "事業者不明",
        "ref": "",
        "url": "",
        "url2": ""
      }
    },
    {
      "type": "Feature",
      "geometry": {
        "type": "Point",
        "coordinates": [
          130.0241536,
          32.8953987
        ]
      },
      "properties": {
        "内容": "バス停: 本野学校前",
        "name": "本野学校前",
        "operator": "事業者不明",
        "ref": "",
        "url": "",
        "url2": ""
      }
    },
    {
      "type": "Feature",
      "geometry": {
        "type": "Point",
        "coordinates": [
          130.0243038,
          32.895419
        ]
      },
      "properties": {
        "内容": "バス停: 本野学校前",
        "name": "本野学校前",
        "operator": "事業者不明",
        "ref": "",
        "url": "",
        "url2": ""
      }
    },
    {
      "type": "Feature",
      "geometry": {
        "type": "Point",
        "coordinates": [
          130.0263476,
          32.9029746
        ]
      },
      "properties": {
        "内容": "バス停: 二股",
        "name": "二股",
        "operator": "事業者不明",
        "ref": "",
        "url": "",
        "url2": ""
      }
    },
    {
      "type": "Feature",
      "geometry": {
        "type": "Point",
        "coordinates": [
          130.0264174,
          32.9028485
        ]
      },
      "properties": {
        "内容": "バス停: 二股",
        "name": "二股",
        "operator": "事業者不明",
        "ref": "",
        "url": "",
        "url2": ""
      }
    },
    {
      "type": "Feature",
      "geometry": {
        "type": "Point",
        "coordinates": [
          130.033902,
          32.9092863
        ]
      },
      "properties": {
        "内容": "バス停: 山口",
        "name": "山口",
        "operator": "事業者不明",
        "ref": "",
        "url": "",
        "url2": ""
      }
    },
    {
      "type": "Feature",
      "geometry": {
        "type": "Point",
        "coordinates": [
          130.0340348,
          32.9093092
        ]
      },
      "properties": {
        "内容": "バス停: 山口",
        "name": "山口",
        "operator": "事業者不明",
        "ref": "",
        "url": "",
        "url2": ""
      }
    },
    {
      "type": "Feature",
      "geometry": {
        "type": "Point",
        "coordinates": [
          130.0389728,
          32.9141256
        ]
      },
      "properties": {
        "内容": "バス停: 百合野",
        "name": "百合野",
        "operator": "事業者不明",
        "ref": "",
        "url": "",
        "url2": ""
      }
    },
    {
      "type": "Feature",
      "geometry": {
        "type": "Point",
        "coordinates": [
          130.0387636,
          32.9141009
        ]
      },
      "properties": {
        "内容": "バス停: 百合野",
        "name": "百合野",
        "operator": "事業者不明",
        "ref": "",
        "url": "",
        "url2": ""
      }
    },
    {
      "type": "Feature",
      "geometry": {
        "type": "Point",
        "coordinates": [
          130.0277692,
          32.9158031
        ]
      },
      "properties": {
        "内容": "バス停: 洞仙",
        "name": "洞仙",
        "operator": "事業者不明",
        "ref": "",
        "url": "",
        "url2": ""
      }
    },
    {
      "type": "Feature",
      "geometry": {
        "type": "Point",
        "coordinates": [
          130.0279677,
          32.9158549
        ]
      },
      "properties": {
        "内容": "バス停: 洞仙",
        "name": "洞仙",
        "operator": "事業者不明",
        "ref": "",
        "url": "",
        "url2": ""
      }
    },
    {
      "type": "Feature",
      "geometry": {
        "type": "Point",
        "coordinates": [
          130.0319079,
          32.9212001
        ]
      },
      "properties": {
        "内容": "バス停: 平地蒔",
        "name": "平地蒔",
        "operator": "事業者不明",
        "ref": "",
        "url": "",
        "url2": ""
      }
    },
    {
      "type": "Feature",
      "geometry": {
        "type": "Point",
        "coordinates": [
          130.0320768,
          32.9212564
        ]
      },
      "properties": {
        "内容": "バス停: 平地蒔",
        "name": "平地蒔",
        "operator": "事業者不明",
        "ref": "",
        "url": "",
        "url2": ""
      }
    },
    {
      "type": "Feature",
      "geometry": {
        "type": "Point",
        "coordinates": [
          130.0424758,
          32.9185906
        ]
      },
      "properties": {
        "内容": "バス停: 棚掛",
        "name": "棚掛",
        "operator": "事業者不明",
        "ref": "",
        "url": "",
        "url2": ""
      }
    },
    {
      "type": "Feature",
      "geometry": {
        "type": "Point",
        "coordinates": [
          130.0335628,
          32.9269908
        ]
      },
      "properties": {
        "内容": "バス停: 富川",
        "name": "富川",
        "operator": "事業者不明",
        "ref": "",
        "url": "",
        "url2": ""
      }
    },
    {
      "type": "Feature",
      "geometry": {
        "type": "Point",
        "coordinates": [
          130.0337452,
          32.9269165
        ]
      },
      "properties": {
        "内容": "バス停: 富川",
        "name": "富川",
        "operator": "事業者不明",
        "ref": "",
        "url": "",
        "url2": ""
      }
    },
    {
      "type": "Feature",
      "geometry": {
        "type": "Point",
        "coordinates": [
          130.0569235,
          32.8511666
        ]
      },
      "properties": {
        "内容": "バス停: 福田神社前",
        "name": "福田神社前",
        "operator": "事業者不明",
        "ref": "",
        "url": "",
        "url2": ""
      }
    },
    {
      "type": "Feature",
      "geometry": {
        "type": "Point",
        "coordinates": [
          130.0571434,
          32.8513052
        ]
      },
      "properties": {
        "内容": "バス停: 福田神社前",
        "name": "福田神社前",
        "operator": "事業者不明",
        "ref": "",
        "url": "",
        "url2": ""
      }
    },
    {
      "type": "Feature",
      "geometry": {
        "type": "Point",
        "coordinates": [
          130.0593334,
          32.8527225
        ]
      },
      "properties": {
        "内容": "バス停: 中山入口",
        "name": "中山入口",
        "operator": "事業者不明",
        "ref": "",
        "url": "",
        "url2": ""
      }
    },
    {
      "type": "Feature",
      "geometry": {
        "type": "Point",
        "coordinates": [
          130.0594461,
          32.8527822
        ]
      },
      "properties": {
        "内容": "バス停: 中山入口",
        "name": "中山入口",
        "operator": "事業者不明",
        "ref": "",
        "url": "",
        "url2": ""
      }
    },
    {
      "type": "Feature",
      "geometry": {
        "type": "Point",
        "coordinates": [
          130.0597894,
          32.8547177
        ]
      },
      "properties": {
        "内容": "バス停: 中山",
        "name": "中山",
        "operator": "事業者不明",
        "ref": "",
        "url": "",
        "url2": ""
      }
    },
    {
      "type": "Feature",
      "geometry": {
        "type": "Point",
        "coordinates": [
          130.0596593,
          32.8548022
        ]
      },
      "properties": {
        "内容": "バス停: 中山",
        "name": "中山",
        "operator": "事業者不明",
        "ref": "",
        "url": "",
        "url2": ""
      }
    },
    {
      "type": "Feature",
      "geometry": {
        "type": "Point",
        "coordinates": [
          130.0591403,
          32.8591992
        ]
      },
      "properties": {
        "内容": "バス停: 上中山",
        "name": "上中山",
        "operator": "事業者不明",
        "ref": "",
        "url": "",
        "url2": ""
      }
    },
    {
      "type": "Feature",
      "geometry": {
        "type": "Point",
        "coordinates": [
          130.0592449,
          32.85926
        ]
      },
      "properties": {
        "内容": "バス停: 上中山",
        "name": "上中山",
        "operator": "事業者不明",
        "ref": "",
        "url": "",
        "url2": ""
      }
    },
    {
      "type": "Feature",
      "geometry": {
        "type": "Point",
        "coordinates": [
          130.0596218,
          32.8682764
        ]
      },
      "properties": {
        "内容": "バス停: 環境センター前",
        "name": "環境センター前",
        "operator": "事業者不明",
        "ref": "",
        "url": "",
        "url2": ""
      }
    },
    {
      "type": "Feature",
      "geometry": {
        "type": "Point",
        "coordinates": [
          130.059709,
          32.8683316
        ]
      },
      "properties": {
        "内容": "バス停: 環境センター前",
        "name": "環境センター前",
        "operator": "事業者不明",
        "ref": "",
        "url": "",
        "url2": ""
      }
    },
    {
      "type": "Feature",
      "geometry": {
        "type": "Point",
        "coordinates": [
          130.0577161,
          32.8766295
        ]
      },
      "properties": {
        "内容": "バス停: 菅牟田入口",
        "name": "菅牟田入口",
        "operator": "事業者不明",
        "ref": "",
        "url": "",
        "url2": ""
      }
    },
    {
      "type": "Feature",
      "geometry": {
        "type": "Point",
        "coordinates": [
          130.0576088,
          32.8765732
        ]
      },
      "properties": {
        "内容": "バス停: 菅牟田入口",
        "name": "菅牟田入口",
        "operator": "事業者不明",
        "ref": "",
        "url": "",
        "url2": ""
      }
    },
    {
      "type": "Feature",
      "geometry": {
        "type": "Point",
        "coordinates": [
          130.058376,
          32.8799339
        ]
      },
      "properties": {
        "内容": "バス停: 菅牟田",
        "name": "菅牟田",
        "operator": "事業者不明",
        "ref": "",
        "url": "",
        "url2": ""
      }
    },
    {
      "type": "Feature",
      "geometry": {
        "type": "Point",
        "coordinates": [
          130.0584497,
          32.8800962
        ]
      },
      "properties": {
        "内容": "バス停: 菅牟田",
        "name": "菅牟田",
        "operator": "事業者不明",
        "ref": "",
        "url": "",
        "url2": ""
      }
    },
    {
      "type": "Feature",
      "geometry": {
        "type": "Point",
        "coordinates": [
          130.0594683,
          32.8840481
        ]
      },
      "properties": {
        "内容": "バス停: 八幡神社前",
        "name": "八幡神社前",
        "operator": "事業者不明",
        "ref": "",
        "url": "",
        "url2": ""
      }
    },
    {
      "type": "Feature",
      "geometry": {
        "type": "Point",
        "coordinates": [
          130.0625843,
          32.8793101
        ]
      },
      "properties": {
        "内容": "バス停: 古場関",
        "name": "古場関",
        "operator": "事業者不明",
        "ref": "",
        "url": "",
        "url2": ""
      }
    },
    {
      "type": "Feature",
      "geometry": {
        "type": "Point",
        "coordinates": [
          130.0627801,
          32.8794182
        ]
      },
      "properties": {
        "内容": "バス停: 古場関",
        "name": "古場関",
        "operator": "事業者不明",
        "ref": "",
        "url": "",
        "url2": ""
      }
    },
    {
      "type": "Feature",
      "geometry": {
        "type": "Point",
        "coordinates": [
          130.0626835,
          32.8825064
        ]
      },
      "properties": {
        "内容": "バス停: 立石",
        "name": "立石",
        "operator": "事業者不明",
        "ref": "",
        "url": "",
        "url2": ""
      }
    },
    {
      "type": "Feature",
      "geometry": {
        "type": "Point",
        "coordinates": [
          130.0627291,
          32.8823431
        ]
      },
      "properties": {
        "内容": "バス停: 立石",
        "name": "立石",
        "operator": "事業者不明",
        "ref": "",
        "url": "",
        "url2": ""
      }
    },
    {
      "type": "Feature",
      "geometry": {
        "type": "Point",
        "coordinates": [
          130.064539,
          32.8893627
        ]
      },
      "properties": {
        "内容": "バス停: 御手水",
        "name": "御手水",
        "operator": "事業者不明",
        "ref": "",
        "url": "",
        "url2": ""
      }
    },
    {
      "type": "Feature",
      "geometry": {
        "type": "Point",
        "coordinates": [
          130.0644082,
          32.8895114
        ]
      },
      "properties": {
        "内容": "バス停: 御手水",
        "name": "御手水",
        "operator": "事業者不明",
        "ref": "",
        "url": "",
        "url2": ""
      }
    },
    {
      "type": "Feature",
      "geometry": {
        "type": "Point",
        "coordinates": [
          129.9988845,
          32.7942554
        ]
      },
      "properties": {
        "内容": "バス停: 志賀神社前",
        "name": "志賀神社前",
        "operator": "事業者不明",
        "ref": "",
        "url": "",
        "url2": ""
      }
    },
    {
      "type": "Feature",
      "geometry": {
        "type": "Point",
        "coordinates": [
          129.998619,
          32.794163
        ]
      },
      "properties": {
        "内容": "バス停: 志賀神社前",
        "name": "志賀神社前",
        "operator": "事業者不明",
        "ref": "",
        "url": "",
        "url2": ""
      }
    },
    {
      "type": "Feature",
      "geometry": {
        "type": "Point",
        "coordinates": [
          129.9994504,
          32.8058529
        ]
      },
      "properties": {
        "内容": "バス停: 花ノ木",
        "name": "花ノ木",
        "operator": "事業者不明",
        "ref": "",
        "url": "",
        "url2": ""
      }
    },
    {
      "type": "Feature",
      "geometry": {
        "type": "Point",
        "coordinates": [
          129.9970753,
          32.8195464
        ]
      },
      "properties": {
        "内容": "バス停: 旧茶屋",
        "name": "旧茶屋",
        "operator": "事業者不明",
        "ref": "",
        "url": "",
        "url2": ""
      }
    },
    {
      "type": "Feature",
      "geometry": {
        "type": "Point",
        "coordinates": [
          129.997015,
          32.8192894
        ]
      },
      "properties": {
        "内容": "バス停: 旧茶屋",
        "name": "旧茶屋",
        "operator": "事業者不明",
        "ref": "",
        "url": "",
        "url2": ""
      }
    },
    {
      "type": "Feature",
      "geometry": {
        "type": "Point",
        "coordinates": [
          129.997758,
          32.8229421
        ]
      },
      "properties": {
        "内容": "バス停: 茶屋入口",
        "name": "茶屋入口",
        "operator": "事業者不明",
        "ref": "",
        "url": "",
        "url2": ""
      }
    },
    {
      "type": "Feature",
      "geometry": {
        "type": "Point",
        "coordinates": [
          130.0008076,
          32.8227821
        ]
      },
      "properties": {
        "内容": "バス停: 津久葉町",
        "name": "津久葉町",
        "operator": "事業者不明",
        "ref": "",
        "url": "",
        "url2": ""
      }
    },
    {
      "type": "Feature",
      "geometry": {
        "type": "Point",
        "coordinates": [
          130.1240364,
          32.8340649
        ]
      },
      "properties": {
        "内容": "バス停: 三つ橋",
        "name": "三つ橋",
        "operator": "事業者不明",
        "ref": "",
        "url": "",
        "url2": ""
      }
    },
    {
      "type": "Feature",
      "geometry": {
        "type": "Point",
        "coordinates": [
          130.123278,
          32.8341161
        ]
      },
      "properties": {
        "内容": "バス停: 三つ橋",
        "name": "三つ橋",
        "operator": "事業者不明",
        "ref": "",
        "url": "",
        "url2": ""
      }
    },
    {
      "type": "Feature",
      "geometry": {
        "type": "Point",
        "coordinates": [
          130.1289931,
          32.8343173
        ]
      },
      "properties": {
        "内容": "バス停: 森山支所前",
        "name": "森山支所前",
        "operator": "事業者不明",
        "ref": "",
        "url": "",
        "url2": ""
      }
    },
    {
      "type": "Feature",
      "geometry": {
        "type": "Point",
        "coordinates": [
          130.1276547,
          32.8342407
        ]
      },
      "properties": {
        "内容": "バス停: 森山支所前",
        "name": "森山支所前",
        "operator": "事業者不明",
        "ref": "",
        "url": "",
        "url2": ""
      }
    },
    {
      "type": "Feature",
      "geometry": {
        "type": "Point",
        "coordinates": [
          130.1343682,
          32.8338034
        ]
      },
      "properties": {
        "内容": "バス停: 釜ノ鼻",
        "name": "釜ノ鼻",
        "operator": "事業者不明",
        "ref": "",
        "url": "",
        "url2": ""
      }
    },
    {
      "type": "Feature",
      "geometry": {
        "type": "Point",
        "coordinates": [
          130.1349664,
          32.8337155
        ]
      },
      "properties": {
        "内容": "バス停: 釜ノ鼻",
        "name": "釜ノ鼻",
        "operator": "事業者不明",
        "ref": "",
        "url": "",
        "url2": ""
      }
    },
    {
      "type": "Feature",
      "geometry": {
        "type": "Point",
        "coordinates": [
          130.139223,
          32.8307857
        ]
      },
      "properties": {
        "内容": "バス停: 田尻",
        "name": "田尻",
        "operator": "事業者不明",
        "ref": "",
        "url": "",
        "url2": ""
      }
    },
    {
      "type": "Feature",
      "geometry": {
        "type": "Point",
        "coordinates": [
          130.140084,
          32.8303665
        ]
      },
      "properties": {
        "内容": "バス停: 田尻",
        "name": "田尻",
        "operator": "事業者不明",
        "ref": "",
        "url": "",
        "url2": ""
      }
    },
    {
      "type": "Feature",
      "geometry": {
        "type": "Point",
        "coordinates": [
          130.1478437,
          32.8250901
        ]
      },
      "properties": {
        "内容": "バス停: 諫早東高前",
        "name": "諫早東高前",
        "operator": "事業者不明",
        "ref": "",
        "url": "",
        "url2": ""
      }
    },
    {
      "type": "Feature",
      "geometry": {
        "type": "Point",
        "coordinates": [
          130.1479751,
          32.8243013
        ]
      },
      "properties": {
        "内容": "バス停: 諫早東高前",
        "name": "諫早東高前",
        "operator": "事業者不明",
        "ref": "",
        "url": "",
        "url2": ""
      }
    },
    {
      "type": "Feature",
      "geometry": {
        "type": "Point",
        "coordinates": [
          130.1516283,
          32.8162678
        ]
      },
      "properties": {
        "内容": "バス停: 愛野保健福祉センター",
        "name": "愛野保健福祉センター",
        "operator": "事業者不明",
        "ref": "",
        "url": "",
        "url2": ""
      }
    },
    {
      "type": "Feature",
      "geometry": {
        "type": "Point",
        "coordinates": [
          130.1512715,
          32.8155848
        ]
      },
      "properties": {
        "内容": "バス停: 愛野保健福祉センター",
        "name": "愛野保健福祉センター",
        "operator": "事業者不明",
        "ref": "",
        "url": "",
        "url2": ""
      }
    },
    {
      "type": "Feature",
      "geometry": {
        "type": "Point",
        "coordinates": [
          130.1472831,
          32.8094205
        ]
      },
      "properties": {
        "内容": "バス停: 幸町",
        "name": "幸町",
        "operator": "事業者不明",
        "ref": "",
        "url": "",
        "url2": ""
      }
    },
    {
      "type": "Feature",
      "geometry": {
        "type": "Point",
        "coordinates": [
          130.1471101,
          32.8094554
        ]
      },
      "properties": {
        "内容": "バス停: 幸町",
        "name": "幸町",
        "operator": "事業者不明",
        "ref": "",
        "url": "",
        "url2": ""
      }
    },
    {
      "type": "Feature",
      "geometry": {
        "type": "Point",
        "coordinates": [
          130.1402503,
          32.7967187
        ]
      },
      "properties": {
        "内容": "バス停: 唐比車庫入口",
        "name": "唐比車庫入口",
        "operator": "事業者不明",
        "ref": "",
        "url": "",
        "url2": ""
      }
    },
    {
      "type": "Feature",
      "geometry": {
        "type": "Point",
        "coordinates": [
          130.1402235,
          32.7966003
        ]
      },
      "properties": {
        "内容": "バス停: 唐比車庫入口",
        "name": "唐比車庫入口",
        "operator": "事業者不明",
        "ref": "",
        "url": "",
        "url2": ""
      }
    },
    {
      "type": "Feature",
      "geometry": {
        "type": "Point",
        "coordinates": [
          130.1356128,
          32.7965935
        ]
      },
      "properties": {
        "内容": "バス停: 水晶観音前",
        "name": "水晶観音前",
        "operator": "事業者不明",
        "ref": "",
        "url": "",
        "url2": ""
      }
    },
    {
      "type": "Feature",
      "geometry": {
        "type": "Point",
        "coordinates": [
          130.1349744,
          32.7966724
        ]
      },
      "properties": {
        "内容": "バス停: 水晶観音前",
        "name": "水晶観音前",
        "operator": "事業者不明",
        "ref": "",
        "url": "",
        "url2": ""
      }
    },
    {
      "type": "Feature",
      "geometry": {
        "type": "Point",
        "coordinates": [
          130.132134,
          32.799998
        ]
      },
      "properties": {
        "内容": "バス停: 唐比",
        "name": "唐比",
        "operator": "事業者不明",
        "ref": "",
        "url": "",
        "url2": ""
      }
    },
    {
      "type": "Feature",
      "geometry": {
        "type": "Point",
        "coordinates": [
          130.1323512,
          32.7999755
        ]
      },
      "properties": {
        "内容": "バス停: 唐比",
        "name": "唐比",
        "operator": "事業者不明",
        "ref": "",
        "url": "",
        "url2": ""
      }
    },
    {
      "type": "Feature",
      "geometry": {
        "type": "Point",
        "coordinates": [
          130.1326033,
          32.801955
        ]
      },
      "properties": {
        "内容": "バス停: 唐比",
        "name": "唐比",
        "operator": "事業者不明",
        "ref": "",
        "url": "",
        "url2": ""
      }
    },
    {
      "type": "Feature",
      "geometry": {
        "type": "Point",
        "coordinates": [
          130.134725,
          32.8054021
        ]
      },
      "properties": {
        "内容": "バス停: 小原",
        "name": "小原",
        "operator": "事業者不明",
        "ref": "",
        "url": "",
        "url2": ""
      }
    },
    {
      "type": "Feature",
      "geometry": {
        "type": "Point",
        "coordinates": [
          130.1347411,
          32.8056951
        ]
      },
      "properties": {
        "内容": "バス停: 小原",
        "name": "小原",
        "operator": "事業者不明",
        "ref": "",
        "url": "",
        "url2": ""
      }
    },
    {
      "type": "Feature",
      "geometry": {
        "type": "Point",
        "coordinates": [
          130.1384774,
          32.8094893
        ]
      },
      "properties": {
        "内容": "バス停: 三軒茶屋",
        "name": "三軒茶屋",
        "operator": "事業者不明",
        "ref": "",
        "url": "",
        "url2": ""
      }
    },
    {
      "type": "Feature",
      "geometry": {
        "type": "Point",
        "coordinates": [
          130.1381716,
          32.809567
        ]
      },
      "properties": {
        "内容": "バス停: 三軒茶屋",
        "name": "三軒茶屋",
        "operator": "事業者不明",
        "ref": "",
        "url": "",
        "url2": ""
      }
    },
    {
      "type": "Feature",
      "geometry": {
        "type": "Point",
        "coordinates": [
          130.1369821,
          32.8097079
        ]
      },
      "properties": {
        "内容": "バス停: 森山東小前",
        "name": "森山東小前",
        "operator": "事業者不明",
        "ref": "",
        "url": "",
        "url2": ""
      }
    },
    {
      "type": "Feature",
      "geometry": {
        "type": "Point",
        "coordinates": [
          130.1368667,
          32.8096876
        ]
      },
      "properties": {
        "内容": "バス停: 森山東小前",
        "name": "森山東小前",
        "operator": "事業者不明",
        "ref": "",
        "url": "",
        "url2": ""
      }
    },
    {
      "type": "Feature",
      "geometry": {
        "type": "Point",
        "coordinates": [
          130.133235,
          32.810719
        ]
      },
      "properties": {
        "内容": "バス停: 杉谷中組",
        "name": "杉谷中組",
        "operator": "事業者不明",
        "ref": "",
        "url": "",
        "url2": ""
      }
    },
    {
      "type": "Feature",
      "geometry": {
        "type": "Point",
        "coordinates": [
          130.1334201,
          32.8107754
        ]
      },
      "properties": {
        "内容": "バス停: 杉谷中組",
        "name": "杉谷中組",
        "operator": "事業者不明",
        "ref": "",
        "url": "",
        "url2": ""
      }
    },
    {
      "type": "Feature",
      "geometry": {
        "type": "Point",
        "coordinates": [
          130.1284701,
          32.8130048
        ]
      },
      "properties": {
        "内容": "バス停: 杉谷古場",
        "name": "杉谷古場",
        "operator": "事業者不明",
        "ref": "",
        "url": "",
        "url2": ""
      }
    },
    {
      "type": "Feature",
      "geometry": {
        "type": "Point",
        "coordinates": [
          130.1286538,
          32.8129406
        ]
      },
      "properties": {
        "内容": "バス停: 杉谷古場",
        "name": "杉谷古場",
        "operator": "事業者不明",
        "ref": "",
        "url": "",
        "url2": ""
      }
    },
    {
      "type": "Feature",
      "geometry": {
        "type": "Point",
        "coordinates": [
          130.1205522,
          32.8213395
        ]
      },
      "properties": {
        "内容": "バス停: 慶師野",
        "name": "慶師野",
        "operator": "事業者不明",
        "ref": "",
        "url": "",
        "url2": ""
      }
    },
    {
      "type": "Feature",
      "geometry": {
        "type": "Point",
        "coordinates": [
          130.1201767,
          32.8214252
        ]
      },
      "properties": {
        "内容": "バス停: 慶師野",
        "name": "慶師野",
        "operator": "事業者不明",
        "ref": "",
        "url": "",
        "url2": ""
      }
    },
    {
      "type": "Feature",
      "geometry": {
        "type": "Point",
        "coordinates": [
          130.1168293,
          32.8256807
        ]
      },
      "properties": {
        "内容": "バス停: 森山図書館前",
        "name": "森山図書館前",
        "operator": "事業者不明",
        "ref": "",
        "url": "",
        "url2": ""
      }
    },
    {
      "type": "Feature",
      "geometry": {
        "type": "Point",
        "coordinates": [
          130.1171324,
          32.8252434
        ]
      },
      "properties": {
        "内容": "バス停: 森山図書館前",
        "name": "森山図書館前",
        "operator": "事業者不明",
        "ref": "",
        "url": "",
        "url2": ""
      }
    },
    {
      "type": "Feature",
      "geometry": {
        "type": "Point",
        "coordinates": [
          130.1100942,
          32.7983476
        ]
      },
      "properties": {
        "内容": "バス停: 椿川",
        "name": "椿川",
        "operator": "事業者不明",
        "ref": "",
        "url": "",
        "url2": ""
      }
    },
    {
      "type": "Feature",
      "geometry": {
        "type": "Point",
        "coordinates": [
          130.1102575,
          32.7982194
        ]
      },
      "properties": {
        "内容": "バス停: 椿川",
        "name": "椿川",
        "operator": "事業者不明",
        "ref": "",
        "url": "",
        "url2": ""
      }
    },
    {
      "type": "Feature",
      "geometry": {
        "type": "Point",
        "coordinates": [
          130.1058862,
          32.7988114
        ]
      },
      "properties": {
        "内容": "バス停: 横山",
        "name": "横山",
        "operator": "事業者不明",
        "ref": "",
        "url": "",
        "url2": ""
      }
    },
    {
      "type": "Feature",
      "geometry": {
        "type": "Point",
        "coordinates": [
          130.1060412,
          32.7985347
        ]
      },
      "properties": {
        "内容": "バス停: 横山",
        "name": "横山",
        "operator": "事業者不明",
        "ref": "",
        "url": "",
        "url2": ""
      }
    },
    {
      "type": "Feature",
      "geometry": {
        "type": "Point",
        "coordinates": [
          130.1060978,
          32.8063579
        ]
      },
      "properties": {
        "内容": "バス停: 西の角",
        "name": "西の角",
        "operator": "事業者不明",
        "ref": "",
        "url": "",
        "url2": ""
      }
    },
    {
      "type": "Feature",
      "geometry": {
        "type": "Point",
        "coordinates": [
          130.106248,
          32.8060897
        ]
      },
      "properties": {
        "内容": "バス停: 西の角",
        "name": "西の角",
        "operator": "事業者不明",
        "ref": "",
        "url": "",
        "url2": ""
      }
    },
    {
      "type": "Feature",
      "geometry": {
        "type": "Point",
        "coordinates": [
          130.1088095,
          32.8096065
        ]
      },
      "properties": {
        "内容": "バス停: 玉の橋",
        "name": "玉の橋",
        "operator": "事業者不明",
        "ref": "",
        "url": "",
        "url2": ""
      }
    },
    {
      "type": "Feature",
      "geometry": {
        "type": "Point",
        "coordinates": [
          130.1086271,
          32.8097913
        ]
      },
      "properties": {
        "内容": "バス停: 玉の橋",
        "name": "玉の橋",
        "operator": "事業者不明",
        "ref": "",
        "url": "",
        "url2": ""
      }
    },
    {
      "type": "Feature",
      "geometry": {
        "type": "Point",
        "coordinates": [
          130.1119705,
          32.8207613
        ]
      },
      "properties": {
        "内容": "バス停: 井手口",
        "name": "井手口",
        "operator": "事業者不明",
        "ref": "",
        "url": "",
        "url2": ""
      }
    },
    {
      "type": "Feature",
      "geometry": {
        "type": "Point",
        "coordinates": [
          130.1121649,
          32.8208571
        ]
      },
      "properties": {
        "内容": "バス停: 井手口",
        "name": "井手口",
        "operator": "事業者不明",
        "ref": "",
        "url": "",
        "url2": ""
      }
    },
    {
      "type": "Feature",
      "geometry": {
        "type": "Point",
        "coordinates": [
          130.1131225,
          32.8239339
        ]
      },
      "properties": {
        "内容": "バス停: 仁反田",
        "name": "仁反田",
        "operator": "事業者不明",
        "ref": "",
        "url": "",
        "url2": ""
      }
    },
    {
      "type": "Feature",
      "geometry": {
        "type": "Point",
        "coordinates": [
          130.1133665,
          32.8236093
        ]
      },
      "properties": {
        "内容": "バス停: 仁反田",
        "name": "仁反田",
        "operator": "事業者不明",
        "ref": "",
        "url": "",
        "url2": ""
      }
    },
    {
      "type": "Feature",
      "geometry": {
        "type": "Point",
        "coordinates": [
          130.1130983,
          32.8260233
        ]
      },
      "properties": {
        "内容": "バス停: 峰",
        "name": "峰",
        "operator": "事業者不明",
        "ref": "",
        "url": "",
        "url2": ""
      }
    },
    {
      "type": "Feature",
      "geometry": {
        "type": "Point",
        "coordinates": [
          130.1129776,
          32.8261247
        ]
      },
      "properties": {
        "内容": "バス停: 峰",
        "name": "峰",
        "operator": "事業者不明",
        "ref": "",
        "url": "",
        "url2": ""
      }
    },
    {
      "type": "Feature",
      "geometry": {
        "type": "Point",
        "coordinates": [
          130.1111323,
          32.8299946
        ]
      },
      "properties": {
        "内容": "バス停: 原",
        "name": "原",
        "operator": "事業者不明",
        "ref": "",
        "url": "",
        "url2": ""
      }
    },
    {
      "type": "Feature",
      "geometry": {
        "type": "Point",
        "coordinates": [
          130.1111859,
          32.830114
        ]
      },
      "properties": {
        "内容": "バス停: 原",
        "name": "原",
        "operator": "事業者不明",
        "ref": "",
        "url": "",
        "url2": ""
      }
    },
    {
      "type": "Feature",
      "geometry": {
        "type": "Point",
        "coordinates": [
          130.11121,
          32.8336029
        ]
      },
      "properties": {
        "内容": "バス停: 森山入口",
        "name": "森山入口",
        "operator": "事業者不明",
        "ref": "",
        "url": "",
        "url2": ""
      }
    },
    {
      "type": "Feature",
      "geometry": {
        "type": "Point",
        "coordinates": [
          130.1112127,
          32.8334699
        ]
      },
      "properties": {
        "内容": "バス停: 森山入口",
        "name": "森山入口",
        "operator": "事業者不明",
        "ref": "",
        "url": "",
        "url2": ""
      }
    },
    {
      "type": "Feature",
      "geometry": {
        "type": "Point",
        "coordinates": [
          130.0916111,
          32.8164121
        ]
      },
      "properties": {
        "内容": "バス停: 梅の木",
        "name": "梅の木",
        "operator": "事業者不明",
        "ref": "",
        "url": "",
        "url2": ""
      }
    },
    {
      "type": "Feature",
      "geometry": {
        "type": "Point",
        "coordinates": [
          130.091866,
          32.8160762
        ]
      },
      "properties": {
        "内容": "バス停: 梅の木",
        "name": "梅の木",
        "operator": "事業者不明",
        "ref": "",
        "url": "",
        "url2": ""
      }
    },
    {
      "type": "Feature",
      "geometry": {
        "type": "Point",
        "coordinates": [
          130.0882772,
          32.8220788
        ]
      },
      "properties": {
        "内容": "バス停: 水の手",
        "name": "水の手",
        "operator": "事業者不明",
        "ref": "",
        "url": "",
        "url2": ""
      }
    },
    {
      "type": "Feature",
      "geometry": {
        "type": "Point",
        "coordinates": [
          130.0885186,
          32.8220135
        ]
      },
      "properties": {
        "内容": "バス停: 水の手",
        "name": "水の手",
        "operator": "事業者不明",
        "ref": "",
        "url": "",
        "url2": ""
      }
    },
    {
      "type": "Feature",
      "geometry": {
        "type": "Point",
        "coordinates": [
          130.0857049,
          32.8242562
        ]
      },
      "properties": {
        "内容": "バス停: 畑ケ田",
        "name": "畑ケ田",
        "operator": "事業者不明",
        "ref": "",
        "url": "",
        "url2": ""
      }
    },
    {
      "type": "Feature",
      "geometry": {
        "type": "Point",
        "coordinates": [
          130.0856405,
          32.8240871
        ]
      },
      "properties": {
        "内容": "バス停: 畑ケ田",
        "name": "畑ケ田",
        "operator": "事業者不明",
        "ref": "",
        "url": "",
        "url2": ""
      }
    },
    {
      "type": "Feature",
      "geometry": {
        "type": "Point",
        "coordinates": [
          130.0848506,
          32.8274297
        ]
      },
      "properties": {
        "内容": "バス停: 平",
        "name": "平",
        "operator": "事業者不明",
        "ref": "",
        "url": "",
        "url2": ""
      }
    },
    {
      "type": "Feature",
      "geometry": {
        "type": "Point",
        "coordinates": [
          130.0849941,
          32.8271051
        ]
      },
      "properties": {
        "内容": "バス停: 平",
        "name": "平",
        "operator": "事業者不明",
        "ref": "",
        "url": "",
        "url2": ""
      }
    },
    {
      "type": "Feature",
      "geometry": {
        "type": "Point",
        "coordinates": [
          130.0491303,
          32.8391491
        ]
      },
      "properties": {
        "内容": "バス停: 上山小学校前",
        "name": "上山小学校前",
        "operator": "事業者不明",
        "ref": "",
        "url": "",
        "url2": ""
      }
    },
    {
      "type": "Feature",
      "geometry": {
        "type": "Point",
        "coordinates": [
          130.0493208,
          32.8390252
        ]
      },
      "properties": {
        "内容": "バス停: 上山小学校前",
        "name": "上山小学校前",
        "operator": "事業者不明",
        "ref": "",
        "url": "",
        "url2": ""
      }
    },
    {
      "type": "Feature",
      "geometry": {
        "type": "Point",
        "coordinates": [
          130.0503212,
          32.8433857
        ]
      },
      "properties": {
        "内容": "バス停: 体育館前",
        "name": "体育館前",
        "operator": "事業者不明",
        "ref": "",
        "url": "",
        "url2": ""
      }
    },
    {
      "type": "Feature",
      "geometry": {
        "type": "Point",
        "coordinates": [
          130.0500396,
          32.8433429
        ]
      },
      "properties": {
        "内容": "バス停: 体育館前",
        "name": "体育館前",
        "operator": "事業者不明",
        "ref": "",
        "url": "",
        "url2": ""
      }
    },
    {
      "type": "Feature",
      "geometry": {
        "type": "Point",
        "coordinates": [
          130.0848104,
          32.8326439
        ]
      },
      "properties": {
        "内容": "バス停: 小野",
        "name": "小野",
        "operator": "事業者不明",
        "ref": "",
        "url": "",
        "url2": ""
      }
    },
    {
      "type": "Feature",
      "geometry": {
        "type": "Point",
        "coordinates": [
          130.0945696,
          32.8102219
        ]
      },
      "properties": {
        "内容": "バス停: 柳原",
        "name": "柳原",
        "operator": "事業者不明",
        "ref": "",
        "url": "",
        "url2": ""
      }
    },
    {
      "type": "Feature",
      "geometry": {
        "type": "Point",
        "coordinates": [
          130.0945589,
          32.8104
        ]
      },
      "properties": {
        "内容": "バス停: 柳原",
        "name": "柳原",
        "operator": "事業者不明",
        "ref": "",
        "url": "",
        "url2": ""
      }
    },
    {
      "type": "Feature",
      "geometry": {
        "type": "Point",
        "coordinates": [
          130.0752108,
          32.8329718
        ]
      },
      "properties": {
        "内容": "バス停: 大手橋",
        "name": "大手橋",
        "operator": "事業者不明",
        "ref": "",
        "url": "",
        "url2": ""
      }
    },
    {
      "type": "Feature",
      "geometry": {
        "type": "Point",
        "coordinates": [
          130.074956,
          32.8331442
        ]
      },
      "properties": {
        "内容": "バス停: 大手橋",
        "name": "大手橋",
        "operator": "事業者不明",
        "ref": "",
        "url": "",
        "url2": ""
      }
    },
    {
      "type": "Feature",
      "geometry": {
        "type": "Point",
        "coordinates": [
          130.1491848,
          32.8089933
        ]
      },
      "properties": {
        "内容": "バス停: 愛津",
        "name": "愛津",
        "operator": "事業者不明",
        "ref": "",
        "url": "",
        "url2": ""
      }
    },
    {
      "type": "Feature",
      "geometry": {
        "type": "Point",
        "coordinates": [
          130.1494101,
          32.8092819
        ]
      },
      "properties": {
        "内容": "バス停: 愛津",
        "name": "愛津",
        "operator": "事業者不明",
        "ref": "",
        "url": "",
        "url2": ""
      }
    },
    {
      "type": "Feature",
      "geometry": {
        "type": "Point",
        "coordinates": [
          130.1135972,
          32.7993803
        ]
      },
      "properties": {
        "内容": "バス停: 川口",
        "name": "川口",
        "operator": "事業者不明",
        "ref": "",
        "url": "",
        "url2": ""
      }
    },
    {
      "type": "Feature",
      "geometry": {
        "type": "Point",
        "coordinates": [
          130.1137689,
          32.7993149
        ]
      },
      "properties": {
        "内容": "バス停: 川口",
        "name": "川口",
        "operator": "事業者不明",
        "ref": "",
        "url": "",
        "url2": ""
      }
    },
    {
      "type": "Feature",
      "geometry": {
        "type": "Point",
        "coordinates": [
          130.1369351,
          32.7918045
        ]
      },
      "properties": {
        "内容": "バス停: 唐比車庫",
        "name": "唐比車庫",
        "operator": "事業者不明",
        "ref": "",
        "url": "",
        "url2": ""
      }
    },
    {
      "type": "Feature",
      "geometry": {
        "type": "Point",
        "coordinates": [
          130.1368117,
          32.7918271
        ]
      },
      "properties": {
        "内容": "バス停: 唐比車庫",
        "name": "唐比車庫",
        "operator": "事業者不明",
        "ref": "",
        "url": "",
        "url2": ""
      }
    },
    {
      "type": "Feature",
      "geometry": {
        "type": "Point",
        "coordinates": [
          130.0622302,
          32.8287054
        ]
      },
      "properties": {
        "内容": "バス停: ひばりが丘",
        "name": "ひばりが丘",
        "operator": "事業者不明",
        "ref": "",
        "url": "",
        "url2": ""
      }
    },
    {
      "type": "Feature",
      "geometry": {
        "type": "Point",
        "coordinates": [
          130.0620022,
          32.8286986
        ]
      },
      "properties": {
        "内容": "バス停: ひばりが丘",
        "name": "ひばりが丘",
        "operator": "事業者不明",
        "ref": "",
        "url": "",
        "url2": ""
      }
    },
    {
      "type": "Feature",
      "geometry": {
        "type": "Point",
        "coordinates": [
          130.0632736,
          32.8263839
        ]
      },
      "properties": {
        "内容": "バス停: 美南の丘",
        "name": "美南の丘",
        "operator": "事業者不明",
        "ref": "",
        "url": "",
        "url2": ""
      }
    },
    {
      "type": "Feature",
      "geometry": {
        "type": "Point",
        "coordinates": [
          130.0636035,
          32.8257663
        ]
      },
      "properties": {
        "内容": "バス停: 美南の丘",
        "name": "美南の丘",
        "operator": "事業者不明",
        "ref": "",
        "url": "",
        "url2": ""
      }
    },
    {
      "type": "Feature",
      "geometry": {
        "type": "Point",
        "coordinates": [
          130.0665647,
          32.8199848
        ]
      },
      "properties": {
        "内容": "バス停: 夫婦木入口",
        "name": "夫婦木入口",
        "operator": "事業者不明",
        "ref": "",
        "url": "",
        "url2": ""
      }
    },
    {
      "type": "Feature",
      "geometry": {
        "type": "Point",
        "coordinates": [
          130.0664574,
          32.819809
        ]
      },
      "properties": {
        "内容": "バス停: 夫婦木入口",
        "name": "夫婦木入口",
        "operator": "事業者不明",
        "ref": "",
        "url": "",
        "url2": ""
      }
    },
    {
      "type": "Feature",
      "geometry": {
        "type": "Point",
        "coordinates": [
          130.0636062,
          32.8220315
        ]
      },
      "properties": {
        "内容": "バス停: 刑務所前",
        "name": "刑務所前",
        "operator": "事業者不明",
        "ref": "",
        "url": "",
        "url2": ""
      }
    },
    {
      "type": "Feature",
      "geometry": {
        "type": "Point",
        "coordinates": [
          130.0634265,
          32.8228001
        ]
      },
      "properties": {
        "内容": "バス停: 刑務所前",
        "name": "刑務所前",
        "operator": "事業者不明",
        "ref": "",
        "url": "",
        "url2": ""
      }
    },
    {
      "type": "Feature",
      "geometry": {
        "type": "Point",
        "coordinates": [
          130.0610366,
          32.8305738
        ]
      },
      "properties": {
        "内容": "バス停: 小栗小学校上",
        "name": "小栗小学校上",
        "operator": "事業者不明",
        "ref": "",
        "url": "",
        "url2": ""
      }
    },
    {
      "type": "Feature",
      "geometry": {
        "type": "Point",
        "coordinates": [
          130.0609481,
          32.8303034
        ]
      },
      "properties": {
        "内容": "バス停: 小栗小学校上",
        "name": "小栗小学校上",
        "operator": "事業者不明",
        "ref": "",
        "url": "",
        "url2": ""
      }
    },
    {
      "type": "Feature",
      "geometry": {
        "type": "Point",
        "coordinates": [
          130.0669737,
          32.816589
        ]
      },
      "properties": {
        "内容": "バス停: 夫婦木",
        "name": "夫婦木",
        "operator": "事業者不明",
        "ref": "",
        "url": "",
        "url2": ""
      }
    },
    {
      "type": "Feature",
      "geometry": {
        "type": "Point",
        "coordinates": [
          130.0671092,
          32.8165124
        ]
      },
      "properties": {
        "内容": "バス停: 夫婦木",
        "name": "夫婦木",
        "operator": "事業者不明",
        "ref": "",
        "url": "",
        "url2": ""
      }
    },
    {
      "type": "Feature",
      "geometry": {
        "type": "Point",
        "coordinates": [
          129.9561341,
          32.8449632
        ]
      },
      "properties": {
        "内容": "バス停: 東園",
        "name": "東園",
        "operator": "事業者不明",
        "ref": "",
        "url": "",
        "url2": ""
      }
    },
    {
      "type": "Feature",
      "geometry": {
        "type": "Point",
        "coordinates": [
          129.956224,
          32.844891
        ]
      },
      "properties": {
        "内容": "バス停: 東園",
        "name": "東園",
        "operator": "事業者不明",
        "ref": "",
        "url": "",
        "url2": ""
      }
    },
    {
      "type": "Feature",
      "geometry": {
        "type": "Point",
        "coordinates": [
          129.9527639,
          32.8246461
        ]
      },
      "properties": {
        "内容": "バス停: 西川内",
        "name": "西川内",
        "operator": "事業者不明",
        "ref": "",
        "url": "",
        "url2": ""
      }
    },
    {
      "type": "Feature",
      "geometry": {
        "type": "Point",
        "coordinates": [
          129.9525547,
          32.8246281
        ]
      },
      "properties": {
        "内容": "バス停: 西川内",
        "name": "西川内",
        "operator": "事業者不明",
        "ref": "",
        "url": "",
        "url2": ""
      }
    },
    {
      "type": "Feature",
      "geometry": {
        "type": "Point",
        "coordinates": [
          129.912685,
          32.8458262
        ]
      },
      "properties": {
        "内容": "バス停: 重尾",
        "name": "重尾",
        "operator": "事業者不明",
        "ref": "",
        "url": "",
        "url2": ""
      }
    },
    {
      "type": "Feature",
      "geometry": {
        "type": "Point",
        "coordinates": [
          129.8918831,
          32.8672333
        ]
      },
      "properties": {
        "内容": "バス停: 大浦",
        "name": "大浦",
        "operator": "事業者不明",
        "ref": "",
        "url": "",
        "url2": ""
      }
    },
    {
      "type": "Feature",
      "geometry": {
        "type": "Point",
        "coordinates": [
          129.8917383,
          32.8673595
        ]
      },
      "properties": {
        "内容": "バス停: 大浦",
        "name": "大浦",
        "operator": "事業者不明",
        "ref": "",
        "url": "",
        "url2": ""
      }
    },
    {
      "type": "Feature",
      "geometry": {
        "type": "Point",
        "coordinates": [
          129.9277952,
          32.8571737
        ]
      },
      "properties": {
        "内容": "バス停: 伊木力出張所前",
        "name": "伊木力出張所前",
        "operator": "事業者不明",
        "ref": "",
        "url": "",
        "url2": ""
      }
    },
    {
      "type": "Feature",
      "geometry": {
        "type": "Point",
        "coordinates": [
          129.9276397,
          32.8571489
        ]
      },
      "properties": {
        "内容": "バス停: 伊木力出張所前",
        "name": "伊木力出張所前",
        "operator": "事業者不明",
        "ref": "",
        "url": "",
        "url2": ""
      }
    },
    {
      "type": "Feature",
      "geometry": {
        "type": "Point",
        "coordinates": [
          129.9269423,
          32.8537872
        ]
      },
      "properties": {
        "内容": "バス停: 城の平",
        "name": "城の平",
        "operator": "事業者不明",
        "ref": "",
        "url": "",
        "url2": ""
      }
    },
    {
      "type": "Feature",
      "geometry": {
        "type": "Point",
        "coordinates": [
          129.9271274,
          32.8538052
        ]
      },
      "properties": {
        "内容": "バス停: 城の平",
        "name": "城の平",
        "operator": "事業者不明",
        "ref": "",
        "url": "",
        "url2": ""
      }
    },
    {
      "type": "Feature",
      "geometry": {
        "type": "Point",
        "coordinates": [
          129.9286643,
          32.8564414
        ]
      },
      "properties": {
        "内容": "バス停: 伊木力橋",
        "name": "伊木力橋",
        "operator": "事業者不明",
        "ref": "",
        "url": "",
        "url2": ""
      }
    },
    {
      "type": "Feature",
      "geometry": {
        "type": "Point",
        "coordinates": [
          129.9285731,
          32.8565541
        ]
      },
      "properties": {
        "内容": "バス停: 伊木力橋",
        "name": "伊木力橋",
        "operator": "事業者不明",
        "ref": "",
        "url": "",
        "url2": ""
      }
    },
    {
      "type": "Feature",
      "geometry": {
        "type": "Point",
        "coordinates": [
          129.9306478,
          32.8561598
        ]
      },
      "properties": {
        "内容": "バス停: 中学校前",
        "name": "中学校前",
        "operator": "事業者不明",
        "ref": "",
        "url": "",
        "url2": ""
      }
    },
    {
      "type": "Feature",
      "geometry": {
        "type": "Point",
        "coordinates": [
          129.9307309,
          32.8560561
        ]
      },
      "properties": {
        "内容": "バス停: 中学校前",
        "name": "中学校前",
        "operator": "事業者不明",
        "ref": "",
        "url": "",
        "url2": ""
      }
    },
    {
      "type": "Feature",
      "geometry": {
        "type": "Point",
        "coordinates": [
          129.9332575,
          32.856589
        ]
      },
      "properties": {
        "内容": "バス停: 下の谷",
        "name": "下の谷",
        "operator": "事業者不明",
        "ref": "",
        "url": "",
        "url2": ""
      }
    },
    {
      "type": "Feature",
      "geometry": {
        "type": "Point",
        "coordinates": [
          129.9331221,
          32.8565529
        ]
      },
      "properties": {
        "内容": "バス停: 下の谷",
        "name": "下の谷",
        "operator": "事業者不明",
        "ref": "",
        "url": "",
        "url2": ""
      }
    },
    {
      "type": "Feature",
      "geometry": {
        "type": "Point",
        "coordinates": [
          129.9363837,
          32.8588432
        ]
      },
      "properties": {
        "内容": "バス停: 先の谷",
        "name": "先の谷",
        "operator": "事業者不明",
        "ref": "",
        "url": "",
        "url2": ""
      }
    },
    {
      "type": "Feature",
      "geometry": {
        "type": "Point",
        "coordinates": [
          129.9362321,
          32.8588331
        ]
      },
      "properties": {
        "内容": "バス停: 先の谷",
        "name": "先の谷",
        "operator": "事業者不明",
        "ref": "",
        "url": "",
        "url2": ""
      }
    },
    {
      "type": "Feature",
      "geometry": {
        "type": "Point",
        "coordinates": [
          129.9378495,
          32.8600047
        ]
      },
      "properties": {
        "内容": "バス停: 大草駅前",
        "name": "大草駅前",
        "operator": "事業者不明",
        "ref": "",
        "url": "",
        "url2": ""
      }
    },
    {
      "type": "Feature",
      "geometry": {
        "type": "Point",
        "coordinates": [
          129.9381177,
          32.86007
        ]
      },
      "properties": {
        "内容": "バス停: 大草駅前",
        "name": "大草駅前",
        "operator": "事業者不明",
        "ref": "",
        "url": "",
        "url2": ""
      }
    },
    {
      "type": "Feature",
      "geometry": {
        "type": "Point",
        "coordinates": [
          129.9409126,
          32.8615424
        ]
      },
      "properties": {
        "内容": "バス停: 寺畑",
        "name": "寺畑",
        "operator": "事業者不明",
        "ref": "",
        "url": "",
        "url2": ""
      }
    },
    {
      "type": "Feature",
      "geometry": {
        "type": "Point",
        "coordinates": [
          129.9407114,
          32.861539
        ]
      },
      "properties": {
        "内容": "バス停: 寺畑",
        "name": "寺畑",
        "operator": "事業者不明",
        "ref": "",
        "url": "",
        "url2": ""
      }
    },
    {
      "type": "Feature",
      "geometry": {
        "type": "Point",
        "coordinates": [
          129.9502641,
          32.8603483
        ]
      },
      "properties": {
        "内容": "バス停: 古川",
        "name": "古川",
        "operator": "事業者不明",
        "ref": "",
        "url": "",
        "url2": ""
      }
    },
    {
      "type": "Feature",
      "geometry": {
        "type": "Point",
        "coordinates": [
          129.9502668,
          32.8604992
        ]
      },
      "properties": {
        "内容": "バス停: 古川",
        "name": "古川",
        "operator": "事業者不明",
        "ref": "",
        "url": "",
        "url2": ""
      }
    },
    {
      "type": "Feature",
      "geometry": {
        "type": "Point",
        "coordinates": [
          129.955591,
          32.8501053
        ]
      },
      "properties": {
        "内容": "バス停: 山の木",
        "name": "山の木",
        "operator": "事業者不明",
        "ref": "",
        "url": "",
        "url2": ""
      }
    },
    {
      "type": "Feature",
      "geometry": {
        "type": "Point",
        "coordinates": [
          129.9554086,
          32.8500715
        ]
      },
      "properties": {
        "内容": "バス停: 山の木",
        "name": "山の木",
        "operator": "事業者不明",
        "ref": "",
        "url": "",
        "url2": ""
      }
    },
    {
      "type": "Feature",
      "geometry": {
        "type": "Point",
        "coordinates": [
          129.9525681,
          32.8482182
        ]
      },
      "properties": {
        "内容": "バス停: 野副",
        "name": "野副",
        "operator": "事業者不明",
        "ref": "",
        "url": "",
        "url2": ""
      }
    },
    {
      "type": "Feature",
      "geometry": {
        "type": "Point",
        "coordinates": [
          129.9522945,
          32.8481844
        ]
      },
      "properties": {
        "内容": "バス停: 野副",
        "name": "野副",
        "operator": "事業者不明",
        "ref": "",
        "url": "",
        "url2": ""
      }
    },
    {
      "type": "Feature",
      "geometry": {
        "type": "Point",
        "coordinates": [
          129.9538019,
          32.8460583
        ]
      },
      "properties": {
        "内容": "バス停: 大草出張所前",
        "name": "大草出張所前",
        "operator": "事業者不明",
        "ref": "",
        "url": "",
        "url2": ""
      }
    },
    {
      "type": "Feature",
      "geometry": {
        "type": "Point",
        "coordinates": [
          129.9536142,
          32.8460358
        ]
      },
      "properties": {
        "内容": "バス停: 大草出張所前",
        "name": "大草出張所前",
        "operator": "事業者不明",
        "ref": "",
        "url": "",
        "url2": ""
      }
    },
    {
      "type": "Feature",
      "geometry": {
        "type": "Point",
        "coordinates": [
          129.9601883,
          32.8455986
        ]
      },
      "properties": {
        "内容": "バス停: 真崎",
        "name": "真崎",
        "operator": "事業者不明",
        "ref": "",
        "url": "",
        "url2": ""
      }
    },
    {
      "type": "Feature",
      "geometry": {
        "type": "Point",
        "coordinates": [
          129.9605316,
          32.8456752
        ]
      },
      "properties": {
        "内容": "バス停: 真崎",
        "name": "真崎",
        "operator": "事業者不明",
        "ref": "",
        "url": "",
        "url2": ""
      }
    },
    {
      "type": "Feature",
      "geometry": {
        "type": "Point",
        "coordinates": [
          129.9669367,
          32.8431086
        ]
      },
      "properties": {
        "内容": "バス停: 西の浦",
        "name": "西の浦",
        "operator": "事業者不明",
        "ref": "",
        "url": "",
        "url2": ""
      }
    },
    {
      "type": "Feature",
      "geometry": {
        "type": "Point",
        "coordinates": [
          129.9670091,
          32.8429801
        ]
      },
      "properties": {
        "内容": "バス停: 西の浦",
        "name": "西の浦",
        "operator": "事業者不明",
        "ref": "",
        "url": "",
        "url2": ""
      }
    },
    {
      "type": "Feature",
      "geometry": {
        "type": "Point",
        "coordinates": [
          129.9718291,
          32.8448595
        ]
      },
      "properties": {
        "内容": "バス停: のぞみ会館入口",
        "name": "のぞみ会館入口",
        "operator": "事業者不明",
        "ref": "",
        "url": "",
        "url2": ""
      }
    },
    {
      "type": "Feature",
      "geometry": {
        "type": "Point",
        "coordinates": [
          129.9716896,
          32.8450713
        ]
      },
      "properties": {
        "内容": "バス停: のぞみ会館入口",
        "name": "のぞみ会館入口",
        "operator": "事業者不明",
        "ref": "",
        "url": "",
        "url2": ""
      }
    },
    {
      "type": "Feature",
      "geometry": {
        "type": "Point",
        "coordinates": [
          129.9755117,
          32.8422973
        ]
      },
      "properties": {
        "内容": "バス停: 小崎",
        "name": "小崎",
        "operator": "事業者不明",
        "ref": "",
        "url": "",
        "url2": ""
      }
    },
    {
      "type": "Feature",
      "geometry": {
        "type": "Point",
        "coordinates": [
          129.9755412,
          32.8421666
        ]
      },
      "properties": {
        "内容": "バス停: 小崎",
        "name": "小崎",
        "operator": "事業者不明",
        "ref": "",
        "url": "",
        "url2": ""
      }
    },
    {
      "type": "Feature",
      "geometry": {
        "type": "Point",
        "coordinates": [
          129.9734974,
          32.8399784
        ]
      },
      "properties": {
        "内容": "バス停: 大迫",
        "name": "大迫",
        "operator": "事業者不明",
        "ref": "",
        "url": "",
        "url2": ""
      }
    },
    {
      "type": "Feature",
      "geometry": {
        "type": "Point",
        "coordinates": [
          129.9734706,
          32.8403119
        ]
      },
      "properties": {
        "内容": "バス停: 大迫",
        "name": "大迫",
        "operator": "事業者不明",
        "ref": "",
        "url": "",
        "url2": ""
      }
    },
    {
      "type": "Feature",
      "geometry": {
        "type": "Point",
        "coordinates": [
          129.9739534,
          32.8371682
        ]
      },
      "properties": {
        "内容": "バス停: 崎木床",
        "name": "崎木床",
        "operator": "事業者不明",
        "ref": "",
        "url": "",
        "url2": ""
      }
    },
    {
      "type": "Feature",
      "geometry": {
        "type": "Point",
        "coordinates": [
          129.9738139,
          32.8372809
        ]
      },
      "properties": {
        "内容": "バス停: 崎木床",
        "name": "崎木床",
        "operator": "事業者不明",
        "ref": "",
        "url": "",
        "url2": ""
      }
    },
    {
      "type": "Feature",
      "geometry": {
        "type": "Point",
        "coordinates": [
          129.9762922,
          32.8364335
        ]
      },
      "properties": {
        "内容": "バス停: 松山",
        "name": "松山",
        "operator": "事業者不明",
        "ref": "",
        "url": "",
        "url2": ""
      }
    },
    {
      "type": "Feature",
      "geometry": {
        "type": "Point",
        "coordinates": [
          129.9762091,
          32.8365958
        ]
      },
      "properties": {
        "内容": "バス停: 松山",
        "name": "松山",
        "operator": "事業者不明",
        "ref": "",
        "url": "",
        "url2": ""
      }
    },
    {
      "type": "Feature",
      "geometry": {
        "type": "Point",
        "coordinates": [
          129.979232,
          32.8346531
        ]
      },
      "properties": {
        "内容": "バス停: 寺の下",
        "name": "寺の下",
        "operator": "事業者不明",
        "ref": "",
        "url": "",
        "url2": ""
      }
    },
    {
      "type": "Feature",
      "geometry": {
        "type": "Point",
        "coordinates": [
          129.9793178,
          32.8344863
        ]
      },
      "properties": {
        "内容": "バス停: 寺の下",
        "name": "寺の下",
        "operator": "事業者不明",
        "ref": "",
        "url": "",
        "url2": ""
      }
    },
    {
      "type": "Feature",
      "geometry": {
        "type": "Point",
        "coordinates": [
          129.9839392,
          32.8323656
        ]
      },
      "properties": {
        "内容": "バス停: 多良見支所前",
        "name": "多良見支所前",
        "operator": "事業者不明",
        "ref": "",
        "url": "",
        "url2": ""
      }
    },
    {
      "type": "Feature",
      "geometry": {
        "type": "Point",
        "coordinates": [
          129.9839446,
          32.8322078
        ]
      },
      "properties": {
        "内容": "バス停: 多良見支所前",
        "name": "多良見支所前",
        "operator": "事業者不明",
        "ref": "",
        "url": "",
        "url2": ""
      }
    },
    {
      "type": "Feature",
      "geometry": {
        "type": "Point",
        "coordinates": [
          129.9837944,
          32.8315858
        ]
      },
      "properties": {
        "内容": "バス停: 多良見支所前",
        "name": "多良見支所前",
        "operator": "事業者不明",
        "ref": "",
        "url": "",
        "url2": ""
      }
    },
    {
      "type": "Feature",
      "geometry": {
        "type": "Point",
        "coordinates": [
          129.9839258,
          32.8317841
        ]
      },
      "properties": {
        "内容": "バス停: 多良見支所前",
        "name": "多良見支所前",
        "operator": "事業者不明",
        "ref": "",
        "url": "",
        "url2": ""
      }
    },
    {
      "type": "Feature",
      "geometry": {
        "type": "Point",
        "coordinates": [
          129.978615,
          32.8286738
        ]
      },
      "properties": {
        "内容": "バス停: 喜々津農協前",
        "name": "喜々津農協前",
        "operator": "事業者不明",
        "ref": "",
        "url": "",
        "url2": ""
      }
    },
    {
      "type": "Feature",
      "geometry": {
        "type": "Point",
        "coordinates": [
          129.9787277,
          32.8288474
        ]
      },
      "properties": {
        "内容": "バス停: 喜々津農協前",
        "name": "喜々津農協前",
        "operator": "事業者不明",
        "ref": "",
        "url": "",
        "url2": ""
      }
    },
    {
      "type": "Feature",
      "geometry": {
        "type": "Point",
        "coordinates": [
          129.9756807,
          32.8272223
        ]
      },
      "properties": {
        "内容": "バス停: 学校前",
        "name": "学校前",
        "operator": "事業者不明",
        "ref": "",
        "url": "",
        "url2": ""
      }
    },
    {
      "type": "Feature",
      "geometry": {
        "type": "Point",
        "coordinates": [
          129.9753615,
          32.8271885
        ]
      },
      "properties": {
        "内容": "バス停: 学校前",
        "name": "学校前",
        "operator": "事業者不明",
        "ref": "",
        "url": "",
        "url2": ""
      }
    },
    {
      "type": "Feature",
      "geometry": {
        "type": "Point",
        "coordinates": [
          129.9713087,
          32.8280788
        ]
      },
      "properties": {
        "内容": "バス停: 中里公民館前",
        "name": "中里公民館前",
        "operator": "事業者不明",
        "ref": "",
        "url": "",
        "url2": ""
      }
    },
    {
      "type": "Feature",
      "geometry": {
        "type": "Point",
        "coordinates": [
          129.9710539,
          32.8282276
        ]
      },
      "properties": {
        "内容": "バス停: 中里公民館前",
        "name": "中里公民館前",
        "operator": "事業者不明",
        "ref": "",
        "url": "",
        "url2": ""
      }
    },
    {
      "type": "Feature",
      "geometry": {
        "type": "Point",
        "coordinates": [
          129.9706086,
          32.827157
        ]
      },
      "properties": {
        "内容": "バス停: 中里蔭平",
        "name": "中里蔭平",
        "operator": "事業者不明",
        "ref": "",
        "url": "",
        "url2": ""
      }
    },
    {
      "type": "Feature",
      "geometry": {
        "type": "Point",
        "coordinates": [
          129.9707159,
          32.8272674
        ]
      },
      "properties": {
        "内容": "バス停: 中里蔭平",
        "name": "中里蔭平",
        "operator": "事業者不明",
        "ref": "",
        "url": "",
        "url2": ""
      }
    },
    {
      "type": "Feature",
      "geometry": {
        "type": "Point",
        "coordinates": [
          129.9703458,
          32.8240623
        ]
      },
      "properties": {
        "内容": "バス停: 喜々津団地",
        "name": "喜々津団地",
        "operator": "事業者不明",
        "ref": "",
        "url": "",
        "url2": ""
      }
    },
    {
      "type": "Feature",
      "geometry": {
        "type": "Point",
        "coordinates": [
          129.9705362,
          32.8241255
        ]
      },
      "properties": {
        "内容": "バス停: 喜々津団地",
        "name": "喜々津団地",
        "operator": "事業者不明",
        "ref": "",
        "url": "",
        "url2": ""
      }
    },
    {
      "type": "Feature",
      "geometry": {
        "type": "Point",
        "coordinates": [
          129.9681598,
          32.8218151
        ]
      },
      "properties": {
        "内容": "バス停: 団地南口",
        "name": "団地南口",
        "operator": "事業者不明",
        "ref": "",
        "url": "",
        "url2": ""
      }
    },
    {
      "type": "Feature",
      "geometry": {
        "type": "Point",
        "coordinates": [
          129.9681142,
          32.8219233
        ]
      },
      "properties": {
        "内容": "バス停: 団地南口",
        "name": "団地南口",
        "operator": "事業者不明",
        "ref": "",
        "url": "",
        "url2": ""
      }
    },
    {
      "type": "Feature",
      "geometry": {
        "type": "Point",
        "coordinates": [
          129.9664995,
          32.8201336
        ]
      },
      "properties": {
        "内容": "バス停: 市布駅前",
        "name": "市布駅前",
        "operator": "事業者不明",
        "ref": "",
        "url": "",
        "url2": ""
      }
    },
    {
      "type": "Feature",
      "geometry": {
        "type": "Point",
        "coordinates": [
          129.966698,
          32.8201133
        ]
      },
      "properties": {
        "内容": "バス停: 市布駅前",
        "name": "市布駅前",
        "operator": "事業者不明",
        "ref": "",
        "url": "",
        "url2": ""
      }
    },
    {
      "type": "Feature",
      "geometry": {
        "type": "Point",
        "coordinates": [
          129.9635236,
          32.8188567
        ]
      },
      "properties": {
        "内容": "バス停: 市布中央",
        "name": "市布中央",
        "operator": "事業者不明",
        "ref": "",
        "url": "",
        "url2": ""
      }
    },
    {
      "type": "Feature",
      "geometry": {
        "type": "Point",
        "coordinates": [
          129.9631642,
          32.8188296
        ]
      },
      "properties": {
        "内容": "バス停: 市布中央",
        "name": "市布中央",
        "operator": "事業者不明",
        "ref": "",
        "url": "",
        "url2": ""
      }
    },
    {
      "type": "Feature",
      "geometry": {
        "type": "Point",
        "coordinates": [
          129.961524,
          32.8176631
        ]
      },
      "properties": {
        "内容": "バス停: 平向",
        "name": "平向",
        "operator": "事業者不明",
        "ref": "",
        "url": "",
        "url2": ""
      }
    },
    {
      "type": "Feature",
      "geometry": {
        "type": "Point",
        "coordinates": [
          129.9613899,
          32.8177285
        ]
      },
      "properties": {
        "内容": "バス停: 平向",
        "name": "平向",
        "operator": "事業者不明",
        "ref": "",
        "url": "",
        "url2": ""
      }
    },
    {
      "type": "Feature",
      "geometry": {
        "type": "Point",
        "coordinates": [
          129.9562883,
          32.8187496
        ]
      },
      "properties": {
        "内容": "バス停: 谷角",
        "name": "谷角",
        "operator": "事業者不明",
        "ref": "",
        "url": "",
        "url2": ""
      }
    },
    {
      "type": "Feature",
      "geometry": {
        "type": "Point",
        "coordinates": [
          129.9563313,
          32.8189029
        ]
      },
      "properties": {
        "内容": "バス停: 谷角",
        "name": "谷角",
        "operator": "事業者不明",
        "ref": "",
        "url": "",
        "url2": ""
      }
    },
    {
      "type": "Feature",
      "geometry": {
        "type": "Point",
        "coordinates": [
          129.9540648,
          32.8230841
        ]
      },
      "properties": {
        "内容": "バス停: 日当",
        "name": "日当",
        "operator": "事業者不明",
        "ref": "",
        "url": "",
        "url2": ""
      }
    },
    {
      "type": "Feature",
      "geometry": {
        "type": "Point",
        "coordinates": [
          129.9540836,
          32.8232599
        ]
      },
      "properties": {
        "内容": "バス停: 日当",
        "name": "日当",
        "operator": "事業者不明",
        "ref": "",
        "url": "",
        "url2": ""
      }
    },
    {
      "type": "Feature",
      "geometry": {
        "type": "Point",
        "coordinates": [
          129.896982,
          32.8685039
        ]
      },
      "properties": {
        "内容": "バス停: 草木田",
        "name": "草木田",
        "operator": "事業者不明",
        "ref": "",
        "url": "",
        "url2": ""
      }
    },
    {
      "type": "Feature",
      "geometry": {
        "type": "Point",
        "coordinates": [
          129.8971376,
          32.868576
        ]
      },
      "properties": {
        "内容": "バス停: 草木田",
        "name": "草木田",
        "operator": "事業者不明",
        "ref": "",
        "url": "",
        "url2": ""
      }
    },
    {
      "type": "Feature",
      "geometry": {
        "type": "Point",
        "coordinates": [
          129.8971885,
          32.8711374
        ]
      },
      "properties": {
        "内容": "バス停: 上須の瀬",
        "name": "上須の瀬",
        "operator": "事業者不明",
        "ref": "",
        "url": "",
        "url2": ""
      }
    },
    {
      "type": "Feature",
      "geometry": {
        "type": "Point",
        "coordinates": [
          129.8974031,
          32.871205
        ]
      },
      "properties": {
        "内容": "バス停: 上須の瀬",
        "name": "上須の瀬",
        "operator": "事業者不明",
        "ref": "",
        "url": "",
        "url2": ""
      }
    },
    {
      "type": "Feature",
      "geometry": {
        "type": "Point",
        "coordinates": [
          129.9024457,
          32.8756113
        ]
      },
      "properties": {
        "内容": "バス停: 須の瀬",
        "name": "須の瀬",
        "operator": "事業者不明",
        "ref": "",
        "url": "",
        "url2": ""
      }
    },
    {
      "type": "Feature",
      "geometry": {
        "type": "Point",
        "coordinates": [
          129.9023652,
          32.8757442
        ]
      },
      "properties": {
        "内容": "バス停: 須の瀬",
        "name": "須の瀬",
        "operator": "事業者不明",
        "ref": "",
        "url": "",
        "url2": ""
      }
    },
    {
      "type": "Feature",
      "geometry": {
        "type": "Point",
        "coordinates": [
          129.9035266,
          32.8719394
        ]
      },
      "properties": {
        "内容": "バス停: 崎辺田",
        "name": "崎辺田",
        "operator": "事業者不明",
        "ref": "",
        "url": "",
        "url2": ""
      }
    },
    {
      "type": "Feature",
      "geometry": {
        "type": "Point",
        "coordinates": [
          129.9036446,
          32.8720656
        ]
      },
      "properties": {
        "内容": "バス停: 崎辺田",
        "name": "崎辺田",
        "operator": "事業者不明",
        "ref": "",
        "url": "",
        "url2": ""
      }
    },
    {
      "type": "Feature",
      "geometry": {
        "type": "Point",
        "coordinates": [
          129.9087006,
          32.8671837
        ]
      },
      "properties": {
        "内容": "バス停: 五十石",
        "name": "五十石",
        "operator": "事業者不明",
        "ref": "",
        "url": "",
        "url2": ""
      }
    },
    {
      "type": "Feature",
      "geometry": {
        "type": "Point",
        "coordinates": [
          129.9086201,
          32.8673369
        ]
      },
      "properties": {
        "内容": "バス停: 五十石",
        "name": "五十石",
        "operator": "事業者不明",
        "ref": "",
        "url": "",
        "url2": ""
      }
    },
    {
      "type": "Feature",
      "geometry": {
        "type": "Point",
        "coordinates": [
          129.911187,
          32.8664403
        ]
      },
      "properties": {
        "内容": "バス停: 宮ノ下",
        "name": "宮ノ下",
        "operator": "事業者不明",
        "ref": "",
        "url": "",
        "url2": ""
      }
    },
    {
      "type": "Feature",
      "geometry": {
        "type": "Point",
        "coordinates": [
          129.9109536,
          32.8665327
        ]
      },
      "properties": {
        "内容": "バス停: 宮ノ下",
        "name": "宮ノ下",
        "operator": "事業者不明",
        "ref": "",
        "url": "",
        "url2": ""
      }
    },
    {
      "type": "Feature",
      "geometry": {
        "type": "Point",
        "coordinates": [
          129.9158004,
          32.8664921
        ]
      },
      "properties": {
        "内容": "バス停: 白岩",
        "name": "白岩",
        "operator": "事業者不明",
        "ref": "",
        "url": "",
        "url2": ""
      }
    },
    {
      "type": "Feature",
      "geometry": {
        "type": "Point",
        "coordinates": [
          129.9155268,
          32.8665191
        ]
      },
      "properties": {
        "内容": "バス停: 白岩",
        "name": "白岩",
        "operator": "事業者不明",
        "ref": "",
        "url": "",
        "url2": ""
      }
    },
    {
      "type": "Feature",
      "geometry": {
        "type": "Point",
        "coordinates": [
          129.9257943,
          32.8628964
        ]
      },
      "properties": {
        "内容": "バス停: 越首",
        "name": "越首",
        "operator": "事業者不明",
        "ref": "",
        "url": "",
        "url2": ""
      }
    },
    {
      "type": "Feature",
      "geometry": {
        "type": "Point",
        "coordinates": [
          129.9257755,
          32.8627658
        ]
      },
      "properties": {
        "内容": "バス停: 越首",
        "name": "越首",
        "operator": "事業者不明",
        "ref": "",
        "url": "",
        "url2": ""
      }
    },
    {
      "type": "Feature",
      "geometry": {
        "type": "Point",
        "coordinates": [
          129.9271139,
          32.859411
        ]
      },
      "properties": {
        "内容": "バス停: 船津",
        "name": "船津",
        "operator": "事業者不明",
        "ref": "",
        "url": "",
        "url2": ""
      }
    },
    {
      "type": "Feature",
      "geometry": {
        "type": "Point",
        "coordinates": [
          129.9270737,
          32.8596431
        ]
      },
      "properties": {
        "内容": "バス停: 船津",
        "name": "船津",
        "operator": "事業者不明",
        "ref": "",
        "url": "",
        "url2": ""
      }
    },
    {
      "type": "Feature",
      "geometry": {
        "type": "Point",
        "coordinates": [
          129.9154624,
          32.8487398
        ]
      },
      "properties": {
        "内容": "バス停: 岩本",
        "name": "岩本",
        "operator": "事業者不明",
        "ref": "",
        "url": "",
        "url2": ""
      }
    },
    {
      "type": "Feature",
      "geometry": {
        "type": "Point",
        "coordinates": [
          129.9153605,
          32.848875
        ]
      },
      "properties": {
        "内容": "バス停: 岩本",
        "name": "岩本",
        "operator": "事業者不明",
        "ref": "",
        "url": "",
        "url2": ""
      }
    },
    {
      "type": "Feature",
      "geometry": {
        "type": "Point",
        "coordinates": [
          129.9166265,
          32.8483815
        ]
      },
      "properties": {
        "内容": "バス停: 幸仏",
        "name": "幸仏",
        "operator": "事業者不明",
        "ref": "",
        "url": "",
        "url2": ""
      }
    },
    {
      "type": "Feature",
      "geometry": {
        "type": "Point",
        "coordinates": [
          129.9166936,
          32.8482283
        ]
      },
      "properties": {
        "内容": "バス停: 幸仏",
        "name": "幸仏",
        "operator": "事業者不明",
        "ref": "",
        "url": "",
        "url2": ""
      }
    },
    {
      "type": "Feature",
      "geometry": {
        "type": "Point",
        "coordinates": [
          129.9177343,
          32.8482531
        ]
      },
      "properties": {
        "内容": "バス停: 上川内",
        "name": "上川内",
        "operator": "事業者不明",
        "ref": "",
        "url": "",
        "url2": ""
      }
    },
    {
      "type": "Feature",
      "geometry": {
        "type": "Point",
        "coordinates": [
          129.9175251,
          32.8483072
        ]
      },
      "properties": {
        "内容": "バス停: 上川内",
        "name": "上川内",
        "operator": "事業者不明",
        "ref": "",
        "url": "",
        "url2": ""
      }
    },
    {
      "type": "Feature",
      "geometry": {
        "type": "Point",
        "coordinates": [
          129.9208912,
          32.8481427
        ]
      },
      "properties": {
        "内容": "バス停: 公民館前",
        "name": "公民館前",
        "operator": "事業者不明",
        "ref": "",
        "url": "",
        "url2": ""
      }
    },
    {
      "type": "Feature",
      "geometry": {
        "type": "Point",
        "coordinates": [
          129.9210817,
          32.8482125
        ]
      },
      "properties": {
        "内容": "バス停: 公民館前",
        "name": "公民館前",
        "operator": "事業者不明",
        "ref": "",
        "url": "",
        "url2": ""
      }
    },
    {
      "type": "Feature",
      "geometry": {
        "type": "Point",
        "coordinates": [
          129.9230853,
          32.8484649
        ]
      },
      "properties": {
        "内容": "バス停: 下川内",
        "name": "下川内",
        "operator": "事業者不明",
        "ref": "",
        "url": "",
        "url2": ""
      }
    },
    {
      "type": "Feature",
      "geometry": {
        "type": "Point",
        "coordinates": [
          129.9229485,
          32.8483297
        ]
      },
      "properties": {
        "内容": "バス停: 下川内",
        "name": "下川内",
        "operator": "事業者不明",
        "ref": "",
        "url": "",
        "url2": ""
      }
    },
    {
      "type": "Feature",
      "geometry": {
        "type": "Point",
        "coordinates": [
          129.9267116,
          32.851063
        ]
      },
      "properties": {
        "内容": "バス停: 中通",
        "name": "中通",
        "operator": "事業者不明",
        "ref": "",
        "url": "",
        "url2": ""
      }
    },
    {
      "type": "Feature",
      "geometry": {
        "type": "Point",
        "coordinates": [
          129.9268189,
          32.8509548
        ]
      },
      "properties": {
        "内容": "バス停: 中通",
        "name": "中通",
        "operator": "事業者不明",
        "ref": "",
        "url": "",
        "url2": ""
      }
    },
    {
      "type": "Feature",
      "geometry": {
        "type": "Point",
        "coordinates": [
          130.2602778,
          32.7377567
        ]
      },
      "properties": {
        "内容": "バス停: 小地獄入口",
        "name": "小地獄入口",
        "operator": "事業者不明",
        "ref": "",
        "url": "",
        "url2": ""
      }
    },
    {
      "type": "Feature",
      "geometry": {
        "type": "Point",
        "coordinates": [
          130.2596059,
          32.7352005
        ]
      },
      "properties": {
        "内容": "バス停: 白雲の池入口",
        "name": "白雲の池入口",
        "operator": "事業者不明",
        "ref": "",
        "url": "",
        "url2": ""
      }
    },
    {
      "type": "Feature",
      "geometry": {
        "type": "Point",
        "coordinates": [
          130.2596167,
          32.7349952
        ]
      },
      "properties": {
        "内容": "バス停: 白雲の池入口",
        "name": "白雲の池入口",
        "operator": "事業者不明",
        "ref": "",
        "url": "",
        "url2": ""
      }
    },
    {
      "type": "Feature",
      "geometry": {
        "type": "Point",
        "coordinates": [
          130.2558804,
          32.7291017
        ]
      },
      "properties": {
        "内容": "バス停: 一本柱鳥居前",
        "name": "一本柱鳥居前",
        "operator": "事業者不明",
        "ref": "",
        "url": "",
        "url2": ""
      }
    },
    {
      "type": "Feature",
      "geometry": {
        "type": "Point",
        "coordinates": [
          130.2555639,
          32.7287903
        ]
      },
      "properties": {
        "内容": "バス停: 一本柱鳥居前",
        "name": "一本柱鳥居前",
        "operator": "事業者不明",
        "ref": "",
        "url": "",
        "url2": ""
      }
    },
    {
      "type": "Feature",
      "geometry": {
        "type": "Point",
        "coordinates": [
          130.254145,
          32.7272379
        ]
      },
      "properties": {
        "内容": "バス停: 札の原",
        "name": "札の原",
        "operator": "事業者不明",
        "ref": "",
        "url": "",
        "url2": ""
      }
    },
    {
      "type": "Feature",
      "geometry": {
        "type": "Point",
        "coordinates": [
          130.2537775,
          32.7272334
        ]
      },
      "properties": {
        "内容": "バス停: 札の原",
        "name": "札の原",
        "operator": "事業者不明",
        "ref": "",
        "url": "",
        "url2": ""
      }
    },
    {
      "type": "Feature",
      "geometry": {
        "type": "Point",
        "coordinates": [
          130.2299783,
          32.7181463
        ]
      },
      "properties": {
        "内容": "バス停: 篭立場",
        "name": "篭立場",
        "operator": "事業者不明",
        "ref": "",
        "url": "",
        "url2": ""
      }
    },
    {
      "type": "Feature",
      "geometry": {
        "type": "Point",
        "coordinates": [
          130.2299662,
          32.7183607
        ]
      },
      "properties": {
        "内容": "バス停: 篭立場",
        "name": "篭立場",
        "operator": "事業者不明",
        "ref": "",
        "url": "",
        "url2": ""
      }
    },
    {
      "type": "Feature",
      "geometry": {
        "type": "Point",
        "coordinates": [
          130.2339023,
          32.7139782
        ]
      },
      "properties": {
        "内容": "バス停: 小田山入口",
        "name": "小田山入口",
        "operator": "事業者不明",
        "ref": "",
        "url": "",
        "url2": ""
      }
    },
    {
      "type": "Feature",
      "geometry": {
        "type": "Point",
        "coordinates": [
          130.2340096,
          32.7138248
        ]
      },
      "properties": {
        "内容": "バス停: 小田山入口",
        "name": "小田山入口",
        "operator": "事業者不明",
        "ref": "",
        "url": "",
        "url2": ""
      }
    },
    {
      "type": "Feature",
      "geometry": {
        "type": "Point",
        "coordinates": [
          130.2264994,
          32.713932
        ]
      },
      "properties": {
        "内容": "バス停: 笹の辻",
        "name": "笹の辻",
        "operator": "事業者不明",
        "ref": "",
        "url": "",
        "url2": ""
      }
    },
    {
      "type": "Feature",
      "geometry": {
        "type": "Point",
        "coordinates": [
          130.2261145,
          32.7138349
        ]
      },
      "properties": {
        "内容": "バス停: 笹の辻",
        "name": "笹の辻",
        "operator": "事業者不明",
        "ref": "",
        "url": "",
        "url2": ""
      }
    },
    {
      "type": "Feature",
      "geometry": {
        "type": "Point",
        "coordinates": [
          130.2214596,
          32.7108345
        ]
      },
      "properties": {
        "内容": "バス停: 耳採",
        "name": "耳採",
        "operator": "事業者不明",
        "ref": "",
        "url": "",
        "url2": ""
      }
    },
    {
      "type": "Feature",
      "geometry": {
        "type": "Point",
        "coordinates": [
          130.2214488,
          32.7106427
        ]
      },
      "properties": {
        "内容": "バス停: 耳採",
        "name": "耳採",
        "operator": "事業者不明",
        "ref": "",
        "url": "",
        "url2": ""
      }
    },
    {
      "type": "Feature",
      "geometry": {
        "type": "Point",
        "coordinates": [
          130.2194962,
          32.712728
        ]
      },
      "properties": {
        "内容": "バス停: 蔭平口",
        "name": "蔭平口",
        "operator": "事業者不明",
        "ref": "",
        "url": "",
        "url2": ""
      }
    },
    {
      "type": "Feature",
      "geometry": {
        "type": "Point",
        "coordinates": [
          130.2195498,
          32.7125339
        ]
      },
      "properties": {
        "内容": "バス停: 蔭平口",
        "name": "蔭平口",
        "operator": "事業者不明",
        "ref": "",
        "url": "",
        "url2": ""
      }
    },
    {
      "type": "Feature",
      "geometry": {
        "type": "Point",
        "coordinates": [
          130.2181698,
          32.7188008
        ]
      },
      "properties": {
        "内容": "バス停: びん串",
        "name": "びん串",
        "operator": "事業者不明",
        "ref": "",
        "url": "",
        "url2": ""
      }
    },
    {
      "type": "Feature",
      "geometry": {
        "type": "Point",
        "coordinates": [
          130.2180009,
          32.7190411
        ]
      },
      "properties": {
        "内容": "バス停: びん串",
        "name": "びん串",
        "operator": "事業者不明",
        "ref": "",
        "url": "",
        "url2": ""
      }
    },
    {
      "type": "Feature",
      "geometry": {
        "type": "Point",
        "coordinates": [
          130.2140862,
          32.7222737
        ]
      },
      "properties": {
        "内容": "バス停: よろこびの里前",
        "name": "よろこびの里前",
        "operator": "事業者不明",
        "ref": "",
        "url": "",
        "url2": ""
      }
    },
    {
      "type": "Feature",
      "geometry": {
        "type": "Point",
        "coordinates": [
          130.2139038,
          32.7223775
        ]
      },
      "properties": {
        "内容": "バス停: よろこびの里前",
        "name": "よろこびの里前",
        "operator": "事業者不明",
        "ref": "",
        "url": "",
        "url2": ""
      }
    },
    {
      "type": "Feature",
      "geometry": {
        "type": "Point",
        "coordinates": [
          130.2148452,
          32.7244805
        ]
      },
      "properties": {
        "内容": "バス停: 道前",
        "name": "道前",
        "operator": "事業者不明",
        "ref": "",
        "url": "",
        "url2": ""
      }
    },
    {
      "type": "Feature",
      "geometry": {
        "type": "Point",
        "coordinates": [
          130.2146789,
          32.7244805
        ]
      },
      "properties": {
        "内容": "バス停: 道前",
        "name": "道前",
        "operator": "事業者不明",
        "ref": "",
        "url": "",
        "url2": ""
      }
    },
    {
      "type": "Feature",
      "geometry": {
        "type": "Point",
        "coordinates": [
          130.2057472,
          32.72247
        ]
      },
      "properties": {
        "内容": "バス停: 山の上",
        "name": "山の上",
        "operator": "事業者不明",
        "ref": "",
        "url": "",
        "url2": ""
      }
    },
    {
      "type": "Feature",
      "geometry": {
        "type": "Point",
        "coordinates": [
          130.2053905,
          32.7225422
        ]
      },
      "properties": {
        "内容": "バス停: 山の上",
        "name": "山の上",
        "operator": "事業者不明",
        "ref": "",
        "url": "",
        "url2": ""
      }
    },
    {
      "type": "Feature",
      "geometry": {
        "type": "Point",
        "coordinates": [
          130.2062407,
          32.7266761
        ]
      },
      "properties": {
        "内容": "バス停: 西登山口",
        "name": "西登山口",
        "operator": "事業者不明",
        "ref": "",
        "url": "",
        "url2": ""
      }
    },
    {
      "type": "Feature",
      "geometry": {
        "type": "Point",
        "coordinates": [
          130.2057525,
          32.7261052
        ]
      },
      "properties": {
        "内容": "バス停: 西登山口",
        "name": "西登山口",
        "operator": "事業者不明",
        "ref": "",
        "url": "",
        "url2": ""
      }
    },
    {
      "type": "Feature",
      "geometry": {
        "type": "Point",
        "coordinates": [
          130.2070883,
          32.7293138
        ]
      },
      "properties": {
        "内容": "バス停: 小浜",
        "name": "小浜",
        "operator": "事業者不明",
        "ref": "",
        "url": "",
        "url2": ""
      }
    },
    {
      "type": "Feature",
      "geometry": {
        "type": "Point",
        "coordinates": [
          130.2069756,
          32.732132
        ]
      },
      "properties": {
        "内容": "バス停: 平松",
        "name": "平松",
        "operator": "事業者不明",
        "ref": "",
        "url": "",
        "url2": ""
      }
    },
    {
      "type": "Feature",
      "geometry": {
        "type": "Point",
        "coordinates": [
          130.2068979,
          32.7322854
        ]
      },
      "properties": {
        "内容": "バス停: 平松",
        "name": "平松",
        "operator": "事業者不明",
        "ref": "",
        "url": "",
        "url2": ""
      }
    },
    {
      "type": "Feature",
      "geometry": {
        "type": "Point",
        "coordinates": [
          130.2094942,
          32.7405069
        ]
      },
      "properties": {
        "内容": "バス停: 石合浜",
        "name": "石合浜",
        "operator": "事業者不明",
        "ref": "",
        "url": "",
        "url2": ""
      }
    },
    {
      "type": "Feature",
      "geometry": {
        "type": "Point",
        "coordinates": [
          130.2103016,
          32.7425825
        ]
      },
      "properties": {
        "内容": "バス停: 北村",
        "name": "北村",
        "operator": "事業者不明",
        "ref": "",
        "url": "",
        "url2": ""
      }
    },
    {
      "type": "Feature",
      "geometry": {
        "type": "Point",
        "coordinates": [
          130.2103043,
          32.7433135
        ]
      },
      "properties": {
        "内容": "バス停: 北村",
        "name": "北村",
        "operator": "事業者不明",
        "ref": "",
        "url": "",
        "url2": ""
      }
    },
    {
      "type": "Feature",
      "geometry": {
        "type": "Point",
        "coordinates": [
          130.2105135,
          32.7475389
        ]
      },
      "properties": {
        "内容": "バス停: 小浜高校前",
        "name": "小浜高校前",
        "operator": "事業者不明",
        "ref": "",
        "url": "",
        "url2": ""
      }
    },
    {
      "type": "Feature",
      "geometry": {
        "type": "Point",
        "coordinates": [
          130.2104411,
          32.7477035
        ]
      },
      "properties": {
        "内容": "バス停: 小浜高校前",
        "name": "小浜高校前",
        "operator": "事業者不明",
        "ref": "",
        "url": "",
        "url2": ""
      }
    },
    {
      "type": "Feature",
      "geometry": {
        "type": "Point",
        "coordinates": [
          130.2110499,
          32.7514618
        ]
      },
      "properties": {
        "内容": "バス停: 山領口",
        "name": "山領口",
        "operator": "事業者不明",
        "ref": "",
        "url": "",
        "url2": ""
      }
    },
    {
      "type": "Feature",
      "geometry": {
        "type": "Point",
        "coordinates": [
          130.211117,
          32.7509362
        ]
      },
      "properties": {
        "内容": "バス停: 山領口",
        "name": "山領口",
        "operator": "事業者不明",
        "ref": "",
        "url": "",
        "url2": ""
      }
    },
    {
      "type": "Feature",
      "geometry": {
        "type": "Point",
        "coordinates": [
          130.2059913,
          32.7613755
        ]
      },
      "properties": {
        "内容": "バス停: 富津入口",
        "name": "富津入口",
        "operator": "事業者不明",
        "ref": "",
        "url": "",
        "url2": ""
      }
    },
    {
      "type": "Feature",
      "geometry": {
        "type": "Point",
        "coordinates": [
          130.2056104,
          32.7615244
        ]
      },
      "properties": {
        "内容": "バス停: 富津入口",
        "name": "富津入口",
        "operator": "事業者不明",
        "ref": "",
        "url": "",
        "url2": ""
      }
    },
    {
      "type": "Feature",
      "geometry": {
        "type": "Point",
        "coordinates": [
          130.2138796,
          32.7651219
        ]
      },
      "properties": {
        "内容": "バス停: 木場",
        "name": "木場",
        "operator": "事業者不明",
        "ref": "",
        "url": "",
        "url2": ""
      }
    },
    {
      "type": "Feature",
      "geometry": {
        "type": "Point",
        "coordinates": [
          130.2139655,
          32.7668338
        ]
      },
      "properties": {
        "内容": "バス停: 木場",
        "name": "木場",
        "operator": "事業者不明",
        "ref": "",
        "url": "",
        "url2": ""
      }
    },
    {
      "type": "Feature",
      "geometry": {
        "type": "Point",
        "coordinates": [
          130.2142632,
          32.7719399
        ]
      },
      "properties": {
        "内容": "バス停: 飯岳入口",
        "name": "飯岳入口",
        "operator": "事業者不明",
        "ref": "",
        "url": "",
        "url2": ""
      }
    },
    {
      "type": "Feature",
      "geometry": {
        "type": "Point",
        "coordinates": [
          130.2142712,
          32.7714843
        ]
      },
      "properties": {
        "内容": "バス停: 飯岳入口",
        "name": "飯岳入口",
        "operator": "事業者不明",
        "ref": "",
        "url": "",
        "url2": ""
      }
    },
    {
      "type": "Feature",
      "geometry": {
        "type": "Point",
        "coordinates": [
          130.2121389,
          32.7761324
        ]
      },
      "properties": {
        "内容": "バス停: 発電所前",
        "name": "発電所前",
        "operator": "事業者不明",
        "ref": "",
        "url": "",
        "url2": ""
      }
    },
    {
      "type": "Feature",
      "geometry": {
        "type": "Point",
        "coordinates": [
          130.2121094,
          32.776288
        ]
      },
      "properties": {
        "内容": "バス停: 発電所前",
        "name": "発電所前",
        "operator": "事業者不明",
        "ref": "",
        "url": "",
        "url2": ""
      }
    },
    {
      "type": "Feature",
      "geometry": {
        "type": "Point",
        "coordinates": [
          130.2058759,
          32.7820813
        ]
      },
      "properties": {
        "内容": "バス停: 参道口",
        "name": "参道口",
        "operator": "事業者不明",
        "ref": "",
        "url": "",
        "url2": ""
      }
    },
    {
      "type": "Feature",
      "geometry": {
        "type": "Point",
        "coordinates": [
          130.2053341,
          32.7826338
        ]
      },
      "properties": {
        "内容": "バス停: 参道口",
        "name": "参道口",
        "operator": "事業者不明",
        "ref": "",
        "url": "",
        "url2": ""
      }
    },
    {
      "type": "Feature",
      "geometry": {
        "type": "Point",
        "coordinates": [
          130.203533,
          32.7844322
        ]
      },
      "properties": {
        "内容": "バス停: 橘神社前",
        "name": "橘神社前",
        "operator": "事業者不明",
        "ref": "",
        "url": "",
        "url2": ""
      }
    },
    {
      "type": "Feature",
      "geometry": {
        "type": "Point",
        "coordinates": [
          130.2032983,
          32.7843927
        ]
      },
      "properties": {
        "内容": "バス停: 橘神社前",
        "name": "橘神社前",
        "operator": "事業者不明",
        "ref": "",
        "url": "",
        "url2": ""
      }
    },
    {
      "type": "Feature",
      "geometry": {
        "type": "Point",
        "coordinates": [
          130.2005236,
          32.78505
        ]
      },
      "properties": {
        "内容": "バス停: 千々石小学校前",
        "name": "千々石小学校前",
        "operator": "事業者不明",
        "ref": "",
        "url": "",
        "url2": ""
      }
    },
    {
      "type": "Feature",
      "geometry": {
        "type": "Point",
        "coordinates": [
          130.2000582,
          32.7852767
        ]
      },
      "properties": {
        "内容": "バス停: 千々石小学校前",
        "name": "千々石小学校前",
        "operator": "事業者不明",
        "ref": "",
        "url": "",
        "url2": ""
      }
    },
    {
      "type": "Feature",
      "geometry": {
        "type": "Point",
        "coordinates": [
          130.1928243,
          32.7878112
        ]
      },
      "properties": {
        "内容": "バス停: 千々石橋",
        "name": "千々石橋",
        "operator": "事業者不明",
        "ref": "",
        "url": "",
        "url2": ""
      }
    },
    {
      "type": "Feature",
      "geometry": {
        "type": "Point",
        "coordinates": [
          130.1919767,
          32.7879239
        ]
      },
      "properties": {
        "内容": "バス停: 千々石橋",
        "name": "千々石橋",
        "operator": "事業者不明",
        "ref": "",
        "url": "",
        "url2": ""
      }
    },
    {
      "type": "Feature",
      "geometry": {
        "type": "Point",
        "coordinates": [
          130.1974484,
          32.786014
        ]
      },
      "properties": {
        "内容": "バス停: 上石田",
        "name": "上石田",
        "operator": "事業者不明",
        "ref": "",
        "url": "",
        "url2": ""
      }
    },
    {
      "type": "Feature",
      "geometry": {
        "type": "Point",
        "coordinates": [
          130.1964346,
          32.7862463
        ]
      },
      "properties": {
        "内容": "バス停: 上石田",
        "name": "上石田",
        "operator": "事業者不明",
        "ref": "",
        "url": "",
        "url2": ""
      }
    },
    {
      "type": "Feature",
      "geometry": {
        "type": "Point",
        "coordinates": [
          130.1889324,
          32.7892678
        ]
      },
      "properties": {
        "内容": "バス停: 千々石海岸入口",
        "name": "千々石海岸入口",
        "operator": "事業者不明",
        "ref": "",
        "url": "",
        "url2": ""
      }
    },
    {
      "type": "Feature",
      "geometry": {
        "type": "Point",
        "coordinates": [
          130.189375,
          32.7888913
        ]
      },
      "properties": {
        "内容": "バス停: 千々石海岸入口",
        "name": "千々石海岸入口",
        "operator": "事業者不明",
        "ref": "",
        "url": "",
        "url2": ""
      }
    },
    {
      "type": "Feature",
      "geometry": {
        "type": "Point",
        "coordinates": [
          130.1844209,
          32.792517
        ]
      },
      "properties": {
        "内容": "バス停: 塩屋",
        "name": "塩屋",
        "operator": "事業者不明",
        "ref": "",
        "url": "",
        "url2": ""
      }
    },
    {
      "type": "Feature",
      "geometry": {
        "type": "Point",
        "coordinates": [
          130.1834393,
          32.7932228
        ]
      },
      "properties": {
        "内容": "バス停: 塩屋",
        "name": "塩屋",
        "operator": "事業者不明",
        "ref": "",
        "url": "",
        "url2": ""
      }
    },
    {
      "type": "Feature",
      "geometry": {
        "type": "Point",
        "coordinates": [
          130.1665601,
          32.7950852
        ]
      },
      "properties": {
        "内容": "バス停: 愛野展望所",
        "name": "愛野展望所",
        "operator": "事業者不明",
        "ref": "",
        "url": "",
        "url2": ""
      }
    },
    {
      "type": "Feature",
      "geometry": {
        "type": "Point",
        "coordinates": [
          130.1658466,
          32.7955677
        ]
      },
      "properties": {
        "内容": "バス停: 愛野展望所",
        "name": "愛野展望所",
        "operator": "事業者不明",
        "ref": "",
        "url": "",
        "url2": ""
      }
    },
    {
      "type": "Feature",
      "geometry": {
        "type": "Point",
        "coordinates": [
          130.1591197,
          32.8014883
        ]
      },
      "properties": {
        "内容": "バス停: ガイヤの里前",
        "name": "ガイヤの里前",
        "operator": "事業者不明",
        "ref": "",
        "url": "",
        "url2": ""
      }
    },
    {
      "type": "Feature",
      "geometry": {
        "type": "Point",
        "coordinates": [
          130.1587978,
          32.8015063
        ]
      },
      "properties": {
        "内容": "バス停: ガイヤの里前",
        "name": "ガイヤの里前",
        "operator": "事業者不明",
        "ref": "",
        "url": "",
        "url2": ""
      }
    },
    {
      "type": "Feature",
      "geometry": {
        "type": "Point",
        "coordinates": [
          130.1500672,
          32.8084207
        ]
      },
      "properties": {
        "内容": "バス停: 愛津",
        "name": "愛津",
        "operator": "事業者不明",
        "ref": "",
        "url": "",
        "url2": ""
      }
    },
    {
      "type": "Feature",
      "geometry": {
        "type": "Point",
        "coordinates": [
          130.1517463,
          32.8142255
        ]
      },
      "properties": {
        "内容": "バス停: 愛野中学校下",
        "name": "愛野中学校下",
        "operator": "事業者不明",
        "ref": "",
        "url": "",
        "url2": ""
      }
    },
    {
      "type": "Feature",
      "geometry": {
        "type": "Point",
        "coordinates": [
          130.1519313,
          32.8144036
        ]
      },
      "properties": {
        "内容": "バス停: 愛野中学校下",
        "name": "愛野中学校下",
        "operator": "事業者不明",
        "ref": "",
        "url": "",
        "url2": ""
      }
    },
    {
      "type": "Feature",
      "geometry": {
        "type": "Point",
        "coordinates": [
          130.1519984,
          32.8156287
        ]
      },
      "properties": {
        "内容": "バス停: 愛の夢未来センター前",
        "name": "愛の夢未来センター前",
        "operator": "事業者不明",
        "ref": "",
        "url": "",
        "url2": ""
      }
    },
    {
      "type": "Feature",
      "geometry": {
        "type": "Point",
        "coordinates": [
          130.1518616,
          32.8158136
        ]
      },
      "properties": {
        "内容": "バス停: 愛の夢未来センター前",
        "name": "愛の夢未来センター前",
        "operator": "事業者不明",
        "ref": "",
        "url": "",
        "url2": ""
      }
    },
    {
      "type": "Feature",
      "geometry": {
        "type": "Point",
        "coordinates": [
          130.3546715,
          32.7883298
        ]
      },
      "properties": {
        "内容": "バス停: 工業高校前",
        "name": "工業高校前",
        "operator": "事業者不明",
        "ref": "",
        "url": "",
        "url2": ""
      }
    },
    {
      "type": "Feature",
      "geometry": {
        "type": "Point",
        "coordinates": [
          130.3546178,
          32.7885598
        ]
      },
      "properties": {
        "内容": "バス停: 工業高校前",
        "name": "工業高校前",
        "operator": "事業者不明",
        "ref": "",
        "url": "",
        "url2": ""
      }
    },
    {
      "type": "Feature",
      "geometry": {
        "type": "Point",
        "coordinates": [
          130.3607976,
          32.7870941
        ]
      },
      "properties": {
        "内容": "バス停: 上新丁",
        "name": "上新丁",
        "operator": "事業者不明",
        "ref": "",
        "url": "",
        "url2": ""
      }
    },
    {
      "type": "Feature",
      "geometry": {
        "type": "Point",
        "coordinates": [
          130.3615192,
          32.7870784
        ]
      },
      "properties": {
        "内容": "バス停: 上新丁",
        "name": "上新丁",
        "operator": "事業者不明",
        "ref": "",
        "url": "",
        "url2": ""
      }
    },
    {
      "type": "Feature",
      "geometry": {
        "type": "Point",
        "coordinates": [
          130.3631634,
          32.7868269
        ]
      },
      "properties": {
        "内容": "バス停: 北原",
        "name": "北原",
        "operator": "事業者不明",
        "ref": "",
        "url": "",
        "url2": ""
      }
    },
    {
      "type": "Feature",
      "geometry": {
        "type": "Point",
        "coordinates": [
          130.3630936,
          32.7867401
        ]
      },
      "properties": {
        "内容": "バス停: 北原",
        "name": "北原",
        "operator": "事業者不明",
        "ref": "",
        "url": "",
        "url2": ""
      }
    },
    {
      "type": "Feature",
      "geometry": {
        "type": "Point",
        "coordinates": [
          130.3657302,
          32.7870874
        ]
      },
      "properties": {
        "内容": "バス停: 浦ノ川",
        "name": "浦ノ川",
        "operator": "事業者不明",
        "ref": "",
        "url": "",
        "url2": ""
      }
    },
    {
      "type": "Feature",
      "geometry": {
        "type": "Point",
        "coordinates": [
          130.3647432,
          32.7868596
        ]
      },
      "properties": {
        "内容": "バス停: 浦ノ川",
        "name": "浦ノ川",
        "operator": "事業者不明",
        "ref": "",
        "url": "",
        "url2": ""
      }
    },
    {
      "type": "Feature",
      "geometry": {
        "type": "Point",
        "coordinates": [
          130.3518471,
          32.7890649
        ]
      },
      "properties": {
        "内容": "バス停: 農高前",
        "name": "農高前",
        "operator": "事業者不明",
        "ref": "",
        "url": "",
        "url2": ""
      }
    },
    {
      "type": "Feature",
      "geometry": {
        "type": "Point",
        "coordinates": [
          130.3525069,
          32.7890672
        ]
      },
      "properties": {
        "内容": "バス停: 農高前",
        "name": "農高前",
        "operator": "事業者不明",
        "ref": "",
        "url": "",
        "url2": ""
      }
    },
    {
      "type": "Feature",
      "geometry": {
        "type": "Point",
        "coordinates": [
          130.2604616,
          32.7331134
        ]
      },
      "properties": {
        "内容": "バス停: 島鉄バス車庫入口",
        "name": "島鉄バス車庫入口",
        "operator": "事業者不明",
        "ref": "",
        "url": "",
        "url2": ""
      }
    },
    {
      "type": "Feature",
      "geometry": {
        "type": "Point",
        "coordinates": [
          130.2606989,
          32.743486
        ]
      },
      "properties": {
        "内容": "バス停: 別所口",
        "name": "別所口",
        "operator": "事業者不明",
        "ref": "",
        "url": "",
        "url2": ""
      }
    },
    {
      "type": "Feature",
      "geometry": {
        "type": "Point",
        "coordinates": [
          130.260542,
          32.7430912
        ]
      },
      "properties": {
        "内容": "バス停: 別所口",
        "name": "別所口",
        "operator": "事業者不明",
        "ref": "",
        "url": "",
        "url2": ""
      }
    },
    {
      "type": "Feature",
      "geometry": {
        "type": "Point",
        "coordinates": [
          130.2716839,
          32.7433292
        ]
      },
      "properties": {
        "内容": "バス停: ゴルフ場",
        "name": "ゴルフ場",
        "operator": "事業者不明",
        "ref": "",
        "url": "",
        "url2": ""
      }
    },
    {
      "type": "Feature",
      "geometry": {
        "type": "Point",
        "coordinates": [
          130.2718019,
          32.7433902
        ]
      },
      "properties": {
        "内容": "バス停: ゴルフ場",
        "name": "ゴルフ場",
        "operator": "事業者不明",
        "ref": "",
        "url": "",
        "url2": ""
      }
    },
    {
      "type": "Feature",
      "geometry": {
        "type": "Point",
        "coordinates": [
          130.2927044,
          32.7221834
        ]
      },
      "properties": {
        "内容": "バス停: 上俵石",
        "name": "上俵石",
        "operator": "事業者不明",
        "ref": "",
        "url": "",
        "url2": ""
      }
    },
    {
      "type": "Feature",
      "geometry": {
        "type": "Point",
        "coordinates": [
          130.2924952,
          32.7221631
        ]
      },
      "properties": {
        "内容": "バス停: 上俵石",
        "name": "上俵石",
        "operator": "事業者不明",
        "ref": "",
        "url": "",
        "url2": ""
      }
    },
    {
      "type": "Feature",
      "geometry": {
        "type": "Point",
        "coordinates": [
          130.298557,
          32.7196583
        ]
      },
      "properties": {
        "内容": "バス停: 俵石",
        "name": "俵石",
        "operator": "事業者不明",
        "ref": "",
        "url": "",
        "url2": ""
      }
    },
    {
      "type": "Feature",
      "geometry": {
        "type": "Point",
        "coordinates": [
          130.2984336,
          32.7194304
        ]
      },
      "properties": {
        "内容": "バス停: 俵石",
        "name": "俵石",
        "operator": "事業者不明",
        "ref": "",
        "url": "",
        "url2": ""
      }
    },
    {
      "type": "Feature",
      "geometry": {
        "type": "Point",
        "coordinates": [
          130.3044391,
          32.721274
        ]
      },
      "properties": {
        "内容": "バス停: 布津入口",
        "name": "布津入口",
        "operator": "事業者不明",
        "ref": "",
        "url": "",
        "url2": ""
      }
    },
    {
      "type": "Feature",
      "geometry": {
        "type": "Point",
        "coordinates": [
          130.304423,
          32.7211296
        ]
      },
      "properties": {
        "内容": "バス停: 布津入口",
        "name": "布津入口",
        "operator": "事業者不明",
        "ref": "",
        "url": "",
        "url2": ""
      }
    },
    {
      "type": "Feature",
      "geometry": {
        "type": "Point",
        "coordinates": [
          130.3063957,
          32.7295665
        ]
      },
      "properties": {
        "内容": "バス停: 雲仙みかどホテル本館前",
        "name": "雲仙みかどホテル本館前",
        "operator": "事業者不明",
        "ref": "",
        "url": "",
        "url2": ""
      }
    },
    {
      "type": "Feature",
      "geometry": {
        "type": "Point",
        "coordinates": [
          130.306271,
          32.729518
        ]
      },
      "properties": {
        "内容": "バス停: 雲仙みかどホテル本館前",
        "name": "雲仙みかどホテル本館前",
        "operator": "事業者不明",
        "ref": "",
        "url": "",
        "url2": ""
      }
    },
    {
      "type": "Feature",
      "geometry": {
        "type": "Point",
        "coordinates": [
          130.3122738,
          32.7338016
        ]
      },
      "properties": {
        "内容": "バス停: 山ノ寺",
        "name": "山ノ寺",
        "operator": "事業者不明",
        "ref": "",
        "url": "",
        "url2": ""
      }
    },
    {
      "type": "Feature",
      "geometry": {
        "type": "Point",
        "coordinates": [
          130.3114597,
          32.7337508
        ]
      },
      "properties": {
        "内容": "バス停: 山ノ寺",
        "name": "山ノ寺",
        "operator": "事業者不明",
        "ref": "",
        "url": "",
        "url2": ""
      }
    },
    {
      "type": "Feature",
      "geometry": {
        "type": "Point",
        "coordinates": [
          130.3248695,
          32.7297685
        ]
      },
      "properties": {
        "内容": "バス停: 池平龍照寺前",
        "name": "池平龍照寺前",
        "operator": "事業者不明",
        "ref": "",
        "url": "",
        "url2": ""
      }
    },
    {
      "type": "Feature",
      "geometry": {
        "type": "Point",
        "coordinates": [
          130.3249352,
          32.7296556
        ]
      },
      "properties": {
        "内容": "バス停: 池平龍照寺前",
        "name": "池平龍照寺前",
        "operator": "事業者不明",
        "ref": "",
        "url": "",
        "url2": ""
      }
    },
    {
      "type": "Feature",
      "geometry": {
        "type": "Point",
        "coordinates": [
          130.3278547,
          32.7303472
        ]
      },
      "properties": {
        "内容": "バス停: 深江運動場前",
        "name": "深江運動場前",
        "operator": "事業者不明",
        "ref": "",
        "url": "",
        "url2": ""
      }
    },
    {
      "type": "Feature",
      "geometry": {
        "type": "Point",
        "coordinates": [
          130.3281391,
          32.7302863
        ]
      },
      "properties": {
        "内容": "バス停: 深江運動場前",
        "name": "深江運動場前",
        "operator": "事業者不明",
        "ref": "",
        "url": "",
        "url2": ""
      }
    },
    {
      "type": "Feature",
      "geometry": {
        "type": "Point",
        "coordinates": [
          130.3351557,
          32.7325742
        ]
      },
      "properties": {
        "内容": "バス停: 島原ニュータウン前",
        "name": "島原ニュータウン前",
        "operator": "事業者不明",
        "ref": "",
        "url": "",
        "url2": ""
      }
    },
    {
      "type": "Feature",
      "geometry": {
        "type": "Point",
        "coordinates": [
          130.3353086,
          32.7324636
        ]
      },
      "properties": {
        "内容": "バス停: 島原ニュータウン前",
        "name": "島原ニュータウン前",
        "operator": "事業者不明",
        "ref": "",
        "url": "",
        "url2": ""
      }
    },
    {
      "type": "Feature",
      "geometry": {
        "type": "Point",
        "coordinates": [
          130.3418156,
          32.7349049
        ]
      },
      "properties": {
        "内容": "バス停: 大野木場",
        "name": "大野木場",
        "operator": "事業者不明",
        "ref": "",
        "url": "",
        "url2": ""
      }
    },
    {
      "type": "Feature",
      "geometry": {
        "type": "Point",
        "coordinates": [
          130.3416064,
          32.7349906
        ]
      },
      "properties": {
        "内容": "バス停: 大野木場",
        "name": "大野木場",
        "operator": "事業者不明",
        "ref": "",
        "url": "",
        "url2": ""
      }
    },
    {
      "type": "Feature",
      "geometry": {
        "type": "Point",
        "coordinates": [
          130.351705,
          32.7418967
        ]
      },
      "properties": {
        "内容": "バス停: 道路建設記念碑前",
        "name": "道路建設記念碑前",
        "operator": "事業者不明",
        "ref": "",
        "url": "",
        "url2": ""
      }
    },
    {
      "type": "Feature",
      "geometry": {
        "type": "Point",
        "coordinates": [
          130.3514233,
          32.7417049
        ]
      },
      "properties": {
        "内容": "バス停: 道路建設記念碑前",
        "name": "道路建設記念碑前",
        "operator": "事業者不明",
        "ref": "",
        "url": "",
        "url2": ""
      }
    },
    {
      "type": "Feature",
      "geometry": {
        "type": "Point",
        "coordinates": [
          130.3580189,
          32.7518002
        ]
      },
      "properties": {
        "内容": "バス停: 門内",
        "name": "門内",
        "operator": "事業者不明",
        "ref": "",
        "url": "",
        "url2": ""
      }
    },
    {
      "type": "Feature",
      "geometry": {
        "type": "Point",
        "coordinates": [
          130.3577507,
          32.7513468
        ]
      },
      "properties": {
        "内容": "バス停: 門内",
        "name": "門内",
        "operator": "事業者不明",
        "ref": "",
        "url": "",
        "url2": ""
      }
    },
    {
      "type": "Feature",
      "geometry": {
        "type": "Point",
        "coordinates": [
          130.3590274,
          32.7543379
        ]
      },
      "properties": {
        "内容": "バス停: 中木場",
        "name": "中木場",
        "operator": "事業者不明",
        "ref": "",
        "url": "",
        "url2": ""
      }
    },
    {
      "type": "Feature",
      "geometry": {
        "type": "Point",
        "coordinates": [
          130.3593171,
          32.7543514
        ]
      },
      "properties": {
        "内容": "バス停: 中木場",
        "name": "中木場",
        "operator": "事業者不明",
        "ref": "",
        "url": "",
        "url2": ""
      }
    },
    {
      "type": "Feature",
      "geometry": {
        "type": "Point",
        "coordinates": [
          130.3616425,
          32.7576786
        ]
      },
      "properties": {
        "内容": "バス停: 下中木場",
        "name": "下中木場",
        "operator": "事業者不明",
        "ref": "",
        "url": "",
        "url2": ""
      }
    },
    {
      "type": "Feature",
      "geometry": {
        "type": "Point",
        "coordinates": [
          130.3617901,
          32.7575703
        ]
      },
      "properties": {
        "内容": "バス停: 下中木場",
        "name": "下中木場",
        "operator": "事業者不明",
        "ref": "",
        "url": "",
        "url2": ""
      }
    },
    {
      "type": "Feature",
      "geometry": {
        "type": "Point",
        "coordinates": [
          130.366893,
          32.7603391
        ]
      },
      "properties": {
        "内容": "バス停: 親和町",
        "name": "親和町",
        "operator": "事業者不明",
        "ref": "",
        "url": "",
        "url2": ""
      }
    },
    {
      "type": "Feature",
      "geometry": {
        "type": "Point",
        "coordinates": [
          130.3666167,
          32.7602838
        ]
      },
      "properties": {
        "内容": "バス停: 親和町",
        "name": "親和町",
        "operator": "事業者不明",
        "ref": "",
        "url": "",
        "url2": ""
      }
    },
    {
      "type": "Feature",
      "geometry": {
        "type": "Point",
        "coordinates": [
          130.3702337,
          32.7633468
        ]
      },
      "properties": {
        "内容": "バス停: 東登山口",
        "name": "東登山口",
        "operator": "事業者不明",
        "ref": "",
        "url": "",
        "url2": ""
      }
    },
    {
      "type": "Feature",
      "geometry": {
        "type": "Point",
        "coordinates": [
          130.3701183,
          32.7633153
        ]
      },
      "properties": {
        "内容": "バス停: 東登山口",
        "name": "東登山口",
        "operator": "事業者不明",
        "ref": "",
        "url": "",
        "url2": ""
      }
    },
    {
      "type": "Feature",
      "geometry": {
        "type": "Point",
        "coordinates": [
          130.3706869,
          32.764955
        ]
      },
      "properties": {
        "内容": "バス停: 下川尻",
        "name": "下川尻",
        "operator": "事業者不明",
        "ref": "",
        "url": "",
        "url2": ""
      }
    },
    {
      "type": "Feature",
      "geometry": {
        "type": "Point",
        "coordinates": [
          130.3709793,
          32.7654489
        ]
      },
      "properties": {
        "内容": "バス停: 下川尻",
        "name": "下川尻",
        "operator": "事業者不明",
        "ref": "",
        "url": "",
        "url2": ""
      }
    },
    {
      "type": "Feature",
      "geometry": {
        "type": "Point",
        "coordinates": [
          130.3722024,
          32.768611
        ]
      },
      "properties": {
        "内容": "バス停: 金刀比羅神社",
        "name": "金刀比羅神社",
        "operator": "事業者不明",
        "ref": "",
        "url": "",
        "url2": ""
      }
    },
    {
      "type": "Feature",
      "geometry": {
        "type": "Point",
        "coordinates": [
          130.3723137,
          32.7691478
        ]
      },
      "properties": {
        "内容": "バス停: 金刀比羅神社",
        "name": "金刀比羅神社",
        "operator": "事業者不明",
        "ref": "",
        "url": "",
        "url2": ""
      }
    },
    {
      "type": "Feature",
      "geometry": {
        "type": "Point",
        "coordinates": [
          130.3732377,
          32.771764
        ]
      },
      "properties": {
        "内容": "バス停: 中組",
        "name": "中組",
        "operator": "事業者不明",
        "ref": "",
        "url": "",
        "url2": ""
      }
    },
    {
      "type": "Feature",
      "geometry": {
        "type": "Point",
        "coordinates": [
          130.3730607,
          32.7722241
        ]
      },
      "properties": {
        "内容": "バス停: 中組",
        "name": "中組",
        "operator": "事業者不明",
        "ref": "",
        "url": "",
        "url2": ""
      }
    },
    {
      "type": "Feature",
      "geometry": {
        "type": "Point",
        "coordinates": [
          130.3735301,
          32.7752574
        ]
      },
      "properties": {
        "内容": "バス停: 湊広馬場",
        "name": "湊広馬場",
        "operator": "事業者不明",
        "ref": "",
        "url": "",
        "url2": ""
      }
    },
    {
      "type": "Feature",
      "geometry": {
        "type": "Point",
        "coordinates": [
          130.3734148,
          32.7757287
        ]
      },
      "properties": {
        "内容": "バス停: 湊広馬場",
        "name": "湊広馬場",
        "operator": "事業者不明",
        "ref": "",
        "url": "",
        "url2": ""
      }
    },
    {
      "type": "Feature",
      "geometry": {
        "type": "Point",
        "coordinates": [
          130.3736159,
          32.7777989
        ]
      },
      "properties": {
        "内容": "バス停: 浦田船津",
        "name": "浦田船津",
        "operator": "事業者不明",
        "ref": "",
        "url": "",
        "url2": ""
      }
    },
    {
      "type": "Feature",
      "geometry": {
        "type": "Point",
        "coordinates": [
          130.373522,
          32.7781079
        ]
      },
      "properties": {
        "内容": "バス停: 浦田船津",
        "name": "浦田船津",
        "operator": "事業者不明",
        "ref": "",
        "url": "",
        "url2": ""
      }
    },
    {
      "type": "Feature",
      "geometry": {
        "type": "Point",
        "coordinates": [
          130.3736722,
          32.7790753
        ]
      },
      "properties": {
        "内容": "バス停: 桃山",
        "name": "桃山",
        "operator": "事業者不明",
        "ref": "",
        "url": "",
        "url2": ""
      }
    },
    {
      "type": "Feature",
      "geometry": {
        "type": "Point",
        "coordinates": [
          130.3735837,
          32.7801555
        ]
      },
      "properties": {
        "内容": "バス停: 桃山",
        "name": "桃山",
        "operator": "事業者不明",
        "ref": "",
        "url": "",
        "url2": ""
      }
    },
    {
      "type": "Feature",
      "geometry": {
        "type": "Point",
        "coordinates": [
          130.3734282,
          32.7824467
        ]
      },
      "properties": {
        "内容": "バス停: イオン島原店前",
        "name": "イオン島原店前",
        "operator": "事業者不明",
        "ref": "",
        "url": "",
        "url2": ""
      }
    },
    {
      "type": "Feature",
      "geometry": {
        "type": "Point",
        "coordinates": [
          130.3733477,
          32.7822505
        ]
      },
      "properties": {
        "内容": "バス停: イオン島原店前",
        "name": "イオン島原店前",
        "operator": "事業者不明",
        "ref": "",
        "url": "",
        "url2": ""
      }
    },
    {
      "type": "Feature",
      "geometry": {
        "type": "Point",
        "coordinates": [
          130.3723848,
          32.7856036
        ]
      },
      "properties": {
        "内容": "バス停: 商工会議所前",
        "name": "商工会議所前",
        "operator": "事業者不明",
        "ref": "",
        "url": "",
        "url2": ""
      }
    },
    {
      "type": "Feature",
      "geometry": {
        "type": "Point",
        "coordinates": [
          130.3722963,
          32.7862801
        ]
      },
      "properties": {
        "内容": "バス停: 商工会議所前",
        "name": "商工会議所前",
        "operator": "事業者不明",
        "ref": "",
        "url": "",
        "url2": ""
      }
    },
    {
      "type": "Feature",
      "geometry": {
        "type": "Point",
        "coordinates": [
          130.3696221,
          32.7879307
        ]
      },
      "properties": {
        "内容": "バス停: 大手",
        "name": "大手",
        "operator": "事業者不明",
        "ref": "",
        "url": "",
        "url2": ""
      }
    },
    {
      "type": "Feature",
      "geometry": {
        "type": "Point",
        "coordinates": [
          130.3699413,
          32.7882577
        ]
      },
      "properties": {
        "内容": "バス停: 大手",
        "name": "大手",
        "operator": "事業者不明",
        "ref": "",
        "url": "",
        "url2": ""
      }
    },
    {
      "type": "Feature",
      "geometry": {
        "type": "Point",
        "coordinates": [
          130.2606037,
          32.7329442
        ]
      },
      "properties": {
        "内容": "バス停: 島鉄バス車庫入口",
        "name": "島鉄バス車庫入口",
        "operator": "事業者不明",
        "ref": "",
        "url": "",
        "url2": ""
      }
    },
    {
      "type": "Feature",
      "geometry": {
        "type": "Point",
        "coordinates": [
          130.262374,
          32.732062
        ]
      },
      "properties": {
        "内容": "バス停: 小地獄",
        "name": "小地獄",
        "operator": "事業者不明",
        "ref": "",
        "url": "",
        "url2": ""
      }
    },
    {
      "type": "Feature",
      "geometry": {
        "type": "Point",
        "coordinates": [
          130.2634469,
          32.7317416
        ]
      },
      "properties": {
        "内容": "バス停: 青雲荘",
        "name": "青雲荘",
        "operator": "事業者不明",
        "ref": "",
        "url": "",
        "url2": ""
      }
    },
    {
      "type": "Feature",
      "geometry": {
        "type": "Point",
        "coordinates": [
          130.2624813,
          32.7319718
        ]
      },
      "properties": {
        "内容": "バス停: 小地獄",
        "name": "小地獄",
        "operator": "事業者不明",
        "ref": "",
        "url": "",
        "url2": ""
      }
    },
    {
      "type": "Feature",
      "geometry": {
        "type": "Point",
        "coordinates": [
          130.26353,
          32.7316108
        ]
      },
      "properties": {
        "内容": "バス停: 青雲荘",
        "name": "青雲荘",
        "operator": "事業者不明",
        "ref": "",
        "url": "",
        "url2": ""
      }
    },
    {
      "type": "Feature",
      "geometry": {
        "type": "Point",
        "coordinates": [
          130.2118465,
          32.7478795
        ]
      },
      "properties": {
        "内容": "バス停: 小浜高",
        "name": "小浜高",
        "operator": "事業者不明",
        "ref": "",
        "url": "",
        "url2": ""
      }
    },
    {
      "type": "Feature",
      "geometry": {
        "type": "Point",
        "coordinates": [
          129.8362836,
          32.7358695
        ]
      },
      "properties": {
        "内容": "バス停: 名称不明バス停",
        "name": "名称不明バス停",
        "operator": "事業者不明",
        "ref": "",
        "url": "",
        "url2": ""
      }
    },
    {
      "type": "Feature",
      "geometry": {
        "type": "Point",
        "coordinates": [
          129.8361259,
          32.7358453
        ]
      },
      "properties": {
        "内容": "バス停: 名称不明バス停",
        "name": "名称不明バス停",
        "operator": "事業者不明",
        "ref": "",
        "url": "",
        "url2": ""
      }
    },
    {
      "type": "Feature",
      "geometry": {
        "type": "Point",
        "coordinates": [
          129.8899443,
          32.7817816
        ]
      },
      "properties": {
        "内容": "バス停: 西山台団地バス停",
        "name": "西山台団地バス停",
        "operator": "事業者不明",
        "ref": "",
        "url": "",
        "url2": ""
      }
    },
    {
      "type": "Feature",
      "geometry": {
        "type": "Point",
        "coordinates": [
          129.8917067,
          32.7817052
        ]
      },
      "properties": {
        "内容": "バス停: 西山台二丁目 バス停",
        "name": "西山台二丁目 バス停",
        "operator": "事業者不明",
        "ref": "",
        "url": "",
        "url2": ""
      }
    },
    {
      "type": "Feature",
      "geometry": {
        "type": "Point",
        "coordinates": [
          130.3517071,
          32.8250601
        ]
      },
      "properties": {
        "内容": "バス停: 洗切バス停",
        "name": "洗切バス停",
        "operator": "事業者不明",
        "ref": "",
        "url": "",
        "url2": ""
      }
    },
    {
      "type": "Feature",
      "geometry": {
        "type": "Point",
        "coordinates": [
          130.3522242,
          32.8244537
        ]
      },
      "properties": {
        "内容": "バス停: 洗切バス停",
        "name": "洗切バス停",
        "operator": "事業者不明",
        "ref": "",
        "url": "",
        "url2": ""
      }
    },
    {
      "type": "Feature",
      "geometry": {
        "type": "Point",
        "coordinates": [
          130.3649085,
          32.8001833
        ]
      },
      "properties": {
        "内容": "バス停: 北門バス停",
        "name": "北門バス停",
        "operator": "事業者不明",
        "ref": "",
        "url": "",
        "url2": ""
      }
    },
    {
      "type": "Feature",
      "geometry": {
        "type": "Point",
        "coordinates": [
          130.3643318,
          32.8008643
        ]
      },
      "properties": {
        "内容": "バス停: 北門バス停",
        "name": "北門バス停",
        "operator": "事業者不明",
        "ref": "",
        "url": "",
        "url2": ""
      }
    },
    {
      "type": "Feature",
      "geometry": {
        "type": "Point",
        "coordinates": [
          130.3628592,
          32.8042134
        ]
      },
      "properties": {
        "内容": "バス停: 二軒茶屋バス停",
        "name": "二軒茶屋バス停",
        "operator": "事業者不明",
        "ref": "",
        "url": "",
        "url2": ""
      }
    },
    {
      "type": "Feature",
      "geometry": {
        "type": "Point",
        "coordinates": [
          130.3624646,
          32.8045893
        ]
      },
      "properties": {
        "内容": "バス停: 二軒茶屋バス停",
        "name": "二軒茶屋バス停",
        "operator": "事業者不明",
        "ref": "",
        "url": "",
        "url2": ""
      }
    },
    {
      "type": "Feature",
      "geometry": {
        "type": "Point",
        "coordinates": [
          130.3616556,
          32.8065678
        ]
      },
      "properties": {
        "内容": "バス停: 前浜バス停",
        "name": "前浜バス停",
        "operator": "事業者不明",
        "ref": "",
        "url": "",
        "url2": ""
      }
    },
    {
      "type": "Feature",
      "geometry": {
        "type": "Point",
        "coordinates": [
          130.3612937,
          32.8070051
        ]
      },
      "properties": {
        "内容": "バス停: 前浜バス停",
        "name": "前浜バス停",
        "operator": "事業者不明",
        "ref": "",
        "url": "",
        "url2": ""
      }
    },
    {
      "type": "Feature",
      "geometry": {
        "type": "Point",
        "coordinates": [
          130.3587628,
          32.8117582
        ]
      },
      "properties": {
        "内容": "バス停: 新港入口バス停",
        "name": "新港入口バス停",
        "operator": "事業者不明",
        "ref": "",
        "url": "",
        "url2": ""
      }
    },
    {
      "type": "Feature",
      "geometry": {
        "type": "Point",
        "coordinates": [
          130.3583372,
          32.8128054
        ]
      },
      "properties": {
        "内容": "バス停: 新港入口バス停",
        "name": "新港入口バス停",
        "operator": "事業者不明",
        "ref": "",
        "url": "",
        "url2": ""
      }
    },
    {
      "type": "Feature",
      "geometry": {
        "type": "Point",
        "coordinates": [
          130.3568638,
          32.8145677
        ]
      },
      "properties": {
        "内容": "バス停: 三会駅前バス停",
        "name": "三会駅前バス停",
        "operator": "事業者不明",
        "ref": "",
        "url": "",
        "url2": ""
      }
    },
    {
      "type": "Feature",
      "geometry": {
        "type": "Point",
        "coordinates": [
          130.3566723,
          32.8150897
        ]
      },
      "properties": {
        "内容": "バス停: 三会駅前バス停",
        "name": "三会駅前バス停",
        "operator": "事業者不明",
        "ref": "",
        "url": "",
        "url2": ""
      }
    },
    {
      "type": "Feature",
      "geometry": {
        "type": "Point",
        "coordinates": [
          130.354217,
          32.8194762
        ]
      },
      "properties": {
        "内容": "バス停: 三会神社前バス停",
        "name": "三会神社前バス停",
        "operator": "事業者不明",
        "ref": "",
        "url": "",
        "url2": ""
      }
    },
    {
      "type": "Feature",
      "geometry": {
        "type": "Point",
        "coordinates": [
          130.3540241,
          32.8199283
        ]
      },
      "properties": {
        "内容": "バス停: 三会神社前バス停",
        "name": "三会神社前バス停",
        "operator": "事業者不明",
        "ref": "",
        "url": "",
        "url2": ""
      }
    },
    {
      "type": "Feature",
      "geometry": {
        "type": "Point",
        "coordinates": [
          130.3496452,
          32.8289699
        ]
      },
      "properties": {
        "内容": "バス停: 鼻ノ﨑バス停",
        "name": "鼻ノ﨑バス停",
        "operator": "事業者不明",
        "ref": "",
        "url": "",
        "url2": ""
      }
    },
    {
      "type": "Feature",
      "geometry": {
        "type": "Point",
        "coordinates": [
          130.3491799,
          32.8295161
        ]
      },
      "properties": {
        "内容": "バス停: 鼻ノ﨑バス停",
        "name": "鼻ノ﨑バス停",
        "operator": "事業者不明",
        "ref": "",
        "url": "",
        "url2": ""
      }
    },
    {
      "type": "Feature",
      "geometry": {
        "type": "Point",
        "coordinates": [
          130.3693038,
          32.792579
        ]
      },
      "properties": {
        "内容": "バス停: 宮ノ丁 バス停",
        "name": "宮ノ丁 バス停",
        "operator": "事業者不明",
        "ref": "",
        "url": "",
        "url2": ""
      }
    },
    {
      "type": "Feature",
      "geometry": {
        "type": "Point",
        "coordinates": [
          130.3687448,
          32.7934351
        ]
      },
      "properties": {
        "内容": "バス停: 宮ノ丁 バス停",
        "name": "宮ノ丁 バス停",
        "operator": "事業者不明",
        "ref": "",
        "url": "",
        "url2": ""
      }
    },
    {
      "type": "Feature",
      "geometry": {
        "type": "Point",
        "coordinates": [
          129.5963574,
          32.8824638
        ]
      },
      "properties": {
        "内容": "バス停: グランド前 (長崎バス)",
        "name": "グランド前",
        "operator": "長崎バス",
        "ref": "",
        "url": "",
        "url2": ""
      }
    },
    {
      "type": "Feature",
      "geometry": {
        "type": "Point",
        "coordinates": [
          129.8762379,
          32.7550813
        ]
      },
      "properties": {
        "内容": "バス停: 名称不明バス停",
        "name": "名称不明バス停",
        "operator": "事業者不明",
        "ref": "",
        "url": "",
        "url2": ""
      }
    },
    {
      "type": "Feature",
      "geometry": {
        "type": "Point",
        "coordinates": [
          129.6816335,
          32.8798066
        ]
      },
      "properties": {
        "内容": "バス停: 神の浦 (長崎バス)",
        "name": "神の浦",
        "operator": "長崎バス",
        "ref": "",
        "url": "",
        "url2": ""
      }
    },
    {
      "type": "Feature",
      "geometry": {
        "type": "Point",
        "coordinates": [
          129.6815769,
          32.8797643
        ]
      },
      "properties": {
        "内容": "バス停: 神の浦 (長崎バス)",
        "name": "神の浦",
        "operator": "長崎バス",
        "ref": "",
        "url": "",
        "url2": ""
      }
    },
    {
      "type": "Feature",
      "geometry": {
        "type": "Point",
        "coordinates": [
          129.6040398,
          32.8890607
        ]
      },
      "properties": {
        "内容": "バス停: 桟橋前 (長崎バス)",
        "name": "桟橋前",
        "operator": "長崎バス",
        "ref": "",
        "url": "",
        "url2": ""
      }
    },
    {
      "type": "Feature",
      "geometry": {
        "type": "Point",
        "coordinates": [
          129.6060803,
          32.8884494
        ]
      },
      "properties": {
        "内容": "バス停: 池の口 (長崎バス)",
        "name": "池の口",
        "operator": "長崎バス",
        "ref": "",
        "url": "",
        "url2": ""
      }
    },
    {
      "type": "Feature",
      "geometry": {
        "type": "Point",
        "coordinates": [
          129.6010066,
          32.8879593
        ]
      },
      "properties": {
        "内容": "バス停: 変電所前 (長崎バス)",
        "name": "変電所前",
        "operator": "長崎バス",
        "ref": "",
        "url": "",
        "url2": ""
      }
    },
    {
      "type": "Feature",
      "geometry": {
        "type": "Point",
        "coordinates": [
          129.6002091,
          32.8847079
        ]
      },
      "properties": {
        "内容": "バス停: 鉱業所",
        "name": "鉱業所",
        "operator": "事業者不明",
        "ref": "",
        "url": "",
        "url2": ""
      }
    },
    {
      "type": "Feature",
      "geometry": {
        "type": "Point",
        "coordinates": [
          129.5998685,
          32.8836106
        ]
      },
      "properties": {
        "内容": "バス停: 新店街通り (長崎バス)",
        "name": "新店街通り",
        "operator": "長崎バス",
        "ref": "",
        "url": "",
        "url2": ""
      }
    },
    {
      "type": "Feature",
      "geometry": {
        "type": "Point",
        "coordinates": [
          129.598796,
          32.881873
        ]
      },
      "properties": {
        "内容": "バス停: グランド前 (長崎バス)",
        "name": "グランド前",
        "operator": "長崎バス",
        "ref": "",
        "url": "",
        "url2": ""
      }
    },
    {
      "type": "Feature",
      "geometry": {
        "type": "Point",
        "coordinates": [
          129.593806,
          32.8822304
        ]
      },
      "properties": {
        "内容": "バス停: 神社下 (長崎バス)",
        "name": "神社下",
        "operator": "長崎バス",
        "ref": "",
        "url": "",
        "url2": ""
      }
    },
    {
      "type": "Feature",
      "geometry": {
        "type": "Point",
        "coordinates": [
          129.5997847,
          32.8837382
        ]
      },
      "properties": {
        "内容": "バス停: 新店街通り (長崎バス)",
        "name": "新店街通り",
        "operator": "長崎バス",
        "ref": "",
        "url": "",
        "url2": ""
      }
    },
    {
      "type": "Feature",
      "geometry": {
        "type": "Point",
        "coordinates": [
          129.5979108,
          32.8863683
        ]
      },
      "properties": {
        "内容": "バス停: 郷東 (長崎バス)",
        "name": "郷東",
        "operator": "長崎バス",
        "ref": "",
        "url": "",
        "url2": ""
      }
    },
    {
      "type": "Feature",
      "geometry": {
        "type": "Point",
        "coordinates": [
          129.6397647,
          32.9362152
        ]
      },
      "properties": {
        "内容": "バス停: 松島行桟橋前",
        "name": "松島行桟橋前",
        "operator": "事業者不明",
        "ref": "",
        "url": "",
        "url2": ""
      }
    },
    {
      "type": "Feature",
      "geometry": {
        "type": "Point",
        "coordinates": [
          129.6399428,
          32.938996
        ]
      },
      "properties": {
        "内容": "バス停: NTT大瀬戸 (長崎バス)",
        "name": "NTT大瀬戸",
        "operator": "長崎バス",
        "ref": "",
        "url": "",
        "url2": ""
      }
    },
    {
      "type": "Feature",
      "geometry": {
        "type": "Point",
        "coordinates": [
          129.6406717,
          32.9342695
        ]
      },
      "properties": {
        "内容": "バス停: 樫の浦 (長崎バス)",
        "name": "樫の浦",
        "operator": "長崎バス",
        "ref": "",
        "url": "",
        "url2": ""
      }
    },
    {
      "type": "Feature",
      "geometry": {
        "type": "Point",
        "coordinates": [
          129.6428406,
          32.9324563
        ]
      },
      "properties": {
        "内容": "バス停: 西海市役所前 (長崎バス)",
        "name": "西海市役所前",
        "operator": "長崎バス",
        "ref": "",
        "url": "",
        "url2": ""
      }
    },
    {
      "type": "Feature",
      "geometry": {
        "type": "Point",
        "coordinates": [
          129.866821,
          32.7683278
        ]
      },
      "properties": {
        "内容": "バス停: 名称不明バス停",
        "name": "名称不明バス停",
        "operator": "事業者不明",
        "ref": "",
        "url": "",
        "url2": ""
      }
    },
    {
      "type": "Feature",
      "geometry": {
        "type": "Point",
        "coordinates": [
          130.2534269,
          32.635422
        ]
      },
      "properties": {
        "内容": "バス停: 名称不明バス停",
        "name": "名称不明バス停",
        "operator": "事業者不明",
        "ref": "",
        "url": "",
        "url2": ""
      }
    },
    {
      "type": "Feature",
      "geometry": {
        "type": "Point",
        "coordinates": [
          129.5830327,
          33.3638657
        ]
      },
      "properties": {
        "内容": "バス停: 平戸口駅前",
        "name": "平戸口駅前",
        "operator": "事業者不明",
        "ref": "",
        "url": "",
        "url2": ""
      }
    },
    {
      "type": "Feature",
      "geometry": {
        "type": "Point",
        "coordinates": [
          129.5566499,
          33.3649346
        ]
      },
      "properties": {
        "内容": "バス停: 名称不明バス停",
        "name": "名称不明バス停",
        "operator": "事業者不明",
        "ref": "",
        "url": "",
        "url2": ""
      }
    },
    {
      "type": "Feature",
      "geometry": {
        "type": "Point",
        "coordinates": [
          129.5600791,
          33.3606708
        ]
      },
      "properties": {
        "内容": "バス停: 名称不明バス停",
        "name": "名称不明バス停",
        "operator": "事業者不明",
        "ref": "",
        "url": "",
        "url2": ""
      }
    },
    {
      "type": "Feature",
      "geometry": {
        "type": "Point",
        "coordinates": [
          129.8722992,
          32.7523697
        ]
      },
      "properties": {
        "内容": "バス停: Expressway Bus Terminal",
        "name": "Expressway Bus Terminal",
        "operator": "事業者不明",
        "ref": "",
        "url": "",
        "url2": ""
      }
    },
    {
      "type": "Feature",
      "geometry": {
        "type": "Point",
        "coordinates": [
          129.8716589,
          32.8334735
        ]
      },
      "properties": {
        "内容": "バス停: 寺の下",
        "name": "寺の下",
        "operator": "事業者不明",
        "ref": "",
        "url": "",
        "url2": ""
      }
    },
    {
      "type": "Feature",
      "geometry": {
        "type": "Point",
        "coordinates": [
          129.8733077,
          32.8382537
        ]
      },
      "properties": {
        "内容": "バス停: 舟津橋",
        "name": "舟津橋",
        "operator": "事業者不明",
        "ref": "",
        "url": "",
        "url2": ""
      }
    },
    {
      "type": "Feature",
      "geometry": {
        "type": "Point",
        "coordinates": [
          129.8727788,
          32.830582
        ]
      },
      "properties": {
        "内容": "バス停: 定林橋",
        "name": "定林橋",
        "operator": "事業者不明",
        "ref": "",
        "url": "",
        "url2": ""
      }
    },
    {
      "type": "Feature",
      "geometry": {
        "type": "Point",
        "coordinates": [
          129.8714531,
          32.833025
        ]
      },
      "properties": {
        "内容": "バス停: 寺の下",
        "name": "寺の下",
        "operator": "事業者不明",
        "ref": "",
        "url": "",
        "url2": ""
      }
    },
    {
      "type": "Feature",
      "geometry": {
        "type": "Point",
        "coordinates": [
          129.9233112,
          33.0362313
        ]
      },
      "properties": {
        "内容": "バス停: 東彼杵インター",
        "name": "東彼杵インター",
        "operator": "事業者不明",
        "ref": "",
        "url": "",
        "url2": ""
      }
    },
    {
      "type": "Feature",
      "geometry": {
        "type": "Point",
        "coordinates": [
          130.175833,
          32.6117068
        ]
      },
      "properties": {
        "内容": "バス停: 名称不明バス停",
        "name": "名称不明バス停",
        "operator": "事業者不明",
        "ref": "",
        "url": "",
        "url2": ""
      }
    },
    {
      "type": "Feature",
      "geometry": {
        "type": "Point",
        "coordinates": [
          130.1756045,
          32.6116944
        ]
      },
      "properties": {
        "内容": "バス停: 名称不明バス停",
        "name": "名称不明バス停",
        "operator": "事業者不明",
        "ref": "",
        "url": "",
        "url2": ""
      }
    }
  ]
}