{
"type": "FeatureCollection",
"name": "geo_42_3",
"crs": { "type": "name", "properties": { "name": "urn:ogc:def:crs:OGC:1.3:CRS84" } },
"features": [
{ "type": "Feature", "properties": { "ID": "423cna0723", "正式名称": "たけみつ歯科口腔外科", "機関区分": 3, "都道府県コード": 42, "市区町村コード": 201, "所在地": "長崎県長崎市平和町１１番地２号", "緯度": 32.775178, "経度": 129.864602, "url": "https://www.iryou.teikyouseido.mhlw.go.jp/znk-web/juminkanja/S2430/initialize?prefCd=42&kikanCd=cna0723&kikanKbn=3", "url2": "https://www.takemitsu-dos.com/", "内容": "たけみつ歯科口腔外科【3:歯科】長崎県長崎市平和町１１番地２号" }, "geometry": { "type": "Point", "coordinates": [ 129.864602, 32.775178 ] } },
{ "type": "Feature", "properties": { "ID": "423dgo0001", "正式名称": "医療法人　こまき歯科医院", "機関区分": 3, "都道府県コード": 42, "市区町村コード": 211, "所在地": "長崎県五島市中央町４番地１", "緯度": 32.695007, "経度": 128.843085, "url": "https://www.iryou.teikyouseido.mhlw.go.jp/znk-web/juminkanja/S2430/initialize?prefCd=42&kikanCd=dgo0001&kikanKbn=3", "url2": "http://www.komaki-dc.com/", "内容": "医療法人　こまき歯科医院【3:歯科】長崎県五島市中央町４番地１" }, "geometry": { "type": "Point", "coordinates": [ 128.843085, 32.695007 ] } },
{ "type": "Feature", "properties": { "ID": "423dgo0002", "正式名称": "医療法人よこやま歯科医院", "機関区分": 3, "都道府県コード": 42, "市区町村コード": 211, "所在地": "長崎県五島市幸町８ー２５", "緯度": 32.694577, "経度": 128.840663, "url": "https://www.iryou.teikyouseido.mhlw.go.jp/znk-web/juminkanja/S2430/initialize?prefCd=42&kikanCd=dgo0002&kikanKbn=3", "url2": null, "内容": "医療法人よこやま歯科医院【3:歯科】長崎県五島市幸町８ー２５" }, "geometry": { "type": "Point", "coordinates": [ 128.840663, 32.694577 ] } },
{ "type": "Feature", "properties": { "ID": "423dgo0003", "正式名称": "岩本歯科診療所", "機関区分": 3, "都道府県コード": 42, "市区町村コード": 211, "所在地": "長崎県五島市上大津町１１３番地", "緯度": 32.687873, "経度": 128.849567, "url": "https://www.iryou.teikyouseido.mhlw.go.jp/znk-web/juminkanja/S2430/initialize?prefCd=42&kikanCd=dgo0003&kikanKbn=3", "url2": null, "内容": "岩本歯科診療所【3:歯科】長崎県五島市上大津町１１３番地" }, "geometry": { "type": "Point", "coordinates": [ 128.849567, 32.687873 ] } },
{ "type": "Feature", "properties": { "ID": "423dgo0004", "正式名称": "大坪歯科医院", "機関区分": 3, "都道府県コード": 42, "市区町村コード": 211, "所在地": "長崎県五島市大荒町２３５ー１", "緯度": 32.697764, "経度": 128.836661, "url": "https://www.iryou.teikyouseido.mhlw.go.jp/znk-web/juminkanja/S2430/initialize?prefCd=42&kikanCd=dgo0004&kikanKbn=3", "url2": null, "内容": "大坪歯科医院【3:歯科】長崎県五島市大荒町２３５ー１" }, "geometry": { "type": "Point", "coordinates": [ 128.836661, 32.697764 ] } },
{ "type": "Feature", "properties": { "ID": "423dgo0006", "正式名称": "国民健康保険岐宿歯科診療所", "機関区分": 3, "都道府県コード": 42, "市区町村コード": 211, "所在地": "長崎県五島市岐宿町岐宿２５３５番地", "緯度": 32.750047, "経度": 128.760091, "url": "https://www.iryou.teikyouseido.mhlw.go.jp/znk-web/juminkanja/S2430/initialize?prefCd=42&kikanCd=dgo0006&kikanKbn=3", "url2": null, "内容": "国民健康保険岐宿歯科診療所【3:歯科】長崎県五島市岐宿町岐宿２５３５番地" }, "geometry": { "type": "Point", "coordinates": [ 128.760091, 32.750047 ] } },
{ "type": "Feature", "properties": { "ID": "423dgo0007", "正式名称": "国民健康保険岐宿歯科診療所山内出張所", "機関区分": 3, "都道府県コード": 42, "市区町村コード": 211, "所在地": "長崎県五島市岐宿町中嶽１０７３番地１", "緯度": 32.686701, "経度": 128.735366, "url": "https://www.iryou.teikyouseido.mhlw.go.jp/znk-web/juminkanja/S2430/initialize?prefCd=42&kikanCd=dgo0007&kikanKbn=3", "url2": null, "内容": "国民健康保険岐宿歯科診療所山内出張所【3:歯科】長崎県五島市岐宿町中嶽１０７３番地１" }, "geometry": { "type": "Point", "coordinates": [ 128.735366, 32.686701 ] } },
{ "type": "Feature", "properties": { "ID": "423dgo0009", "正式名称": "近藤歯科医院", "機関区分": 3, "都道府県コード": 42, "市区町村コード": 211, "所在地": "長崎県五島市富江町富江１６０ー３", "緯度": 32.614159, "経度": 128.767554, "url": "https://www.iryou.teikyouseido.mhlw.go.jp/znk-web/juminkanja/S2430/initialize?prefCd=42&kikanCd=dgo0009&kikanKbn=3", "url2": null, "内容": "近藤歯科医院【3:歯科】長崎県五島市富江町富江１６０ー３" }, "geometry": { "type": "Point", "coordinates": [ 128.767554, 32.614159 ] } },
{ "type": "Feature", "properties": { "ID": "423dgo0010", "正式名称": "才津歯科医院", "機関区分": 3, "都道府県コード": 42, "市区町村コード": 211, "所在地": "長崎県五島市幸町２－３", "緯度": 32.693169, "経度": 128.840827, "url": "https://www.iryou.teikyouseido.mhlw.go.jp/znk-web/juminkanja/S2430/initialize?prefCd=42&kikanCd=dgo0010&kikanKbn=3", "url2": null, "内容": "才津歯科医院【3:歯科】長崎県五島市幸町２－３" }, "geometry": { "type": "Point", "coordinates": [ 128.840827, 32.693169 ] } },
{ "type": "Feature", "properties": { "ID": "423dgo0012", "正式名称": "沢本歯科医院", "機関区分": 3, "都道府県コード": 42, "市区町村コード": 211, "所在地": "長崎県五島市栄町７－１１", "緯度": 32.696561, "経度": 128.846034, "url": "https://www.iryou.teikyouseido.mhlw.go.jp/znk-web/juminkanja/S2430/initialize?prefCd=42&kikanCd=dgo0012&kikanKbn=3", "url2": null, "内容": "沢本歯科医院【3:歯科】長崎県五島市栄町７－１１" }, "geometry": { "type": "Point", "coordinates": [ 128.846034, 32.696561 ] } },
{ "type": "Feature", "properties": { "ID": "423dgo0014", "正式名称": "長滝歯科医院", "機関区分": 3, "都道府県コード": 42, "市区町村コード": 211, "所在地": "長崎県五島市幸町１番地７", "緯度": 32.693866, "経度": 128.841072, "url": "https://www.iryou.teikyouseido.mhlw.go.jp/znk-web/juminkanja/S2430/initialize?prefCd=42&kikanCd=dgo0014&kikanKbn=3", "url2": null, "内容": "長滝歯科医院【3:歯科】長崎県五島市幸町１番地７" }, "geometry": { "type": "Point", "coordinates": [ 128.841072, 32.693866 ] } },
{ "type": "Feature", "properties": { "ID": "423dgo0019", "正式名称": "米山歯科医院", "機関区分": 3, "都道府県コード": 42, "市区町村コード": 211, "所在地": "長崎県五島市三井楽町浜ノ畔１２３３", "緯度": 32.744897, "経度": 128.679194, "url": "https://www.iryou.teikyouseido.mhlw.go.jp/znk-web/juminkanja/S2430/initialize?prefCd=42&kikanCd=dgo0019&kikanKbn=3", "url2": null, "内容": "米山歯科医院【3:歯科】長崎県五島市三井楽町浜ノ畔１２３３" }, "geometry": { "type": "Point", "coordinates": [ 128.679194, 32.744897 ] } },
{ "type": "Feature", "properties": { "ID": "423dgo0022", "正式名称": "奈留歯科診療所", "機関区分": 3, "都道府県コード": 42, "市区町村コード": 211, "所在地": "長崎県五島市奈留町浦１７５０番地１", "緯度": 32.831191, "経度": 128.934011, "url": "https://www.iryou.teikyouseido.mhlw.go.jp/znk-web/juminkanja/S2430/initialize?prefCd=42&kikanCd=dgo0022&kikanKbn=3", "url2": null, "内容": "奈留歯科診療所【3:歯科】長崎県五島市奈留町浦１７５０番地１" }, "geometry": { "type": "Point", "coordinates": [ 128.934011, 32.831191 ] } },
{ "type": "Feature", "properties": { "ID": "423dik0001", "正式名称": "赤木玉水堂歯科診療所", "機関区分": 3, "都道府県コード": 42, "市区町村コード": 210, "所在地": "長崎県壱岐市郷ノ浦町本村触１２９番地", "緯度": 33.750923, "経度": 129.691983, "url": "https://www.iryou.teikyouseido.mhlw.go.jp/znk-web/juminkanja/S2430/initialize?prefCd=42&kikanCd=dik0001&kikanKbn=3", "url2": null, "内容": "赤木玉水堂歯科診療所【3:歯科】長崎県壱岐市郷ノ浦町本村触１２９番地" }, "geometry": { "type": "Point", "coordinates": [ 129.691983, 33.750923 ] } },
{ "type": "Feature", "properties": { "ID": "423dik0003", "正式名称": "医療法人光武歯科医院", "機関区分": 3, "都道府県コード": 42, "市区町村コード": 210, "所在地": "長崎県壱岐市郷ノ浦町郷ノ浦", "緯度": 33.747735, "経度": 129.691096, "url": "https://www.iryou.teikyouseido.mhlw.go.jp/znk-web/juminkanja/S2430/initialize?prefCd=42&kikanCd=dik0003&kikanKbn=3", "url2": null, "内容": "医療法人光武歯科医院【3:歯科】長崎県壱岐市郷ノ浦町郷ノ浦" }, "geometry": { "type": "Point", "coordinates": [ 129.691096, 33.747735 ] } },
{ "type": "Feature", "properties": { "ID": "423dik0004", "正式名称": "医療法人　村瀬歯科医院", "機関区分": 3, "都道府県コード": 42, "市区町村コード": 210, "所在地": "長崎県壱岐市郷ノ浦町郷ノ浦１２３", "緯度": 33.747766, "経度": 129.689827, "url": "https://www.iryou.teikyouseido.mhlw.go.jp/znk-web/juminkanja/S2430/initialize?prefCd=42&kikanCd=dik0004&kikanKbn=3", "url2": null, "内容": "医療法人　村瀬歯科医院【3:歯科】長崎県壱岐市郷ノ浦町郷ノ浦１２３" }, "geometry": { "type": "Point", "coordinates": [ 129.689827, 33.747766 ] } },
{ "type": "Feature", "properties": { "ID": "423dik0005", "正式名称": "医療法人　百田歯科医院", "機関区分": 3, "都道府県コード": 42, "市区町村コード": 210, "所在地": "長崎県壱岐市芦辺町諸吉大石触４２７－５", "緯度": 33.805832, "経度": 129.749818, "url": "https://www.iryou.teikyouseido.mhlw.go.jp/znk-web/juminkanja/S2430/initialize?prefCd=42&kikanCd=dik0005&kikanKbn=3", "url2": "http://www.hyakuda-shika.com/", "内容": "医療法人　百田歯科医院【3:歯科】長崎県壱岐市芦辺町諸吉大石触４２７－５" }, "geometry": { "type": "Point", "coordinates": [ 129.749818, 33.805832 ] } },
{ "type": "Feature", "properties": { "ID": "423dik0006", "正式名称": "江畑歯科医院", "機関区分": 3, "都道府県コード": 42, "市区町村コード": 210, "所在地": "長崎県壱岐市石田町印通寺浦３２７番地２", "緯度": 33.74441, "経度": 129.753039, "url": "https://www.iryou.teikyouseido.mhlw.go.jp/znk-web/juminkanja/S2430/initialize?prefCd=42&kikanCd=dik0006&kikanKbn=3", "url2": null, "内容": "江畑歯科医院【3:歯科】長崎県壱岐市石田町印通寺浦３２７番地２" }, "geometry": { "type": "Point", "coordinates": [ 129.753039, 33.74441 ] } },
{ "type": "Feature", "properties": { "ID": "423dik0008", "正式名称": "ひさた歯科医院", "機関区分": 3, "都道府県コード": 42, "市区町村コード": 210, "所在地": "長崎県壱岐市郷ノ浦町柳田触１１４番地", "緯度": 33.766828, "経度": 129.698188, "url": "https://www.iryou.teikyouseido.mhlw.go.jp/znk-web/juminkanja/S2430/initialize?prefCd=42&kikanCd=dik0008&kikanKbn=3", "url2": null, "内容": "ひさた歯科医院【3:歯科】長崎県壱岐市郷ノ浦町柳田触１１４番地" }, "geometry": { "type": "Point", "coordinates": [ 129.698188, 33.766828 ] } },
{ "type": "Feature", "properties": { "ID": "423dik0009", "正式名称": "松嶋歯科医院", "機関区分": 3, "都道府県コード": 42, "市区町村コード": 210, "所在地": "長崎県壱岐市芦辺町箱崎大左右触５５０－２", "緯度": 33.81563, "経度": 129.756118, "url": "https://www.iryou.teikyouseido.mhlw.go.jp/znk-web/juminkanja/S2430/initialize?prefCd=42&kikanCd=dik0009&kikanKbn=3", "url2": null, "内容": "松嶋歯科医院【3:歯科】長崎県壱岐市芦辺町箱崎大左右触５５０－２" }, "geometry": { "type": "Point", "coordinates": [ 129.756118, 33.81563 ] } },
{ "type": "Feature", "properties": { "ID": "423dik0010", "正式名称": "松永歯科医院", "機関区分": 3, "都道府県コード": 42, "市区町村コード": 210, "所在地": "長崎県壱岐市芦辺町国分東触６４４番地", "緯度": 33.798269, "経度": 129.720782, "url": "https://www.iryou.teikyouseido.mhlw.go.jp/znk-web/juminkanja/S2430/initialize?prefCd=42&kikanCd=dik0010&kikanKbn=3", "url2": "http://www.matsunaga.dental-net.jp/", "内容": "松永歯科医院【3:歯科】長崎県壱岐市芦辺町国分東触６４４番地" }, "geometry": { "type": "Point", "coordinates": [ 129.720782, 33.798269 ] } },
{ "type": "Feature", "properties": { "ID": "423dka0003", "正式名称": "医療法人津田歯科医院", "機関区分": 3, "都道府県コード": 42, "市区町村コード": 411, "所在地": "長崎県南松浦郡新上五島町有川郷２２５４ー１４", "緯度": 32.980915, "経度": 129.116293, "url": "https://www.iryou.teikyouseido.mhlw.go.jp/znk-web/juminkanja/S2430/initialize?prefCd=42&kikanCd=dka0003&kikanKbn=3", "url2": null, "内容": "医療法人津田歯科医院【3:歯科】長崎県南松浦郡新上五島町有川郷２２５４ー１４" }, "geometry": { "type": "Point", "coordinates": [ 129.116293, 32.980915 ] } },
{ "type": "Feature", "properties": { "ID": "423dka0006", "正式名称": "新上五島町新魚目国民健康保険診療所榎津歯科出張診療所", "機関区分": 3, "都道府県コード": 42, "市区町村コード": 411, "所在地": "長崎県南松浦郡新上五島町榎津郷４３番地５", "緯度": 32.994571, "経度": 129.092051, "url": "https://www.iryou.teikyouseido.mhlw.go.jp/znk-web/juminkanja/S2430/initialize?prefCd=42&kikanCd=dka0006&kikanKbn=3", "url2": null, "内容": "新上五島町新魚目国民健康保険診療所榎津歯科出張診療所【3:歯科】長崎県南松浦郡新上五島町榎津郷４３番地５" }, "geometry": { "type": "Point", "coordinates": [ 129.092051, 32.994571 ] } },
{ "type": "Feature", "properties": { "ID": "423dka0007", "正式名称": "新上五島町立若松歯科診療所", "機関区分": 3, "都道府県コード": 42, "市区町村コード": 411, "所在地": "長崎県南松浦郡新上五島町若松郷　１６０－３６", "緯度": 32.888958, "経度": 129.021996, "url": "https://www.iryou.teikyouseido.mhlw.go.jp/znk-web/juminkanja/S2430/initialize?prefCd=42&kikanCd=dka0007&kikanKbn=3", "url2": null, "内容": "新上五島町立若松歯科診療所【3:歯科】長崎県南松浦郡新上五島町若松郷　１６０－３６" }, "geometry": { "type": "Point", "coordinates": [ 129.021996, 32.888958 ] } },
{ "type": "Feature", "properties": { "ID": "423dka0008", "正式名称": "田坂歯科医院", "機関区分": 3, "都道府県コード": 42, "市区町村コード": 411, "所在地": "長崎県南松浦郡新上五島町青方郷１５４４", "緯度": 32.983977, "経度": 129.070833, "url": "https://www.iryou.teikyouseido.mhlw.go.jp/znk-web/juminkanja/S2430/initialize?prefCd=42&kikanCd=dka0008&kikanKbn=3", "url2": null, "内容": "田坂歯科医院【3:歯科】長崎県南松浦郡新上五島町青方郷１５４４" }, "geometry": { "type": "Point", "coordinates": [ 129.070833, 32.983977 ] } },
{ "type": "Feature", "properties": { "ID": "423dka0009", "正式名称": "奈良尾歯科診療所", "機関区分": 3, "都道府県コード": 42, "市区町村コード": 411, "所在地": "長崎県南松浦郡新上五島町奈良尾郷", "緯度": 32.839522, "経度": 129.061199, "url": "https://www.iryou.teikyouseido.mhlw.go.jp/znk-web/juminkanja/S2430/initialize?prefCd=42&kikanCd=dka0009&kikanKbn=3", "url2": null, "内容": "奈良尾歯科診療所【3:歯科】長崎県南松浦郡新上五島町奈良尾郷" }, "geometry": { "type": "Point", "coordinates": [ 129.061199, 32.839522 ] } },
{ "type": "Feature", "properties": { "ID": "423dka0010", "正式名称": "医療法人　もとおか歯科医院", "機関区分": 3, "都道府県コード": 42, "市区町村コード": 411, "所在地": "長崎県南松浦郡新上五島町浦桑郷１３６３番地", "緯度": 32.984529, "経度": 129.073357, "url": "https://www.iryou.teikyouseido.mhlw.go.jp/znk-web/juminkanja/S2430/initialize?prefCd=42&kikanCd=dka0010&kikanKbn=3", "url2": "motooka-shika.jp/clinic.ht", "内容": "医療法人　もとおか歯科医院【3:歯科】長崎県南松浦郡新上五島町浦桑郷１３６３番地" }, "geometry": { "type": "Point", "coordinates": [ 129.073357, 32.984529 ] } },
{ "type": "Feature", "properties": { "ID": "423dka0011", "正式名称": "山村歯科医院", "機関区分": 3, "都道府県コード": 42, "市区町村コード": 411, "所在地": "長崎県南松浦郡新上五島町有川郷７２９番地２", "緯度": 32.982881, "経度": 129.116893, "url": "https://www.iryou.teikyouseido.mhlw.go.jp/znk-web/juminkanja/S2430/initialize?prefCd=42&kikanCd=dka0011&kikanKbn=3", "url2": null, "内容": "山村歯科医院【3:歯科】長崎県南松浦郡新上五島町有川郷７２９番地２" }, "geometry": { "type": "Point", "coordinates": [ 129.116893, 32.982881 ] } },
{ "type": "Feature", "properties": { "ID": "423dka0012", "正式名称": "吉村歯科", "機関区分": 3, "都道府県コード": 42, "市区町村コード": 411, "所在地": "長崎県南松浦郡新上五島町青方郷２３３６番地１", "緯度": 32.982713, "経度": 129.068287, "url": "https://www.iryou.teikyouseido.mhlw.go.jp/znk-web/juminkanja/S2430/initialize?prefCd=42&kikanCd=dka0012&kikanKbn=3", "url2": "http://yoshimurashika.sakura.ne.jp/", "内容": "吉村歯科【3:歯科】長崎県南松浦郡新上五島町青方郷２３３６番地１" }, "geometry": { "type": "Point", "coordinates": [ 129.068287, 32.982713 ] } },
{ "type": "Feature", "properties": { "ID": "423dka0013", "正式名称": "浦田歯科医院", "機関区分": 3, "都道府県コード": 42, "市区町村コード": 411, "所在地": "長崎県南松浦郡新上五島町七目郷９６６－４", "緯度": 32.978674, "経度": 129.099396, "url": "https://www.iryou.teikyouseido.mhlw.go.jp/znk-web/juminkanja/S2430/initialize?prefCd=42&kikanCd=dka0013&kikanKbn=3", "url2": null, "内容": "浦田歯科医院【3:歯科】長崎県南松浦郡新上五島町七目郷９６６－４" }, "geometry": { "type": "Point", "coordinates": [ 129.099396, 32.978674 ] } },
{ "type": "Feature", "properties": { "ID": "423dka0018", "正式名称": "新上五島歯科診療所", "機関区分": 3, "都道府県コード": 42, "市区町村コード": 411, "所在地": "長崎県南松浦郡新上五島町青方郷新町　１１１０ー３４", "緯度": 32.986977, "経度": 129.06847, "url": "https://www.iryou.teikyouseido.mhlw.go.jp/znk-web/juminkanja/S2430/initialize?prefCd=42&kikanCd=dka0018&kikanKbn=3", "url2": null, "内容": "新上五島歯科診療所【3:歯科】長崎県南松浦郡新上五島町青方郷新町　１１１０ー３４" }, "geometry": { "type": "Point", "coordinates": [ 129.06847, 32.986977 ] } },
{ "type": "Feature", "properties": { "ID": "423dki0001", "正式名称": "ＮＡＴＵＲＡＬＴＥＥＴＨ　ＣＬＩＮＩＣ", "機関区分": 3, "都道府県コード": 42, "市区町村コード": 207, "所在地": "長崎県平戸市生月町壱部浦３－１", "緯度": 33.390176, "経度": 129.433778, "url": "https://www.iryou.teikyouseido.mhlw.go.jp/znk-web/juminkanja/S2430/initialize?prefCd=42&kikanCd=dki0001&kikanKbn=3", "url2": "https://nteeth.com", "内容": "ＮＡＴＵＲＡＬＴＥＥＴＨ　ＣＬＩＮＩＣ【3:歯科】長崎県平戸市生月町壱部浦３－１" }, "geometry": { "type": "Point", "coordinates": [ 129.433778, 33.390176 ] } },
{ "type": "Feature", "properties": { "ID": "423dki0008", "正式名称": "医療法人西田歯科医院", "機関区分": 3, "都道府県コード": 42, "市区町村コード": 391, "所在地": "長崎県北松浦郡佐々町市場免７－８", "緯度": 33.23844, "経度": 129.650363, "url": "https://www.iryou.teikyouseido.mhlw.go.jp/znk-web/juminkanja/S2430/initialize?prefCd=42&kikanCd=dki0008&kikanKbn=3", "url2": null, "内容": "医療法人西田歯科医院【3:歯科】長崎県北松浦郡佐々町市場免７－８" }, "geometry": { "type": "Point", "coordinates": [ 129.650363, 33.23844 ] } },
{ "type": "Feature", "properties": { "ID": "423dki0010", "正式名称": "医療法人森歯科医院", "機関区分": 3, "都道府県コード": 42, "市区町村コード": 208, "所在地": "長崎県松浦市今福町北免２００９番地２５", "緯度": 33.350944, "経度": 129.770144, "url": "https://www.iryou.teikyouseido.mhlw.go.jp/znk-web/juminkanja/S2430/initialize?prefCd=42&kikanCd=dki0010&kikanKbn=3", "url2": null, "内容": "医療法人森歯科医院【3:歯科】長崎県松浦市今福町北免２００９番地２５" }, "geometry": { "type": "Point", "coordinates": [ 129.770144, 33.350944 ] } },
{ "type": "Feature", "properties": { "ID": "423dki0011", "正式名称": "巖歯科医院", "機関区分": 3, "都道府県コード": 42, "市区町村コード": 208, "所在地": "長崎県松浦市御厨町里免３２２－４", "緯度": 33.365589, "経度": 129.664697, "url": "https://www.iryou.teikyouseido.mhlw.go.jp/znk-web/juminkanja/S2430/initialize?prefCd=42&kikanCd=dki0011&kikanKbn=3", "url2": null, "内容": "巖歯科医院【3:歯科】長崎県松浦市御厨町里免３２２－４" }, "geometry": { "type": "Point", "coordinates": [ 129.664697, 33.365589 ] } },
{ "type": "Feature", "properties": { "ID": "423dki0012", "正式名称": "岩崎歯科医院", "機関区分": 3, "都道府県コード": 42, "市区町村コード": 208, "所在地": "長崎県松浦市志佐町浦免", "緯度": 33.340014, "経度": 129.706124, "url": "https://www.iryou.teikyouseido.mhlw.go.jp/znk-web/juminkanja/S2430/initialize?prefCd=42&kikanCd=dki0012&kikanKbn=3", "url2": null, "内容": "岩崎歯科医院【3:歯科】長崎県松浦市志佐町浦免" }, "geometry": { "type": "Point", "coordinates": [ 129.706124, 33.340014 ] } },
{ "type": "Feature", "properties": { "ID": "423dki0015", "正式名称": "大森歯科医院", "機関区分": 3, "都道府県コード": 42, "市区町村コード": 207, "所在地": "長崎県平戸市職人町１１７ー１", "緯度": 33.364627, "経度": 129.552289, "url": "https://www.iryou.teikyouseido.mhlw.go.jp/znk-web/juminkanja/S2430/initialize?prefCd=42&kikanCd=dki0015&kikanKbn=3", "url2": null, "内容": "大森歯科医院【3:歯科】長崎県平戸市職人町１１７ー１" }, "geometry": { "type": "Point", "coordinates": [ 129.552289, 33.364627 ] } },
{ "type": "Feature", "properties": { "ID": "423dki0017", "正式名称": "かわむら歯科医院", "機関区分": 3, "都道府県コード": 42, "市区町村コード": 391, "所在地": "長崎県北松浦郡佐々町羽須和免７９５番地１", "緯度": 33.234648, "経度": 129.64985, "url": "https://www.iryou.teikyouseido.mhlw.go.jp/znk-web/juminkanja/S2430/initialize?prefCd=42&kikanCd=dki0017&kikanKbn=3", "url2": null, "内容": "かわむら歯科医院【3:歯科】長崎県北松浦郡佐々町羽須和免７９５番地１" }, "geometry": { "type": "Point", "coordinates": [ 129.64985, 33.234648 ] } },
{ "type": "Feature", "properties": { "ID": "423dki0029", "正式名称": "はただ歯科医院", "機関区分": 3, "都道府県コード": 42, "市区町村コード": 391, "所在地": "長崎県北松浦郡佐々町須崎免４９４番地１", "緯度": 33.228535, "経度": 129.65107, "url": "https://www.iryou.teikyouseido.mhlw.go.jp/znk-web/juminkanja/S2430/initialize?prefCd=42&kikanCd=dki0029&kikanKbn=3", "url2": null, "内容": "はただ歯科医院【3:歯科】長崎県北松浦郡佐々町須崎免４９４番地１" }, "geometry": { "type": "Point", "coordinates": [ 129.65107, 33.228535 ] } },
{ "type": "Feature", "properties": { "ID": "423dki0031", "正式名称": "医療法人ふくだ歯科医院", "機関区分": 3, "都道府県コード": 42, "市区町村コード": 391, "所在地": "長崎県北松浦郡佐々町本田原免", "緯度": 33.238659, "経度": 129.649881, "url": "https://www.iryou.teikyouseido.mhlw.go.jp/znk-web/juminkanja/S2430/initialize?prefCd=42&kikanCd=dki0031&kikanKbn=3", "url2": "http://www.fukuda-d.com", "内容": "医療法人ふくだ歯科医院【3:歯科】長崎県北松浦郡佐々町本田原免" }, "geometry": { "type": "Point", "coordinates": [ 129.649881, 33.238659 ] } },
{ "type": "Feature", "properties": { "ID": "423dki0033", "正式名称": "みくりや歯科医院", "機関区分": 3, "都道府県コード": 42, "市区町村コード": 391, "所在地": "長崎県北松浦郡佐々町本田原免１９０－６", "緯度": 33.237021, "経度": 129.64986, "url": "https://www.iryou.teikyouseido.mhlw.go.jp/znk-web/juminkanja/S2430/initialize?prefCd=42&kikanCd=dki0033&kikanKbn=3", "url2": "http://www.mikuriya-shika.jp/", "内容": "みくりや歯科医院【3:歯科】長崎県北松浦郡佐々町本田原免１９０－６" }, "geometry": { "type": "Point", "coordinates": [ 129.64986, 33.237021 ] } },
{ "type": "Feature", "properties": { "ID": "423dki0038", "正式名称": "あおぞら歯科医院", "機関区分": 3, "都道府県コード": 42, "市区町村コード": 208, "所在地": "長崎県松浦市志佐町里免３８１－３", "緯度": 33.339318, "経度": 129.709307, "url": "https://www.iryou.teikyouseido.mhlw.go.jp/znk-web/juminkanja/S2430/initialize?prefCd=42&kikanCd=dki0038&kikanKbn=3", "url2": "http://www.aozora-dental.net", "内容": "あおぞら歯科医院【3:歯科】長崎県松浦市志佐町里免３８１－３" }, "geometry": { "type": "Point", "coordinates": [ 129.709307, 33.339318 ] } },
{ "type": "Feature", "properties": { "ID": "423dki0040", "正式名称": "木引田町歯科", "機関区分": 3, "都道府県コード": 42, "市区町村コード": 207, "所在地": "長崎県平戸市木引田町４６５", "緯度": 33.368135, "経度": 129.552231, "url": "https://www.iryou.teikyouseido.mhlw.go.jp/znk-web/juminkanja/S2430/initialize?prefCd=42&kikanCd=dki0040&kikanKbn=3", "url2": "http://www.kihikidacho-shika.com", "内容": "木引田町歯科【3:歯科】長崎県平戸市木引田町４６５" }, "geometry": { "type": "Point", "coordinates": [ 129.552231, 33.368135 ] } },
{ "type": "Feature", "properties": { "ID": "423dki0041", "正式名称": "医療法人　てらさき歯科医院", "機関区分": 3, "都道府県コード": 42, "市区町村コード": 391, "所在地": "長崎県北松浦郡佐々町本田原免４９ー１", "緯度": 33.241611, "経度": 129.652538, "url": "https://www.iryou.teikyouseido.mhlw.go.jp/znk-web/juminkanja/S2430/initialize?prefCd=42&kikanCd=dki0041&kikanKbn=3", "url2": "http://tera-sika.com/", "内容": "医療法人　てらさき歯科医院【3:歯科】長崎県北松浦郡佐々町本田原免４９ー１" }, "geometry": { "type": "Point", "coordinates": [ 129.652538, 33.241611 ] } },
{ "type": "Feature", "properties": { "ID": "423dki0042", "正式名称": "たかしま歯科", "機関区分": 3, "都道府県コード": 42, "市区町村コード": 208, "所在地": "長崎県松浦市御厨町里免３２４ー４", "緯度": 33.365491, "経度": 129.665342, "url": "https://www.iryou.teikyouseido.mhlw.go.jp/znk-web/juminkanja/S2430/initialize?prefCd=42&kikanCd=dki0042&kikanKbn=3", "url2": null, "内容": "たかしま歯科【3:歯科】長崎県松浦市御厨町里免３２４ー４" }, "geometry": { "type": "Point", "coordinates": [ 129.665342, 33.365491 ] } },
{ "type": "Feature", "properties": { "ID": "423dki0043", "正式名称": "井上デンタルクリニック", "機関区分": 3, "都道府県コード": 42, "市区町村コード": 207, "所在地": "長崎県平戸市生月町舘浦　１０７－２", "緯度": 33.361483, "経度": 129.432181, "url": "https://www.iryou.teikyouseido.mhlw.go.jp/znk-web/juminkanja/S2430/initialize?prefCd=42&kikanCd=dki0043&kikanKbn=3", "url2": null, "内容": "井上デンタルクリニック【3:歯科】長崎県平戸市生月町舘浦　１０７－２" }, "geometry": { "type": "Point", "coordinates": [ 129.432181, 33.361483 ] } },
{ "type": "Feature", "properties": { "ID": "423dki0045", "正式名称": "けいすけ歯科クリニック", "機関区分": 3, "都道府県コード": 42, "市区町村コード": 207, "所在地": "長崎県平戸市紐差町１０２１ー１７", "緯度": 33.287567, "経度": 129.47514, "url": "https://www.iryou.teikyouseido.mhlw.go.jp/znk-web/juminkanja/S2430/initialize?prefCd=42&kikanCd=dki0045&kikanKbn=3", "url2": "http://keisuke-dc.com", "内容": "けいすけ歯科クリニック【3:歯科】長崎県平戸市紐差町１０２１ー１７" }, "geometry": { "type": "Point", "coordinates": [ 129.47514, 33.287567 ] } },
{ "type": "Feature", "properties": { "ID": "423dki0046", "正式名称": "丸屋けいたろう歯科クリニック", "機関区分": 3, "都道府県コード": 42, "市区町村コード": 207, "所在地": "長崎県平戸市木引田町４１１番地", "緯度": 33.366321, "経度": 129.551638, "url": "https://www.iryou.teikyouseido.mhlw.go.jp/znk-web/juminkanja/S2430/initialize?prefCd=42&kikanCd=dki0046&kikanKbn=3", "url2": "http://maruya-k-d-c.net/", "内容": "丸屋けいたろう歯科クリニック【3:歯科】長崎県平戸市木引田町４１１番地" }, "geometry": { "type": "Point", "coordinates": [ 129.551638, 33.366321 ] } },
{ "type": "Feature", "properties": { "ID": "423dki0047", "正式名称": "さとうこども歯科", "機関区分": 3, "都道府県コード": 42, "市区町村コード": 391, "所在地": "長崎県北松浦郡佐々町小浦免５番地６２", "緯度": 33.219899, "経度": 129.643126, "url": "https://www.iryou.teikyouseido.mhlw.go.jp/znk-web/juminkanja/S2430/initialize?prefCd=42&kikanCd=dki0047&kikanKbn=3", "url2": null, "内容": "さとうこども歯科【3:歯科】長崎県北松浦郡佐々町小浦免５番地６２" }, "geometry": { "type": "Point", "coordinates": [ 129.643126, 33.219899 ] } },
{ "type": "Feature", "properties": { "ID": "423dki0048", "正式名称": "いわや歯科医院", "機関区分": 3, "都道府県コード": 42, "市区町村コード": 391, "所在地": "長崎県北松浦郡佐々町本田原免１７１－１", "緯度": 33.23773, "経度": 129.649941, "url": "https://www.iryou.teikyouseido.mhlw.go.jp/znk-web/juminkanja/S2430/initialize?prefCd=42&kikanCd=dki0048&kikanKbn=3", "url2": null, "内容": "いわや歯科医院【3:歯科】長崎県北松浦郡佐々町本田原免１７１－１" }, "geometry": { "type": "Point", "coordinates": [ 129.649941, 33.23773 ] } },
{ "type": "Feature", "properties": { "ID": "423dmi0001", "正式名称": "あきらデンタルクリニック", "機関区分": 3, "都道府県コード": 42, "市区町村コード": 214, "所在地": "長崎県南島原市有家町蒲河３３９−４", "緯度": 32.664267, "経度": 130.318667, "url": "https://www.iryou.teikyouseido.mhlw.go.jp/znk-web/juminkanja/S2430/initialize?prefCd=42&kikanCd=dmi0001&kikanKbn=3", "url2": "http://akira415.sakura.ne.jp", "内容": "あきらデンタルクリニック【3:歯科】長崎県南島原市有家町蒲河３３９−４" }, "geometry": { "type": "Point", "coordinates": [ 130.318667, 32.664267 ] } },
{ "type": "Feature", "properties": { "ID": "423dmi0002", "正式名称": "天野歯科", "機関区分": 3, "都道府県コード": 42, "市区町村コード": 213, "所在地": "長崎県雲仙市千々石町甲１４４番地", "緯度": 32.784478, "経度": 130.193466, "url": "https://www.iryou.teikyouseido.mhlw.go.jp/znk-web/juminkanja/S2430/initialize?prefCd=42&kikanCd=dmi0002&kikanKbn=3", "url2": null, "内容": "天野歯科【3:歯科】長崎県雲仙市千々石町甲１４４番地" }, "geometry": { "type": "Point", "coordinates": [ 130.193466, 32.784478 ] } },
{ "type": "Feature", "properties": { "ID": "423dmi0004", "正式名称": "いなだ歯科", "機関区分": 3, "都道府県コード": 42, "市区町村コード": 203, "所在地": "長崎県島原市加美町１０００－２", "緯度": 32.784786, "経度": 130.368359, "url": "https://www.iryou.teikyouseido.mhlw.go.jp/znk-web/juminkanja/S2430/initialize?prefCd=42&kikanCd=dmi0004&kikanKbn=3", "url2": null, "内容": "いなだ歯科【3:歯科】長崎県島原市加美町１０００－２" }, "geometry": { "type": "Point", "coordinates": [ 130.368359, 32.784786 ] } },
{ "type": "Feature", "properties": { "ID": "423dmi0005", "正式名称": "イリエ歯科クリニック", "機関区分": 3, "都道府県コード": 42, "市区町村コード": 214, "所在地": "長崎県南島原市西有家町須川１１９７－１９", "緯度": 32.653658, "経度": 130.284987, "url": "https://www.iryou.teikyouseido.mhlw.go.jp/znk-web/juminkanja/S2430/initialize?prefCd=42&kikanCd=dmi0005&kikanKbn=3", "url2": null, "内容": "イリエ歯科クリニック【3:歯科】長崎県南島原市西有家町須川１１９７－１９" }, "geometry": { "type": "Point", "coordinates": [ 130.284987, 32.653658 ] } },
{ "type": "Feature", "properties": { "ID": "423dmi0006", "正式名称": "医療法人城代歯科医院", "機関区分": 3, "都道府県コード": 42, "市区町村コード": 213, "所在地": "長崎県雲仙市千々石町丁４８０", "緯度": 32.790091, "経度": 130.204614, "url": "https://www.iryou.teikyouseido.mhlw.go.jp/znk-web/juminkanja/S2430/initialize?prefCd=42&kikanCd=dmi0006&kikanKbn=3", "url2": "http://jodai-dc.com", "内容": "医療法人城代歯科医院【3:歯科】長崎県雲仙市千々石町丁４８０" }, "geometry": { "type": "Point", "coordinates": [ 130.204614, 32.790091 ] } },
{ "type": "Feature", "properties": { "ID": "423dmi0007", "正式名称": "喜多歯科", "機関区分": 3, "都道府県コード": 42, "市区町村コード": 203, "所在地": "長崎県島原市中町７９６番地", "緯度": 32.790563, "経度": 130.369564, "url": "https://www.iryou.teikyouseido.mhlw.go.jp/znk-web/juminkanja/S2430/initialize?prefCd=42&kikanCd=dmi0007&kikanKbn=3", "url2": null, "内容": "喜多歯科【3:歯科】長崎県島原市中町７９６番地" }, "geometry": { "type": "Point", "coordinates": [ 130.369564, 32.790563 ] } },
{ "type": "Feature", "properties": { "ID": "423dmi0008", "正式名称": "医療法人社団淡光会小嶺歯科医院", "機関区分": 3, "都道府県コード": 42, "市区町村コード": 213, "所在地": "長崎県雲仙市国見町多比良乙３５４－３", "緯度": 32.871341, "経度": 130.306609, "url": "https://www.iryou.teikyouseido.mhlw.go.jp/znk-web/juminkanja/S2430/initialize?prefCd=42&kikanCd=dmi0008&kikanKbn=3", "url2": null, "内容": "医療法人社団淡光会小嶺歯科医院【3:歯科】長崎県雲仙市国見町多比良乙３５４－３" }, "geometry": { "type": "Point", "coordinates": [ 130.306609, 32.871341 ] } },
{ "type": "Feature", "properties": { "ID": "423dmi0010", "正式名称": "医療法人しらくら歯科医院", "機関区分": 3, "都道府県コード": 42, "市区町村コード": 203, "所在地": "長崎県島原市有明町湯江丙４丁目４番地", "緯度": 32.861623, "経度": 130.325631, "url": "https://www.iryou.teikyouseido.mhlw.go.jp/znk-web/juminkanja/S2430/initialize?prefCd=42&kikanCd=dmi0010&kikanKbn=3", "url2": null, "内容": "医療法人しらくら歯科医院【3:歯科】長崎県島原市有明町湯江丙４丁目４番地" }, "geometry": { "type": "Point", "coordinates": [ 130.325631, 32.861623 ] } },
{ "type": "Feature", "properties": { "ID": "423dmi0011", "正式名称": "医療法人征友会ねぎ歯科医院", "機関区分": 3, "都道府県コード": 42, "市区町村コード": 213, "所在地": "長崎県雲仙市瑞穂町西郷辛１０４１－１", "緯度": 32.867153, "経度": 130.238696, "url": "https://www.iryou.teikyouseido.mhlw.go.jp/znk-web/juminkanja/S2430/initialize?prefCd=42&kikanCd=dmi0011&kikanKbn=3", "url2": "http://www.negi-dental.com/", "内容": "医療法人征友会ねぎ歯科医院【3:歯科】長崎県雲仙市瑞穂町西郷辛１０４１－１" }, "geometry": { "type": "Point", "coordinates": [ 130.238696, 32.867153 ] } },
{ "type": "Feature", "properties": { "ID": "423dmi0012", "正式名称": "医療法人原口歯科医院", "機関区分": 3, "都道府県コード": 42, "市区町村コード": 203, "所在地": "長崎県島原市上の町５３３番地", "緯度": 32.787644, "経度": 130.369863, "url": "https://www.iryou.teikyouseido.mhlw.go.jp/znk-web/juminkanja/S2430/initialize?prefCd=42&kikanCd=dmi0012&kikanKbn=3", "url2": null, "内容": "医療法人原口歯科医院【3:歯科】長崎県島原市上の町５３３番地" }, "geometry": { "type": "Point", "coordinates": [ 130.369863, 32.787644 ] } },
{ "type": "Feature", "properties": { "ID": "423dmi0013", "正式名称": "医療法人本多歯科医院", "機関区分": 3, "都道府県コード": 42, "市区町村コード": 214, "所在地": "長崎県南島原市南有馬町丁４１０", "緯度": 32.640884, "経度": 130.25206, "url": "https://www.iryou.teikyouseido.mhlw.go.jp/znk-web/juminkanja/S2430/initialize?prefCd=42&kikanCd=dmi0013&kikanKbn=3", "url2": null, "内容": "医療法人本多歯科医院【3:歯科】長崎県南島原市南有馬町丁４１０" }, "geometry": { "type": "Point", "coordinates": [ 130.25206, 32.640884 ] } },
{ "type": "Feature", "properties": { "ID": "423dmi0015", "正式名称": "医療法人まつしま歯科医院", "機関区分": 3, "都道府県コード": 42, "市区町村コード": 214, "所在地": "長崎県南島原市有家町山川３９８－２", "緯度": 32.664687, "経度": 130.312132, "url": "https://www.iryou.teikyouseido.mhlw.go.jp/znk-web/juminkanja/S2430/initialize?prefCd=42&kikanCd=dmi0015&kikanKbn=3", "url2": "http://www.matsushima-dent.com", "内容": "医療法人まつしま歯科医院【3:歯科】長崎県南島原市有家町山川３９８－２" }, "geometry": { "type": "Point", "coordinates": [ 130.312132, 32.664687 ] } },
{ "type": "Feature", "properties": { "ID": "423dmi0017", "正式名称": "上田歯科医院", "機関区分": 3, "都道府県コード": 42, "市区町村コード": 214, "所在地": "長崎県南島原市深江町丙２４８番地２", "緯度": 32.715292, "経度": 130.348628, "url": "https://www.iryou.teikyouseido.mhlw.go.jp/znk-web/juminkanja/S2430/initialize?prefCd=42&kikanCd=dmi0017&kikanKbn=3", "url2": "http://m-udent.com", "内容": "上田歯科医院【3:歯科】長崎県南島原市深江町丙２４８番地２" }, "geometry": { "type": "Point", "coordinates": [ 130.348628, 32.715292 ] } },
{ "type": "Feature", "properties": { "ID": "423dmi0019", "正式名称": "医療法人翔花会　植木歯科医院", "機関区分": 3, "都道府県コード": 42, "市区町村コード": 203, "所在地": "長崎県島原市白山町２６番地", "緯度": 32.772223, "経度": 130.372171, "url": "https://www.iryou.teikyouseido.mhlw.go.jp/znk-web/juminkanja/S2430/initialize?prefCd=42&kikanCd=dmi0019&kikanKbn=3", "url2": "https://uekisika.com/", "内容": "医療法人翔花会　植木歯科医院【3:歯科】長崎県島原市白山町２６番地" }, "geometry": { "type": "Point", "coordinates": [ 130.372171, 32.772223 ] } },
{ "type": "Feature", "properties": { "ID": "423dmi0024", "正式名称": "おざさ歯科医院", "機関区分": 3, "都道府県コード": 42, "市区町村コード": 214, "所在地": "長崎県南島原市加津佐町己２１４９－１", "緯度": 32.616779, "経度": 130.172731, "url": "https://www.iryou.teikyouseido.mhlw.go.jp/znk-web/juminkanja/S2430/initialize?prefCd=42&kikanCd=dmi0024&kikanKbn=3", "url2": "www.ozasa-shika.co", "内容": "おざさ歯科医院【3:歯科】長崎県南島原市加津佐町己２１４９－１" }, "geometry": { "type": "Point", "coordinates": [ 130.172731, 32.616779 ] } },
{ "type": "Feature", "properties": { "ID": "423dmi0026", "正式名称": "キタ忍歯科医院", "機関区分": 3, "都道府県コード": 42, "市区町村コード": 203, "所在地": "長崎県島原市湊町３５４番地", "緯度": 32.772168, "経度": 130.37294, "url": "https://www.iryou.teikyouseido.mhlw.go.jp/znk-web/juminkanja/S2430/initialize?prefCd=42&kikanCd=dmi0026&kikanKbn=3", "url2": "https://kita-hanimaru.com", "内容": "キタ忍歯科医院【3:歯科】長崎県島原市湊町３５４番地" }, "geometry": { "type": "Point", "coordinates": [ 130.37294, 32.772168 ] } },
{ "type": "Feature", "properties": { "ID": "423dmi0027", "正式名称": "草野歯科医院", "機関区分": 3, "都道府県コード": 42, "市区町村コード": 214, "所在地": "長崎県南島原市南有馬町乙９０３番地", "緯度": 32.629724, "経度": 130.248276, "url": "https://www.iryou.teikyouseido.mhlw.go.jp/znk-web/juminkanja/S2430/initialize?prefCd=42&kikanCd=dmi0027&kikanKbn=3", "url2": null, "内容": "草野歯科医院【3:歯科】長崎県南島原市南有馬町乙９０３番地" }, "geometry": { "type": "Point", "coordinates": [ 130.248276, 32.629724 ] } },
{ "type": "Feature", "properties": { "ID": "423dmi0028", "正式名称": "小嶺歯科医院", "機関区分": 3, "都道府県コード": 42, "市区町村コード": 214, "所在地": "長崎県南島原市有家町久保１８－３", "緯度": 32.666485, "経度": 130.303298, "url": "https://www.iryou.teikyouseido.mhlw.go.jp/znk-web/juminkanja/S2430/initialize?prefCd=42&kikanCd=dmi0028&kikanKbn=3", "url2": null, "内容": "小嶺歯科医院【3:歯科】長崎県南島原市有家町久保１８－３" }, "geometry": { "type": "Point", "coordinates": [ 130.303298, 32.666485 ] } },
{ "type": "Feature", "properties": { "ID": "423dmi0029", "正式名称": "堺歯科医院", "機関区分": 3, "都道府県コード": 42, "市区町村コード": 213, "所在地": "長崎県雲仙市国見町神代乙３３８", "緯度": 32.873156, "経度": 130.271289, "url": "https://www.iryou.teikyouseido.mhlw.go.jp/znk-web/juminkanja/S2430/initialize?prefCd=42&kikanCd=dmi0029&kikanKbn=3", "url2": null, "内容": "堺歯科医院【3:歯科】長崎県雲仙市国見町神代乙３３８" }, "geometry": { "type": "Point", "coordinates": [ 130.271289, 32.873156 ] } },
{ "type": "Feature", "properties": { "ID": "423dmi0031", "正式名称": "さとう歯科クリニック", "機関区分": 3, "都道府県コード": 42, "市区町村コード": 214, "所在地": "長崎県南島原市有家町原尾６２８－１", "緯度": 32.672428, "経度": 130.342774, "url": "https://www.iryou.teikyouseido.mhlw.go.jp/znk-web/juminkanja/S2430/initialize?prefCd=42&kikanCd=dmi0031&kikanKbn=3", "url2": null, "内容": "さとう歯科クリニック【3:歯科】長崎県南島原市有家町原尾６２８－１" }, "geometry": { "type": "Point", "coordinates": [ 130.342774, 32.672428 ] } },
{ "type": "Feature", "properties": { "ID": "423dmi0033", "正式名称": "末吉歯科", "機関区分": 3, "都道府県コード": 42, "市区町村コード": 203, "所在地": "長崎県島原市有明町大三東戊６３６－１", "緯度": 32.856602, "経度": 130.337272, "url": "https://www.iryou.teikyouseido.mhlw.go.jp/znk-web/juminkanja/S2430/initialize?prefCd=42&kikanCd=dmi0033&kikanKbn=3", "url2": null, "内容": "末吉歯科【3:歯科】長崎県島原市有明町大三東戊６３６－１" }, "geometry": { "type": "Point", "coordinates": [ 130.337272, 32.856602 ] } },
{ "type": "Feature", "properties": { "ID": "423dmi0034", "正式名称": "菅歯科医院", "機関区分": 3, "都道府県コード": 42, "市区町村コード": 214, "所在地": "長崎県南島原市南有馬町乙９７４", "緯度": 32.632039, "経度": 130.249891, "url": "https://www.iryou.teikyouseido.mhlw.go.jp/znk-web/juminkanja/S2430/initialize?prefCd=42&kikanCd=dmi0034&kikanKbn=3", "url2": null, "内容": "菅歯科医院【3:歯科】長崎県南島原市南有馬町乙９７４" }, "geometry": { "type": "Point", "coordinates": [ 130.249891, 32.632039 ] } },
{ "type": "Feature", "properties": { "ID": "423dmi0035", "正式名称": "スマイル歯科", "機関区分": 3, "都道府県コード": 42, "市区町村コード": 203, "所在地": "長崎県島原市大手原町甲１４番地１", "緯度": 32.81217, "経度": 130.357932, "url": "https://www.iryou.teikyouseido.mhlw.go.jp/znk-web/juminkanja/S2430/initialize?prefCd=42&kikanCd=dmi0035&kikanKbn=3", "url2": null, "内容": "スマイル歯科【3:歯科】長崎県島原市大手原町甲１４番地１" }, "geometry": { "type": "Point", "coordinates": [ 130.357932, 32.81217 ] } },
{ "type": "Feature", "properties": { "ID": "423dmi0037", "正式名称": "高橋歯科医院", "機関区分": 3, "都道府県コード": 42, "市区町村コード": 214, "所在地": "長崎県南島原市西有家町須川１７８０", "緯度": 32.659867, "経度": 130.290846, "url": "https://www.iryou.teikyouseido.mhlw.go.jp/znk-web/juminkanja/S2430/initialize?prefCd=42&kikanCd=dmi0037&kikanKbn=3", "url2": null, "内容": "高橋歯科医院【3:歯科】長崎県南島原市西有家町須川１７８０" }, "geometry": { "type": "Point", "coordinates": [ 130.290846, 32.659867 ] } },
{ "type": "Feature", "properties": { "ID": "423dmi0039", "正式名称": "田口歯科医院", "機関区分": 3, "都道府県コード": 42, "市区町村コード": 214, "所在地": "長崎県南島原市加津佐町乙２３６ー１", "緯度": 32.627353, "経度": 130.159789, "url": "https://www.iryou.teikyouseido.mhlw.go.jp/znk-web/juminkanja/S2430/initialize?prefCd=42&kikanCd=dmi0039&kikanKbn=3", "url2": "http://www.hanonet.co.jp/clinic/?a=Fclinic&cid=141&page=1", "内容": "田口歯科医院【3:歯科】長崎県南島原市加津佐町乙２３６ー１" }, "geometry": { "type": "Point", "coordinates": [ 130.159789, 32.627353 ] } },
{ "type": "Feature", "properties": { "ID": "423dmi0040", "正式名称": "立川歯科医院", "機関区分": 3, "都道府県コード": 42, "市区町村コード": 214, "所在地": "長崎県南島原市加津佐町己３２４０－５", "緯度": 32.629419, "経度": 130.166326, "url": "https://www.iryou.teikyouseido.mhlw.go.jp/znk-web/juminkanja/S2430/initialize?prefCd=42&kikanCd=dmi0040&kikanKbn=3", "url2": null, "内容": "立川歯科医院【3:歯科】長崎県南島原市加津佐町己３２４０－５" }, "geometry": { "type": "Point", "coordinates": [ 130.166326, 32.629419 ] } },
{ "type": "Feature", "properties": { "ID": "423dmi0043", "正式名称": "寺田歯科医院", "機関区分": 3, "都道府県コード": 42, "市区町村コード": 213, "所在地": "長崎県雲仙市愛野町甲３８７３番地", "緯度": 32.818643, "経度": 130.15573, "url": "https://www.iryou.teikyouseido.mhlw.go.jp/znk-web/juminkanja/S2430/initialize?prefCd=42&kikanCd=dmi0043&kikanKbn=3", "url2": null, "内容": "寺田歯科医院【3:歯科】長崎県雲仙市愛野町甲３８７３番地" }, "geometry": { "type": "Point", "coordinates": [ 130.15573, 32.818643 ] } },
{ "type": "Feature", "properties": { "ID": "423dmi0044", "正式名称": "寺田歯科診療所", "機関区分": 3, "都道府県コード": 42, "市区町村コード": 203, "所在地": "長崎県島原市新町２丁目１１２番地", "緯度": 32.784015, "経度": 130.37154, "url": "https://www.iryou.teikyouseido.mhlw.go.jp/znk-web/juminkanja/S2430/initialize?prefCd=42&kikanCd=dmi0044&kikanKbn=3", "url2": null, "内容": "寺田歯科診療所【3:歯科】長崎県島原市新町２丁目１１２番地" }, "geometry": { "type": "Point", "coordinates": [ 130.37154, 32.784015 ] } },
{ "type": "Feature", "properties": { "ID": "423dmi0045", "正式名称": "土井歯科クリニック", "機関区分": 3, "都道府県コード": 42, "市区町村コード": 213, "所在地": "長崎県雲仙市吾妻町大木場名１５１", "緯度": 32.764997, "経度": 130.213739, "url": "https://www.iryou.teikyouseido.mhlw.go.jp/znk-web/juminkanja/S2430/initialize?prefCd=42&kikanCd=dmi0045&kikanKbn=3", "url2": null, "内容": "土井歯科クリニック【3:歯科】長崎県雲仙市吾妻町大木場名１５１" }, "geometry": { "type": "Point", "coordinates": [ 130.213739, 32.764997 ] } },
{ "type": "Feature", "properties": { "ID": "423dmi0046", "正式名称": "徳永歯科医院", "機関区分": 3, "都道府県コード": 42, "市区町村コード": 213, "所在地": "長崎県雲仙市国見町土黒甲１０４", "緯度": 32.874815, "経度": 130.305731, "url": "https://www.iryou.teikyouseido.mhlw.go.jp/znk-web/juminkanja/S2430/initialize?prefCd=42&kikanCd=dmi0046&kikanKbn=3", "url2": null, "内容": "徳永歯科医院【3:歯科】長崎県雲仙市国見町土黒甲１０４" }, "geometry": { "type": "Point", "coordinates": [ 130.305731, 32.874815 ] } },
{ "type": "Feature", "properties": { "ID": "423dmi0048", "正式名称": "永田歯科医院", "機関区分": 3, "都道府県コード": 42, "市区町村コード": 213, "所在地": "長崎県雲仙市千々石町戊１１９", "緯度": 32.785853, "経度": 130.196423, "url": "https://www.iryou.teikyouseido.mhlw.go.jp/znk-web/juminkanja/S2430/initialize?prefCd=42&kikanCd=dmi0048&kikanKbn=3", "url2": null, "内容": "永田歯科医院【3:歯科】長崎県雲仙市千々石町戊１１９" }, "geometry": { "type": "Point", "coordinates": [ 130.196423, 32.785853 ] } },
{ "type": "Feature", "properties": { "ID": "423dmi0049", "正式名称": "野島デンタルクリニック", "機関区分": 3, "都道府県コード": 42, "市区町村コード": 203, "所在地": "長崎県島原市前浜町甲７４－１", "緯度": 32.804348, "経度": 130.362732, "url": "https://www.iryou.teikyouseido.mhlw.go.jp/znk-web/juminkanja/S2430/initialize?prefCd=42&kikanCd=dmi0049&kikanKbn=3", "url2": null, "内容": "野島デンタルクリニック【3:歯科】長崎県島原市前浜町甲７４－１" }, "geometry": { "type": "Point", "coordinates": [ 130.362732, 32.804348 ] } },
{ "type": "Feature", "properties": { "ID": "423dmi0050", "正式名称": "萩尾歯科医院", "機関区分": 3, "都道府県コード": 42, "市区町村コード": 213, "所在地": "長崎県雲仙市小浜町北木指８１４－２", "緯度": 32.716194, "経度": 130.193226, "url": "https://www.iryou.teikyouseido.mhlw.go.jp/znk-web/juminkanja/S2430/initialize?prefCd=42&kikanCd=dmi0050&kikanKbn=3", "url2": "http://hagiodc.com", "内容": "萩尾歯科医院【3:歯科】長崎県雲仙市小浜町北木指８１４－２" }, "geometry": { "type": "Point", "coordinates": [ 130.193226, 32.716194 ] } },
{ "type": "Feature", "properties": { "ID": "423dmi0052", "正式名称": "馬場歯科医院", "機関区分": 3, "都道府県コード": 42, "市区町村コード": 213, "所在地": "長崎県雲仙市南串山町丙９９０４―１", "緯度": 32.679296, "経度": 130.14741, "url": "https://www.iryou.teikyouseido.mhlw.go.jp/znk-web/juminkanja/S2430/initialize?prefCd=42&kikanCd=dmi0052&kikanKbn=3", "url2": null, "内容": "馬場歯科医院【3:歯科】長崎県雲仙市南串山町丙９９０４―１" }, "geometry": { "type": "Point", "coordinates": [ 130.14741, 32.679296 ] } },
{ "type": "Feature", "properties": { "ID": "423dmi0055", "正式名称": "前川歯科医院", "機関区分": 3, "都道府県コード": 42, "市区町村コード": 214, "所在地": "長崎県南島原市西有家町須川１６番地２号", "緯度": 32.65814, "経度": 130.297913, "url": "https://www.iryou.teikyouseido.mhlw.go.jp/znk-web/juminkanja/S2430/initialize?prefCd=42&kikanCd=dmi0055&kikanKbn=3", "url2": null, "内容": "前川歯科医院【3:歯科】長崎県南島原市西有家町須川１６番地２号" }, "geometry": { "type": "Point", "coordinates": [ 130.297913, 32.65814 ] } },
{ "type": "Feature", "properties": { "ID": "423dmi0056", "正式名称": "まき歯科", "機関区分": 3, "都道府県コード": 42, "市区町村コード": 203, "所在地": "長崎県島原市上新丁１丁目４１５８番地１", "緯度": 32.788595, "経度": 130.359612, "url": "https://www.iryou.teikyouseido.mhlw.go.jp/znk-web/juminkanja/S2430/initialize?prefCd=42&kikanCd=dmi0056&kikanKbn=3", "url2": "http://www.maki-dental.com/", "内容": "まき歯科【3:歯科】長崎県島原市上新丁１丁目４１５８番地１" }, "geometry": { "type": "Point", "coordinates": [ 130.359612, 32.788595 ] } },
{ "type": "Feature", "properties": { "ID": "423dmi0057", "正式名称": "松井歯科医院", "機関区分": 3, "都道府県コード": 42, "市区町村コード": 203, "所在地": "長崎県島原市有明町大三東乙６６－１", "緯度": 32.837022, "経度": 130.345843, "url": "https://www.iryou.teikyouseido.mhlw.go.jp/znk-web/juminkanja/S2430/initialize?prefCd=42&kikanCd=dmi0057&kikanKbn=3", "url2": null, "内容": "松井歯科医院【3:歯科】長崎県島原市有明町大三東乙６６－１" }, "geometry": { "type": "Point", "coordinates": [ 130.345843, 32.837022 ] } },
{ "type": "Feature", "properties": { "ID": "423dmi0058", "正式名称": "まつおデンタルクリニック", "機関区分": 3, "都道府県コード": 42, "市区町村コード": 203, "所在地": "長崎県島原市北門町１５６３番地１", "緯度": 32.798783, "経度": 130.359592, "url": "https://www.iryou.teikyouseido.mhlw.go.jp/znk-web/juminkanja/S2430/initialize?prefCd=42&kikanCd=dmi0058&kikanKbn=3", "url2": null, "内容": "まつおデンタルクリニック【3:歯科】長崎県島原市北門町１５６３番地１" }, "geometry": { "type": "Point", "coordinates": [ 130.359592, 32.798783 ] } },
{ "type": "Feature", "properties": { "ID": "423dmi0059", "正式名称": "松藤歯科", "機関区分": 3, "都道府県コード": 42, "市区町村コード": 203, "所在地": "長崎県島原市北安徳町丁３００８－５", "緯度": 32.752424, "経度": 130.371596, "url": "https://www.iryou.teikyouseido.mhlw.go.jp/znk-web/juminkanja/S2430/initialize?prefCd=42&kikanCd=dmi0059&kikanKbn=3", "url2": null, "内容": "松藤歯科【3:歯科】長崎県島原市北安徳町丁３００８－５" }, "geometry": { "type": "Point", "coordinates": [ 130.371596, 32.752424 ] } },
{ "type": "Feature", "properties": { "ID": "423dmi0060", "正式名称": "松本歯科医院", "機関区分": 3, "都道府県コード": 42, "市区町村コード": 203, "所在地": "長崎県島原市有明町大三東戊１３２１", "緯度": 32.850486, "経度": 130.335377, "url": "https://www.iryou.teikyouseido.mhlw.go.jp/znk-web/juminkanja/S2430/initialize?prefCd=42&kikanCd=dmi0060&kikanKbn=3", "url2": null, "内容": "松本歯科医院【3:歯科】長崎県島原市有明町大三東戊１３２１" }, "geometry": { "type": "Point", "coordinates": [ 130.335377, 32.850486 ] } },
{ "type": "Feature", "properties": { "ID": "423dmi0061", "正式名称": "みやざき歯科", "機関区分": 3, "都道府県コード": 42, "市区町村コード": 203, "所在地": "長崎県島原市湖南町６８７５－１", "緯度": 32.778924, "経度": 130.36809, "url": "https://www.iryou.teikyouseido.mhlw.go.jp/znk-web/juminkanja/S2430/initialize?prefCd=42&kikanCd=dmi0061&kikanKbn=3", "url2": null, "内容": "みやざき歯科【3:歯科】長崎県島原市湖南町６８７５－１" }, "geometry": { "type": "Point", "coordinates": [ 130.36809, 32.778924 ] } },
{ "type": "Feature", "properties": { "ID": "423dmi0062", "正式名称": "宮崎歯科医院", "機関区分": 3, "都道府県コード": 42, "市区町村コード": 203, "所在地": "長崎県島原市萩原２丁目５２３０－３", "緯度": 32.786435, "経度": 130.359688, "url": "https://www.iryou.teikyouseido.mhlw.go.jp/znk-web/juminkanja/S2430/initialize?prefCd=42&kikanCd=dmi0062&kikanKbn=3", "url2": "https://www.dental-iiha.com/d0068986.html", "内容": "宮崎歯科医院【3:歯科】長崎県島原市萩原２丁目５２３０－３" }, "geometry": { "type": "Point", "coordinates": [ 130.359688, 32.786435 ] } },
{ "type": "Feature", "properties": { "ID": "423dmi0063", "正式名称": "みわ歯科", "機関区分": 3, "都道府県コード": 42, "市区町村コード": 214, "所在地": "長崎県南島原市口之津町甲２７１０ー１", "緯度": 32.608749, "経度": 130.182256, "url": "https://www.iryou.teikyouseido.mhlw.go.jp/znk-web/juminkanja/S2430/initialize?prefCd=42&kikanCd=dmi0063&kikanKbn=3", "url2": null, "内容": "みわ歯科【3:歯科】長崎県南島原市口之津町甲２７１０ー１" }, "geometry": { "type": "Point", "coordinates": [ 130.182256, 32.608749 ] } },
{ "type": "Feature", "properties": { "ID": "423dmi0064", "正式名称": "森元歯科クリニック", "機関区分": 3, "都道府県コード": 42, "市区町村コード": 203, "所在地": "長崎県島原市有明町大三東戊１３６１－１", "緯度": 32.848479, "経度": 130.338073, "url": "https://www.iryou.teikyouseido.mhlw.go.jp/znk-web/juminkanja/S2430/initialize?prefCd=42&kikanCd=dmi0064&kikanKbn=3", "url2": "http://www6.ocn.ne.jp/~mori0017/index.html", "内容": "森元歯科クリニック【3:歯科】長崎県島原市有明町大三東戊１３６１－１" }, "geometry": { "type": "Point", "coordinates": [ 130.338073, 32.848479 ] } },
{ "type": "Feature", "properties": { "ID": "423dmi0065", "正式名称": "八木歯科医院", "機関区分": 3, "都道府県コード": 42, "市区町村コード": 214, "所在地": "長崎県南島原市口之津町丁５３５２", "緯度": 32.610023, "経度": 130.200019, "url": "https://www.iryou.teikyouseido.mhlw.go.jp/znk-web/juminkanja/S2430/initialize?prefCd=42&kikanCd=dmi0065&kikanKbn=3", "url2": null, "内容": "八木歯科医院【3:歯科】長崎県南島原市口之津町丁５３５２" }, "geometry": { "type": "Point", "coordinates": [ 130.200019, 32.610023 ] } },
{ "type": "Feature", "properties": { "ID": "423dmi0066", "正式名称": "山口歯科医院", "機関区分": 3, "都道府県コード": 42, "市区町村コード": 203, "所在地": "長崎県島原市新町１丁目２１３", "緯度": 32.784412, "経度": 130.369992, "url": "https://www.iryou.teikyouseido.mhlw.go.jp/znk-web/juminkanja/S2430/initialize?prefCd=42&kikanCd=dmi0066&kikanKbn=3", "url2": null, "内容": "山口歯科医院【3:歯科】長崎県島原市新町１丁目２１３" }, "geometry": { "type": "Point", "coordinates": [ 130.369992, 32.784412 ] } },
{ "type": "Feature", "properties": { "ID": "423dmi0067", "正式名称": "山崎歯科医院", "機関区分": 3, "都道府県コード": 42, "市区町村コード": 214, "所在地": "長崎県南島原市加津佐町己３１０６", "緯度": 32.628, "経度": 130.165007, "url": "https://www.iryou.teikyouseido.mhlw.go.jp/znk-web/juminkanja/S2430/initialize?prefCd=42&kikanCd=dmi0067&kikanKbn=3", "url2": null, "内容": "山崎歯科医院【3:歯科】長崎県南島原市加津佐町己３１０６" }, "geometry": { "type": "Point", "coordinates": [ 130.165007, 32.628 ] } },
{ "type": "Feature", "properties": { "ID": "423dmi0070", "正式名称": "わたなべ歯科・矯正歯科", "機関区分": 3, "都道府県コード": 42, "市区町村コード": 214, "所在地": "長崎県南島原市加津佐町己３６９０－５", "緯度": 32.627879, "経度": 130.161168, "url": "https://www.iryou.teikyouseido.mhlw.go.jp/znk-web/juminkanja/S2430/initialize?prefCd=42&kikanCd=dmi0070&kikanKbn=3", "url2": null, "内容": "わたなべ歯科・矯正歯科【3:歯科】長崎県南島原市加津佐町己３６９０－５" }, "geometry": { "type": "Point", "coordinates": [ 130.161168, 32.627879 ] } },
{ "type": "Feature", "properties": { "ID": "423dmi0072", "正式名称": "渡部歯科医院", "機関区分": 3, "都道府県コード": 42, "市区町村コード": 203, "所在地": "長崎県島原市下川尻町１６番地", "緯度": 32.767269, "経度": 130.371108, "url": "https://www.iryou.teikyouseido.mhlw.go.jp/znk-web/juminkanja/S2430/initialize?prefCd=42&kikanCd=dmi0072&kikanKbn=3", "url2": null, "内容": "渡部歯科医院【3:歯科】長崎県島原市下川尻町１６番地" }, "geometry": { "type": "Point", "coordinates": [ 130.371108, 32.767269 ] } },
{ "type": "Feature", "properties": { "ID": "423dmi0073", "正式名称": "大場歯科医院", "機関区分": 3, "都道府県コード": 42, "市区町村コード": 203, "所在地": "長崎県島原市浦田１丁目８０９ー１", "緯度": 32.778384, "経度": 130.372223, "url": "https://www.iryou.teikyouseido.mhlw.go.jp/znk-web/juminkanja/S2430/initialize?prefCd=42&kikanCd=dmi0073&kikanKbn=3", "url2": null, "内容": "大場歯科医院【3:歯科】長崎県島原市浦田１丁目８０９ー１" }, "geometry": { "type": "Point", "coordinates": [ 130.372223, 32.778384 ] } },
{ "type": "Feature", "properties": { "ID": "423dmi0075", "正式名称": "愛野歯科口腔外科クリニック", "機関区分": 3, "都道府県コード": 42, "市区町村コード": 213, "所在地": "長崎県雲仙市愛野町乙５５７０－１", "緯度": 32.799751, "経度": 130.165226, "url": "https://www.iryou.teikyouseido.mhlw.go.jp/znk-web/juminkanja/S2430/initialize?prefCd=42&kikanCd=dmi0075&kikanKbn=3", "url2": null, "内容": "愛野歯科口腔外科クリニック【3:歯科】長崎県雲仙市愛野町乙５５７０－１" }, "geometry": { "type": "Point", "coordinates": [ 130.165226, 32.799751 ] } },
{ "type": "Feature", "properties": { "ID": "423dmi0076", "正式名称": "高城歯科クリニック", "機関区分": 3, "都道府県コード": 42, "市区町村コード": 203, "所在地": "長崎県島原市先魁町１１６４番地５", "緯度": 32.793127, "経度": 130.366757, "url": "https://www.iryou.teikyouseido.mhlw.go.jp/znk-web/juminkanja/S2430/initialize?prefCd=42&kikanCd=dmi0076&kikanKbn=3", "url2": "http://www.takagihp.or.jp/", "内容": "高城歯科クリニック【3:歯科】長崎県島原市先魁町１１６４番地５" }, "geometry": { "type": "Point", "coordinates": [ 130.366757, 32.793127 ] } },
{ "type": "Feature", "properties": { "ID": "423dmi0077", "正式名称": "鶴田歯科医院", "機関区分": 3, "都道府県コード": 42, "市区町村コード": 213, "所在地": "長崎県雲仙市愛野町乙４８５－１", "緯度": 32.814286, "経度": 130.151971, "url": "https://www.iryou.teikyouseido.mhlw.go.jp/znk-web/juminkanja/S2430/initialize?prefCd=42&kikanCd=dmi0077&kikanKbn=3", "url2": "http://www.tsurutashika.net/", "内容": "鶴田歯科医院【3:歯科】長崎県雲仙市愛野町乙４８５－１" }, "geometry": { "type": "Point", "coordinates": [ 130.151971, 32.814286 ] } },
{ "type": "Feature", "properties": { "ID": "423dmi0078", "正式名称": "小浜みやもと歯科医院", "機関区分": 3, "都道府県コード": 42, "市区町村コード": 213, "所在地": "長崎県雲仙市小浜町南本町９－３", "緯度": 32.7215, "経度": 130.207984, "url": "https://www.iryou.teikyouseido.mhlw.go.jp/znk-web/juminkanja/S2430/initialize?prefCd=42&kikanCd=dmi0078&kikanKbn=3", "url2": null, "内容": "小浜みやもと歯科医院【3:歯科】長崎県雲仙市小浜町南本町９－３" }, "geometry": { "type": "Point", "coordinates": [ 130.207984, 32.7215 ] } },
{ "type": "Feature", "properties": { "ID": "423dmi0079", "正式名称": "まき歯科あづま", "機関区分": 3, "都道府県コード": 42, "市区町村コード": 213, "所在地": "長崎県雲仙市吾妻町牛口名６８０－２", "緯度": 32.83539, "経度": 130.185673, "url": "https://www.iryou.teikyouseido.mhlw.go.jp/znk-web/juminkanja/S2430/initialize?prefCd=42&kikanCd=dmi0079&kikanKbn=3", "url2": "https://azuma-dc.jp/", "内容": "まき歯科あづま【3:歯科】長崎県雲仙市吾妻町牛口名６８０－２" }, "geometry": { "type": "Point", "coordinates": [ 130.185673, 32.83539 ] } },
{ "type": "Feature", "properties": { "ID": "423dmi0080", "正式名称": "吉田歯科医院", "機関区分": 3, "都道府県コード": 42, "市区町村コード": 203, "所在地": "長崎県島原市田町６９０ー２", "緯度": 32.794084, "経度": 130.368373, "url": "https://www.iryou.teikyouseido.mhlw.go.jp/znk-web/juminkanja/S2430/initialize?prefCd=42&kikanCd=dmi0080&kikanKbn=3", "url2": null, "内容": "吉田歯科医院【3:歯科】長崎県島原市田町６９０ー２" }, "geometry": { "type": "Point", "coordinates": [ 130.368373, 32.794084 ] } },
{ "type": "Feature", "properties": { "ID": "423dmi0081", "正式名称": "林歯科医院", "機関区分": 3, "都道府県コード": 42, "市区町村コード": 203, "所在地": "長崎県島原市津町５８６－１", "緯度": 32.776332, "経度": 130.374378, "url": "https://www.iryou.teikyouseido.mhlw.go.jp/znk-web/juminkanja/S2430/initialize?prefCd=42&kikanCd=dmi0081&kikanKbn=3", "url2": "hayashi-dental-shimabara.com", "内容": "林歯科医院【3:歯科】長崎県島原市津町５８６－１" }, "geometry": { "type": "Point", "coordinates": [ 130.374378, 32.776332 ] } },
{ "type": "Feature", "properties": { "ID": "423dmi0082", "正式名称": "有家ふるせ歯科口腔外科クリニック", "機関区分": 3, "都道府県コード": 42, "市区町村コード": 214, "所在地": "長崎県南島原市有家町中須川２０２ー１", "緯度": 32.659466, "経度": 130.30248, "url": "https://www.iryou.teikyouseido.mhlw.go.jp/znk-web/juminkanja/S2430/initialize?prefCd=42&kikanCd=dmi0082&kikanKbn=3", "url2": "http://www.d-furuse.com", "内容": "有家ふるせ歯科口腔外科クリニック【3:歯科】長崎県南島原市有家町中須川２０２ー１" }, "geometry": { "type": "Point", "coordinates": [ 130.30248, 32.659466 ] } },
{ "type": "Feature", "properties": { "ID": "423dmi0083", "正式名称": "あおい歯科", "機関区分": 3, "都道府県コード": 42, "市区町村コード": 203, "所在地": "長崎県島原市南安徳町丁４４５５", "緯度": 32.742224, "経度": 130.368179, "url": "https://www.iryou.teikyouseido.mhlw.go.jp/znk-web/juminkanja/S2430/initialize?prefCd=42&kikanCd=dmi0083&kikanKbn=3", "url2": "aoishika.net", "内容": "あおい歯科【3:歯科】長崎県島原市南安徳町丁４４５５" }, "geometry": { "type": "Point", "coordinates": [ 130.368179, 32.742224 ] } },
{ "type": "Feature", "properties": { "ID": "423dmi0084", "正式名称": "ぴの歯科", "機関区分": 3, "都道府県コード": 42, "市区町村コード": 203, "所在地": "長崎県島原市上の原１−６２５３", "緯度": 32.78173, "経度": 130.36617, "url": "https://www.iryou.teikyouseido.mhlw.go.jp/znk-web/juminkanja/S2430/initialize?prefCd=42&kikanCd=dmi0084&kikanKbn=3", "url2": null, "内容": "ぴの歯科【3:歯科】長崎県島原市上の原１−６２５３" }, "geometry": { "type": "Point", "coordinates": [ 130.36617, 32.78173 ] } },
{ "type": "Feature", "properties": { "ID": "423dna0006", "正式名称": "あべ歯科医院", "機関区分": 3, "都道府県コード": 42, "市区町村コード": 201, "所在地": "長崎県長崎市小江原４−３９−１", "緯度": 32.781143, "経度": 129.829648, "url": "https://www.iryou.teikyouseido.mhlw.go.jp/znk-web/juminkanja/S2430/initialize?prefCd=42&kikanCd=dna0006&kikanKbn=3", "url2": null, "内容": "あべ歯科医院【3:歯科】長崎県長崎市小江原４−３９−１" }, "geometry": { "type": "Point", "coordinates": [ 129.829648, 32.781143 ] } },
{ "type": "Feature", "properties": { "ID": "423dna0008", "正式名称": "ありた小児歯科・矯正歯科", "機関区分": 3, "都道府県コード": 42, "市区町村コード": 201, "所在地": "長崎県長崎市宝栄町住１４‐８", "緯度": 32.769065, "経度": 129.858936, "url": "https://www.iryou.teikyouseido.mhlw.go.jp/znk-web/juminkanja/S2430/initialize?prefCd=42&kikanCd=dna0008&kikanKbn=3", "url2": "https://arita-po.com/", "内容": "ありた小児歯科・矯正歯科【3:歯科】長崎県長崎市宝栄町住１４‐８" }, "geometry": { "type": "Point", "coordinates": [ 129.858936, 32.769065 ] } },
{ "type": "Feature", "properties": { "ID": "423dna0009", "正式名称": "飯盛歯科医院", "機関区分": 3, "都道府県コード": 42, "市区町村コード": 201, "所在地": "長崎県長崎市片淵１丁目１０番２１号", "緯度": 32.753604, "経度": 129.886054, "url": "https://www.iryou.teikyouseido.mhlw.go.jp/znk-web/juminkanja/S2430/initialize?prefCd=42&kikanCd=dna0009&kikanKbn=3", "url2": "https://iimori-dc.com/", "内容": "飯盛歯科医院【3:歯科】長崎県長崎市片淵１丁目１０番２１号" }, "geometry": { "type": "Point", "coordinates": [ 129.886054, 32.753604 ] } },
{ "type": "Feature", "properties": { "ID": "423dna0014", "正式名称": "石田歯科医院", "機関区分": 3, "都道府県コード": 42, "市区町村コード": 201, "所在地": "長崎県長崎市白鳥町１番２８号", "緯度": 32.784455, "経度": 129.85765, "url": "https://www.iryou.teikyouseido.mhlw.go.jp/znk-web/juminkanja/S2430/initialize?prefCd=42&kikanCd=dna0014&kikanKbn=3", "url2": null, "内容": "石田歯科医院【3:歯科】長崎県長崎市白鳥町１番２８号" }, "geometry": { "type": "Point", "coordinates": [ 129.85765, 32.784455 ] } },
{ "type": "Feature", "properties": { "ID": "423dna0015", "正式名称": "石橋歯科医院", "機関区分": 3, "都道府県コード": 42, "市区町村コード": 201, "所在地": "長崎県長崎市銀屋町３－５ピースフル銀屋町２Ｆ", "緯度": 32.745747, "経度": 129.881445, "url": "https://www.iryou.teikyouseido.mhlw.go.jp/znk-web/juminkanja/S2430/initialize?prefCd=42&kikanCd=dna0015&kikanKbn=3", "url2": null, "内容": "石橋歯科医院【3:歯科】長崎県長崎市銀屋町３－５ピースフル銀屋町２Ｆ" }, "geometry": { "type": "Point", "coordinates": [ 129.881445, 32.745747 ] } },
{ "type": "Feature", "properties": { "ID": "423dna0018", "正式名称": "いずみだ歯科医院", "機関区分": 3, "都道府県コード": 42, "市区町村コード": 201, "所在地": "長崎県長崎市矢上町１２－３４", "緯度": 32.773755, "経度": 129.949324, "url": "https://www.iryou.teikyouseido.mhlw.go.jp/znk-web/juminkanja/S2430/initialize?prefCd=42&kikanCd=dna0018&kikanKbn=3", "url2": null, "内容": "いずみだ歯科医院【3:歯科】長崎県長崎市矢上町１２－３４" }, "geometry": { "type": "Point", "coordinates": [ 129.949324, 32.773755 ] } },
{ "type": "Feature", "properties": { "ID": "423dna0019", "正式名称": "井手歯科医院", "機関区分": 3, "都道府県コード": 42, "市区町村コード": 201, "所在地": "長崎県長崎市滑石３丁目１３ー２１", "緯度": 32.809425, "経度": 129.837393, "url": "https://www.iryou.teikyouseido.mhlw.go.jp/znk-web/juminkanja/S2430/initialize?prefCd=42&kikanCd=dna0019&kikanKbn=3", "url2": null, "内容": "井手歯科医院【3:歯科】長崎県長崎市滑石３丁目１３ー２１" }, "geometry": { "type": "Point", "coordinates": [ 129.837393, 32.809425 ] } },
{ "type": "Feature", "properties": { "ID": "423dna0020", "正式名称": "いでぐち歯科・小児歯科医院", "機関区分": 3, "都道府県コード": 42, "市区町村コード": 201, "所在地": "長崎県長崎市花丘町１−１", "緯度": 32.791052, "経度": 129.862176, "url": "https://www.iryou.teikyouseido.mhlw.go.jp/znk-web/juminkanja/S2430/initialize?prefCd=42&kikanCd=dna0020&kikanKbn=3", "url2": "http://ideguchi-dental.com", "内容": "いでぐち歯科・小児歯科医院【3:歯科】長崎県長崎市花丘町１−１" }, "geometry": { "type": "Point", "coordinates": [ 129.862176, 32.791052 ] } },
{ "type": "Feature", "properties": { "ID": "423dna0023", "正式名称": "稲澤歯科医院", "機関区分": 3, "都道府県コード": 42, "市区町村コード": 201, "所在地": "長崎県長崎市大黒町３番１号県営バスターミナル５階", "緯度": 32.753145, "経度": 129.871769, "url": "https://www.iryou.teikyouseido.mhlw.go.jp/znk-web/juminkanja/S2430/initialize?prefCd=42&kikanCd=dna0023&kikanKbn=3", "url2": "www.inazawa-sika-jpn.com", "内容": "稲澤歯科医院【3:歯科】長崎県長崎市大黒町３番１号県営バスターミナル５階" }, "geometry": { "type": "Point", "coordinates": [ 129.871769, 32.753145 ] } },
{ "type": "Feature", "properties": { "ID": "423dna0024", "正式名称": "犬塚歯科医院", "機関区分": 3, "都道府県コード": 42, "市区町村コード": 201, "所在地": "長崎県長崎市岩見町４－２　久松建材ビル２Ｆ", "緯度": 32.76985, "経度": 129.85755, "url": "https://www.iryou.teikyouseido.mhlw.go.jp/znk-web/juminkanja/S2430/initialize?prefCd=42&kikanCd=dna0024&kikanKbn=3", "url2": "www.hanonet.co.jp/U11/inutsuka-dc/", "内容": "犬塚歯科医院【3:歯科】長崎県長崎市岩見町４－２　久松建材ビル２Ｆ" }, "geometry": { "type": "Point", "coordinates": [ 129.85755, 32.76985 ] } },
{ "type": "Feature", "properties": { "ID": "423dna0026", "正式名称": "いわなが歯科", "機関区分": 3, "都道府県コード": 42, "市区町村コード": 201, "所在地": "長崎県長崎市三原１丁目２９－１２", "緯度": 32.783644, "経度": 129.881716, "url": "https://www.iryou.teikyouseido.mhlw.go.jp/znk-web/juminkanja/S2430/initialize?prefCd=42&kikanCd=dna0026&kikanKbn=3", "url2": null, "内容": "いわなが歯科【3:歯科】長崎県長崎市三原１丁目２９－１２" }, "geometry": { "type": "Point", "coordinates": [ 129.881716, 32.783644 ] } },
{ "type": "Feature", "properties": { "ID": "423dna0027", "正式名称": "岩永歯科医院", "機関区分": 3, "都道府県コード": 42, "市区町村コード": 201, "所在地": "長崎県長崎市畝刈町１６１３番地２１４", "緯度": 32.827739, "経度": 129.782652, "url": "https://www.iryou.teikyouseido.mhlw.go.jp/znk-web/juminkanja/S2430/initialize?prefCd=42&kikanCd=dna0027&kikanKbn=3", "url2": null, "内容": "岩永歯科医院【3:歯科】長崎県長崎市畝刈町１６１３番地２１４" }, "geometry": { "type": "Point", "coordinates": [ 129.782652, 32.827739 ] } },
{ "type": "Feature", "properties": { "ID": "423dna0028", "正式名称": "いわなが歯科長崎駅前クリニック", "機関区分": 3, "都道府県コード": 42, "市区町村コード": 201, "所在地": "長崎県長崎市大黒町２番５号アリオッソ２　３階", "緯度": 32.753642, "経度": 129.871231, "url": "https://www.iryou.teikyouseido.mhlw.go.jp/znk-web/juminkanja/S2430/initialize?prefCd=42&kikanCd=dna0028&kikanKbn=3", "url2": "http://www.ekimae-dental.com", "内容": "いわなが歯科長崎駅前クリニック【3:歯科】長崎県長崎市大黒町２番５号アリオッソ２　３階" }, "geometry": { "type": "Point", "coordinates": [ 129.871231, 32.753642 ] } },
{ "type": "Feature", "properties": { "ID": "423dna0029", "正式名称": "岩本歯科医院", "機関区分": 3, "都道府県コード": 42, "市区町村コード": 201, "所在地": "長崎県長崎市香焼町４９４－１６", "緯度": 32.691552, "経度": 129.815279, "url": "https://www.iryou.teikyouseido.mhlw.go.jp/znk-web/juminkanja/S2430/initialize?prefCd=42&kikanCd=dna0029&kikanKbn=3", "url2": null, "内容": "岩本歯科医院【3:歯科】長崎県長崎市香焼町４９４－１６" }, "geometry": { "type": "Point", "coordinates": [ 129.815279, 32.691552 ] } },
{ "type": "Feature", "properties": { "ID": "423dna0031", "正式名称": "いわもと歯科医院", "機関区分": 3, "都道府県コード": 42, "市区町村コード": 201, "所在地": "長崎県長崎市花園町１５―１１", "緯度": 32.772249, "経度": 129.850712, "url": "https://www.iryou.teikyouseido.mhlw.go.jp/znk-web/juminkanja/S2430/initialize?prefCd=42&kikanCd=dna0031&kikanKbn=3", "url2": null, "内容": "いわもと歯科医院【3:歯科】長崎県長崎市花園町１５―１１" }, "geometry": { "type": "Point", "coordinates": [ 129.850712, 32.772249 ] } },
{ "type": "Feature", "properties": { "ID": "423dna0032", "正式名称": "岩本歯科医院ＩＷＡＭＯＴＯＤＥＮＴＡＬＣＬＩＮＩＣ", "機関区分": 3, "都道府県コード": 42, "市区町村コード": 201, "所在地": "長崎県長崎市中園町", "緯度": 32.790805, "経度": 129.860373, "url": "https://www.iryou.teikyouseido.mhlw.go.jp/znk-web/juminkanja/S2430/initialize?prefCd=42&kikanCd=dna0032&kikanKbn=3", "url2": "http://iwamoto-sikaiin.com", "内容": "岩本歯科医院ＩＷＡＭＯＴＯＤＥＮＴＡＬＣＬＩＮＩＣ【3:歯科】長崎県長崎市中園町" }, "geometry": { "type": "Point", "coordinates": [ 129.860373, 32.790805 ] } },
{ "type": "Feature", "properties": { "ID": "423dna0033", "正式名称": "いわもと歯科", "機関区分": 3, "都道府県コード": 42, "市区町村コード": 201, "所在地": "長崎県長崎市深堀町１－１１－１７", "緯度": 32.684473, "経度": 129.831846, "url": "https://www.iryou.teikyouseido.mhlw.go.jp/znk-web/juminkanja/S2430/initialize?prefCd=42&kikanCd=dna0033&kikanKbn=3", "url2": null, "内容": "いわもと歯科【3:歯科】長崎県長崎市深堀町１－１１－１７" }, "geometry": { "type": "Point", "coordinates": [ 129.831846, 32.684473 ] } },
{ "type": "Feature", "properties": { "ID": "423dna0034", "正式名称": "上田歯科医院", "機関区分": 3, "都道府県コード": 42, "市区町村コード": 201, "所在地": "長崎県長崎市丸山町１番３０号", "緯度": 32.740928, "経度": 129.879909, "url": "https://www.iryou.teikyouseido.mhlw.go.jp/znk-web/juminkanja/S2430/initialize?prefCd=42&kikanCd=dna0034&kikanKbn=3", "url2": null, "内容": "上田歯科医院【3:歯科】長崎県長崎市丸山町１番３０号" }, "geometry": { "type": "Point", "coordinates": [ 129.879909, 32.740928 ] } },
{ "type": "Feature", "properties": { "ID": "423dna0036", "正式名称": "内野歯科診療所", "機関区分": 3, "都道府県コード": 42, "市区町村コード": 201, "所在地": "長崎県長崎市大浦東町ハーベン大浦　２階", "緯度": 32.732636, "経度": 129.873256, "url": "https://www.iryou.teikyouseido.mhlw.go.jp/znk-web/juminkanja/S2430/initialize?prefCd=42&kikanCd=dna0036&kikanKbn=3", "url2": null, "内容": "内野歯科診療所【3:歯科】長崎県長崎市大浦東町ハーベン大浦　２階" }, "geometry": { "type": "Point", "coordinates": [ 129.873256, 32.732636 ] } },
{ "type": "Feature", "properties": { "ID": "423dna0039", "正式名称": "うめさき歯科医院", "機関区分": 3, "都道府県コード": 42, "市区町村コード": 201, "所在地": "長崎県長崎市高丘１丁目２－１　川田ビル１階", "緯度": 32.733463, "経度": 129.880431, "url": "https://www.iryou.teikyouseido.mhlw.go.jp/znk-web/juminkanja/S2430/initialize?prefCd=42&kikanCd=dna0039&kikanKbn=3", "url2": null, "内容": "うめさき歯科医院【3:歯科】長崎県長崎市高丘１丁目２－１　川田ビル１階" }, "geometry": { "type": "Point", "coordinates": [ 129.880431, 32.733463 ] } },
{ "type": "Feature", "properties": { "ID": "423dna0040", "正式名称": "梅崎歯科医院", "機関区分": 3, "都道府県コード": 42, "市区町村コード": 201, "所在地": "長崎県長崎市栄町１－２７　栄ビル２階", "緯度": 32.747637, "経度": 129.877107, "url": "https://www.iryou.teikyouseido.mhlw.go.jp/znk-web/juminkanja/S2430/initialize?prefCd=42&kikanCd=dna0040&kikanKbn=3", "url2": null, "内容": "梅崎歯科医院【3:歯科】長崎県長崎市栄町１－２７　栄ビル２階" }, "geometry": { "type": "Point", "coordinates": [ 129.877107, 32.747637 ] } },
{ "type": "Feature", "properties": { "ID": "423dna0042", "正式名称": "うと歯科クリニック", "機関区分": 3, "都道府県コード": 42, "市区町村コード": 201, "所在地": "長崎県長崎市横尾３丁目２ー１", "緯度": 32.813487, "経度": 129.838117, "url": "https://www.iryou.teikyouseido.mhlw.go.jp/znk-web/juminkanja/S2430/initialize?prefCd=42&kikanCd=dna0042&kikanKbn=3", "url2": null, "内容": "うと歯科クリニック【3:歯科】長崎県長崎市横尾３丁目２ー１" }, "geometry": { "type": "Point", "coordinates": [ 129.838117, 32.813487 ] } },
{ "type": "Feature", "properties": { "ID": "423dna0044", "正式名称": "江頭歯科医院", "機関区分": 3, "都道府県コード": 42, "市区町村コード": 201, "所在地": "長崎県長崎市柳谷町５番１２号", "緯度": 32.793715, "経度": 129.856203, "url": "https://www.iryou.teikyouseido.mhlw.go.jp/znk-web/juminkanja/S2430/initialize?prefCd=42&kikanCd=dna0044&kikanKbn=3", "url2": null, "内容": "江頭歯科医院【3:歯科】長崎県長崎市柳谷町５番１２号" }, "geometry": { "type": "Point", "coordinates": [ 129.856203, 32.793715 ] } },
{ "type": "Feature", "properties": { "ID": "423dna0045", "正式名称": "大平歯科診療所", "機関区分": 3, "都道府県コード": 42, "市区町村コード": 201, "所在地": "長崎県長崎市弁天町１５番１５号", "緯度": 32.752881, "経度": 129.862111, "url": "https://www.iryou.teikyouseido.mhlw.go.jp/znk-web/juminkanja/S2430/initialize?prefCd=42&kikanCd=dna0045&kikanKbn=3", "url2": "https://oohira-dent.com", "内容": "大平歯科診療所【3:歯科】長崎県長崎市弁天町１５番１５号" }, "geometry": { "type": "Point", "coordinates": [ 129.862111, 32.752881 ] } },
{ "type": "Feature", "properties": { "ID": "423dna0046", "正式名称": "大森歯科医院", "機関区分": 3, "都道府県コード": 42, "市区町村コード": 201, "所在地": "長崎県長崎市深堀町１丁目９２番地３", "緯度": 32.685398, "経度": 129.83068, "url": "https://www.iryou.teikyouseido.mhlw.go.jp/znk-web/juminkanja/S2430/initialize?prefCd=42&kikanCd=dna0046&kikanKbn=3", "url2": null, "内容": "大森歯科医院【3:歯科】長崎県長崎市深堀町１丁目９２番地３" }, "geometry": { "type": "Point", "coordinates": [ 129.83068, 32.685398 ] } },
{ "type": "Feature", "properties": { "ID": "423dna0047", "正式名称": "小川歯科医院", "機関区分": 3, "都道府県コード": 42, "市区町村コード": 201, "所在地": "長崎県長崎市滑石３丁目１番８号　１０１", "緯度": 32.807617, "経度": 129.840348, "url": "https://www.iryou.teikyouseido.mhlw.go.jp/znk-web/juminkanja/S2430/initialize?prefCd=42&kikanCd=dna0047&kikanKbn=3", "url2": "https://www.ogawashika.info/", "内容": "小川歯科医院【3:歯科】長崎県長崎市滑石３丁目１番８号　１０１" }, "geometry": { "type": "Point", "coordinates": [ 129.840348, 32.807617 ] } },
{ "type": "Feature", "properties": { "ID": "423dna0048", "正式名称": "おがわ歯科医院", "機関区分": 3, "都道府県コード": 42, "市区町村コード": 201, "所在地": "長崎県長崎市三和町５４１", "緯度": 32.694249, "経度": 129.847811, "url": "https://www.iryou.teikyouseido.mhlw.go.jp/znk-web/juminkanja/S2430/initialize?prefCd=42&kikanCd=dna0048&kikanKbn=3", "url2": "https://ogawashika.jp/", "内容": "おがわ歯科医院【3:歯科】長崎県長崎市三和町５４１" }, "geometry": { "type": "Point", "coordinates": [ 129.847811, 32.694249 ] } },
{ "type": "Feature", "properties": { "ID": "423dna0049", "正式名称": "おがわ歯科医院", "機関区分": 3, "都道府県コード": 42, "市区町村コード": 201, "所在地": "長崎県長崎市下西山町３番７号", "緯度": 32.75485, "経度": 129.885269, "url": "https://www.iryou.teikyouseido.mhlw.go.jp/znk-web/juminkanja/S2430/initialize?prefCd=42&kikanCd=dna0049&kikanKbn=3", "url2": "http://www.ogawasika.net", "内容": "おがわ歯科医院【3:歯科】長崎県長崎市下西山町３番７号" }, "geometry": { "type": "Point", "coordinates": [ 129.885269, 32.75485 ] } },
{ "type": "Feature", "properties": { "ID": "423dna0050", "正式名称": "医療法人奥村歯科医院", "機関区分": 3, "都道府県コード": 42, "市区町村コード": 201, "所在地": "長崎県長崎市扇町１－５", "緯度": 32.782809, "経度": 129.870142, "url": "https://www.iryou.teikyouseido.mhlw.go.jp/znk-web/juminkanja/S2430/initialize?prefCd=42&kikanCd=dna0050&kikanKbn=3", "url2": null, "内容": "医療法人奥村歯科医院【3:歯科】長崎県長崎市扇町１－５" }, "geometry": { "type": "Point", "coordinates": [ 129.870142, 32.782809 ] } },
{ "type": "Feature", "properties": { "ID": "423dna0052", "正式名称": "音山歯科医院", "機関区分": 3, "都道府県コード": 42, "市区町村コード": 201, "所在地": "長崎県長崎市千歳町２－８田崎ビル２Ｆ", "緯度": 32.789804, "経度": 129.861227, "url": "https://www.iryou.teikyouseido.mhlw.go.jp/znk-web/juminkanja/S2430/initialize?prefCd=42&kikanCd=dna0052&kikanKbn=3", "url2": null, "内容": "音山歯科医院【3:歯科】長崎県長崎市千歳町２－８田崎ビル２Ｆ" }, "geometry": { "type": "Point", "coordinates": [ 129.861227, 32.789804 ] } },
{ "type": "Feature", "properties": { "ID": "423dna0053", "正式名称": "音山歯科診療所", "機関区分": 3, "都道府県コード": 42, "市区町村コード": 201, "所在地": "長崎県長崎市勝山町５５の１番地", "緯度": 32.75073, "経度": 129.878853, "url": "https://www.iryou.teikyouseido.mhlw.go.jp/znk-web/juminkanja/S2430/initialize?prefCd=42&kikanCd=dna0053&kikanKbn=3", "url2": null, "内容": "音山歯科診療所【3:歯科】長崎県長崎市勝山町５５の１番地" }, "geometry": { "type": "Point", "coordinates": [ 129.878853, 32.75073 ] } },
{ "type": "Feature", "properties": { "ID": "423dna0054", "正式名称": "音山歯科医院", "機関区分": 3, "都道府県コード": 42, "市区町村コード": 201, "所在地": "長崎県長崎市元船町７－９（萩野ビル２Ｆ）", "緯度": 32.747138, "経度": 129.87211, "url": "https://www.iryou.teikyouseido.mhlw.go.jp/znk-web/juminkanja/S2430/initialize?prefCd=42&kikanCd=dna0054&kikanKbn=3", "url2": null, "内容": "音山歯科医院【3:歯科】長崎県長崎市元船町７－９（萩野ビル２Ｆ）" }, "geometry": { "type": "Point", "coordinates": [ 129.87211, 32.747138 ] } },
{ "type": "Feature", "properties": { "ID": "423dna0055", "正式名称": "音山歯科", "機関区分": 3, "都道府県コード": 42, "市区町村コード": 201, "所在地": "長崎県長崎市大浦町３－２３", "緯度": 32.736352, "経度": 129.871071, "url": "https://www.iryou.teikyouseido.mhlw.go.jp/znk-web/juminkanja/S2430/initialize?prefCd=42&kikanCd=dna0055&kikanKbn=3", "url2": null, "内容": "音山歯科【3:歯科】長崎県長崎市大浦町３－２３" }, "geometry": { "type": "Point", "coordinates": [ 129.871071, 32.736352 ] } },
{ "type": "Feature", "properties": { "ID": "423dna0056", "正式名称": "小野原歯科医院", "機関区分": 3, "都道府県コード": 42, "市区町村コード": 201, "所在地": "長崎県長崎市賑町４－１２", "緯度": 32.746012, "経度": 129.876508, "url": "https://www.iryou.teikyouseido.mhlw.go.jp/znk-web/juminkanja/S2430/initialize?prefCd=42&kikanCd=dna0056&kikanKbn=3", "url2": null, "内容": "小野原歯科医院【3:歯科】長崎県長崎市賑町４－１２" }, "geometry": { "type": "Point", "coordinates": [ 129.876508, 32.746012 ] } },
{ "type": "Feature", "properties": { "ID": "423dna0058", "正式名称": "貝通丸歯科", "機関区分": 3, "都道府県コード": 42, "市区町村コード": 201, "所在地": "長崎県長崎市下西山町２番３号", "緯度": 32.754124, "経度": 129.884065, "url": "https://www.iryou.teikyouseido.mhlw.go.jp/znk-web/juminkanja/S2430/initialize?prefCd=42&kikanCd=dna0058&kikanKbn=3", "url2": "http://www.kaitsumarushika.com/", "内容": "貝通丸歯科【3:歯科】長崎県長崎市下西山町２番３号" }, "geometry": { "type": "Point", "coordinates": [ 129.884065, 32.754124 ] } },
{ "type": "Feature", "properties": { "ID": "423dna0060", "正式名称": "医療法人亀田純歯科医院", "機関区分": 3, "都道府県コード": 42, "市区町村コード": 201, "所在地": "長崎県長崎市銅座町１４－８　柿田ビル３Ｆ", "緯度": 32.74293, "経度": 129.878467, "url": "https://www.iryou.teikyouseido.mhlw.go.jp/znk-web/juminkanja/S2430/initialize?prefCd=42&kikanCd=dna0060&kikanKbn=3", "url2": null, "内容": "医療法人亀田純歯科医院【3:歯科】長崎県長崎市銅座町１４－８　柿田ビル３Ｆ" }, "geometry": { "type": "Point", "coordinates": [ 129.878467, 32.74293 ] } },
{ "type": "Feature", "properties": { "ID": "423dna0063", "正式名称": "川谷歯科医院", "機関区分": 3, "都道府県コード": 42, "市区町村コード": 201, "所在地": "長崎県長崎市小江原２丁目１４番１号", "緯度": 32.779111, "経度": 129.842056, "url": "https://www.iryou.teikyouseido.mhlw.go.jp/znk-web/juminkanja/S2430/initialize?prefCd=42&kikanCd=dna0063&kikanKbn=3", "url2": null, "内容": "川谷歯科医院【3:歯科】長崎県長崎市小江原２丁目１４番１号" }, "geometry": { "type": "Point", "coordinates": [ 129.842056, 32.779111 ] } },
{ "type": "Feature", "properties": { "ID": "423dna0064", "正式名称": "かんだ歯科", "機関区分": 3, "都道府県コード": 42, "市区町村コード": 201, "所在地": "長崎県長崎市東町１９１４", "緯度": 32.779723, "経度": 129.955009, "url": "https://www.iryou.teikyouseido.mhlw.go.jp/znk-web/juminkanja/S2430/initialize?prefCd=42&kikanCd=dna0064&kikanKbn=3", "url2": "http://www.kanda-shika.com", "内容": "かんだ歯科【3:歯科】長崎県長崎市東町１９１４" }, "geometry": { "type": "Point", "coordinates": [ 129.955009, 32.779723 ] } },
{ "type": "Feature", "properties": { "ID": "423dna0065", "正式名称": "きだか歯科医院", "機関区分": 3, "都道府県コード": 42, "市区町村コード": 201, "所在地": "長崎県長崎市出島町１３ー１ー１階", "緯度": 32.741648, "経度": 129.873405, "url": "https://www.iryou.teikyouseido.mhlw.go.jp/znk-web/juminkanja/S2430/initialize?prefCd=42&kikanCd=dna0065&kikanKbn=3", "url2": "http://www.kidaka-dc.com/", "内容": "きだか歯科医院【3:歯科】長崎県長崎市出島町１３ー１ー１階" }, "geometry": { "type": "Point", "coordinates": [ 129.873405, 32.741648 ] } },
{ "type": "Feature", "properties": { "ID": "423dna0067", "正式名称": "きのした歯科", "機関区分": 3, "都道府県コード": 42, "市区町村コード": 201, "所在地": "長崎県長崎市目覚町５番１７号", "緯度": 32.763985, "経度": 129.865767, "url": "https://www.iryou.teikyouseido.mhlw.go.jp/znk-web/juminkanja/S2430/initialize?prefCd=42&kikanCd=dna0067&kikanKbn=3", "url2": null, "内容": "きのした歯科【3:歯科】長崎県長崎市目覚町５番１７号" }, "geometry": { "type": "Point", "coordinates": [ 129.865767, 32.763985 ] } },
{ "type": "Feature", "properties": { "ID": "423dna0068", "正式名称": "杉原歯科医院", "機関区分": 3, "都道府県コード": 42, "市区町村コード": 201, "所在地": "長崎県長崎市江戸町３番３号", "緯度": 32.744768, "経度": 129.874656, "url": "https://www.iryou.teikyouseido.mhlw.go.jp/znk-web/juminkanja/S2430/initialize?prefCd=42&kikanCd=dna0068&kikanKbn=3", "url2": null, "内容": "杉原歯科医院【3:歯科】長崎県長崎市江戸町３番３号" }, "geometry": { "type": "Point", "coordinates": [ 129.874656, 32.744768 ] } },
{ "type": "Feature", "properties": { "ID": "423dna0069", "正式名称": "扇町歯科医院", "機関区分": 3, "都道府県コード": 42, "市区町村コード": 201, "所在地": "長崎県長崎市扇町１４番１２号", "緯度": 32.782808, "経度": 129.865974, "url": "https://www.iryou.teikyouseido.mhlw.go.jp/znk-web/juminkanja/S2430/initialize?prefCd=42&kikanCd=dna0069&kikanKbn=3", "url2": "http://hmmatsumoto.wixsite.com/ougimachishika", "内容": "扇町歯科医院【3:歯科】長崎県長崎市扇町１４番１２号" }, "geometry": { "type": "Point", "coordinates": [ 129.865974, 32.782808 ] } },
{ "type": "Feature", "properties": { "ID": "423dna0070", "正式名称": "琴海歯科医院", "機関区分": 3, "都道府県コード": 42, "市区町村コード": 201, "所在地": "長崎県長崎市西海町１７３３－２１", "緯度": 32.861175, "経度": 129.787134, "url": "https://www.iryou.teikyouseido.mhlw.go.jp/znk-web/juminkanja/S2430/initialize?prefCd=42&kikanCd=dna0070&kikanKbn=3", "url2": "http://www.kinkaishika.com", "内容": "琴海歯科医院【3:歯科】長崎県長崎市西海町１７３３－２１" }, "geometry": { "type": "Point", "coordinates": [ 129.787134, 32.861175 ] } },
{ "type": "Feature", "properties": { "ID": "423dna0071", "正式名称": "医療法人　楠田歯科診療所", "機関区分": 3, "都道府県コード": 42, "市区町村コード": 201, "所在地": "長崎県長崎市城山町１９番５号", "緯度": 32.771952, "経度": 129.856399, "url": "https://www.iryou.teikyouseido.mhlw.go.jp/znk-web/juminkanja/S2430/initialize?prefCd=42&kikanCd=dna0071&kikanKbn=3", "url2": null, "内容": "医療法人　楠田歯科診療所【3:歯科】長崎県長崎市城山町１９番５号" }, "geometry": { "type": "Point", "coordinates": [ 129.856399, 32.771952 ] } },
{ "type": "Feature", "properties": { "ID": "423dna0072", "正式名称": "久保歯科クリニック", "機関区分": 3, "都道府県コード": 42, "市区町村コード": 201, "所在地": "長崎県長崎市女の都４－４－１０", "緯度": 32.805851, "経度": 129.876815, "url": "https://www.iryou.teikyouseido.mhlw.go.jp/znk-web/juminkanja/S2430/initialize?prefCd=42&kikanCd=dna0072&kikanKbn=3", "url2": "http://www.kuboshika.net", "内容": "久保歯科クリニック【3:歯科】長崎県長崎市女の都４－４－１０" }, "geometry": { "type": "Point", "coordinates": [ 129.876815, 32.805851 ] } },
{ "type": "Feature", "properties": { "ID": "423dna0074", "正式名称": "蔵本歯科", "機関区分": 3, "都道府県コード": 42, "市区町村コード": 201, "所在地": "長崎県長崎市茂木町１８０５番地", "緯度": 32.703802, "経度": 129.910471, "url": "https://www.iryou.teikyouseido.mhlw.go.jp/znk-web/juminkanja/S2430/initialize?prefCd=42&kikanCd=dna0074&kikanKbn=3", "url2": null, "内容": "蔵本歯科【3:歯科】長崎県長崎市茂木町１８０５番地" }, "geometry": { "type": "Point", "coordinates": [ 129.910471, 32.703802 ] } },
{ "type": "Feature", "properties": { "ID": "423dna0075", "正式名称": "医療法人社団感謝会　ありがとう歯科医院", "機関区分": 3, "都道府県コード": 42, "市区町村コード": 201, "所在地": "長崎県長崎市千歳町１５－１　マインズビル２Ｆ", "緯度": 32.79114, "経度": 129.864372, "url": "https://www.iryou.teikyouseido.mhlw.go.jp/znk-web/juminkanja/S2430/initialize?prefCd=42&kikanCd=dna0075&kikanKbn=3", "url2": "https://www.arigatoushika.jp/", "内容": "医療法人社団感謝会　ありがとう歯科医院【3:歯科】長崎県長崎市千歳町１５－１　マインズビル２Ｆ" }, "geometry": { "type": "Point", "coordinates": [ 129.864372, 32.79114 ] } },
{ "type": "Feature", "properties": { "ID": "423dna0079", "正式名称": "鍬先歯科医院", "機関区分": 3, "都道府県コード": 42, "市区町村コード": 201, "所在地": "長崎県長崎市万屋町６番２６号", "緯度": 32.744309, "経度": 129.880401, "url": "https://www.iryou.teikyouseido.mhlw.go.jp/znk-web/juminkanja/S2430/initialize?prefCd=42&kikanCd=dna0079&kikanKbn=3", "url2": null, "内容": "鍬先歯科医院【3:歯科】長崎県長崎市万屋町６番２６号" }, "geometry": { "type": "Point", "coordinates": [ 129.880401, 32.744309 ] } },
{ "type": "Feature", "properties": { "ID": "423dna0091", "正式名称": "佐々木歯科医院", "機関区分": 3, "都道府県コード": 42, "市区町村コード": 201, "所在地": "長崎県長崎市西海町１７５５－２００", "緯度": 32.865913, "経度": 129.789176, "url": "https://www.iryou.teikyouseido.mhlw.go.jp/znk-web/juminkanja/S2430/initialize?prefCd=42&kikanCd=dna0091&kikanKbn=3", "url2": null, "内容": "佐々木歯科医院【3:歯科】長崎県長崎市西海町１７５５－２００" }, "geometry": { "type": "Point", "coordinates": [ 129.789176, 32.865913 ] } },
{ "type": "Feature", "properties": { "ID": "423dna0094", "正式名称": "さとみ歯科医院", "機関区分": 3, "都道府県コード": 42, "市区町村コード": 201, "所在地": "長崎県長崎市城山町３１番１４号さとみメディカルビル４Ｆ", "緯度": 32.774191, "経度": 129.85576, "url": "https://www.iryou.teikyouseido.mhlw.go.jp/znk-web/juminkanja/S2430/initialize?prefCd=42&kikanCd=dna0094&kikanKbn=3", "url2": null, "内容": "さとみ歯科医院【3:歯科】長崎県長崎市城山町３１番１４号さとみメディカルビル４Ｆ" }, "geometry": { "type": "Point", "coordinates": [ 129.85576, 32.774191 ] } },
{ "type": "Feature", "properties": { "ID": "423dna0095", "正式名称": "澤本歯科医院", "機関区分": 3, "都道府県コード": 42, "市区町村コード": 201, "所在地": "長崎県長崎市元船町１４－６", "緯度": 32.745547, "経度": 129.871754, "url": "https://www.iryou.teikyouseido.mhlw.go.jp/znk-web/juminkanja/S2430/initialize?prefCd=42&kikanCd=dna0095&kikanKbn=3", "url2": "http://www.nagasaki-implantcenter.com", "内容": "澤本歯科医院【3:歯科】長崎県長崎市元船町１４－６" }, "geometry": { "type": "Point", "coordinates": [ 129.871754, 32.745547 ] } },
{ "type": "Feature", "properties": { "ID": "423dna0100", "正式名称": "柴原歯科医院", "機関区分": 3, "都道府県コード": 42, "市区町村コード": 201, "所在地": "長崎県長崎市千歳町３丁目８番サンパーク住吉", "緯度": 32.790299, "経度": 129.861046, "url": "https://www.iryou.teikyouseido.mhlw.go.jp/znk-web/juminkanja/S2430/initialize?prefCd=42&kikanCd=dna0100&kikanKbn=3", "url2": null, "内容": "柴原歯科医院【3:歯科】長崎県長崎市千歳町３丁目８番サンパーク住吉" }, "geometry": { "type": "Point", "coordinates": [ 129.861046, 32.790299 ] } },
{ "type": "Feature", "properties": { "ID": "423dna0101", "正式名称": "渋谷歯科診療所", "機関区分": 3, "都道府県コード": 42, "市区町村コード": 201, "所在地": "長崎県長崎市恵美須町２番２４号", "緯度": 32.750823, "経度": 129.873973, "url": "https://www.iryou.teikyouseido.mhlw.go.jp/znk-web/juminkanja/S2430/initialize?prefCd=42&kikanCd=dna0101&kikanKbn=3", "url2": null, "内容": "渋谷歯科診療所【3:歯科】長崎県長崎市恵美須町２番２４号" }, "geometry": { "type": "Point", "coordinates": [ 129.873973, 32.750823 ] } },
{ "type": "Feature", "properties": { "ID": "423dna0102", "正式名称": "しまさき歯科医院", "機関区分": 3, "都道府県コード": 42, "市区町村コード": 201, "所在地": "長崎県長崎市為石町２５２４　さんとぴあ２１", "緯度": 32.642601, "経度": 129.834559, "url": "https://www.iryou.teikyouseido.mhlw.go.jp/znk-web/juminkanja/S2430/initialize?prefCd=42&kikanCd=dna0102&kikanKbn=3", "url2": null, "内容": "しまさき歯科医院【3:歯科】長崎県長崎市為石町２５２４　さんとぴあ２１" }, "geometry": { "type": "Point", "coordinates": [ 129.834559, 32.642601 ] } },
{ "type": "Feature", "properties": { "ID": "423dna0103", "正式名称": "しもだ歯科医院", "機関区分": 3, "都道府県コード": 42, "市区町村コード": 201, "所在地": "長崎県長崎市大浜町１５４８番地１", "緯度": 32.746249, "経度": 129.831042, "url": "https://www.iryou.teikyouseido.mhlw.go.jp/znk-web/juminkanja/S2430/initialize?prefCd=42&kikanCd=dna0103&kikanKbn=3", "url2": null, "内容": "しもだ歯科医院【3:歯科】長崎県長崎市大浜町１５４８番地１" }, "geometry": { "type": "Point", "coordinates": [ 129.831042, 32.746249 ] } },
{ "type": "Feature", "properties": { "ID": "423dna0104", "正式名称": "しらいし歯科医院", "機関区分": 3, "都道府県コード": 42, "市区町村コード": 201, "所在地": "長崎県長崎市川平町１４０４番３号", "緯度": 32.794127, "経度": 129.876856, "url": "https://www.iryou.teikyouseido.mhlw.go.jp/znk-web/juminkanja/S2430/initialize?prefCd=42&kikanCd=dna0104&kikanKbn=3", "url2": "http://nttbj.itp.ne.jp/0958486006/index.html", "内容": "しらいし歯科医院【3:歯科】長崎県長崎市川平町１４０４番３号" }, "geometry": { "type": "Point", "coordinates": [ 129.876856, 32.794127 ] } },
{ "type": "Feature", "properties": { "ID": "423dna0105", "正式名称": "すえなが歯科ファミリークリニック", "機関区分": 3, "都道府県コード": 42, "市区町村コード": 201, "所在地": "長崎県長崎市曙町３番８号", "緯度": 32.754308, "経度": 129.861869, "url": "https://www.iryou.teikyouseido.mhlw.go.jp/znk-web/juminkanja/S2430/initialize?prefCd=42&kikanCd=dna0105&kikanKbn=3", "url2": "http://www.vidro.ne.jp/suenaga/index.html", "内容": "すえなが歯科ファミリークリニック【3:歯科】長崎県長崎市曙町３番８号" }, "geometry": { "type": "Point", "coordinates": [ 129.861869, 32.754308 ] } },
{ "type": "Feature", "properties": { "ID": "423dna0106", "正式名称": "医療法人すえなが歯科医院", "機関区分": 3, "都道府県コード": 42, "市区町村コード": 201, "所在地": "長崎県長崎市旭町６番１号タワーシティ長崎タワーコート３Ｆ", "緯度": 32.750221, "経度": 129.865064, "url": "https://www.iryou.teikyouseido.mhlw.go.jp/znk-web/juminkanja/S2430/initialize?prefCd=42&kikanCd=dna0106&kikanKbn=3", "url2": "http://www.suenaga-dc.jp", "内容": "医療法人すえなが歯科医院【3:歯科】長崎県長崎市旭町６番１号タワーシティ長崎タワーコート３Ｆ" }, "geometry": { "type": "Point", "coordinates": [ 129.865064, 32.750221 ] } },
{ "type": "Feature", "properties": { "ID": "423dna0109", "正式名称": "菅原雅道歯科・小児歯科医院", "機関区分": 3, "都道府県コード": 42, "市区町村コード": 201, "所在地": "長崎県長崎市城山町３０番１０号", "緯度": 32.773806, "経度": 129.855581, "url": "https://www.iryou.teikyouseido.mhlw.go.jp/znk-web/juminkanja/S2430/initialize?prefCd=42&kikanCd=dna0109&kikanKbn=3", "url2": null, "内容": "菅原雅道歯科・小児歯科医院【3:歯科】長崎県長崎市城山町３０番１０号" }, "geometry": { "type": "Point", "coordinates": [ 129.855581, 32.773806 ] } },
{ "type": "Feature", "properties": { "ID": "423dna0110", "正式名称": "医療法人菅原歯科医院", "機関区分": 3, "都道府県コード": 42, "市区町村コード": 201, "所在地": "長崎県長崎市平野町１１番１０号", "緯度": 32.769851, "経度": 129.865646, "url": "https://www.iryou.teikyouseido.mhlw.go.jp/znk-web/juminkanja/S2430/initialize?prefCd=42&kikanCd=dna0110&kikanKbn=3", "url2": "http://www.sugawara-dc.com", "内容": "医療法人菅原歯科医院【3:歯科】長崎県長崎市平野町１１番１０号" }, "geometry": { "type": "Point", "coordinates": [ 129.865646, 32.769851 ] } },
{ "type": "Feature", "properties": { "ID": "423dna0111", "正式名称": "杉森歯科クリニック", "機関区分": 3, "都道府県コード": 42, "市区町村コード": 201, "所在地": "長崎県長崎市川平町１２０４－２Ｆ", "緯度": 32.793543, "経度": 129.88029, "url": "https://www.iryou.teikyouseido.mhlw.go.jp/znk-web/juminkanja/S2430/initialize?prefCd=42&kikanCd=dna0111&kikanKbn=3", "url2": null, "内容": "杉森歯科クリニック【3:歯科】長崎県長崎市川平町１２０４－２Ｆ" }, "geometry": { "type": "Point", "coordinates": [ 129.88029, 32.793543 ] } },
{ "type": "Feature", "properties": { "ID": "423dna0112", "正式名称": "医療法人すずき矯正歯科", "機関区分": 3, "都道府県コード": 42, "市区町村コード": 201, "所在地": "長崎県長崎市川口町１バンチ１ー１０６（ビバシティー浦上１Ｆ）", "緯度": 32.764252, "経度": 129.86414, "url": "https://www.iryou.teikyouseido.mhlw.go.jp/znk-web/juminkanja/S2430/initialize?prefCd=42&kikanCd=dna0112&kikanKbn=3", "url2": "http://www.suzuki-or.com/", "内容": "医療法人すずき矯正歯科【3:歯科】長崎県長崎市川口町１バンチ１ー１０６（ビバシティー浦上１Ｆ）" }, "geometry": { "type": "Point", "coordinates": [ 129.86414, 32.764252 ] } },
{ "type": "Feature", "properties": { "ID": "423dna0116", "正式名称": "高尾歯科クリニック", "機関区分": 3, "都道府県コード": 42, "市区町村コード": 201, "所在地": "長崎県長崎市滑石３丁目８－５メディカル滑石４Ｆ", "緯度": 32.807705, "経度": 129.838117, "url": "https://www.iryou.teikyouseido.mhlw.go.jp/znk-web/juminkanja/S2430/initialize?prefCd=42&kikanCd=dna0116&kikanKbn=3", "url2": "takaoshika-nameshi.com", "内容": "高尾歯科クリニック【3:歯科】長崎県長崎市滑石３丁目８－５メディカル滑石４Ｆ" }, "geometry": { "type": "Point", "coordinates": [ 129.838117, 32.807705 ] } },
{ "type": "Feature", "properties": { "ID": "423dna0117", "正式名称": "たかかぜ歯科", "機関区分": 3, "都道府県コード": 42, "市区町村コード": 201, "所在地": "長崎県長崎市矢上町４７－８", "緯度": 32.780009, "経度": 129.951193, "url": "https://www.iryou.teikyouseido.mhlw.go.jp/znk-web/juminkanja/S2430/initialize?prefCd=42&kikanCd=dna0117&kikanKbn=3", "url2": "http://takakaze-dc.com/", "内容": "たかかぜ歯科【3:歯科】長崎県長崎市矢上町４７－８" }, "geometry": { "type": "Point", "coordinates": [ 129.951193, 32.780009 ] } },
{ "type": "Feature", "properties": { "ID": "423dna0120", "正式名称": "たかだ歯科医院", "機関区分": 3, "都道府県コード": 42, "市区町村コード": 201, "所在地": "長崎県長崎市滑石３丁目１９－２１のぞみハイツ２０１", "緯度": 32.80805, "経度": 129.83472, "url": "https://www.iryou.teikyouseido.mhlw.go.jp/znk-web/juminkanja/S2430/initialize?prefCd=42&kikanCd=dna0120&kikanKbn=3", "url2": null, "内容": "たかだ歯科医院【3:歯科】長崎県長崎市滑石３丁目１９－２１のぞみハイツ２０１" }, "geometry": { "type": "Point", "coordinates": [ 129.83472, 32.80805 ] } },
{ "type": "Feature", "properties": { "ID": "423dna0121", "正式名称": "高田歯科小児歯科", "機関区分": 3, "都道府県コード": 42, "市区町村コード": 201, "所在地": "長崎県長崎市東古川町４番３号", "緯度": 32.745764, "経度": 129.880054, "url": "https://www.iryou.teikyouseido.mhlw.go.jp/znk-web/juminkanja/S2430/initialize?prefCd=42&kikanCd=dna0121&kikanKbn=3", "url2": "www.takada-dent.net", "内容": "高田歯科小児歯科【3:歯科】長崎県長崎市東古川町４番３号" }, "geometry": { "type": "Point", "coordinates": [ 129.880054, 32.745764 ] } },
{ "type": "Feature", "properties": { "ID": "423dna0122", "正式名称": "たかひろ歯科医院", "機関区分": 3, "都道府県コード": 42, "市区町村コード": 201, "所在地": "長崎県長崎市脇岬町３３８５番地", "緯度": 32.579087, "経度": 129.778273, "url": "https://www.iryou.teikyouseido.mhlw.go.jp/znk-web/juminkanja/S2430/initialize?prefCd=42&kikanCd=dna0122&kikanKbn=3", "url2": null, "内容": "たかひろ歯科医院【3:歯科】長崎県長崎市脇岬町３３８５番地" }, "geometry": { "type": "Point", "coordinates": [ 129.778273, 32.579087 ] } },
{ "type": "Feature", "properties": { "ID": "423dna0124", "正式名称": "田川歯科医院", "機関区分": 3, "都道府県コード": 42, "市区町村コード": 201, "所在地": "長崎県長崎市界１丁目３−１２", "緯度": 32.759001, "経度": 129.939051, "url": "https://www.iryou.teikyouseido.mhlw.go.jp/znk-web/juminkanja/S2430/initialize?prefCd=42&kikanCd=dna0124&kikanKbn=3", "url2": null, "内容": "田川歯科医院【3:歯科】長崎県長崎市界１丁目３−１２" }, "geometry": { "type": "Point", "coordinates": [ 129.939051, 32.759001 ] } },
{ "type": "Feature", "properties": { "ID": "423dna0125", "正式名称": "田口歯科医院", "機関区分": 3, "都道府県コード": 42, "市区町村コード": 201, "所在地": "長崎県長崎市銅座町４番１号りそな長崎ビル８階", "緯度": 32.743756, "経度": 129.876514, "url": "https://www.iryou.teikyouseido.mhlw.go.jp/znk-web/juminkanja/S2430/initialize?prefCd=42&kikanCd=dna0125&kikanKbn=3", "url2": "http://www6.ocn.ne.jp/~taguchi/", "内容": "田口歯科医院【3:歯科】長崎県長崎市銅座町４番１号りそな長崎ビル８階" }, "geometry": { "type": "Point", "coordinates": [ 129.876514, 32.743756 ] } },
{ "type": "Feature", "properties": { "ID": "423dna0127", "正式名称": "田口歯科クリニック", "機関区分": 3, "都道府県コード": 42, "市区町村コード": 201, "所在地": "長崎県長崎市桜町５番８号桜町ビル３Ｆ", "緯度": 32.749925, "経度": 129.878181, "url": "https://www.iryou.teikyouseido.mhlw.go.jp/znk-web/juminkanja/S2430/initialize?prefCd=42&kikanCd=dna0127&kikanKbn=3", "url2": null, "内容": "田口歯科クリニック【3:歯科】長崎県長崎市桜町５番８号桜町ビル３Ｆ" }, "geometry": { "type": "Point", "coordinates": [ 129.878181, 32.749925 ] } },
{ "type": "Feature", "properties": { "ID": "423dna0133", "正式名称": "立山歯科医院", "機関区分": 3, "都道府県コード": 42, "市区町村コード": 201, "所在地": "長崎県長崎市浜町７－１ベリービー５２　７Ｆ", "緯度": 32.743628, "経度": 129.878073, "url": "https://www.iryou.teikyouseido.mhlw.go.jp/znk-web/juminkanja/S2430/initialize?prefCd=42&kikanCd=dna0133&kikanKbn=3", "url2": null, "内容": "立山歯科医院【3:歯科】長崎県長崎市浜町７－１ベリービー５２　７Ｆ" }, "geometry": { "type": "Point", "coordinates": [ 129.878073, 32.743628 ] } },
{ "type": "Feature", "properties": { "ID": "423dna0134", "正式名称": "田中歯科医院", "機関区分": 3, "都道府県コード": 42, "市区町村コード": 201, "所在地": "長崎県長崎市住吉町３番１１号サンシャイン住吉", "緯度": 32.791459, "経度": 129.861407, "url": "https://www.iryou.teikyouseido.mhlw.go.jp/znk-web/juminkanja/S2430/initialize?prefCd=42&kikanCd=dna0134&kikanKbn=3", "url2": null, "内容": "田中歯科医院【3:歯科】長崎県長崎市住吉町３番１１号サンシャイン住吉" }, "geometry": { "type": "Point", "coordinates": [ 129.861407, 32.791459 ] } },
{ "type": "Feature", "properties": { "ID": "423dna0135", "正式名称": "たなかこうせい歯科医院", "機関区分": 3, "都道府県コード": 42, "市区町村コード": 201, "所在地": "長崎県長崎市滑石３丁目１９ー１１", "緯度": 32.807823, "経度": 129.835805, "url": "https://www.iryou.teikyouseido.mhlw.go.jp/znk-web/juminkanja/S2430/initialize?prefCd=42&kikanCd=dna0135&kikanKbn=3", "url2": null, "内容": "たなかこうせい歯科医院【3:歯科】長崎県長崎市滑石３丁目１９ー１１" }, "geometry": { "type": "Point", "coordinates": [ 129.835805, 32.807823 ] } },
{ "type": "Feature", "properties": { "ID": "423dna0137", "正式名称": "医療法人恵和会タナカ・デンタル・クリニック", "機関区分": 3, "都道府県コード": 42, "市区町村コード": 201, "所在地": "長崎県長崎市古川町６－３５", "緯度": 32.745396, "経度": 129.88015, "url": "https://www.iryou.teikyouseido.mhlw.go.jp/znk-web/juminkanja/S2430/initialize?prefCd=42&kikanCd=dna0137&kikanKbn=3", "url2": "http://nagasaki-tdc.jimdo.com/", "内容": "医療法人恵和会タナカ・デンタル・クリニック【3:歯科】長崎県長崎市古川町６－３５" }, "geometry": { "type": "Point", "coordinates": [ 129.88015, 32.745396 ] } },
{ "type": "Feature", "properties": { "ID": "423dna0138", "正式名称": "医療法人広歯会たなか歯科医院", "機関区分": 3, "都道府県コード": 42, "市区町村コード": 201, "所在地": "長崎県長崎市京泊３－３１－１", "緯度": 32.824384, "経度": 129.773216, "url": "https://www.iryou.teikyouseido.mhlw.go.jp/znk-web/juminkanja/S2430/initialize?prefCd=42&kikanCd=dna0138&kikanKbn=3", "url2": "http://www1.cncm.ne.jp/~tkazu/", "内容": "医療法人広歯会たなか歯科医院【3:歯科】長崎県長崎市京泊３－３１－１" }, "geometry": { "type": "Point", "coordinates": [ 129.773216, 32.824384 ] } },
{ "type": "Feature", "properties": { "ID": "423dna0140", "正式名称": "たら歯科", "機関区分": 3, "都道府県コード": 42, "市区町村コード": 201, "所在地": "長崎県長崎市中里町１３９０ー２", "緯度": 32.80646, "経度": 129.965288, "url": "https://www.iryou.teikyouseido.mhlw.go.jp/znk-web/juminkanja/S2430/initialize?prefCd=42&kikanCd=dna0140&kikanKbn=3", "url2": "http://tarashika.com", "内容": "たら歯科【3:歯科】長崎県長崎市中里町１３９０ー２" }, "geometry": { "type": "Point", "coordinates": [ 129.965288, 32.80646 ] } },
{ "type": "Feature", "properties": { "ID": "423dna0142", "正式名称": "医療法人清和会塚本歯科医院", "機関区分": 3, "都道府県コード": 42, "市区町村コード": 201, "所在地": "長崎県長崎市銅座町５－７サイノオビル４Ｆ", "緯度": 32.743396, "経度": 129.876499, "url": "https://www.iryou.teikyouseido.mhlw.go.jp/znk-web/juminkanja/S2430/initialize?prefCd=42&kikanCd=dna0142&kikanKbn=3", "url2": null, "内容": "医療法人清和会塚本歯科医院【3:歯科】長崎県長崎市銅座町５－７サイノオビル４Ｆ" }, "geometry": { "type": "Point", "coordinates": [ 129.876499, 32.743396 ] } },
{ "type": "Feature", "properties": { "ID": "423dna0145", "正式名称": "常岡歯科医院", "機関区分": 3, "都道府県コード": 42, "市区町村コード": 201, "所在地": "長崎県長崎市八幡町６番４号", "緯度": 32.750375, "経度": 129.884408, "url": "https://www.iryou.teikyouseido.mhlw.go.jp/znk-web/juminkanja/S2430/initialize?prefCd=42&kikanCd=dna0145&kikanKbn=3", "url2": null, "内容": "常岡歯科医院【3:歯科】長崎県長崎市八幡町６番４号" }, "geometry": { "type": "Point", "coordinates": [ 129.884408, 32.750375 ] } },
{ "type": "Feature", "properties": { "ID": "423dna0146", "正式名称": "常岡歯科診療所", "機関区分": 3, "都道府県コード": 42, "市区町村コード": 201, "所在地": "長崎県長崎市油屋町２ー１８", "緯度": 32.742913, "経度": 129.881586, "url": "https://www.iryou.teikyouseido.mhlw.go.jp/znk-web/juminkanja/S2430/initialize?prefCd=42&kikanCd=dna0146&kikanKbn=3", "url2": null, "内容": "常岡歯科診療所【3:歯科】長崎県長崎市油屋町２ー１８" }, "geometry": { "type": "Point", "coordinates": [ 129.881586, 32.742913 ] } },
{ "type": "Feature", "properties": { "ID": "423dna0147", "正式名称": "歯科小児矯正歯科つのまち医院", "機関区分": 3, "都道府県コード": 42, "市区町村コード": 201, "所在地": "長崎県長崎市出来大工町６２－４", "緯度": 32.752386, "経度": 129.883268, "url": "https://www.iryou.teikyouseido.mhlw.go.jp/znk-web/juminkanja/S2430/initialize?prefCd=42&kikanCd=dna0147&kikanKbn=3", "url2": "https://tsunomachi.com", "内容": "歯科小児矯正歯科つのまち医院【3:歯科】長崎県長崎市出来大工町６２－４" }, "geometry": { "type": "Point", "coordinates": [ 129.883268, 32.752386 ] } },
{ "type": "Feature", "properties": { "ID": "423dna0148", "正式名称": "坪口歯科医院", "機関区分": 3, "都道府県コード": 42, "市区町村コード": 201, "所在地": "長崎県長崎市岩川町４ー１０", "緯度": 32.767949, "経度": 129.864639, "url": "https://www.iryou.teikyouseido.mhlw.go.jp/znk-web/juminkanja/S2430/initialize?prefCd=42&kikanCd=dna0148&kikanKbn=3", "url2": null, "内容": "坪口歯科医院【3:歯科】長崎県長崎市岩川町４ー１０" }, "geometry": { "type": "Point", "coordinates": [ 129.864639, 32.767949 ] } },
{ "type": "Feature", "properties": { "ID": "423dna0149", "正式名称": "手塚歯科医院", "機関区分": 3, "都道府県コード": 42, "市区町村コード": 201, "所在地": "長崎県長崎市宿町２８番地２", "緯度": 32.759042, "経度": 129.94186, "url": "https://www.iryou.teikyouseido.mhlw.go.jp/znk-web/juminkanja/S2430/initialize?prefCd=42&kikanCd=dna0149&kikanKbn=3", "url2": null, "内容": "手塚歯科医院【3:歯科】長崎県長崎市宿町２８番地２" }, "geometry": { "type": "Point", "coordinates": [ 129.94186, 32.759042 ] } },
{ "type": "Feature", "properties": { "ID": "423dna0152", "正式名称": "医療法人寺田歯科医院", "機関区分": 3, "都道府県コード": 42, "市区町村コード": 201, "所在地": "長崎県長崎市蚊焼町２２１６番地３", "緯度": 32.652608, "経度": 129.824995, "url": "https://www.iryou.teikyouseido.mhlw.go.jp/znk-web/juminkanja/S2430/initialize?prefCd=42&kikanCd=dna0152&kikanKbn=3", "url2": null, "内容": "医療法人寺田歯科医院【3:歯科】長崎県長崎市蚊焼町２２１６番地３" }, "geometry": { "type": "Point", "coordinates": [ 129.824995, 32.652608 ] } },
{ "type": "Feature", "properties": { "ID": "423dna0153", "正式名称": "寺谷歯科医院", "機関区分": 3, "都道府県コード": 42, "市区町村コード": 201, "所在地": "長崎県長崎市上町３番１４号", "緯度": 32.751794, "経度": 129.879507, "url": "https://www.iryou.teikyouseido.mhlw.go.jp/znk-web/juminkanja/S2430/initialize?prefCd=42&kikanCd=dna0153&kikanKbn=3", "url2": null, "内容": "寺谷歯科医院【3:歯科】長崎県長崎市上町３番１４号" }, "geometry": { "type": "Point", "coordinates": [ 129.879507, 32.751794 ] } },
{ "type": "Feature", "properties": { "ID": "423dna0154", "正式名称": "といし歯科クリニック", "機関区分": 3, "都道府県コード": 42, "市区町村コード": 201, "所在地": "長崎県長崎市戸石町１４５５番１号", "緯度": 32.766459, "経度": 129.976881, "url": "https://www.iryou.teikyouseido.mhlw.go.jp/znk-web/juminkanja/S2430/initialize?prefCd=42&kikanCd=dna0154&kikanKbn=3", "url2": null, "内容": "といし歯科クリニック【3:歯科】長崎県長崎市戸石町１４５５番１号" }, "geometry": { "type": "Point", "coordinates": [ 129.976881, 32.766459 ] } },
{ "type": "Feature", "properties": { "ID": "423dna0156", "正式名称": "医療法人道津歯科医院", "機関区分": 3, "都道府県コード": 42, "市区町村コード": 201, "所在地": "長崎県長崎市戸町", "緯度": 32.721798, "経度": 129.861136, "url": "https://www.iryou.teikyouseido.mhlw.go.jp/znk-web/juminkanja/S2430/initialize?prefCd=42&kikanCd=dna0156&kikanKbn=3", "url2": "http://do2dental.com", "内容": "医療法人道津歯科医院【3:歯科】長崎県長崎市戸町" }, "geometry": { "type": "Point", "coordinates": [ 129.861136, 32.721798 ] } },
{ "type": "Feature", "properties": { "ID": "423dna0158", "正式名称": "とだか歯科医院", "機関区分": 3, "都道府県コード": 42, "市区町村コード": 201, "所在地": "長崎県長崎市白鳥町", "緯度": 32.785382, "経度": 129.857063, "url": "https://www.iryou.teikyouseido.mhlw.go.jp/znk-web/juminkanja/S2430/initialize?prefCd=42&kikanCd=dna0158&kikanKbn=3", "url2": null, "内容": "とだか歯科医院【3:歯科】長崎県長崎市白鳥町" }, "geometry": { "type": "Point", "coordinates": [ 129.857063, 32.785382 ] } },
{ "type": "Feature", "properties": { "ID": "423dna0159", "正式名称": "医療法人　富崎歯科", "機関区分": 3, "都道府県コード": 42, "市区町村コード": 201, "所在地": "長崎県長崎市滑石５丁目４番８８号", "緯度": 32.806432, "経度": 129.836147, "url": "https://www.iryou.teikyouseido.mhlw.go.jp/znk-web/juminkanja/S2430/initialize?prefCd=42&kikanCd=dna0159&kikanKbn=3", "url2": "http://tomisakid.com", "内容": "医療法人　富崎歯科【3:歯科】長崎県長崎市滑石５丁目４番８８号" }, "geometry": { "type": "Point", "coordinates": [ 129.836147, 32.806432 ] } },
{ "type": "Feature", "properties": { "ID": "423dna0160", "正式名称": "富永歯科醫院", "機関区分": 3, "都道府県コード": 42, "市区町村コード": 201, "所在地": "長崎県長崎市かき道１丁目３１－２０", "緯度": 32.770633, "経度": 129.953361, "url": "https://www.iryou.teikyouseido.mhlw.go.jp/znk-web/juminkanja/S2430/initialize?prefCd=42&kikanCd=dna0160&kikanKbn=3", "url2": null, "内容": "富永歯科醫院【3:歯科】長崎県長崎市かき道１丁目３１－２０" }, "geometry": { "type": "Point", "coordinates": [ 129.953361, 32.770633 ] } },
{ "type": "Feature", "properties": { "ID": "423dna0161", "正式名称": "冨永歯科クリニック", "機関区分": 3, "都道府県コード": 42, "市区町村コード": 201, "所在地": "長崎県長崎市築町５番７号インクローチョビル２～４Ｆ", "緯度": 32.745002, "経度": 129.875895, "url": "https://www.iryou.teikyouseido.mhlw.go.jp/znk-web/juminkanja/S2430/initialize?prefCd=42&kikanCd=dna0161&kikanKbn=3", "url2": "www.tominaga-dental.jp", "内容": "冨永歯科クリニック【3:歯科】長崎県長崎市築町５番７号インクローチョビル２～４Ｆ" }, "geometry": { "type": "Point", "coordinates": [ 129.875895, 32.745002 ] } },
{ "type": "Feature", "properties": { "ID": "423dna0162", "正式名称": "鳥越歯科医院", "機関区分": 3, "都道府県コード": 42, "市区町村コード": 201, "所在地": "長崎県長崎市戸石町１３０３－４", "緯度": 32.769346, "経度": 129.977488, "url": "https://www.iryou.teikyouseido.mhlw.go.jp/znk-web/juminkanja/S2430/initialize?prefCd=42&kikanCd=dna0162&kikanKbn=3", "url2": "http://www1.cncm.ne.jp/~tri/", "内容": "鳥越歯科医院【3:歯科】長崎県長崎市戸石町１３０３－４" }, "geometry": { "type": "Point", "coordinates": [ 129.977488, 32.769346 ] } },
{ "type": "Feature", "properties": { "ID": "423dna0163", "正式名称": "とりやま歯科", "機関区分": 3, "都道府県コード": 42, "市区町村コード": 201, "所在地": "長崎県長崎市古賀町８７５−１", "緯度": 32.799978, "経度": 129.960443, "url": "https://www.iryou.teikyouseido.mhlw.go.jp/znk-web/juminkanja/S2430/initialize?prefCd=42&kikanCd=dna0163&kikanKbn=3", "url2": "http://www.toriyamasika.com", "内容": "とりやま歯科【3:歯科】長崎県長崎市古賀町８７５−１" }, "geometry": { "type": "Point", "coordinates": [ 129.960443, 32.799978 ] } },
{ "type": "Feature", "properties": { "ID": "423dna0164", "正式名称": "長崎県口腔保健センター歯科診療所", "機関区分": 3, "都道府県コード": 42, "市区町村コード": 201, "所在地": "長崎県長崎市茂里町３－１９", "緯度": 32.765741, "経度": 129.862512, "url": "https://www.iryou.teikyouseido.mhlw.go.jp/znk-web/juminkanja/S2430/initialize?prefCd=42&kikanCd=dna0164&kikanKbn=3", "url2": "http://www.nda.or.jp", "内容": "長崎県口腔保健センター歯科診療所【3:歯科】長崎県長崎市茂里町３－１９" }, "geometry": { "type": "Point", "coordinates": [ 129.862512, 32.765741 ] } },
{ "type": "Feature", "properties": { "ID": "423dna0165", "正式名称": "なかしま歯科医院", "機関区分": 3, "都道府県コード": 42, "市区町村コード": 201, "所在地": "長崎県長崎市春木町９番２号", "緯度": 32.765732, "経度": 129.858104, "url": "https://www.iryou.teikyouseido.mhlw.go.jp/znk-web/juminkanja/S2430/initialize?prefCd=42&kikanCd=dna0165&kikanKbn=3", "url2": null, "内容": "なかしま歯科医院【3:歯科】長崎県長崎市春木町９番２号" }, "geometry": { "type": "Point", "coordinates": [ 129.858104, 32.765732 ] } },
{ "type": "Feature", "properties": { "ID": "423dna0167", "正式名称": "ながはま歯科医院", "機関区分": 3, "都道府県コード": 42, "市区町村コード": 201, "所在地": "長崎県長崎市小ケ倉町２－１７８", "緯度": 32.705601, "経度": 129.850057, "url": "https://www.iryou.teikyouseido.mhlw.go.jp/znk-web/juminkanja/S2430/initialize?prefCd=42&kikanCd=dna0167&kikanKbn=3", "url2": null, "内容": "ながはま歯科医院【3:歯科】長崎県長崎市小ケ倉町２－１７８" }, "geometry": { "type": "Point", "coordinates": [ 129.850057, 32.705601 ] } },
{ "type": "Feature", "properties": { "ID": "423dna0169", "正式名称": "医療法人中村歯科", "機関区分": 3, "都道府県コード": 42, "市区町村コード": 201, "所在地": "長崎県長崎市田上２－６－５高木ビル１階", "緯度": 32.726287, "経度": 129.890432, "url": "https://www.iryou.teikyouseido.mhlw.go.jp/znk-web/juminkanja/S2430/initialize?prefCd=42&kikanCd=dna0169&kikanKbn=3", "url2": "https://tagami-nakamura.com/", "内容": "医療法人中村歯科【3:歯科】長崎県長崎市田上２－６－５高木ビル１階" }, "geometry": { "type": "Point", "coordinates": [ 129.890432, 32.726287 ] } },
{ "type": "Feature", "properties": { "ID": "423dna0171", "正式名称": "中村歯科医院", "機関区分": 3, "都道府県コード": 42, "市区町村コード": 201, "所在地": "長崎県長崎市千歳町三番二号", "緯度": 32.790005, "経度": 129.861186, "url": "https://www.iryou.teikyouseido.mhlw.go.jp/znk-web/juminkanja/S2430/initialize?prefCd=42&kikanCd=dna0171&kikanKbn=3", "url2": null, "内容": "中村歯科医院【3:歯科】長崎県長崎市千歳町三番二号" }, "geometry": { "type": "Point", "coordinates": [ 129.861186, 32.790005 ] } },
{ "type": "Feature", "properties": { "ID": "423dna0172", "正式名称": "ナカムラ・デンタル・クリニック", "機関区分": 3, "都道府県コード": 42, "市区町村コード": 201, "所在地": "長崎県長崎市万屋町５－２７高橋ビル１Ｆ", "緯度": 32.744026, "経度": 129.879949, "url": "https://www.iryou.teikyouseido.mhlw.go.jp/znk-web/juminkanja/S2430/initialize?prefCd=42&kikanCd=dna0172&kikanKbn=3", "url2": null, "内容": "ナカムラ・デンタル・クリニック【3:歯科】長崎県長崎市万屋町５－２７高橋ビル１Ｆ" }, "geometry": { "type": "Point", "coordinates": [ 129.879949, 32.744026 ] } },
{ "type": "Feature", "properties": { "ID": "423dna0173", "正式名称": "なりまつ歯科", "機関区分": 3, "都道府県コード": 42, "市区町村コード": 201, "所在地": "長崎県長崎市浜町６－２２", "緯度": 32.743181, "経度": 129.878734, "url": "https://www.iryou.teikyouseido.mhlw.go.jp/znk-web/juminkanja/S2430/initialize?prefCd=42&kikanCd=dna0173&kikanKbn=3", "url2": "http://narimatsushika.com", "内容": "なりまつ歯科【3:歯科】長崎県長崎市浜町６－２２" }, "geometry": { "type": "Point", "coordinates": [ 129.878734, 32.743181 ] } },
{ "type": "Feature", "properties": { "ID": "423dna0174", "正式名称": "鳴見台歯科クリニック", "機関区分": 3, "都道府県コード": 42, "市区町村コード": 201, "所在地": "長崎県長崎市鳴見台２－２２－２５", "緯度": 32.820879, "経度": 129.806388, "url": "https://www.iryou.teikyouseido.mhlw.go.jp/znk-web/juminkanja/S2430/initialize?prefCd=42&kikanCd=dna0174&kikanKbn=3", "url2": "http://narumidai-dental.jp/", "内容": "鳴見台歯科クリニック【3:歯科】長崎県長崎市鳴見台２－２２－２５" }, "geometry": { "type": "Point", "coordinates": [ 129.806388, 32.820879 ] } },
{ "type": "Feature", "properties": { "ID": "423dna0175", "正式名称": "西岡歯科医院", "機関区分": 3, "都道府県コード": 42, "市区町村コード": 201, "所在地": "長崎県長崎市白木町１－８", "緯度": 32.738884, "経度": 129.893766, "url": "https://www.iryou.teikyouseido.mhlw.go.jp/znk-web/juminkanja/S2430/initialize?prefCd=42&kikanCd=dna0175&kikanKbn=3", "url2": null, "内容": "西岡歯科医院【3:歯科】長崎県長崎市白木町１－８" }, "geometry": { "type": "Point", "coordinates": [ 129.893766, 32.738884 ] } },
{ "type": "Feature", "properties": { "ID": "423dna0176", "正式名称": "医療法人　成仁会　にしおか歯科医院", "機関区分": 3, "都道府県コード": 42, "市区町村コード": 201, "所在地": "長崎県長崎市宿町４７番地１", "緯度": 32.759688, "経度": 129.940527, "url": "https://www.iryou.teikyouseido.mhlw.go.jp/znk-web/juminkanja/S2430/initialize?prefCd=42&kikanCd=dna0176&kikanKbn=3", "url2": null, "内容": "医療法人　成仁会　にしおか歯科医院【3:歯科】長崎県長崎市宿町４７番地１" }, "geometry": { "type": "Point", "coordinates": [ 129.940527, 32.759688 ] } },
{ "type": "Feature", "properties": { "ID": "423dna0177", "正式名称": "にしかど歯科医院", "機関区分": 3, "都道府県コード": 42, "市区町村コード": 201, "所在地": "長崎県長崎市浜口町", "緯度": 32.770102, "経度": 129.864401, "url": "https://www.iryou.teikyouseido.mhlw.go.jp/znk-web/juminkanja/S2430/initialize?prefCd=42&kikanCd=dna0177&kikanKbn=3", "url2": "www.nisikado-dental-clinic.com", "内容": "にしかど歯科医院【3:歯科】長崎県長崎市浜口町" }, "geometry": { "type": "Point", "coordinates": [ 129.864401, 32.770102 ] } },
{ "type": "Feature", "properties": { "ID": "423dna0179", "正式名称": "にしだ歯科医院", "機関区分": 3, "都道府県コード": 42, "市区町村コード": 201, "所在地": "長崎県長崎市みなと坂１丁目２－１４", "緯度": 32.730566, "経度": 129.839725, "url": "https://www.iryou.teikyouseido.mhlw.go.jp/znk-web/juminkanja/S2430/initialize?prefCd=42&kikanCd=dna0179&kikanKbn=3", "url2": "http://www.okuchi-kenkou.com", "内容": "にしだ歯科医院【3:歯科】長崎県長崎市みなと坂１丁目２－１４" }, "geometry": { "type": "Point", "coordinates": [ 129.839725, 32.730566 ] } },
{ "type": "Feature", "properties": { "ID": "423dna0181", "正式名称": "にのみや歯科", "機関区分": 3, "都道府県コード": 42, "市区町村コード": 201, "所在地": "長崎県長崎市葉山一丁目１４－２８", "緯度": 32.802774, "経度": 129.848849, "url": "https://www.iryou.teikyouseido.mhlw.go.jp/znk-web/juminkanja/S2430/initialize?prefCd=42&kikanCd=dna0181&kikanKbn=3", "url2": "http://ninomiyadental.com/", "内容": "にのみや歯科【3:歯科】長崎県長崎市葉山一丁目１４－２８" }, "geometry": { "type": "Point", "coordinates": [ 129.848849, 32.802774 ] } },
{ "type": "Feature", "properties": { "ID": "423dna0184", "正式名称": "野田歯科医院", "機関区分": 3, "都道府県コード": 42, "市区町村コード": 201, "所在地": "長崎県長崎市桜町３番８号", "緯度": 32.749914, "経度": 129.877137, "url": "https://www.iryou.teikyouseido.mhlw.go.jp/znk-web/juminkanja/S2430/initialize?prefCd=42&kikanCd=dna0184&kikanKbn=3", "url2": null, "内容": "野田歯科医院【3:歯科】長崎県長崎市桜町３番８号" }, "geometry": { "type": "Point", "coordinates": [ 129.877137, 32.749914 ] } },
{ "type": "Feature", "properties": { "ID": "423dna0185", "正式名称": "のはら歯科", "機関区分": 3, "都道府県コード": 42, "市区町村コード": 201, "所在地": "長崎県長崎市万屋町４番１４号堤ビル３Ｆ", "緯度": 32.745062, "経度": 129.878784, "url": "https://www.iryou.teikyouseido.mhlw.go.jp/znk-web/juminkanja/S2430/initialize?prefCd=42&kikanCd=dna0185&kikanKbn=3", "url2": null, "内容": "のはら歯科【3:歯科】長崎県長崎市万屋町４番１４号堤ビル３Ｆ" }, "geometry": { "type": "Point", "coordinates": [ 129.878784, 32.745062 ] } },
{ "type": "Feature", "properties": { "ID": "423dna0186", "正式名称": "はかりや歯科・小児歯科医院", "機関区分": 3, "都道府県コード": 42, "市区町村コード": 201, "所在地": "長崎県長崎市大浜町１５９１", "緯度": 32.746087, "経度": 129.829349, "url": "https://www.iryou.teikyouseido.mhlw.go.jp/znk-web/juminkanja/S2430/initialize?prefCd=42&kikanCd=dna0186&kikanKbn=3", "url2": null, "内容": "はかりや歯科・小児歯科医院【3:歯科】長崎県長崎市大浜町１５９１" }, "geometry": { "type": "Point", "coordinates": [ 129.829349, 32.746087 ] } },
{ "type": "Feature", "properties": { "ID": "423dna0187", "正式名称": "馬場歯科医院", "機関区分": 3, "都道府県コード": 42, "市区町村コード": 201, "所在地": "長崎県長崎市銅座町１４－１", "緯度": 32.743235, "経度": 129.87782, "url": "https://www.iryou.teikyouseido.mhlw.go.jp/znk-web/juminkanja/S2430/initialize?prefCd=42&kikanCd=dna0187&kikanKbn=3", "url2": null, "内容": "馬場歯科医院【3:歯科】長崎県長崎市銅座町１４－１" }, "geometry": { "type": "Point", "coordinates": [ 129.87782, 32.743235 ] } },
{ "type": "Feature", "properties": { "ID": "423dna0189", "正式名称": "医療法人林田歯科医院", "機関区分": 3, "都道府県コード": 42, "市区町村コード": 201, "所在地": "長崎県長崎市矢上町３番２８号", "緯度": 32.771895, "経度": 129.949473, "url": "https://www.iryou.teikyouseido.mhlw.go.jp/znk-web/juminkanja/S2430/initialize?prefCd=42&kikanCd=dna0189&kikanKbn=3", "url2": null, "内容": "医療法人林田歯科医院【3:歯科】長崎県長崎市矢上町３番２８号" }, "geometry": { "type": "Point", "coordinates": [ 129.949473, 32.771895 ] } },
{ "type": "Feature", "properties": { "ID": "423dna0190", "正式名称": "医療法人エム　葉山歯科キッズデンタルクリニック", "機関区分": 3, "都道府県コード": 42, "市区町村コード": 201, "所在地": "長崎県長崎市横尾２丁目１３－５", "緯度": 32.813547, "経度": 129.836225, "url": "https://www.iryou.teikyouseido.mhlw.go.jp/znk-web/juminkanja/S2430/initialize?prefCd=42&kikanCd=dna0190&kikanKbn=3", "url2": "http://www.dentalhayama.com/", "内容": "医療法人エム　葉山歯科キッズデンタルクリニック【3:歯科】長崎県長崎市横尾２丁目１３－５" }, "geometry": { "type": "Point", "coordinates": [ 129.836225, 32.813547 ] } },
{ "type": "Feature", "properties": { "ID": "423dna0191", "正式名称": "原歯科診療所", "機関区分": 3, "都道府県コード": 42, "市区町村コード": 201, "所在地": "長崎県長崎市丸山町７番３号", "緯度": 32.742131, "経度": 129.881033, "url": "https://www.iryou.teikyouseido.mhlw.go.jp/znk-web/juminkanja/S2430/initialize?prefCd=42&kikanCd=dna0191&kikanKbn=3", "url2": null, "内容": "原歯科診療所【3:歯科】長崎県長崎市丸山町７番３号" }, "geometry": { "type": "Point", "coordinates": [ 129.881033, 32.742131 ] } },
{ "type": "Feature", "properties": { "ID": "423dna0192", "正式名称": "はら歯科医院", "機関区分": 3, "都道府県コード": 42, "市区町村コード": 201, "所在地": "長崎県長崎市平野町", "緯度": 32.770238, "経度": 129.867092, "url": "https://www.iryou.teikyouseido.mhlw.go.jp/znk-web/juminkanja/S2430/initialize?prefCd=42&kikanCd=dna0192&kikanKbn=3", "url2": "http://www.hara-dental.net/index.html", "内容": "はら歯科医院【3:歯科】長崎県長崎市平野町" }, "geometry": { "type": "Point", "coordinates": [ 129.867092, 32.770238 ] } },
{ "type": "Feature", "properties": { "ID": "423dna0193", "正式名称": "はらぐち歯科医院", "機関区分": 3, "都道府県コード": 42, "市区町村コード": 201, "所在地": "長崎県長崎市かき道２チョウメ５２バン１８ゴウ", "緯度": 32.772666, "経度": 129.962548, "url": "https://www.iryou.teikyouseido.mhlw.go.jp/znk-web/juminkanja/S2430/initialize?prefCd=42&kikanCd=dna0193&kikanKbn=3", "url2": null, "内容": "はらぐち歯科医院【3:歯科】長崎県長崎市かき道２チョウメ５２バン１８ゴウ" }, "geometry": { "type": "Point", "coordinates": [ 129.962548, 32.772666 ] } },
{ "type": "Feature", "properties": { "ID": "423dna0194", "正式名称": "東歯科医院", "機関区分": 3, "都道府県コード": 42, "市区町村コード": 201, "所在地": "長崎県長崎市大橋町", "緯度": 32.781554, "経度": 129.863236, "url": "https://www.iryou.teikyouseido.mhlw.go.jp/znk-web/juminkanja/S2430/initialize?prefCd=42&kikanCd=dna0194&kikanKbn=3", "url2": "http://higashi-sika.kamu-come.com", "内容": "東歯科医院【3:歯科】長崎県長崎市大橋町" }, "geometry": { "type": "Point", "coordinates": [ 129.863236, 32.781554 ] } },
{ "type": "Feature", "properties": { "ID": "423dna0196", "正式名称": "平川歯科医院", "機関区分": 3, "都道府県コード": 42, "市区町村コード": 201, "所在地": "長崎県長崎市城栄町１６－１５", "緯度": 32.77483, "経度": 129.856716, "url": "https://www.iryou.teikyouseido.mhlw.go.jp/znk-web/juminkanja/S2430/initialize?prefCd=42&kikanCd=dna0196&kikanKbn=3", "url2": "www.hirakawa-dental.main.jp/", "内容": "平川歯科医院【3:歯科】長崎県長崎市城栄町１６－１５" }, "geometry": { "type": "Point", "coordinates": [ 129.856716, 32.77483 ] } },
{ "type": "Feature", "properties": { "ID": "423dna0198", "正式名称": "ひらの歯科クリニック", "機関区分": 3, "都道府県コード": 42, "市区町村コード": 201, "所在地": "長崎県長崎市畝刈町１６１３－８５ニューポートメディカルビル２階", "緯度": 32.825517, "経度": 129.776955, "url": "https://www.iryou.teikyouseido.mhlw.go.jp/znk-web/juminkanja/S2430/initialize?prefCd=42&kikanCd=dna0198&kikanKbn=3", "url2": null, "内容": "ひらの歯科クリニック【3:歯科】長崎県長崎市畝刈町１６１３－８５ニューポートメディカルビル２階" }, "geometry": { "type": "Point", "coordinates": [ 129.776955, 32.825517 ] } },
{ "type": "Feature", "properties": { "ID": "423dna0200", "正式名称": "ひろし歯科", "機関区分": 3, "都道府県コード": 42, "市区町村コード": 201, "所在地": "長崎県長崎市伊勢町４番１０号江口ビル２Ｆ", "緯度": 32.751875, "経度": 129.886557, "url": "https://www.iryou.teikyouseido.mhlw.go.jp/znk-web/juminkanja/S2430/initialize?prefCd=42&kikanCd=dna0200&kikanKbn=3", "url2": null, "内容": "ひろし歯科【3:歯科】長崎県長崎市伊勢町４番１０号江口ビル２Ｆ" }, "geometry": { "type": "Point", "coordinates": [ 129.886557, 32.751875 ] } },
{ "type": "Feature", "properties": { "ID": "423dna0203", "正式名称": "藤井歯科医院新戸町診療所", "機関区分": 3, "都道府県コード": 42, "市区町村コード": 201, "所在地": "長崎県長崎市新戸町２丁目６－２３", "緯度": 32.712064, "経度": 129.866276, "url": "https://www.iryou.teikyouseido.mhlw.go.jp/znk-web/juminkanja/S2430/initialize?prefCd=42&kikanCd=dna0203&kikanKbn=3", "url2": null, "内容": "藤井歯科医院新戸町診療所【3:歯科】長崎県長崎市新戸町２丁目６－２３" }, "geometry": { "type": "Point", "coordinates": [ 129.866276, 32.712064 ] } },
{ "type": "Feature", "properties": { "ID": "423dna0205", "正式名称": "医療法人藤樹歯科医院", "機関区分": 3, "都道府県コード": 42, "市区町村コード": 201, "所在地": "長崎県長崎市銅座町２番地１５号", "緯度": 32.742917, "経度": 129.875324, "url": "https://www.iryou.teikyouseido.mhlw.go.jp/znk-web/juminkanja/S2430/initialize?prefCd=42&kikanCd=dna0205&kikanKbn=3", "url2": null, "内容": "医療法人藤樹歯科医院【3:歯科】長崎県長崎市銅座町２番地１５号" }, "geometry": { "type": "Point", "coordinates": [ 129.875324, 32.742917 ] } },
{ "type": "Feature", "properties": { "ID": "423dna0206", "正式名称": "医療法人ファミリースマイル会　ふじ歯科診療所", "機関区分": 3, "都道府県コード": 42, "市区町村コード": 201, "所在地": "長崎県長崎市万才町", "緯度": 32.746225, "経度": 129.874506, "url": "https://www.iryou.teikyouseido.mhlw.go.jp/znk-web/juminkanja/S2430/initialize?prefCd=42&kikanCd=dna0206&kikanKbn=3", "url2": "https://fujid.jp/", "内容": "医療法人ファミリースマイル会　ふじ歯科診療所【3:歯科】長崎県長崎市万才町" }, "geometry": { "type": "Point", "coordinates": [ 129.874506, 32.746225 ] } },
{ "type": "Feature", "properties": { "ID": "423dna0208", "正式名称": "古豊歯科医院", "機関区分": 3, "都道府県コード": 42, "市区町村コード": 201, "所在地": "長崎県長崎市小峰町３番１６号", "緯度": 32.782592, "経度": 129.871469, "url": "https://www.iryou.teikyouseido.mhlw.go.jp/znk-web/juminkanja/S2430/initialize?prefCd=42&kikanCd=dna0208&kikanKbn=3", "url2": "http://www7b.biglobe.ne.jp/~furutoyosikaiinn/", "内容": "古豊歯科医院【3:歯科】長崎県長崎市小峰町３番１６号" }, "geometry": { "type": "Point", "coordinates": [ 129.871469, 32.782592 ] } },
{ "type": "Feature", "properties": { "ID": "423dna0209", "正式名称": "（医）星野歯科医院", "機関区分": 3, "都道府県コード": 42, "市区町村コード": 201, "所在地": "長崎県長崎市浪の平町２番１５号", "緯度": 32.731573, "経度": 129.865205, "url": "https://www.iryou.teikyouseido.mhlw.go.jp/znk-web/juminkanja/S2430/initialize?prefCd=42&kikanCd=dna0209&kikanKbn=3", "url2": null, "内容": "（医）星野歯科医院【3:歯科】長崎県長崎市浪の平町２番１５号" }, "geometry": { "type": "Point", "coordinates": [ 129.865205, 32.731573 ] } },
{ "type": "Feature", "properties": { "ID": "423dna0210", "正式名称": "医療法人ほんだ歯科", "機関区分": 3, "都道府県コード": 42, "市区町村コード": 201, "所在地": "長崎県長崎市文教町５－２３", "緯度": 32.788652, "経度": 129.870594, "url": "https://www.iryou.teikyouseido.mhlw.go.jp/znk-web/juminkanja/S2430/initialize?prefCd=42&kikanCd=dna0210&kikanKbn=3", "url2": "http://www.honda-dent.com", "内容": "医療法人ほんだ歯科【3:歯科】長崎県長崎市文教町５－２３" }, "geometry": { "type": "Point", "coordinates": [ 129.870594, 32.788652 ] } },
{ "type": "Feature", "properties": { "ID": "423dna0213", "正式名称": "増田歯科クリニック", "機関区分": 3, "都道府県コード": 42, "市区町村コード": 201, "所在地": "長崎県長崎市若竹町１９－２３", "緯度": 32.796245, "経度": 129.854378, "url": "https://www.iryou.teikyouseido.mhlw.go.jp/znk-web/juminkanja/S2430/initialize?prefCd=42&kikanCd=dna0213&kikanKbn=3", "url2": "http://masudashika.blog.fc2.com/", "内容": "増田歯科クリニック【3:歯科】長崎県長崎市若竹町１９－２３" }, "geometry": { "type": "Point", "coordinates": [ 129.854378, 32.796245 ] } },
{ "type": "Feature", "properties": { "ID": "423dna0214", "正式名称": "桝屋歯科医院", "機関区分": 3, "都道府県コード": 42, "市区町村コード": 201, "所在地": "長崎県長崎市八千代町１－８Ｌ’ＯＦＦＩＣＥ長崎駅東通り３Ｆ", "緯度": 32.754749, "経度": 129.87023, "url": "https://www.iryou.teikyouseido.mhlw.go.jp/znk-web/juminkanja/S2430/initialize?prefCd=42&kikanCd=dna0214&kikanKbn=3", "url2": "http://dc-masuya.com", "内容": "桝屋歯科医院【3:歯科】長崎県長崎市八千代町１－８Ｌ’ＯＦＦＩＣＥ長崎駅東通り３Ｆ" }, "geometry": { "type": "Point", "coordinates": [ 129.87023, 32.754749 ] } },
{ "type": "Feature", "properties": { "ID": "423dna0215", "正式名称": "まちだ歯科クリニック", "機関区分": 3, "都道府県コード": 42, "市区町村コード": 201, "所在地": "長崎県長崎市茂木町１５９０ー１３", "緯度": 32.704991, "経度": 129.909766, "url": "https://www.iryou.teikyouseido.mhlw.go.jp/znk-web/juminkanja/S2430/initialize?prefCd=42&kikanCd=dna0215&kikanKbn=3", "url2": null, "内容": "まちだ歯科クリニック【3:歯科】長崎県長崎市茂木町１５９０ー１３" }, "geometry": { "type": "Point", "coordinates": [ 129.909766, 32.704991 ] } },
{ "type": "Feature", "properties": { "ID": "423dna0217", "正式名称": "マツオ歯科医院", "機関区分": 3, "都道府県コード": 42, "市区町村コード": 201, "所在地": "長崎県長崎市坂本", "緯度": 32.767328, "経度": 129.867213, "url": "https://www.iryou.teikyouseido.mhlw.go.jp/znk-web/juminkanja/S2430/initialize?prefCd=42&kikanCd=dna0217&kikanKbn=3", "url2": "https://matsuo-dental.website", "内容": "マツオ歯科医院【3:歯科】長崎県長崎市坂本" }, "geometry": { "type": "Point", "coordinates": [ 129.867213, 32.767328 ] } },
{ "type": "Feature", "properties": { "ID": "423dna0218", "正式名称": "松尾歯科医院", "機関区分": 3, "都道府県コード": 42, "市区町村コード": 201, "所在地": "長崎県長崎市松山町", "緯度": 32.77264, "経度": 129.862538, "url": "https://www.iryou.teikyouseido.mhlw.go.jp/znk-web/juminkanja/S2430/initialize?prefCd=42&kikanCd=dna0218&kikanKbn=3", "url2": null, "内容": "松尾歯科医院【3:歯科】長崎県長崎市松山町" }, "geometry": { "type": "Point", "coordinates": [ 129.862538, 32.77264 ] } },
{ "type": "Feature", "properties": { "ID": "423dna0219", "正式名称": "まつお歯科医院", "機関区分": 3, "都道府県コード": 42, "市区町村コード": 201, "所在地": "長崎県長崎市ダイヤランド３－１１ー７", "緯度": 32.701401, "経度": 129.856112, "url": "https://www.iryou.teikyouseido.mhlw.go.jp/znk-web/juminkanja/S2430/initialize?prefCd=42&kikanCd=dna0219&kikanKbn=3", "url2": null, "内容": "まつお歯科医院【3:歯科】長崎県長崎市ダイヤランド３－１１ー７" }, "geometry": { "type": "Point", "coordinates": [ 129.856112, 32.701401 ] } },
{ "type": "Feature", "properties": { "ID": "423dna0220", "正式名称": "松尾まこと歯科", "機関区分": 3, "都道府県コード": 42, "市区町村コード": 201, "所在地": "長崎県長崎市橋口町１５番１１号アメニティハイツ１階", "緯度": 32.779423, "経度": 129.865184, "url": "https://www.iryou.teikyouseido.mhlw.go.jp/znk-web/juminkanja/S2430/initialize?prefCd=42&kikanCd=dna0220&kikanKbn=3", "url2": "http://www.matsuo-dc.jp", "内容": "松尾まこと歯科【3:歯科】長崎県長崎市橋口町１５番１１号アメニティハイツ１階" }, "geometry": { "type": "Point", "coordinates": [ 129.865184, 32.779423 ] } },
{ "type": "Feature", "properties": { "ID": "423dna0221", "正式名称": "医療法人松谷歯科医院", "機関区分": 3, "都道府県コード": 42, "市区町村コード": 201, "所在地": "長崎県長崎市滑石３丁目６−５", "緯度": 32.807624, "経度": 129.839286, "url": "https://www.iryou.teikyouseido.mhlw.go.jp/znk-web/juminkanja/S2430/initialize?prefCd=42&kikanCd=dna0221&kikanKbn=3", "url2": "http://www.matsutani-shika.net/", "内容": "医療法人松谷歯科医院【3:歯科】長崎県長崎市滑石３丁目６−５" }, "geometry": { "type": "Point", "coordinates": [ 129.839286, 32.807624 ] } },
{ "type": "Feature", "properties": { "ID": "423dna0224", "正式名称": "松永歯科医院", "機関区分": 3, "都道府県コード": 42, "市区町村コード": 201, "所在地": "長崎県長崎市小江原２－４１－２０", "緯度": 32.780596, "経度": 129.837072, "url": "https://www.iryou.teikyouseido.mhlw.go.jp/znk-web/juminkanja/S2430/initialize?prefCd=42&kikanCd=dna0224&kikanKbn=3", "url2": null, "内容": "松永歯科医院【3:歯科】長崎県長崎市小江原２－４１－２０" }, "geometry": { "type": "Point", "coordinates": [ 129.837072, 32.780596 ] } },
{ "type": "Feature", "properties": { "ID": "423dna0227", "正式名称": "松本健歯科医院", "機関区分": 3, "都道府県コード": 42, "市区町村コード": 201, "所在地": "長崎県長崎市栄町３番２４号", "緯度": 32.747467, "経度": 129.878492, "url": "https://www.iryou.teikyouseido.mhlw.go.jp/znk-web/juminkanja/S2430/initialize?prefCd=42&kikanCd=dna0227&kikanKbn=3", "url2": null, "内容": "松本健歯科医院【3:歯科】長崎県長崎市栄町３番２４号" }, "geometry": { "type": "Point", "coordinates": [ 129.878492, 32.747467 ] } },
{ "type": "Feature", "properties": { "ID": "423dna0229", "正式名称": "馬渡歯科医院", "機関区分": 3, "都道府県コード": 42, "市区町村コード": 201, "所在地": "長崎県長崎市旭町９番１８号旭マンション１０１", "緯度": 32.749213, "経度": 129.863959, "url": "https://www.iryou.teikyouseido.mhlw.go.jp/znk-web/juminkanja/S2430/initialize?prefCd=42&kikanCd=dna0229&kikanKbn=3", "url2": "http://mawatari-dental.com/", "内容": "馬渡歯科医院【3:歯科】長崎県長崎市旭町９番１８号旭マンション１０１" }, "geometry": { "type": "Point", "coordinates": [ 129.863959, 32.749213 ] } },
{ "type": "Feature", "properties": { "ID": "423dna0231", "正式名称": "ミツヤス歯科診療所", "機関区分": 3, "都道府県コード": 42, "市区町村コード": 201, "所在地": "長崎県長崎市万才町３番地９号", "緯度": 32.746827, "経度": 129.874844, "url": "https://www.iryou.teikyouseido.mhlw.go.jp/znk-web/juminkanja/S2430/initialize?prefCd=42&kikanCd=dna0231&kikanKbn=3", "url2": "mitsuyasusika.com", "内容": "ミツヤス歯科診療所【3:歯科】長崎県長崎市万才町３番地９号" }, "geometry": { "type": "Point", "coordinates": [ 129.874844, 32.746827 ] } },
{ "type": "Feature", "properties": { "ID": "423dna0232", "正式名称": "光安歯科医院", "機関区分": 3, "都道府県コード": 42, "市区町村コード": 201, "所在地": "長崎県長崎市船大工町６－１１", "緯度": 32.741617, "経度": 129.878293, "url": "https://www.iryou.teikyouseido.mhlw.go.jp/znk-web/juminkanja/S2430/initialize?prefCd=42&kikanCd=dna0232&kikanKbn=3", "url2": null, "内容": "光安歯科医院【3:歯科】長崎県長崎市船大工町６－１１" }, "geometry": { "type": "Point", "coordinates": [ 129.878293, 32.741617 ] } },
{ "type": "Feature", "properties": { "ID": "423dna0233", "正式名称": "医療法人南歯科医院", "機関区分": 3, "都道府県コード": 42, "市区町村コード": 201, "所在地": "長崎県長崎市平和町１８－２", "緯度": 32.775134, "経度": 129.865898, "url": "https://www.iryou.teikyouseido.mhlw.go.jp/znk-web/juminkanja/S2430/initialize?prefCd=42&kikanCd=dna0233&kikanKbn=3", "url2": null, "内容": "医療法人南歯科医院【3:歯科】長崎県長崎市平和町１８－２" }, "geometry": { "type": "Point", "coordinates": [ 129.865898, 32.775134 ] } },
{ "type": "Feature", "properties": { "ID": "423dna0234", "正式名称": "峯歯科医院", "機関区分": 3, "都道府県コード": 42, "市区町村コード": 201, "所在地": "長崎県長崎市城山町５番１号", "緯度": 32.77411, "経度": 129.859415, "url": "https://www.iryou.teikyouseido.mhlw.go.jp/znk-web/juminkanja/S2430/initialize?prefCd=42&kikanCd=dna0234&kikanKbn=3", "url2": null, "内容": "峯歯科医院【3:歯科】長崎県長崎市城山町５番１号" }, "geometry": { "type": "Point", "coordinates": [ 129.859415, 32.77411 ] } },
{ "type": "Feature", "properties": { "ID": "423dna0237", "正式名称": "宮口歯科医院", "機関区分": 3, "都道府県コード": 42, "市区町村コード": 201, "所在地": "長崎県長崎市住吉町１１－２０", "緯度": 32.792491, "経度": 129.860302, "url": "https://www.iryou.teikyouseido.mhlw.go.jp/znk-web/juminkanja/S2430/initialize?prefCd=42&kikanCd=dna0237&kikanKbn=3", "url2": null, "内容": "宮口歯科医院【3:歯科】長崎県長崎市住吉町１１－２０" }, "geometry": { "type": "Point", "coordinates": [ 129.860302, 32.792491 ] } },
{ "type": "Feature", "properties": { "ID": "423dna0238", "正式名称": "みやざき歯科医院", "機関区分": 3, "都道府県コード": 42, "市区町村コード": 201, "所在地": "長崎県長崎市小曽根町１番３８号", "緯度": 32.734764, "経度": 129.867907, "url": "https://www.iryou.teikyouseido.mhlw.go.jp/znk-web/juminkanja/S2430/initialize?prefCd=42&kikanCd=dna0238&kikanKbn=3", "url2": null, "内容": "みやざき歯科医院【3:歯科】長崎県長崎市小曽根町１番３８号" }, "geometry": { "type": "Point", "coordinates": [ 129.867907, 32.734764 ] } },
{ "type": "Feature", "properties": { "ID": "423dna0239", "正式名称": "みやた歯科医院", "機関区分": 3, "都道府県コード": 42, "市区町村コード": 201, "所在地": "長崎県長崎市竹の久保町１７−１６", "緯度": 32.767755, "経度": 129.859873, "url": "https://www.iryou.teikyouseido.mhlw.go.jp/znk-web/juminkanja/S2430/initialize?prefCd=42&kikanCd=dna0239&kikanKbn=3", "url2": "https://www.miyatadental.info", "内容": "みやた歯科医院【3:歯科】長崎県長崎市竹の久保町１７−１６" }, "geometry": { "type": "Point", "coordinates": [ 129.859873, 32.767755 ] } },
{ "type": "Feature", "properties": { "ID": "423dna0240", "正式名称": "宮田歯科医院", "機関区分": 3, "都道府県コード": 42, "市区町村コード": 201, "所在地": "長崎県長崎市磯道町５番地１０", "緯度": 32.701033, "経度": 129.847233, "url": "https://www.iryou.teikyouseido.mhlw.go.jp/znk-web/juminkanja/S2430/initialize?prefCd=42&kikanCd=dna0240&kikanKbn=3", "url2": null, "内容": "宮田歯科医院【3:歯科】長崎県長崎市磯道町５番地１０" }, "geometry": { "type": "Point", "coordinates": [ 129.847233, 32.701033 ] } },
{ "type": "Feature", "properties": { "ID": "423dna0241", "正式名称": "牟田歯科医院", "機関区分": 3, "都道府県コード": 42, "市区町村コード": 201, "所在地": "長崎県長崎市梁川町４丁目１２番地梁川ビル１Ｆ", "緯度": 32.762878, "経度": 129.860242, "url": "https://www.iryou.teikyouseido.mhlw.go.jp/znk-web/juminkanja/S2430/initialize?prefCd=42&kikanCd=dna0241&kikanKbn=3", "url2": null, "内容": "牟田歯科医院【3:歯科】長崎県長崎市梁川町４丁目１２番地梁川ビル１Ｆ" }, "geometry": { "type": "Point", "coordinates": [ 129.860242, 32.762878 ] } },
{ "type": "Feature", "properties": { "ID": "423dna0243", "正式名称": "むらかみ歯科医院", "機関区分": 3, "都道府県コード": 42, "市区町村コード": 201, "所在地": "長崎県長崎市葉山２－１－１９", "緯度": 32.802575, "経度": 129.847996, "url": "https://www.iryou.teikyouseido.mhlw.go.jp/znk-web/juminkanja/S2430/initialize?prefCd=42&kikanCd=dna0243&kikanKbn=3", "url2": null, "内容": "むらかみ歯科医院【3:歯科】長崎県長崎市葉山２－１－１９" }, "geometry": { "type": "Point", "coordinates": [ 129.847996, 32.802575 ] } },
{ "type": "Feature", "properties": { "ID": "423dna0244", "正式名称": "村上歯科医院", "機関区分": 3, "都道府県コード": 42, "市区町村コード": 201, "所在地": "長崎県長崎市文教町１０番９号山本ビル１階", "緯度": 32.788421, "経度": 129.87092, "url": "https://www.iryou.teikyouseido.mhlw.go.jp/znk-web/juminkanja/S2430/initialize?prefCd=42&kikanCd=dna0244&kikanKbn=3", "url2": "dental-murakami.com/", "内容": "村上歯科医院【3:歯科】長崎県長崎市文教町１０番９号山本ビル１階" }, "geometry": { "type": "Point", "coordinates": [ 129.87092, 32.788421 ] } },
{ "type": "Feature", "properties": { "ID": "423dna0245", "正式名称": "村上矯正歯科", "機関区分": 3, "都道府県コード": 42, "市区町村コード": 201, "所在地": "長崎県長崎市千歳町２－１８", "緯度": 32.789265, "経度": 129.86148, "url": "https://www.iryou.teikyouseido.mhlw.go.jp/znk-web/juminkanja/S2430/initialize?prefCd=42&kikanCd=dna0245&kikanKbn=3", "url2": "https://murakamikyouseishika.com/", "内容": "村上矯正歯科【3:歯科】長崎県長崎市千歳町２－１８" }, "geometry": { "type": "Point", "coordinates": [ 129.86148, 32.789265 ] } },
{ "type": "Feature", "properties": { "ID": "423dna0246", "正式名称": "むらかみ歯科医院", "機関区分": 3, "都道府県コード": 42, "市区町村コード": 201, "所在地": "長崎県長崎市小峰町１２番地２０", "緯度": 32.78224, "経度": 129.873933, "url": "https://www.iryou.teikyouseido.mhlw.go.jp/znk-web/juminkanja/S2430/initialize?prefCd=42&kikanCd=dna0246&kikanKbn=3", "url2": null, "内容": "むらかみ歯科医院【3:歯科】長崎県長崎市小峰町１２番地２０" }, "geometry": { "type": "Point", "coordinates": [ 129.873933, 32.78224 ] } },
{ "type": "Feature", "properties": { "ID": "423dna0247", "正式名称": "村橋歯科医院", "機関区分": 3, "都道府県コード": 42, "市区町村コード": 201, "所在地": "長崎県長崎市大橋町", "緯度": 32.783952, "経度": 129.862191, "url": "https://www.iryou.teikyouseido.mhlw.go.jp/znk-web/juminkanja/S2430/initialize?prefCd=42&kikanCd=dna0247&kikanKbn=3", "url2": null, "内容": "村橋歯科医院【3:歯科】長崎県長崎市大橋町" }, "geometry": { "type": "Point", "coordinates": [ 129.862191, 32.783952 ] } },
{ "type": "Feature", "properties": { "ID": "423dna0248", "正式名称": "医療法人さくらスマイル会村橋歯科診療所", "機関区分": 3, "都道府県コード": 42, "市区町村コード": 201, "所在地": "長崎県長崎市桜馬場１－２－１２", "緯度": 32.752981, "経度": 129.887887, "url": "https://www.iryou.teikyouseido.mhlw.go.jp/znk-web/juminkanja/S2430/initialize?prefCd=42&kikanCd=dna0248&kikanKbn=3", "url2": "https://www.murahashi.com/", "内容": "医療法人さくらスマイル会村橋歯科診療所【3:歯科】長崎県長崎市桜馬場１－２－１２" }, "geometry": { "type": "Point", "coordinates": [ 129.887887, 32.752981 ] } },
{ "type": "Feature", "properties": { "ID": "423dna0250", "正式名称": "もとき歯科クリニック", "機関区分": 3, "都道府県コード": 42, "市区町村コード": 201, "所在地": "長崎県長崎市宝町７ー１７　３Ｆ", "緯度": 32.759365, "経度": 129.867006, "url": "https://www.iryou.teikyouseido.mhlw.go.jp/znk-web/juminkanja/S2430/initialize?prefCd=42&kikanCd=dna0250&kikanKbn=3", "url2": null, "内容": "もとき歯科クリニック【3:歯科】長崎県長崎市宝町７ー１７　３Ｆ" }, "geometry": { "type": "Point", "coordinates": [ 129.867006, 32.759365 ] } },
{ "type": "Feature", "properties": { "ID": "423dna0251", "正式名称": "医療法人社団森歯科医院", "機関区分": 3, "都道府県コード": 42, "市区町村コード": 201, "所在地": "長崎県長崎市相生町１番７号", "緯度": 32.734232, "経度": 129.872194, "url": "https://www.iryou.teikyouseido.mhlw.go.jp/znk-web/juminkanja/S2430/initialize?prefCd=42&kikanCd=dna0251&kikanKbn=3", "url2": "https://morishika.net", "内容": "医療法人社団森歯科医院【3:歯科】長崎県長崎市相生町１番７号" }, "geometry": { "type": "Point", "coordinates": [ 129.872194, 32.734232 ] } },
{ "type": "Feature", "properties": { "ID": "423dna0252", "正式名称": "森歯科クリニック", "機関区分": 3, "都道府県コード": 42, "市区町村コード": 201, "所在地": "長崎県長崎市本石灰町５－１４", "緯度": 32.741881, "経度": 129.879547, "url": "https://www.iryou.teikyouseido.mhlw.go.jp/znk-web/juminkanja/S2430/initialize?prefCd=42&kikanCd=dna0252&kikanKbn=3", "url2": "http://www.nagasakidental.or.jp", "内容": "森歯科クリニック【3:歯科】長崎県長崎市本石灰町５－１４" }, "geometry": { "type": "Point", "coordinates": [ 129.879547, 32.741881 ] } },
{ "type": "Feature", "properties": { "ID": "423dna0256", "正式名称": "森川歯科医院", "機関区分": 3, "都道府県コード": 42, "市区町村コード": 201, "所在地": "長崎県長崎市扇町２　１７", "緯度": 32.783831, "経度": 129.870367, "url": "https://www.iryou.teikyouseido.mhlw.go.jp/znk-web/juminkanja/S2430/initialize?prefCd=42&kikanCd=dna0256&kikanKbn=3", "url2": "http://www.morikawa-dental.jp/", "内容": "森川歯科医院【3:歯科】長崎県長崎市扇町２　１７" }, "geometry": { "type": "Point", "coordinates": [ 129.870367, 32.783831 ] } },
{ "type": "Feature", "properties": { "ID": "423dna0258", "正式名称": "森本歯科医院", "機関区分": 3, "都道府県コード": 42, "市区町村コード": 201, "所在地": "長崎県長崎市滑石５丁目１１番６６号", "緯度": 32.806295, "経度": 129.831643, "url": "https://www.iryou.teikyouseido.mhlw.go.jp/znk-web/juminkanja/S2430/initialize?prefCd=42&kikanCd=dna0258&kikanKbn=3", "url2": "http://morimoto-do.com", "内容": "森本歯科医院【3:歯科】長崎県長崎市滑石５丁目１１番６６号" }, "geometry": { "type": "Point", "coordinates": [ 129.831643, 32.806295 ] } },
{ "type": "Feature", "properties": { "ID": "423dna0259", "正式名称": "山口歯科医院", "機関区分": 3, "都道府県コード": 42, "市区町村コード": 201, "所在地": "長崎県長崎市琴海形上町１８５１−７", "緯度": 32.949586, "経度": 129.785435, "url": "https://www.iryou.teikyouseido.mhlw.go.jp/znk-web/juminkanja/S2430/initialize?prefCd=42&kikanCd=dna0259&kikanKbn=3", "url2": null, "内容": "山口歯科医院【3:歯科】長崎県長崎市琴海形上町１８５１−７" }, "geometry": { "type": "Point", "coordinates": [ 129.785435, 32.949586 ] } },
{ "type": "Feature", "properties": { "ID": "423dna0262", "正式名称": "山崎歯科医院", "機関区分": 3, "都道府県コード": 42, "市区町村コード": 201, "所在地": "長崎県長崎市式見町３３２", "緯度": 32.787126, "経度": 129.792779, "url": "https://www.iryou.teikyouseido.mhlw.go.jp/znk-web/juminkanja/S2430/initialize?prefCd=42&kikanCd=dna0262&kikanKbn=3", "url2": "http://yamasaki-dental.com", "内容": "山崎歯科医院【3:歯科】長崎県長崎市式見町３３２" }, "geometry": { "type": "Point", "coordinates": [ 129.792779, 32.787126 ] } },
{ "type": "Feature", "properties": { "ID": "423dna0264", "正式名称": "山田歯科", "機関区分": 3, "都道府県コード": 42, "市区町村コード": 201, "所在地": "長崎県長崎市中川１丁目１１－２８", "緯度": 32.75084, "経度": 129.893969, "url": "https://www.iryou.teikyouseido.mhlw.go.jp/znk-web/juminkanja/S2430/initialize?prefCd=42&kikanCd=dna0264&kikanKbn=3", "url2": null, "内容": "山田歯科【3:歯科】長崎県長崎市中川１丁目１１－２８" }, "geometry": { "type": "Point", "coordinates": [ 129.893969, 32.75084 ] } },
{ "type": "Feature", "properties": { "ID": "423dna0265", "正式名称": "医療法人浩生会　山田歯科医院", "機関区分": 3, "都道府県コード": 42, "市区町村コード": 201, "所在地": "長崎県長崎市恵美須町３－６", "緯度": 32.750578, "経度": 129.875413, "url": "https://www.iryou.teikyouseido.mhlw.go.jp/znk-web/juminkanja/S2430/initialize?prefCd=42&kikanCd=dna0265&kikanKbn=3", "url2": "http://www.i-koseikai-yamadashika.or.jp", "内容": "医療法人浩生会　山田歯科医院【3:歯科】長崎県長崎市恵美須町３－６" }, "geometry": { "type": "Point", "coordinates": [ 129.875413, 32.750578 ] } },
{ "type": "Feature", "properties": { "ID": "423dna0266", "正式名称": "山辺歯科", "機関区分": 3, "都道府県コード": 42, "市区町村コード": 201, "所在地": "長崎県長崎市川口町１番１ー１０５号", "緯度": 32.764226, "経度": 129.864147, "url": "https://www.iryou.teikyouseido.mhlw.go.jp/znk-web/juminkanja/S2430/initialize?prefCd=42&kikanCd=dna0266&kikanKbn=3", "url2": "http://www.yamabe-dc.com/", "内容": "山辺歯科【3:歯科】長崎県長崎市川口町１番１ー１０５号" }, "geometry": { "type": "Point", "coordinates": [ 129.864147, 32.764226 ] } },
{ "type": "Feature", "properties": { "ID": "423dna0267", "正式名称": "医療法人ゆきなり小児・矯正歯科", "機関区分": 3, "都道府県コード": 42, "市区町村コード": 201, "所在地": "長崎県長崎市葉山２丁目５番２６号", "緯度": 32.801909, "経度": 129.847055, "url": "https://www.iryou.teikyouseido.mhlw.go.jp/znk-web/juminkanja/S2430/initialize?prefCd=42&kikanCd=dna0267&kikanKbn=3", "url2": "http://www.yukinari-syouni.sakura.ne.jp/index.html", "内容": "医療法人ゆきなり小児・矯正歯科【3:歯科】長崎県長崎市葉山２丁目５番２６号" }, "geometry": { "type": "Point", "coordinates": [ 129.847055, 32.801909 ] } },
{ "type": "Feature", "properties": { "ID": "423dna0272", "正式名称": "吉武歯科医院", "機関区分": 3, "都道府県コード": 42, "市区町村コード": 201, "所在地": "長崎県長崎市桜町８－１－１Ｆ", "緯度": 32.748965, "経度": 129.877809, "url": "https://www.iryou.teikyouseido.mhlw.go.jp/znk-web/juminkanja/S2430/initialize?prefCd=42&kikanCd=dna0272&kikanKbn=3", "url2": "https://yoshitake-dental-clinic.amebaownd.com/", "内容": "吉武歯科医院【3:歯科】長崎県長崎市桜町８－１－１Ｆ" }, "geometry": { "type": "Point", "coordinates": [ 129.877809, 32.748965 ] } },
{ "type": "Feature", "properties": { "ID": "423dna0273", "正式名称": "吉田しんいち歯科医院", "機関区分": 3, "都道府県コード": 42, "市区町村コード": 201, "所在地": "長崎県長崎市油木町１１－８", "緯度": 32.779998, "経度": 129.854811, "url": "https://www.iryou.teikyouseido.mhlw.go.jp/znk-web/juminkanja/S2430/initialize?prefCd=42&kikanCd=dna0273&kikanKbn=3", "url2": "http://www.yoshida-sika.com/", "内容": "吉田しんいち歯科医院【3:歯科】長崎県長崎市油木町１１－８" }, "geometry": { "type": "Point", "coordinates": [ 129.854811, 32.779998 ] } },
{ "type": "Feature", "properties": { "ID": "423dna0274", "正式名称": "米田けんじ歯科", "機関区分": 3, "都道府県コード": 42, "市区町村コード": 201, "所在地": "長崎県長崎市中園町２０－１２クローバービル１　２Ｆ", "緯度": 32.793696, "経度": 129.857663, "url": "https://www.iryou.teikyouseido.mhlw.go.jp/znk-web/juminkanja/S2430/initialize?prefCd=42&kikanCd=dna0274&kikanKbn=3", "url2": null, "内容": "米田けんじ歯科【3:歯科】長崎県長崎市中園町２０－１２クローバービル１　２Ｆ" }, "geometry": { "type": "Point", "coordinates": [ 129.857663, 32.793696 ] } },
{ "type": "Feature", "properties": { "ID": "423dna0276", "正式名称": "わかばデンタル", "機関区分": 3, "都道府県コード": 42, "市区町村コード": 201, "所在地": "長崎県長崎市深堀町１丁目１４５－２４", "緯度": 32.683325, "経度": 129.834238, "url": "https://www.iryou.teikyouseido.mhlw.go.jp/znk-web/juminkanja/S2430/initialize?prefCd=42&kikanCd=dna0276&kikanKbn=3", "url2": null, "内容": "わかばデンタル【3:歯科】長崎県長崎市深堀町１丁目１４５－２４" }, "geometry": { "type": "Point", "coordinates": [ 129.834238, 32.683325 ] } },
{ "type": "Feature", "properties": { "ID": "423dna0278", "正式名称": "和田歯科医院", "機関区分": 3, "都道府県コード": 42, "市区町村コード": 201, "所在地": "長崎県長崎市千歳町４－７チトセビル２階", "緯度": 32.790709, "経度": 129.861869, "url": "https://www.iryou.teikyouseido.mhlw.go.jp/znk-web/juminkanja/S2430/initialize?prefCd=42&kikanCd=dna0278&kikanKbn=3", "url2": null, "内容": "和田歯科医院【3:歯科】長崎県長崎市千歳町４－７チトセビル２階" }, "geometry": { "type": "Point", "coordinates": [ 129.861869, 32.790709 ] } },
{ "type": "Feature", "properties": { "ID": "423dna0279", "正式名称": "渡辺歯科医院", "機関区分": 3, "都道府県コード": 42, "市区町村コード": 201, "所在地": "長崎県長崎市天神町３番７号", "緯度": 32.759441, "経度": 129.868036, "url": "https://www.iryou.teikyouseido.mhlw.go.jp/znk-web/juminkanja/S2430/initialize?prefCd=42&kikanCd=dna0279&kikanKbn=3", "url2": "https://www.watanabe-dclinic.com", "内容": "渡辺歯科医院【3:歯科】長崎県長崎市天神町３番７号" }, "geometry": { "type": "Point", "coordinates": [ 129.868036, 32.759441 ] } },
{ "type": "Feature", "properties": { "ID": "423dna0280", "正式名称": "わたなべ歯科医院", "機関区分": 3, "都道府県コード": 42, "市区町村コード": 201, "所在地": "長崎県長崎市晴海台町４１－６", "緯度": 32.65946, "経度": 129.820681, "url": "https://www.iryou.teikyouseido.mhlw.go.jp/znk-web/juminkanja/S2430/initialize?prefCd=42&kikanCd=dna0280&kikanKbn=3", "url2": null, "内容": "わたなべ歯科医院【3:歯科】長崎県長崎市晴海台町４１－６" }, "geometry": { "type": "Point", "coordinates": [ 129.820681, 32.65946 ] } },
{ "type": "Feature", "properties": { "ID": "423dna0283", "正式名称": "渡邉太平歯科", "機関区分": 3, "都道府県コード": 42, "市区町村コード": 201, "所在地": "長崎県長崎市横尾３丁目５－１３", "緯度": 32.814092, "経度": 129.837834, "url": "https://www.iryou.teikyouseido.mhlw.go.jp/znk-web/juminkanja/S2430/initialize?prefCd=42&kikanCd=dna0283&kikanKbn=3", "url2": null, "内容": "渡邉太平歯科【3:歯科】長崎県長崎市横尾３丁目５－１３" }, "geometry": { "type": "Point", "coordinates": [ 129.837834, 32.814092 ] } },
{ "type": "Feature", "properties": { "ID": "423dna0285", "正式名称": "わたなべＴＯＭＯ歯科医院", "機関区分": 3, "都道府県コード": 42, "市区町村コード": 201, "所在地": "長崎県長崎市油屋町１番２号モトビル２Ｆ", "緯度": 32.742932, "経度": 129.880391, "url": "https://www.iryou.teikyouseido.mhlw.go.jp/znk-web/juminkanja/S2430/initialize?prefCd=42&kikanCd=dna0285&kikanKbn=3", "url2": null, "内容": "わたなべＴＯＭＯ歯科医院【3:歯科】長崎県長崎市油屋町１番２号モトビル２Ｆ" }, "geometry": { "type": "Point", "coordinates": [ 129.880391, 32.742932 ] } },
{ "type": "Feature", "properties": { "ID": "423dna0286", "正式名称": "樋口歯科医院", "機関区分": 3, "都道府県コード": 42, "市区町村コード": 201, "所在地": "長崎県長崎市中園町十九の一", "緯度": 32.793494, "経度": 129.858055, "url": "https://www.iryou.teikyouseido.mhlw.go.jp/znk-web/juminkanja/S2430/initialize?prefCd=42&kikanCd=dna0286&kikanKbn=3", "url2": null, "内容": "樋口歯科医院【3:歯科】長崎県長崎市中園町十九の一" }, "geometry": { "type": "Point", "coordinates": [ 129.858055, 32.793494 ] } },
{ "type": "Feature", "properties": { "ID": "423dna0287", "正式名称": "医療法人ひぐち歯科", "機関区分": 3, "都道府県コード": 42, "市区町村コード": 201, "所在地": "長崎県長崎市磯道町２１５－１", "緯度": 32.699199, "経度": 129.84917, "url": "https://www.iryou.teikyouseido.mhlw.go.jp/znk-web/juminkanja/S2430/initialize?prefCd=42&kikanCd=dna0287&kikanKbn=3", "url2": "http://www.higuchi-do.com", "内容": "医療法人ひぐち歯科【3:歯科】長崎県長崎市磯道町２１５－１" }, "geometry": { "type": "Point", "coordinates": [ 129.84917, 32.699199 ] } },
{ "type": "Feature", "properties": { "ID": "423dna0288", "正式名称": "宮崎歯科医院", "機関区分": 3, "都道府県コード": 42, "市区町村コード": 201, "所在地": "長崎県長崎市稲佐町", "緯度": 32.756104, "経度": 129.862002, "url": "https://www.iryou.teikyouseido.mhlw.go.jp/znk-web/juminkanja/S2430/initialize?prefCd=42&kikanCd=dna0288&kikanKbn=3", "url2": "http://nttbj.itp.ne.jp/0958610070/index.html", "内容": "宮崎歯科医院【3:歯科】長崎県長崎市稲佐町" }, "geometry": { "type": "Point", "coordinates": [ 129.862002, 32.756104 ] } },
{ "type": "Feature", "properties": { "ID": "423dna0289", "正式名称": "平田歯科医院", "機関区分": 3, "都道府県コード": 42, "市区町村コード": 201, "所在地": "長崎県長崎市若草町４－３２", "緯度": 32.776111, "経度": 129.853435, "url": "https://www.iryou.teikyouseido.mhlw.go.jp/znk-web/juminkanja/S2430/initialize?prefCd=42&kikanCd=dna0289&kikanKbn=3", "url2": null, "内容": "平田歯科医院【3:歯科】長崎県長崎市若草町４－３２" }, "geometry": { "type": "Point", "coordinates": [ 129.853435, 32.776111 ] } },
{ "type": "Feature", "properties": { "ID": "423dna0290", "正式名称": "おやま歯科中通り診療所", "機関区分": 3, "都道府県コード": 42, "市区町村コード": 201, "所在地": "長崎県長崎市麹屋町４－１３　セラーリオ麹屋町２階", "緯度": 32.749568, "経度": 129.88356, "url": "https://www.iryou.teikyouseido.mhlw.go.jp/znk-web/juminkanja/S2430/initialize?prefCd=42&kikanCd=dna0290&kikanKbn=3", "url2": "http://www.oyama-do.com/", "内容": "おやま歯科中通り診療所【3:歯科】長崎県長崎市麹屋町４－１３　セラーリオ麹屋町２階" }, "geometry": { "type": "Point", "coordinates": [ 129.88356, 32.749568 ] } },
{ "type": "Feature", "properties": { "ID": "423dna0291", "正式名称": "医療法人よつば武冨会　たけとみデンタルクリニック", "機関区分": 3, "都道府県コード": 42, "市区町村コード": 201, "所在地": "長崎県長崎市永田町３１２３", "緯度": 32.83338, "経度": 129.718974, "url": "https://www.iryou.teikyouseido.mhlw.go.jp/znk-web/juminkanja/S2430/initialize?prefCd=42&kikanCd=dna0291&kikanKbn=3", "url2": "http://www.taketomi-dc.com", "内容": "医療法人よつば武冨会　たけとみデンタルクリニック【3:歯科】長崎県長崎市永田町３１２３" }, "geometry": { "type": "Point", "coordinates": [ 129.718974, 32.83338 ] } },
{ "type": "Feature", "properties": { "ID": "423dna0293", "正式名称": "オガワ・デンタル・クリニック", "機関区分": 3, "都道府県コード": 42, "市区町村コード": 201, "所在地": "長崎県長崎市新地町８−１６", "緯度": 32.740716, "経度": 129.87549, "url": "https://www.iryou.teikyouseido.mhlw.go.jp/znk-web/juminkanja/S2430/initialize?prefCd=42&kikanCd=dna0293&kikanKbn=3", "url2": null, "内容": "オガワ・デンタル・クリニック【3:歯科】長崎県長崎市新地町８−１６" }, "geometry": { "type": "Point", "coordinates": [ 129.87549, 32.740716 ] } },
{ "type": "Feature", "properties": { "ID": "423dna0295", "正式名称": "古豊歯科医院", "機関区分": 3, "都道府県コード": 42, "市区町村コード": 201, "所在地": "長崎県長崎市銅座町７番２９号　ＴＮメディカルビル５Ｆ", "緯度": 32.742413, "経度": 129.876293, "url": "https://www.iryou.teikyouseido.mhlw.go.jp/znk-web/juminkanja/S2430/initialize?prefCd=42&kikanCd=dna0295&kikanKbn=3", "url2": "http://www.furutoyo.com", "内容": "古豊歯科医院【3:歯科】長崎県長崎市銅座町７番２９号　ＴＮメディカルビル５Ｆ" }, "geometry": { "type": "Point", "coordinates": [ 129.876293, 32.742413 ] } },
{ "type": "Feature", "properties": { "ID": "423dna0296", "正式名称": "たちばな歯科", "機関区分": 3, "都道府県コード": 42, "市区町村コード": 201, "所在地": "長崎県長崎市魚の町３－１２ー２階", "緯度": 32.749082, "経度": 129.87946, "url": "https://www.iryou.teikyouseido.mhlw.go.jp/znk-web/juminkanja/S2430/initialize?prefCd=42&kikanCd=dna0296&kikanKbn=3", "url2": "https://www.tachibana-shikaiin.net/", "内容": "たちばな歯科【3:歯科】長崎県長崎市魚の町３－１２ー２階" }, "geometry": { "type": "Point", "coordinates": [ 129.87946, 32.749082 ] } },
{ "type": "Feature", "properties": { "ID": "423dna0297", "正式名称": "上田歯科医院", "機関区分": 3, "都道府県コード": 42, "市区町村コード": 201, "所在地": "長崎県長崎市飽の浦町４－７", "緯度": 32.743839, "経度": 129.858293, "url": "https://www.iryou.teikyouseido.mhlw.go.jp/znk-web/juminkanja/S2430/initialize?prefCd=42&kikanCd=dna0297&kikanKbn=3", "url2": null, "内容": "上田歯科医院【3:歯科】長崎県長崎市飽の浦町４－７" }, "geometry": { "type": "Point", "coordinates": [ 129.858293, 32.743839 ] } },
{ "type": "Feature", "properties": { "ID": "423dna0298", "正式名称": "松永歯科医院", "機関区分": 3, "都道府県コード": 42, "市区町村コード": 201, "所在地": "長崎県長崎市平山台１丁目５番１号", "緯度": 32.662334, "経度": 129.834187, "url": "https://www.iryou.teikyouseido.mhlw.go.jp/znk-web/juminkanja/S2430/initialize?prefCd=42&kikanCd=dna0298&kikanKbn=3", "url2": null, "内容": "松永歯科医院【3:歯科】長崎県長崎市平山台１丁目５番１号" }, "geometry": { "type": "Point", "coordinates": [ 129.834187, 32.662334 ] } },
{ "type": "Feature", "properties": { "ID": "423dna0299", "正式名称": "すやま歯科医院", "機関区分": 3, "都道府県コード": 42, "市区町村コード": 201, "所在地": "長崎県長崎市千歳町１１番１号スプリーム千歳町１階", "緯度": 32.790913, "経度": 129.862794, "url": "https://www.iryou.teikyouseido.mhlw.go.jp/znk-web/juminkanja/S2430/initialize?prefCd=42&kikanCd=dna0299&kikanKbn=3", "url2": "https://suyamashika.com/", "内容": "すやま歯科医院【3:歯科】長崎県長崎市千歳町１１番１号スプリーム千歳町１階" }, "geometry": { "type": "Point", "coordinates": [ 129.862794, 32.790913 ] } },
{ "type": "Feature", "properties": { "ID": "423dna0300", "正式名称": "やまぐち歯科クリニック", "機関区分": 3, "都道府県コード": 42, "市区町村コード": 201, "所在地": "長崎県長崎市田中町７９－１３", "緯度": 32.76056, "経度": 129.946994, "url": "https://www.iryou.teikyouseido.mhlw.go.jp/znk-web/juminkanja/S2430/initialize?prefCd=42&kikanCd=dna0300&kikanKbn=3", "url2": null, "内容": "やまぐち歯科クリニック【3:歯科】長崎県長崎市田中町７９－１３" }, "geometry": { "type": "Point", "coordinates": [ 129.946994, 32.76056 ] } },
{ "type": "Feature", "properties": { "ID": "423dna0301", "正式名称": "赤星歯科医院", "機関区分": 3, "都道府県コード": 42, "市区町村コード": 201, "所在地": "長崎県長崎市昭和１丁目１０番２３号グランエターナ１階", "緯度": 32.790381, "経度": 129.871182, "url": "https://www.iryou.teikyouseido.mhlw.go.jp/znk-web/juminkanja/S2430/initialize?prefCd=42&kikanCd=dna0301&kikanKbn=3", "url2": "http://www.akahoshi-do.com", "内容": "赤星歯科医院【3:歯科】長崎県長崎市昭和１丁目１０番２３号グランエターナ１階" }, "geometry": { "type": "Point", "coordinates": [ 129.871182, 32.790381 ] } },
{ "type": "Feature", "properties": { "ID": "423dna0303", "正式名称": "かがり歯科クリニック", "機関区分": 3, "都道府県コード": 42, "市区町村コード": 201, "所在地": "長崎県長崎市常盤町１－５５", "緯度": 32.737608, "経度": 129.870106, "url": "https://www.iryou.teikyouseido.mhlw.go.jp/znk-web/juminkanja/S2430/initialize?prefCd=42&kikanCd=dna0303&kikanKbn=3", "url2": null, "内容": "かがり歯科クリニック【3:歯科】長崎県長崎市常盤町１－５５" }, "geometry": { "type": "Point", "coordinates": [ 129.870106, 32.737608 ] } },
{ "type": "Feature", "properties": { "ID": "423dna0304", "正式名称": "寺崎歯科医院", "機関区分": 3, "都道府県コード": 42, "市区町村コード": 201, "所在地": "長崎県長崎市小峰町３－３１", "緯度": 32.781736, "経度": 129.871432, "url": "https://www.iryou.teikyouseido.mhlw.go.jp/znk-web/juminkanja/S2430/initialize?prefCd=42&kikanCd=dna0304&kikanKbn=3", "url2": "http://nagasaki-terasakidc.com/", "内容": "寺崎歯科医院【3:歯科】長崎県長崎市小峰町３－３１" }, "geometry": { "type": "Point", "coordinates": [ 129.871432, 32.781736 ] } },
{ "type": "Feature", "properties": { "ID": "423dna0305", "正式名称": "のだ歯科医院", "機関区分": 3, "都道府県コード": 42, "市区町村コード": 201, "所在地": "長崎県長崎市城山台２丁目２６－２８－１０１", "緯度": 32.771057, "経度": 129.840127, "url": "https://www.iryou.teikyouseido.mhlw.go.jp/znk-web/juminkanja/S2430/initialize?prefCd=42&kikanCd=dna0305&kikanKbn=3", "url2": null, "内容": "のだ歯科医院【3:歯科】長崎県長崎市城山台２丁目２６－２８－１０１" }, "geometry": { "type": "Point", "coordinates": [ 129.840127, 32.771057 ] } },
{ "type": "Feature", "properties": { "ID": "423dna0306", "正式名称": "東望歯科クリニック", "機関区分": 3, "都道府県コード": 42, "市区町村コード": 201, "所在地": "長崎県長崎市田中町８２１　東望ビル２Ｆ", "緯度": 32.768458, "経度": 129.949324, "url": "https://www.iryou.teikyouseido.mhlw.go.jp/znk-web/juminkanja/S2430/initialize?prefCd=42&kikanCd=dna0306&kikanKbn=3", "url2": null, "内容": "東望歯科クリニック【3:歯科】長崎県長崎市田中町８２１　東望ビル２Ｆ" }, "geometry": { "type": "Point", "coordinates": [ 129.949324, 32.768458 ] } },
{ "type": "Feature", "properties": { "ID": "423dna0307", "正式名称": "にしの歯科クリニック", "機関区分": 3, "都道府県コード": 42, "市区町村コード": 201, "所在地": "長崎県長崎市愛宕３丁目５番８号", "緯度": 32.735847, "経度": 129.891391, "url": "https://www.iryou.teikyouseido.mhlw.go.jp/znk-web/juminkanja/S2430/initialize?prefCd=42&kikanCd=dna0307&kikanKbn=3", "url2": "http://www.nishino-shika.com", "内容": "にしの歯科クリニック【3:歯科】長崎県長崎市愛宕３丁目５番８号" }, "geometry": { "type": "Point", "coordinates": [ 129.891391, 32.735847 ] } },
{ "type": "Feature", "properties": { "ID": "423dna0308", "正式名称": "オガワデンタルオフィス", "機関区分": 3, "都道府県コード": 42, "市区町村コード": 201, "所在地": "長崎県長崎市滑石２丁目９番１２号", "緯度": 32.807561, "経度": 129.844692, "url": "https://www.iryou.teikyouseido.mhlw.go.jp/znk-web/juminkanja/S2430/initialize?prefCd=42&kikanCd=dna0308&kikanKbn=3", "url2": null, "内容": "オガワデンタルオフィス【3:歯科】長崎県長崎市滑石２丁目９番１２号" }, "geometry": { "type": "Point", "coordinates": [ 129.844692, 32.807561 ] } },
{ "type": "Feature", "properties": { "ID": "423dna0309", "正式名称": "フクサキ歯科医院", "機関区分": 3, "都道府県コード": 42, "市区町村コード": 201, "所在地": "長崎県長崎市桜馬場２－４－１２", "緯度": 32.753077, "経度": 129.890634, "url": "https://www.iryou.teikyouseido.mhlw.go.jp/znk-web/juminkanja/S2430/initialize?prefCd=42&kikanCd=dna0309&kikanKbn=3", "url2": "http://sakurababa-fdc.net/", "内容": "フクサキ歯科医院【3:歯科】長崎県長崎市桜馬場２－４－１２" }, "geometry": { "type": "Point", "coordinates": [ 129.890634, 32.753077 ] } },
{ "type": "Feature", "properties": { "ID": "423dna0310", "正式名称": "みうら歯科医院", "機関区分": 3, "都道府県コード": 42, "市区町村コード": 201, "所在地": "長崎県長崎市小瀬戸町１００６番地５５", "緯度": 32.725044, "経度": 129.832087, "url": "https://www.iryou.teikyouseido.mhlw.go.jp/znk-web/juminkanja/S2430/initialize?prefCd=42&kikanCd=dna0310&kikanKbn=3", "url2": null, "内容": "みうら歯科医院【3:歯科】長崎県長崎市小瀬戸町１００６番地５５" }, "geometry": { "type": "Point", "coordinates": [ 129.832087, 32.725044 ] } },
{ "type": "Feature", "properties": { "ID": "423dna0311", "正式名称": "高久歯科医院", "機関区分": 3, "都道府県コード": 42, "市区町村コード": 201, "所在地": "長崎県長崎市江川町２９１", "緯度": 32.685034, "経度": 129.841196, "url": "https://www.iryou.teikyouseido.mhlw.go.jp/znk-web/juminkanja/S2430/initialize?prefCd=42&kikanCd=dna0311&kikanKbn=3", "url2": null, "内容": "高久歯科医院【3:歯科】長崎県長崎市江川町２９１" }, "geometry": { "type": "Point", "coordinates": [ 129.841196, 32.685034 ] } },
{ "type": "Feature", "properties": { "ID": "423dna0313", "正式名称": "さかがみ歯科", "機関区分": 3, "都道府県コード": 42, "市区町村コード": 201, "所在地": "長崎県長崎市鍛冶屋町６−１８", "緯度": 32.743686, "経度": 129.881302, "url": "https://www.iryou.teikyouseido.mhlw.go.jp/znk-web/juminkanja/S2430/initialize?prefCd=42&kikanCd=dna0313&kikanKbn=3", "url2": "http://sakagami-dc.com/", "内容": "さかがみ歯科【3:歯科】長崎県長崎市鍛冶屋町６−１８" }, "geometry": { "type": "Point", "coordinates": [ 129.881302, 32.743686 ] } },
{ "type": "Feature", "properties": { "ID": "423dna0314", "正式名称": "本原歯科医院", "機関区分": 3, "都道府県コード": 42, "市区町村コード": 201, "所在地": "長崎県長崎市本原町１３番地１５号", "緯度": 32.782649, "経度": 129.869724, "url": "https://www.iryou.teikyouseido.mhlw.go.jp/znk-web/juminkanja/S2430/initialize?prefCd=42&kikanCd=dna0314&kikanKbn=3", "url2": "http://www.nagasaki-d.jp/clinic/motoharadent/", "内容": "本原歯科医院【3:歯科】長崎県長崎市本原町１３番地１５号" }, "geometry": { "type": "Point", "coordinates": [ 129.869724, 32.782649 ] } },
{ "type": "Feature", "properties": { "ID": "423dna0315", "正式名称": "パールデンタルクリニック", "機関区分": 3, "都道府県コード": 42, "市区町村コード": 201, "所在地": "長崎県長崎市末石町２９０－２", "緯度": 32.685725, "経度": 129.835102, "url": "https://www.iryou.teikyouseido.mhlw.go.jp/znk-web/juminkanja/S2430/initialize?prefCd=42&kikanCd=dna0315&kikanKbn=3", "url2": null, "内容": "パールデンタルクリニック【3:歯科】長崎県長崎市末石町２９０－２" }, "geometry": { "type": "Point", "coordinates": [ 129.835102, 32.685725 ] } },
{ "type": "Feature", "properties": { "ID": "423dna0317", "正式名称": "チトセピア歯科クリニック", "機関区分": 3, "都道府県コード": 42, "市区町村コード": 201, "所在地": "長崎県長崎市千歳町５番１　チトセピア内１Ｆ", "緯度": 32.790491, "経度": 129.86144, "url": "https://www.iryou.teikyouseido.mhlw.go.jp/znk-web/juminkanja/S2430/initialize?prefCd=42&kikanCd=dna0317&kikanKbn=3", "url2": "http://www.chitosepia-dc.com/", "内容": "チトセピア歯科クリニック【3:歯科】長崎県長崎市千歳町５番１　チトセピア内１Ｆ" }, "geometry": { "type": "Point", "coordinates": [ 129.86144, 32.790491 ] } },
{ "type": "Feature", "properties": { "ID": "423dna0319", "正式名称": "さかい歯科医院", "機関区分": 3, "都道府県コード": 42, "市区町村コード": 201, "所在地": "長崎県長崎市油木町２－１７谷口ビル２階", "緯度": 32.778034, "経度": 129.858625, "url": "https://www.iryou.teikyouseido.mhlw.go.jp/znk-web/juminkanja/S2430/initialize?prefCd=42&kikanCd=dna0319&kikanKbn=3", "url2": "http://nttbj.itp.ne.jp/0958417880/index.html#service", "内容": "さかい歯科医院【3:歯科】長崎県長崎市油木町２－１７谷口ビル２階" }, "geometry": { "type": "Point", "coordinates": [ 129.858625, 32.778034 ] } },
{ "type": "Feature", "properties": { "ID": "423dna0320", "正式名称": "添野歯科医院", "機関区分": 3, "都道府県コード": 42, "市区町村コード": 201, "所在地": "長崎県長崎市元船町", "緯度": 32.749603, "経度": 129.871926, "url": "https://www.iryou.teikyouseido.mhlw.go.jp/znk-web/juminkanja/S2430/initialize?prefCd=42&kikanCd=dna0320&kikanKbn=3", "url2": "https://www.soeno.com", "内容": "添野歯科医院【3:歯科】長崎県長崎市元船町" }, "geometry": { "type": "Point", "coordinates": [ 129.871926, 32.749603 ] } },
{ "type": "Feature", "properties": { "ID": "423dna0321", "正式名称": "ねぎし歯科クリニック", "機関区分": 3, "都道府県コード": 42, "市区町村コード": 201, "所在地": "長崎県長崎市琴海形上町１８１１ー２", "緯度": 32.946981, "経度": 129.78459, "url": "https://www.iryou.teikyouseido.mhlw.go.jp/znk-web/juminkanja/S2430/initialize?prefCd=42&kikanCd=dna0321&kikanKbn=3", "url2": null, "内容": "ねぎし歯科クリニック【3:歯科】長崎県長崎市琴海形上町１８１１ー２" }, "geometry": { "type": "Point", "coordinates": [ 129.78459, 32.946981 ] } },
{ "type": "Feature", "properties": { "ID": "423dna0322", "正式名称": "はる歯科クリニック", "機関区分": 3, "都道府県コード": 42, "市区町村コード": 201, "所在地": "長崎県長崎市大黒町７－１４", "緯度": 32.752189, "経度": 129.872451, "url": "https://www.iryou.teikyouseido.mhlw.go.jp/znk-web/juminkanja/S2430/initialize?prefCd=42&kikanCd=dna0322&kikanKbn=3", "url2": "https://www.haru-dc.com", "内容": "はる歯科クリニック【3:歯科】長崎県長崎市大黒町７－１４" }, "geometry": { "type": "Point", "coordinates": [ 129.872451, 32.752189 ] } },
{ "type": "Feature", "properties": { "ID": "423dna0323", "正式名称": "牟田歯科医院", "機関区分": 3, "都道府県コード": 42, "市区町村コード": 201, "所在地": "長崎県長崎市矢上町１９－７　２階", "緯度": 32.775164, "経度": 129.951544, "url": "https://www.iryou.teikyouseido.mhlw.go.jp/znk-web/juminkanja/S2430/initialize?prefCd=42&kikanCd=dna0323&kikanKbn=3", "url2": "http://plus.dentamap.jp/hpplus/user/mutadc1032/", "内容": "牟田歯科医院【3:歯科】長崎県長崎市矢上町１９－７　２階" }, "geometry": { "type": "Point", "coordinates": [ 129.951544, 32.775164 ] } },
{ "type": "Feature", "properties": { "ID": "423dna0325", "正式名称": "医療法人　知正会　中村デンタルクリニック", "機関区分": 3, "都道府県コード": 42, "市区町村コード": 201, "所在地": "長崎県長崎市竹の久保町１－３４", "緯度": 32.764417, "経度": 129.861, "url": "https://www.iryou.teikyouseido.mhlw.go.jp/znk-web/juminkanja/S2430/initialize?prefCd=42&kikanCd=dna0325&kikanKbn=3", "url2": "http://www.n-dc.jp", "内容": "医療法人　知正会　中村デンタルクリニック【3:歯科】長崎県長崎市竹の久保町１－３４" }, "geometry": { "type": "Point", "coordinates": [ 129.861, 32.764417 ] } },
{ "type": "Feature", "properties": { "ID": "423dna0326", "正式名称": "きらきら歯科医院", "機関区分": 3, "都道府県コード": 42, "市区町村コード": 201, "所在地": "長崎県長崎市浜町２－１８　クリエート長崎２０１", "緯度": 32.745117, "経度": 129.87786, "url": "https://www.iryou.teikyouseido.mhlw.go.jp/znk-web/juminkanja/S2430/initialize?prefCd=42&kikanCd=dna0326&kikanKbn=3", "url2": "http://www.kirakiradc.jp/", "内容": "きらきら歯科医院【3:歯科】長崎県長崎市浜町２－１８　クリエート長崎２０１" }, "geometry": { "type": "Point", "coordinates": [ 129.87786, 32.745117 ] } },
{ "type": "Feature", "properties": { "ID": "423dna0327", "正式名称": "プレミアスマイル長崎矯正歯科", "機関区分": 3, "都道府県コード": 42, "市区町村コード": 201, "所在地": "長崎県長崎市平野町１０－２セントポールプロスペクト２Ｆ", "緯度": 32.770466, "経度": 129.864444, "url": "https://www.iryou.teikyouseido.mhlw.go.jp/znk-web/juminkanja/S2430/initialize?prefCd=42&kikanCd=dna0327&kikanKbn=3", "url2": "https://www.premiersmile4u.com/", "内容": "プレミアスマイル長崎矯正歯科【3:歯科】長崎県長崎市平野町１０－２セントポールプロスペクト２Ｆ" }, "geometry": { "type": "Point", "coordinates": [ 129.864444, 32.770466 ] } },
{ "type": "Feature", "properties": { "ID": "423dna0328", "正式名称": "ふくろう歯科クリニック", "機関区分": 3, "都道府県コード": 42, "市区町村コード": 201, "所在地": "長崎県長崎市ダイヤランド４－７－１５－１Ｆ", "緯度": 32.701074, "経度": 129.857805, "url": "https://www.iryou.teikyouseido.mhlw.go.jp/znk-web/juminkanja/S2430/initialize?prefCd=42&kikanCd=dna0328&kikanKbn=3", "url2": "https://nagasaki-daiyarando-dc.com/", "内容": "ふくろう歯科クリニック【3:歯科】長崎県長崎市ダイヤランド４－７－１５－１Ｆ" }, "geometry": { "type": "Point", "coordinates": [ 129.857805, 32.701074 ] } },
{ "type": "Feature", "properties": { "ID": "423dna0329", "正式名称": "たがみ歯科医院", "機関区分": 3, "都道府県コード": 42, "市区町村コード": 201, "所在地": "長崎県長崎市田上２－２－８", "緯度": 32.726671, "経度": 129.891276, "url": "https://www.iryou.teikyouseido.mhlw.go.jp/znk-web/juminkanja/S2430/initialize?prefCd=42&kikanCd=dna0329&kikanKbn=3", "url2": "http://www.tagami-dental.jp", "内容": "たがみ歯科医院【3:歯科】長崎県長崎市田上２－２－８" }, "geometry": { "type": "Point", "coordinates": [ 129.891276, 32.726671 ] } },
{ "type": "Feature", "properties": { "ID": "423dna0330", "正式名称": "諸熊歯科医院", "機関区分": 3, "都道府県コード": 42, "市区町村コード": 201, "所在地": "長崎県長崎市浜町３番２０号　２０１号室", "緯度": 32.744453, "経度": 129.878193, "url": "https://www.iryou.teikyouseido.mhlw.go.jp/znk-web/juminkanja/S2430/initialize?prefCd=42&kikanCd=dna0330&kikanKbn=3", "url2": null, "内容": "諸熊歯科医院【3:歯科】長崎県長崎市浜町３番２０号　２０１号室" }, "geometry": { "type": "Point", "coordinates": [ 129.878193, 32.744453 ] } },
{ "type": "Feature", "properties": { "ID": "423dna0331", "正式名称": "南野歯科クリニック", "機関区分": 3, "都道府県コード": 42, "市区町村コード": 205, "所在地": "長崎県大村市乾馬場町８８５－３－２階", "緯度": 32.92103, "経度": 129.95996, "url": "https://www.iryou.teikyouseido.mhlw.go.jp/znk-web/juminkanja/S2430/initialize?prefCd=42&kikanCd=dna0331&kikanKbn=3", "url2": "https://www.minamino-shika.com/", "内容": "南野歯科クリニック【3:歯科】長崎県大村市乾馬場町８８５－３－２階" }, "geometry": { "type": "Point", "coordinates": [ 129.95996, 32.92103 ] } },
{ "type": "Feature", "properties": { "ID": "423dna0332", "正式名称": "なでしこ歯科医院", "機関区分": 3, "都道府県コード": 42, "市区町村コード": 201, "所在地": "長崎県長崎市小ケ倉町３丁目１９５ー１９", "緯度": 32.706353, "経度": 129.851481, "url": "https://www.iryou.teikyouseido.mhlw.go.jp/znk-web/juminkanja/S2430/initialize?prefCd=42&kikanCd=dna0332&kikanKbn=3", "url2": "https://nadeshiko-shika.net/", "内容": "なでしこ歯科医院【3:歯科】長崎県長崎市小ケ倉町３丁目１９５ー１９" }, "geometry": { "type": "Point", "coordinates": [ 129.851481, 32.706353 ] } },
{ "type": "Feature", "properties": { "ID": "423dna0335", "正式名称": "住吉歯科クリニック", "機関区分": 3, "都道府県コード": 42, "市区町村コード": 201, "所在地": "長崎県長崎市住吉町２－２２", "緯度": 32.79104, "経度": 129.861729, "url": "https://www.iryou.teikyouseido.mhlw.go.jp/znk-web/juminkanja/S2430/initialize?prefCd=42&kikanCd=dna0335&kikanKbn=3", "url2": "http://sumiyoshidental.com/", "内容": "住吉歯科クリニック【3:歯科】長崎県長崎市住吉町２－２２" }, "geometry": { "type": "Point", "coordinates": [ 129.861729, 32.79104 ] } },
{ "type": "Feature", "properties": { "ID": "423dna0336", "正式名称": "みほこ歯科クリニック", "機関区分": 3, "都道府県コード": 42, "市区町村コード": 201, "所在地": "長崎県長崎市桜馬場", "緯度": 32.752516, "経度": 129.887302, "url": "https://www.iryou.teikyouseido.mhlw.go.jp/znk-web/juminkanja/S2430/initialize?prefCd=42&kikanCd=dna0336&kikanKbn=3", "url2": "mihocodentalclinic.web.fc2.com", "内容": "みほこ歯科クリニック【3:歯科】長崎県長崎市桜馬場" }, "geometry": { "type": "Point", "coordinates": [ 129.887302, 32.752516 ] } },
{ "type": "Feature", "properties": { "ID": "423dna0337", "正式名称": "はじめ歯科クリニック", "機関区分": 3, "都道府県コード": 42, "市区町村コード": 201, "所在地": "長崎県長崎市諏訪町５番１７号　アーバンライフ諏訪町１０１", "緯度": 32.747352, "経度": 129.881486, "url": "https://www.iryou.teikyouseido.mhlw.go.jp/znk-web/juminkanja/S2430/initialize?prefCd=42&kikanCd=dna0337&kikanKbn=3", "url2": "hajimedental.com/", "内容": "はじめ歯科クリニック【3:歯科】長崎県長崎市諏訪町５番１７号　アーバンライフ諏訪町１０１" }, "geometry": { "type": "Point", "coordinates": [ 129.881486, 32.747352 ] } },
{ "type": "Feature", "properties": { "ID": "423dna0338", "正式名称": "ついき歯科クリニック", "機関区分": 3, "都道府県コード": 42, "市区町村コード": 201, "所在地": "長崎県長崎市樺島町３番６号　百京ビル３階", "緯度": 32.747002, "経度": 129.87359, "url": "https://www.iryou.teikyouseido.mhlw.go.jp/znk-web/juminkanja/S2430/initialize?prefCd=42&kikanCd=dna0338&kikanKbn=3", "url2": "http://tsuiki-dc.com/", "内容": "ついき歯科クリニック【3:歯科】長崎県長崎市樺島町３番６号　百京ビル３階" }, "geometry": { "type": "Point", "coordinates": [ 129.87359, 32.747002 ] } },
{ "type": "Feature", "properties": { "ID": "423dna0340", "正式名称": "中村歯科クリニック", "機関区分": 3, "都道府県コード": 42, "市区町村コード": 201, "所在地": "長崎県長崎市新戸町", "緯度": 32.710632, "経度": 129.865468, "url": "https://www.iryou.teikyouseido.mhlw.go.jp/znk-web/juminkanja/S2430/initialize?prefCd=42&kikanCd=dna0340&kikanKbn=3", "url2": null, "内容": "中村歯科クリニック【3:歯科】長崎県長崎市新戸町" }, "geometry": { "type": "Point", "coordinates": [ 129.865468, 32.710632 ] } },
{ "type": "Feature", "properties": { "ID": "423dna0341", "正式名称": "稲澤ファミリー歯科医院", "機関区分": 3, "都道府県コード": 42, "市区町村コード": 201, "所在地": "長崎県長崎市城栄町３２－２０　城山メディカルビル４階", "緯度": 32.775666, "経度": 129.854636, "url": "https://www.iryou.teikyouseido.mhlw.go.jp/znk-web/juminkanja/S2430/initialize?prefCd=42&kikanCd=dna0341&kikanKbn=3", "url2": "http://www.inafamily8115.jp/", "内容": "稲澤ファミリー歯科医院【3:歯科】長崎県長崎市城栄町３２－２０　城山メディカルビル４階" }, "geometry": { "type": "Point", "coordinates": [ 129.854636, 32.775666 ] } },
{ "type": "Feature", "properties": { "ID": "423dna0342", "正式名称": "こうやま歯科医院", "機関区分": 3, "都道府県コード": 42, "市区町村コード": 201, "所在地": "長崎県長崎市葉山１丁目４－１第２川尾ビル１階", "緯度": 32.803116, "経度": 129.851757, "url": "https://www.iryou.teikyouseido.mhlw.go.jp/znk-web/juminkanja/S2430/initialize?prefCd=42&kikanCd=dna0342&kikanKbn=3", "url2": "https://plus.dentamap.jp>hpplus>user", "内容": "こうやま歯科医院【3:歯科】長崎県長崎市葉山１丁目４－１第２川尾ビル１階" }, "geometry": { "type": "Point", "coordinates": [ 129.851757, 32.803116 ] } },
{ "type": "Feature", "properties": { "ID": "423dna0343", "正式名称": "工藤デンタルクリニック", "機関区分": 3, "都道府県コード": 42, "市区町村コード": 201, "所在地": "長崎県長崎市坂本１－５－２", "緯度": 32.768062, "経度": 129.866908, "url": "https://www.iryou.teikyouseido.mhlw.go.jp/znk-web/juminkanja/S2430/initialize?prefCd=42&kikanCd=dna0343&kikanKbn=3", "url2": "https://www.kudo-dc.net/", "内容": "工藤デンタルクリニック【3:歯科】長崎県長崎市坂本１－５－２" }, "geometry": { "type": "Point", "coordinates": [ 129.866908, 32.768062 ] } },
{ "type": "Feature", "properties": { "ID": "423dna0344", "正式名称": "医療法人社団　康成会　まつもと歯科", "機関区分": 3, "都道府県コード": 42, "市区町村コード": 201, "所在地": "長崎県長崎市花丘町２０ー２１", "緯度": 32.790834, "経度": 129.866611, "url": "https://www.iryou.teikyouseido.mhlw.go.jp/znk-web/juminkanja/S2430/initialize?prefCd=42&kikanCd=dna0344&kikanKbn=3", "url2": "dc-matsumoto.com", "内容": "医療法人社団　康成会　まつもと歯科【3:歯科】長崎県長崎市花丘町２０ー２１" }, "geometry": { "type": "Point", "coordinates": [ 129.866611, 32.790834 ] } },
{ "type": "Feature", "properties": { "ID": "423dna0346", "正式名称": "わかくさ歯科", "機関区分": 3, "都道府県コード": 42, "市区町村コード": 201, "所在地": "長崎県長崎市若草町２－８　三愛ビル９　１階右", "緯度": 32.774641, "経度": 129.854114, "url": "https://www.iryou.teikyouseido.mhlw.go.jp/znk-web/juminkanja/S2430/initialize?prefCd=42&kikanCd=dna0346&kikanKbn=3", "url2": null, "内容": "わかくさ歯科【3:歯科】長崎県長崎市若草町２－８　三愛ビル９　１階右" }, "geometry": { "type": "Point", "coordinates": [ 129.854114, 32.774641 ] } },
{ "type": "Feature", "properties": { "ID": "423dna0347", "正式名称": "とどデンタルクリニック", "機関区分": 3, "都道府県コード": 42, "市区町村コード": 201, "所在地": "長崎県長崎市東町２０８６－７", "緯度": 32.783605, "経度": 129.950688, "url": "https://www.iryou.teikyouseido.mhlw.go.jp/znk-web/juminkanja/S2430/initialize?prefCd=42&kikanCd=dna0347&kikanKbn=3", "url2": "https://www.todo-dc.com", "内容": "とどデンタルクリニック【3:歯科】長崎県長崎市東町２０８６－７" }, "geometry": { "type": "Point", "coordinates": [ 129.950688, 32.783605 ] } },
{ "type": "Feature", "properties": { "ID": "423dna0348", "正式名称": "せがわ歯科", "機関区分": 3, "都道府県コード": 42, "市区町村コード": 201, "所在地": "長崎県長崎市桜町６ー１０ー３Ｆ", "緯度": 32.750175, "経度": 129.879222, "url": "https://www.iryou.teikyouseido.mhlw.go.jp/znk-web/juminkanja/S2430/initialize?prefCd=42&kikanCd=dna0348&kikanKbn=3", "url2": null, "内容": "せがわ歯科【3:歯科】長崎県長崎市桜町６ー１０ー３Ｆ" }, "geometry": { "type": "Point", "coordinates": [ 129.879222, 32.750175 ] } },
{ "type": "Feature", "properties": { "ID": "423dna0349", "正式名称": "くわはら歯科医院", "機関区分": 3, "都道府県コード": 42, "市区町村コード": 201, "所在地": "長崎県長崎市桶屋町５９　コア桶屋町３階", "緯度": 32.749754, "経度": 129.880641, "url": "https://www.iryou.teikyouseido.mhlw.go.jp/znk-web/juminkanja/S2430/initialize?prefCd=42&kikanCd=dna0349&kikanKbn=3", "url2": null, "内容": "くわはら歯科医院【3:歯科】長崎県長崎市桶屋町５９　コア桶屋町３階" }, "geometry": { "type": "Point", "coordinates": [ 129.880641, 32.749754 ] } },
{ "type": "Feature", "properties": { "ID": "423dna0350", "正式名称": "しながわ歯科医院", "機関区分": 3, "都道府県コード": 42, "市区町村コード": 201, "所在地": "長崎県長崎市滑石１丁目１－１６　２階", "緯度": 32.805602, "経度": 129.850719, "url": "https://www.iryou.teikyouseido.mhlw.go.jp/znk-web/juminkanja/S2430/initialize?prefCd=42&kikanCd=dna0350&kikanKbn=3", "url2": null, "内容": "しながわ歯科医院【3:歯科】長崎県長崎市滑石１丁目１－１６　２階" }, "geometry": { "type": "Point", "coordinates": [ 129.850719, 32.805602 ] } },
{ "type": "Feature", "properties": { "ID": "423dna0351", "正式名称": "恵美須町デンタルクリニック", "機関区分": 3, "都道府県コード": 42, "市区町村コード": 201, "所在地": "長崎県長崎市恵美須町４番７　ＹＭＣＡビル２階", "緯度": 32.750505, "経度": 129.876117, "url": "https://www.iryou.teikyouseido.mhlw.go.jp/znk-web/juminkanja/S2430/initialize?prefCd=42&kikanCd=dna0351&kikanKbn=3", "url2": null, "内容": "恵美須町デンタルクリニック【3:歯科】長崎県長崎市恵美須町４番７　ＹＭＣＡビル２階" }, "geometry": { "type": "Point", "coordinates": [ 129.876117, 32.750505 ] } },
{ "type": "Feature", "properties": { "ID": "423dna0353", "正式名称": "藤井歯科浜町診療所", "機関区分": 3, "都道府県コード": 42, "市区町村コード": 201, "所在地": "長崎県長崎市浜町１０番８号ＶＯＩＣＥビル３Ｆ", "緯度": 32.743315, "経度": 129.879869, "url": "https://www.iryou.teikyouseido.mhlw.go.jp/znk-web/juminkanja/S2430/initialize?prefCd=42&kikanCd=dna0353&kikanKbn=3", "url2": "https://hamanomachi-dc.com/", "内容": "藤井歯科浜町診療所【3:歯科】長崎県長崎市浜町１０番８号ＶＯＩＣＥビル３Ｆ" }, "geometry": { "type": "Point", "coordinates": [ 129.879869, 32.743315 ] } },
{ "type": "Feature", "properties": { "ID": "423dni0002", "正式名称": "荒木歯科医院", "機関区分": 3, "都道府県コード": 42, "市区町村コード": 307, "所在地": "長崎県西彼杵郡長与町嬉里郷７０９番地１", "緯度": 32.829821, "経度": 129.873607, "url": "https://www.iryou.teikyouseido.mhlw.go.jp/znk-web/juminkanja/S2430/initialize?prefCd=42&kikanCd=dni0002&kikanKbn=3", "url2": null, "内容": "荒木歯科医院【3:歯科】長崎県西彼杵郡長与町嬉里郷７０９番地１" }, "geometry": { "type": "Point", "coordinates": [ 129.873607, 32.829821 ] } },
{ "type": "Feature", "properties": { "ID": "423dni0003", "正式名称": "いいもり歯科", "機関区分": 3, "都道府県コード": 42, "市区町村コード": 212, "所在地": "長崎県西海市大島町１８１３", "緯度": 33.03875, "経度": 129.620482, "url": "https://www.iryou.teikyouseido.mhlw.go.jp/znk-web/juminkanja/S2430/initialize?prefCd=42&kikanCd=dni0003&kikanKbn=3", "url2": "http://iimori-dental.com/", "内容": "いいもり歯科【3:歯科】長崎県西海市大島町１８１３" }, "geometry": { "type": "Point", "coordinates": [ 129.620482, 33.03875 ] } },
{ "type": "Feature", "properties": { "ID": "423dni0004", "正式名称": "石橋歯科医院", "機関区分": 3, "都道府県コード": 42, "市区町村コード": 212, "所在地": "長崎県西海市西彼町大串郷１８９５番地１号", "緯度": 33.002544, "経度": 129.730653, "url": "https://www.iryou.teikyouseido.mhlw.go.jp/znk-web/juminkanja/S2430/initialize?prefCd=42&kikanCd=dni0004&kikanKbn=3", "url2": null, "内容": "石橋歯科医院【3:歯科】長崎県西海市西彼町大串郷１８９５番地１号" }, "geometry": { "type": "Point", "coordinates": [ 129.730653, 33.002544 ] } },
{ "type": "Feature", "properties": { "ID": "423dni0005", "正式名称": "いちのせ歯科医院", "機関区分": 3, "都道府県コード": 42, "市区町村コード": 212, "所在地": "長崎県西海市西彼町上岳郷７４３番地３号", "緯度": 32.986557, "経度": 129.777508, "url": "https://www.iryou.teikyouseido.mhlw.go.jp/znk-web/juminkanja/S2430/initialize?prefCd=42&kikanCd=dni0005&kikanKbn=3", "url2": null, "内容": "いちのせ歯科医院【3:歯科】長崎県西海市西彼町上岳郷７４３番地３号" }, "geometry": { "type": "Point", "coordinates": [ 129.777508, 32.986557 ] } },
{ "type": "Feature", "properties": { "ID": "423dni0007", "正式名称": "医療法人初誠会はつみ歯科医院", "機関区分": 3, "都道府県コード": 42, "市区町村コード": 308, "所在地": "長崎県西彼杵郡時津町西時津郷６４－３３", "緯度": 32.832762, "経度": 129.862271, "url": "https://www.iryou.teikyouseido.mhlw.go.jp/znk-web/juminkanja/S2430/initialize?prefCd=42&kikanCd=dni0007&kikanKbn=3", "url2": null, "内容": "医療法人初誠会はつみ歯科医院【3:歯科】長崎県西彼杵郡時津町西時津郷６４－３３" }, "geometry": { "type": "Point", "coordinates": [ 129.862271, 32.832762 ] } },
{ "type": "Feature", "properties": { "ID": "423dni0008", "正式名称": "医療法人渡辺歯科医院", "機関区分": 3, "都道府県コード": 42, "市区町村コード": 307, "所在地": "長崎県西彼杵郡長与町吉無田郷３５番地３", "緯度": 32.821326, "経度": 129.878503, "url": "https://www.iryou.teikyouseido.mhlw.go.jp/znk-web/juminkanja/S2430/initialize?prefCd=42&kikanCd=dni0008&kikanKbn=3", "url2": "https://www.dental-watanabe.jp", "内容": "医療法人渡辺歯科医院【3:歯科】長崎県西彼杵郡長与町吉無田郷３５番地３" }, "geometry": { "type": "Point", "coordinates": [ 129.878503, 32.821326 ] } },
{ "type": "Feature", "properties": { "ID": "423dni0011", "正式名称": "医療法人ひがし歯科医院", "機関区分": 3, "都道府県コード": 42, "市区町村コード": 308, "所在地": "長崎県西彼杵郡時津町浜田郷７５３ー１", "緯度": 32.831408, "経度": 129.863797, "url": "https://www.iryou.teikyouseido.mhlw.go.jp/znk-web/juminkanja/S2430/initialize?prefCd=42&kikanCd=dni0011&kikanKbn=3", "url2": null, "内容": "医療法人ひがし歯科医院【3:歯科】長崎県西彼杵郡時津町浜田郷７５３ー１" }, "geometry": { "type": "Point", "coordinates": [ 129.863797, 32.831408 ] } },
{ "type": "Feature", "properties": { "ID": "423dni0012", "正式名称": "浦上歯科医院", "機関区分": 3, "都道府県コード": 42, "市区町村コード": 307, "所在地": "長崎県西彼杵郡長与町嬉里郷３９３－２０", "緯度": 32.823103, "経度": 129.874807, "url": "https://www.iryou.teikyouseido.mhlw.go.jp/znk-web/juminkanja/S2430/initialize?prefCd=42&kikanCd=dni0012&kikanKbn=3", "url2": null, "内容": "浦上歯科医院【3:歯科】長崎県西彼杵郡長与町嬉里郷３９３－２０" }, "geometry": { "type": "Point", "coordinates": [ 129.874807, 32.823103 ] } },
{ "type": "Feature", "properties": { "ID": "423dni0013", "正式名称": "えがしら歯科医院", "機関区分": 3, "都道府県コード": 42, "市区町村コード": 308, "所在地": "長崎県西彼杵郡時津町浦郷４２８－２０", "緯度": 32.830799, "経度": 129.848728, "url": "https://www.iryou.teikyouseido.mhlw.go.jp/znk-web/juminkanja/S2430/initialize?prefCd=42&kikanCd=dni0013&kikanKbn=3", "url2": "http://www.egashira-dc.jp/", "内容": "えがしら歯科医院【3:歯科】長崎県西彼杵郡時津町浦郷４２８－２０" }, "geometry": { "type": "Point", "coordinates": [ 129.848728, 32.830799 ] } },
{ "type": "Feature", "properties": { "ID": "423dni0014", "正式名称": "大串歯科医院", "機関区分": 3, "都道府県コード": 42, "市区町村コード": 212, "所在地": "長崎県西海市西海町丹納郷１９４３－１", "緯度": 33.057705, "経度": 129.702994, "url": "https://www.iryou.teikyouseido.mhlw.go.jp/znk-web/juminkanja/S2430/initialize?prefCd=42&kikanCd=dni0014&kikanKbn=3", "url2": null, "内容": "大串歯科医院【3:歯科】長崎県西海市西海町丹納郷１９４３－１" }, "geometry": { "type": "Point", "coordinates": [ 129.702994, 33.057705 ] } },
{ "type": "Feature", "properties": { "ID": "423dni0015", "正式名称": "おくむら歯科", "機関区分": 3, "都道府県コード": 42, "市区町村コード": 308, "所在地": "長崎県西彼杵郡時津町浜田郷３０２－５", "緯度": 32.832983, "経度": 129.856043, "url": "https://www.iryou.teikyouseido.mhlw.go.jp/znk-web/juminkanja/S2430/initialize?prefCd=42&kikanCd=dni0015&kikanKbn=3", "url2": "http://www.okumura-com", "内容": "おくむら歯科【3:歯科】長崎県西彼杵郡時津町浜田郷３０２－５" }, "geometry": { "type": "Point", "coordinates": [ 129.856043, 32.832983 ] } },
{ "type": "Feature", "properties": { "ID": "423dni0016", "正式名称": "かずのり歯科", "機関区分": 3, "都道府県コード": 42, "市区町村コード": 307, "所在地": "長崎県西彼杵郡長与町吉無田郷２００１番地２号", "緯度": 32.820501, "経度": 129.879989, "url": "https://www.iryou.teikyouseido.mhlw.go.jp/znk-web/juminkanja/S2430/initialize?prefCd=42&kikanCd=dni0016&kikanKbn=3", "url2": "https://www.kazunoridc.com/", "内容": "かずのり歯科【3:歯科】長崎県西彼杵郡長与町吉無田郷２００１番地２号" }, "geometry": { "type": "Point", "coordinates": [ 129.879989, 32.820501 ] } },
{ "type": "Feature", "properties": { "ID": "423dni0017", "正式名称": "黒木歯科", "機関区分": 3, "都道府県コード": 42, "市区町村コード": 308, "所在地": "長崎県西彼杵郡時津町浦郷３０１番地１５", "緯度": 32.829677, "経度": 129.847854, "url": "https://www.iryou.teikyouseido.mhlw.go.jp/znk-web/juminkanja/S2430/initialize?prefCd=42&kikanCd=dni0017&kikanKbn=3", "url2": "http://www.kurokishika.com", "内容": "黒木歯科【3:歯科】長崎県西彼杵郡時津町浦郷３０１番地１５" }, "geometry": { "type": "Point", "coordinates": [ 129.847854, 32.829677 ] } },
{ "type": "Feature", "properties": { "ID": "423dni0019", "正式名称": "医療法人　信合会　さとう歯科", "機関区分": 3, "都道府県コード": 42, "市区町村コード": 308, "所在地": "長崎県西彼杵郡時津町浦郷２７２－１", "緯度": 32.828465, "経度": 129.848625, "url": "https://www.iryou.teikyouseido.mhlw.go.jp/znk-web/juminkanja/S2430/initialize?prefCd=42&kikanCd=dni0019&kikanKbn=3", "url2": null, "内容": "医療法人　信合会　さとう歯科【3:歯科】長崎県西彼杵郡時津町浦郷２７２－１" }, "geometry": { "type": "Point", "coordinates": [ 129.848625, 32.828465 ] } },
{ "type": "Feature", "properties": { "ID": "423dni0023", "正式名称": "西彼歯科診療所", "機関区分": 3, "都道府県コード": 42, "市区町村コード": 212, "所在地": "長崎県西海市西彼町上岳郷３３７番地１", "緯度": 32.987425, "経度": 129.778731, "url": "https://www.iryou.teikyouseido.mhlw.go.jp/znk-web/juminkanja/S2430/initialize?prefCd=42&kikanCd=dni0023&kikanKbn=3", "url2": null, "内容": "西彼歯科診療所【3:歯科】長崎県西海市西彼町上岳郷３３７番地１" }, "geometry": { "type": "Point", "coordinates": [ 129.778731, 32.987425 ] } },
{ "type": "Feature", "properties": { "ID": "423dni0024", "正式名称": "高木歯科医院", "機関区分": 3, "都道府県コード": 42, "市区町村コード": 307, "所在地": "長崎県西彼杵郡長与町嬉里郷１２８－６", "緯度": 32.830581, "経度": 129.870733, "url": "https://www.iryou.teikyouseido.mhlw.go.jp/znk-web/juminkanja/S2430/initialize?prefCd=42&kikanCd=dni0024&kikanKbn=3", "url2": null, "内容": "高木歯科医院【3:歯科】長崎県西彼杵郡長与町嬉里郷１２８－６" }, "geometry": { "type": "Point", "coordinates": [ 129.870733, 32.830581 ] } },
{ "type": "Feature", "properties": { "ID": "423dni0026", "正式名称": "谷歯科医院", "機関区分": 3, "都道府県コード": 42, "市区町村コード": 307, "所在地": "長崎県西彼杵郡長与町まなび野２丁目１０　ルネスグランディール２", "緯度": 32.810806, "経度": 129.872557, "url": "https://www.iryou.teikyouseido.mhlw.go.jp/znk-web/juminkanja/S2430/initialize?prefCd=42&kikanCd=dni0026&kikanKbn=3", "url2": null, "内容": "谷歯科医院【3:歯科】長崎県西彼杵郡長与町まなび野２丁目１０　ルネスグランディール２" }, "geometry": { "type": "Point", "coordinates": [ 129.872557, 32.810806 ] } },
{ "type": "Feature", "properties": { "ID": "423dni0030", "正式名称": "とくひさ歯科", "機関区分": 3, "都道府県コード": 42, "市区町村コード": 307, "所在地": "長崎県西彼杵郡長与町高田郷６０－１森マンション１Ｆ", "緯度": 32.802518, "経度": 129.855465, "url": "https://www.iryou.teikyouseido.mhlw.go.jp/znk-web/juminkanja/S2430/initialize?prefCd=42&kikanCd=dni0030&kikanKbn=3", "url2": null, "内容": "とくひさ歯科【3:歯科】長崎県西彼杵郡長与町高田郷６０－１森マンション１Ｆ" }, "geometry": { "type": "Point", "coordinates": [ 129.855465, 32.802518 ] } },
{ "type": "Feature", "properties": { "ID": "423dni0033", "正式名称": "にし歯科医院", "機関区分": 3, "都道府県コード": 42, "市区町村コード": 307, "所在地": "長崎県西彼杵郡長与町まなび野３丁目６番地１号", "緯度": 32.809928, "経度": 129.87545, "url": "https://www.iryou.teikyouseido.mhlw.go.jp/znk-web/juminkanja/S2430/initialize?prefCd=42&kikanCd=dni0033&kikanKbn=3", "url2": null, "内容": "にし歯科医院【3:歯科】長崎県西彼杵郡長与町まなび野３丁目６番地１号" }, "geometry": { "type": "Point", "coordinates": [ 129.87545, 32.809928 ] } },
{ "type": "Feature", "properties": { "ID": "423dni0034", "正式名称": "籏原歯科医院", "機関区分": 3, "都道府県コード": 42, "市区町村コード": 308, "所在地": "長崎県西彼杵郡時津町左底郷字坂口７８－１８番地豊福ビル２階", "緯度": 32.825001, "経度": 129.829615, "url": "https://www.iryou.teikyouseido.mhlw.go.jp/znk-web/juminkanja/S2430/initialize?prefCd=42&kikanCd=dni0034&kikanKbn=3", "url2": null, "内容": "籏原歯科医院【3:歯科】長崎県西彼杵郡時津町左底郷字坂口７８－１８番地豊福ビル２階" }, "geometry": { "type": "Point", "coordinates": [ 129.829615, 32.825001 ] } },
{ "type": "Feature", "properties": { "ID": "423dni0035", "正式名称": "ひでふみデンタルクリニック", "機関区分": 3, "都道府県コード": 42, "市区町村コード": 307, "所在地": "長崎県西彼杵郡長与町高田郷９５１", "緯度": 32.810235, "経度": 129.871677, "url": "https://www.iryou.teikyouseido.mhlw.go.jp/znk-web/juminkanja/S2430/initialize?prefCd=42&kikanCd=dni0035&kikanKbn=3", "url2": "http://www.hidefumi-dental.com", "内容": "ひでふみデンタルクリニック【3:歯科】長崎県西彼杵郡長与町高田郷９５１" }, "geometry": { "type": "Point", "coordinates": [ 129.871677, 32.810235 ] } },
{ "type": "Feature", "properties": { "ID": "423dni0036", "正式名称": "日野デンタルクリニック", "機関区分": 3, "都道府県コード": 42, "市区町村コード": 307, "所在地": "長崎県西彼杵郡長与町吉無田郷２０２１－４", "緯度": 32.818499, "経度": 129.879839, "url": "https://www.iryou.teikyouseido.mhlw.go.jp/znk-web/juminkanja/S2430/initialize?prefCd=42&kikanCd=dni0036&kikanKbn=3", "url2": "http://www.hino-dental.jp/", "内容": "日野デンタルクリニック【3:歯科】長崎県西彼杵郡長与町吉無田郷２０２１－４" }, "geometry": { "type": "Point", "coordinates": [ 129.879839, 32.818499 ] } },
{ "type": "Feature", "properties": { "ID": "423dni0038", "正式名称": "村木歯科医院", "機関区分": 3, "都道府県コード": 42, "市区町村コード": 307, "所在地": "長崎県西彼杵郡長与町嬉里郷６６０－１　ウレリマンション１階", "緯度": 32.826427, "経度": 129.874104, "url": "https://www.iryou.teikyouseido.mhlw.go.jp/znk-web/juminkanja/S2430/initialize?prefCd=42&kikanCd=dni0038&kikanKbn=3", "url2": null, "内容": "村木歯科医院【3:歯科】長崎県西彼杵郡長与町嬉里郷６６０－１　ウレリマンション１階" }, "geometry": { "type": "Point", "coordinates": [ 129.874104, 32.826427 ] } },
{ "type": "Feature", "properties": { "ID": "423dni0040", "正式名称": "山口歯科医院", "機関区分": 3, "都道府県コード": 42, "市区町村コード": 212, "所在地": "長崎県西海市西彼町八木原郷", "緯度": 33.021663, "経度": 129.737487, "url": "https://www.iryou.teikyouseido.mhlw.go.jp/znk-web/juminkanja/S2430/initialize?prefCd=42&kikanCd=dni0040&kikanKbn=3", "url2": null, "内容": "山口歯科医院【3:歯科】長崎県西海市西彼町八木原郷" }, "geometry": { "type": "Point", "coordinates": [ 129.737487, 33.021663 ] } },
{ "type": "Feature", "properties": { "ID": "423dni0041", "正式名称": "山根歯科医院", "機関区分": 3, "都道府県コード": 42, "市区町村コード": 212, "所在地": "長崎県西海市大瀬戸町瀬戸福島郷１４５８－２９", "緯度": 32.934036, "経度": 129.639674, "url": "https://www.iryou.teikyouseido.mhlw.go.jp/znk-web/juminkanja/S2430/initialize?prefCd=42&kikanCd=dni0041&kikanKbn=3", "url2": null, "内容": "山根歯科医院【3:歯科】長崎県西海市大瀬戸町瀬戸福島郷１４５８－２９" }, "geometry": { "type": "Point", "coordinates": [ 129.639674, 32.934036 ] } },
{ "type": "Feature", "properties": { "ID": "423dni0042", "正式名称": "やまもと歯科クリニック", "機関区分": 3, "都道府県コード": 42, "市区町村コード": 308, "所在地": "長崎県西彼杵郡時津町野田郷１３７－１シャトレ文化の森１階", "緯度": 32.826027, "経度": 129.846076, "url": "https://www.iryou.teikyouseido.mhlw.go.jp/znk-web/juminkanja/S2430/initialize?prefCd=42&kikanCd=dni0042&kikanKbn=3", "url2": null, "内容": "やまもと歯科クリニック【3:歯科】長崎県西彼杵郡時津町野田郷１３７－１シャトレ文化の森１階" }, "geometry": { "type": "Point", "coordinates": [ 129.846076, 32.826027 ] } },
{ "type": "Feature", "properties": { "ID": "423dni0043", "正式名称": "おとやま歯科医院", "機関区分": 3, "都道府県コード": 42, "市区町村コード": 308, "所在地": "長崎県西彼杵郡時津町左底郷８７－１－１階", "緯度": 32.833727, "経度": 129.842375, "url": "https://www.iryou.teikyouseido.mhlw.go.jp/znk-web/juminkanja/S2430/initialize?prefCd=42&kikanCd=dni0043&kikanKbn=3", "url2": null, "内容": "おとやま歯科医院【3:歯科】長崎県西彼杵郡時津町左底郷８７－１－１階" }, "geometry": { "type": "Point", "coordinates": [ 129.842375, 32.833727 ] } },
{ "type": "Feature", "properties": { "ID": "423dni0045", "正式名称": "おおが歯科クリニック", "機関区分": 3, "都道府県コード": 42, "市区町村コード": 308, "所在地": "長崎県西彼杵郡時津町日並郷１３２０ー９８", "緯度": 32.850841, "経度": 129.826133, "url": "https://www.iryou.teikyouseido.mhlw.go.jp/znk-web/juminkanja/S2430/initialize?prefCd=42&kikanCd=dni0045&kikanKbn=3", "url2": "http://www.ohgashika.com", "内容": "おおが歯科クリニック【3:歯科】長崎県西彼杵郡時津町日並郷１３２０ー９８" }, "geometry": { "type": "Point", "coordinates": [ 129.826133, 32.850841 ] } },
{ "type": "Feature", "properties": { "ID": "423dni0046", "正式名称": "よしはら歯科", "機関区分": 3, "都道府県コード": 42, "市区町村コード": 307, "所在地": "長崎県西彼杵郡長与町高田郷３１６１番地１０号", "緯度": 32.815712, "経度": 129.862191, "url": "https://www.iryou.teikyouseido.mhlw.go.jp/znk-web/juminkanja/S2430/initialize?prefCd=42&kikanCd=dni0046&kikanKbn=3", "url2": "http://www.yoshihara-dc.com", "内容": "よしはら歯科【3:歯科】長崎県西彼杵郡長与町高田郷３１６１番地１０号" }, "geometry": { "type": "Point", "coordinates": [ 129.862191, 32.815712 ] } },
{ "type": "Feature", "properties": { "ID": "423dni0048", "正式名称": "いのうえ歯科医院", "機関区分": 3, "都道府県コード": 42, "市区町村コード": 212, "所在地": "長崎県西海市大瀬戸町瀬戸西濱郷９０－１", "緯度": 32.932613, "経度": 129.644839, "url": "https://www.iryou.teikyouseido.mhlw.go.jp/znk-web/juminkanja/S2430/initialize?prefCd=42&kikanCd=dni0048&kikanKbn=3", "url2": null, "内容": "いのうえ歯科医院【3:歯科】長崎県西海市大瀬戸町瀬戸西濱郷９０－１" }, "geometry": { "type": "Point", "coordinates": [ 129.644839, 32.932613 ] } },
{ "type": "Feature", "properties": { "ID": "423dni0049", "正式名称": "森の木歯科口腔外科クリニック", "機関区分": 3, "都道府県コード": 42, "市区町村コード": 307, "所在地": "長崎県西彼杵郡長与町高田郷７０６－３", "緯度": 32.799712, "経度": 129.869563, "url": "https://www.iryou.teikyouseido.mhlw.go.jp/znk-web/juminkanja/S2430/initialize?prefCd=42&kikanCd=dni0049&kikanKbn=3", "url2": "https://morinoki-oralsurg.com/", "内容": "森の木歯科口腔外科クリニック【3:歯科】長崎県西彼杵郡長与町高田郷７０６－３" }, "geometry": { "type": "Point", "coordinates": [ 129.869563, 32.799712 ] } },
{ "type": "Feature", "properties": { "ID": "423dni0051", "正式名称": "むらとみ歯科医院", "機関区分": 3, "都道府県コード": 42, "市区町村コード": 307, "所在地": "長崎県西彼杵郡長与町北陽台１丁目２番地１号", "緯度": 32.822295, "経度": 129.872787, "url": "https://www.iryou.teikyouseido.mhlw.go.jp/znk-web/juminkanja/S2430/initialize?prefCd=42&kikanCd=dni0051&kikanKbn=3", "url2": "http://muratomi.com/", "内容": "むらとみ歯科医院【3:歯科】長崎県西彼杵郡長与町北陽台１丁目２番地１号" }, "geometry": { "type": "Point", "coordinates": [ 129.872787, 32.822295 ] } },
{ "type": "Feature", "properties": { "ID": "423dni0053", "正式名称": "医療法人　ふじやま歯科クリニック", "機関区分": 3, "都道府県コード": 42, "市区町村コード": 307, "所在地": "長崎県西彼杵郡長与町嬉里郷１０９６番地　ＡＳＫビル２階店舗Ａ", "緯度": 32.832165, "経度": 129.871292, "url": "https://www.iryou.teikyouseido.mhlw.go.jp/znk-web/juminkanja/S2430/initialize?prefCd=42&kikanCd=dni0053&kikanKbn=3", "url2": "https://fujiyama-dental.com", "内容": "医療法人　ふじやま歯科クリニック【3:歯科】長崎県西彼杵郡長与町嬉里郷１０９６番地　ＡＳＫビル２階店舗Ａ" }, "geometry": { "type": "Point", "coordinates": [ 129.871292, 32.832165 ] } },
{ "type": "Feature", "properties": { "ID": "423dni0055", "正式名称": "日並ぽかぽか歯科", "機関区分": 3, "都道府県コード": 42, "市区町村コード": 308, "所在地": "長崎県西彼杵郡時津町日並郷２２１２番地２階", "緯度": 32.846814, "経度": 129.82863, "url": "https://www.iryou.teikyouseido.mhlw.go.jp/znk-web/juminkanja/S2430/initialize?prefCd=42&kikanCd=dni0055&kikanKbn=3", "url2": "https://pokapokadental.com/", "内容": "日並ぽかぽか歯科【3:歯科】長崎県西彼杵郡時津町日並郷２２１２番地２階" }, "geometry": { "type": "Point", "coordinates": [ 129.82863, 32.846814 ] } },
{ "type": "Feature", "properties": { "ID": "423doh0002", "正式名称": "赤司歯科医院", "機関区分": 3, "都道府県コード": 42, "市区町村コード": 205, "所在地": "長崎県大村市諏訪２丁目２０４番地", "緯度": 32.923755, "経度": 129.96136, "url": "https://www.iryou.teikyouseido.mhlw.go.jp/znk-web/juminkanja/S2430/initialize?prefCd=42&kikanCd=doh0002&kikanKbn=3", "url2": "akashi-dental.jimdosite.com", "内容": "赤司歯科医院【3:歯科】長崎県大村市諏訪２丁目２０４番地" }, "geometry": { "type": "Point", "coordinates": [ 129.96136, 32.923755 ] } },
{ "type": "Feature", "properties": { "ID": "423doh0005", "正式名称": "いしざか歯科医院", "機関区分": 3, "都道府県コード": 42, "市区町村コード": 205, "所在地": "長崎県大村市松並１丁目３５０番地の３", "緯度": 32.918269, "経度": 129.951811, "url": "https://www.iryou.teikyouseido.mhlw.go.jp/znk-web/juminkanja/S2430/initialize?prefCd=42&kikanCd=doh0005&kikanKbn=3", "url2": null, "内容": "いしざか歯科医院【3:歯科】長崎県大村市松並１丁目３５０番地の３" }, "geometry": { "type": "Point", "coordinates": [ 129.951811, 32.918269 ] } },
{ "type": "Feature", "properties": { "ID": "423doh0006", "正式名称": "いしだ歯科医院", "機関区分": 3, "都道府県コード": 42, "市区町村コード": 204, "所在地": "長崎県諫早市多良見町化屋４８１－３プレステージ多良見２Ｆ", "緯度": 32.831227, "経度": 129.987937, "url": "https://www.iryou.teikyouseido.mhlw.go.jp/znk-web/juminkanja/S2430/initialize?prefCd=42&kikanCd=doh0006&kikanKbn=3", "url2": null, "内容": "いしだ歯科医院【3:歯科】長崎県諫早市多良見町化屋４８１－３プレステージ多良見２Ｆ" }, "geometry": { "type": "Point", "coordinates": [ 129.987937, 32.831227 ] } },
{ "type": "Feature", "properties": { "ID": "423doh0007", "正式名称": "一宅歯科医院", "機関区分": 3, "都道府県コード": 42, "市区町村コード": 204, "所在地": "長崎県諫早市幸町４番１８号一宅ビル", "緯度": 32.839435, "経度": 130.059963, "url": "https://www.iryou.teikyouseido.mhlw.go.jp/znk-web/juminkanja/S2430/initialize?prefCd=42&kikanCd=doh0007&kikanKbn=3", "url2": null, "内容": "一宅歯科医院【3:歯科】長崎県諫早市幸町４番１８号一宅ビル" }, "geometry": { "type": "Point", "coordinates": [ 130.059963, 32.839435 ] } },
{ "type": "Feature", "properties": { "ID": "423doh0008", "正式名称": "いちのせ歯科医院", "機関区分": 3, "都道府県コード": 42, "市区町村コード": 205, "所在地": "長崎県大村市水田町５９７ー２", "緯度": 32.91469, "経度": 129.957789, "url": "https://www.iryou.teikyouseido.mhlw.go.jp/znk-web/juminkanja/S2430/initialize?prefCd=42&kikanCd=doh0008&kikanKbn=3", "url2": null, "内容": "いちのせ歯科医院【3:歯科】長崎県大村市水田町５９７ー２" }, "geometry": { "type": "Point", "coordinates": [ 129.957789, 32.91469 ] } },
{ "type": "Feature", "properties": { "ID": "423doh0011", "正式名称": "いのうえデンタルクリニック", "機関区分": 3, "都道府県コード": 42, "市区町村コード": 205, "所在地": "長崎県大村市武部町５３－５", "緯度": 32.908104, "経度": 129.964569, "url": "https://www.iryou.teikyouseido.mhlw.go.jp/znk-web/juminkanja/S2430/initialize?prefCd=42&kikanCd=doh0011&kikanKbn=3", "url2": "http://www.inoue-dental.org/", "内容": "いのうえデンタルクリニック【3:歯科】長崎県大村市武部町５３－５" }, "geometry": { "type": "Point", "coordinates": [ 129.964569, 32.908104 ] } },
{ "type": "Feature", "properties": { "ID": "423doh0013", "正式名称": "医療法人井上歯科医院", "機関区分": 3, "都道府県コード": 42, "市区町村コード": 205, "所在地": "長崎県大村市宮小路１丁目２６２番地１１", "緯度": 32.948585, "経度": 129.94507, "url": "https://www.iryou.teikyouseido.mhlw.go.jp/znk-web/juminkanja/S2430/initialize?prefCd=42&kikanCd=doh0013&kikanKbn=3", "url2": "http://itp.ne.jp/aa/0957557462/index.html", "内容": "医療法人井上歯科医院【3:歯科】長崎県大村市宮小路１丁目２６２番地１１" }, "geometry": { "type": "Point", "coordinates": [ 129.94507, 32.948585 ] } },
{ "type": "Feature", "properties": { "ID": "423doh0014", "正式名称": "医療法人慶樹会大安歯科医院", "機関区分": 3, "都道府県コード": 42, "市区町村コード": 321, "所在地": "長崎県東彼杵郡東彼杵町蔵本郷１６３１−３", "緯度": 33.044731, "経度": 129.911896, "url": "https://www.iryou.teikyouseido.mhlw.go.jp/znk-web/juminkanja/S2430/initialize?prefCd=42&kikanCd=doh0014&kikanKbn=3", "url2": "http://www.daiandental.com", "内容": "医療法人慶樹会大安歯科医院【3:歯科】長崎県東彼杵郡東彼杵町蔵本郷１６３１−３" }, "geometry": { "type": "Point", "coordinates": [ 129.911896, 33.044731 ] } },
{ "type": "Feature", "properties": { "ID": "423doh0016", "正式名称": "医療法人井手歯科医院", "機関区分": 3, "都道府県コード": 42, "市区町村コード": 204, "所在地": "長崎県諫早市本町３ー１３", "緯度": 32.844365, "経度": 130.054879, "url": "https://www.iryou.teikyouseido.mhlw.go.jp/znk-web/juminkanja/S2430/initialize?prefCd=42&kikanCd=doh0016&kikanKbn=3", "url2": null, "内容": "医療法人井手歯科医院【3:歯科】長崎県諫早市本町３ー１３" }, "geometry": { "type": "Point", "coordinates": [ 130.054879, 32.844365 ] } },
{ "type": "Feature", "properties": { "ID": "423doh0017", "正式名称": "医療法人片渕歯科", "機関区分": 3, "都道府県コード": 42, "市区町村コード": 323, "所在地": "長崎県東彼杵郡波佐見町折敷瀬郷１７１０－２", "緯度": 33.140342, "経度": 129.900236, "url": "https://www.iryou.teikyouseido.mhlw.go.jp/znk-web/juminkanja/S2430/initialize?prefCd=42&kikanCd=doh0017&kikanKbn=3", "url2": null, "内容": "医療法人片渕歯科【3:歯科】長崎県東彼杵郡波佐見町折敷瀬郷１７１０－２" }, "geometry": { "type": "Point", "coordinates": [ 129.900236, 33.140342 ] } },
{ "type": "Feature", "properties": { "ID": "423doh0018", "正式名称": "医療法人社団　五友会　助村歯科医院", "機関区分": 3, "都道府県コード": 42, "市区町村コード": 204, "所在地": "長崎県諫早市東本町４ー８", "緯度": 32.844183, "経度": 130.056862, "url": "https://www.iryou.teikyouseido.mhlw.go.jp/znk-web/juminkanja/S2430/initialize?prefCd=42&kikanCd=doh0018&kikanKbn=3", "url2": "http://www.sukemura-shika.com/", "内容": "医療法人社団　五友会　助村歯科医院【3:歯科】長崎県諫早市東本町４ー８" }, "geometry": { "type": "Point", "coordinates": [ 130.056862, 32.844183 ] } },
{ "type": "Feature", "properties": { "ID": "423doh0021", "正式名称": "医療法人社団本川歯科医院", "機関区分": 3, "都道府県コード": 42, "市区町村コード": 205, "所在地": "長崎県大村市松並２ー８４７ー４", "緯度": 32.92099, "経度": 129.946435, "url": "https://www.iryou.teikyouseido.mhlw.go.jp/znk-web/juminkanja/S2430/initialize?prefCd=42&kikanCd=doh0021&kikanKbn=3", "url2": "http://motokawa-dental.jp", "内容": "医療法人社団本川歯科医院【3:歯科】長崎県大村市松並２ー８４７ー４" }, "geometry": { "type": "Point", "coordinates": [ 129.946435, 32.92099 ] } },
{ "type": "Feature", "properties": { "ID": "423doh0022", "正式名称": "医療法人すみ歯科医院", "機関区分": 3, "都道府県コード": 42, "市区町村コード": 205, "所在地": "長崎県大村市上諏訪町８８３番地３", "緯度": 32.921919, "経度": 129.96481, "url": "https://www.iryou.teikyouseido.mhlw.go.jp/znk-web/juminkanja/S2430/initialize?prefCd=42&kikanCd=doh0022&kikanKbn=3", "url2": null, "内容": "医療法人すみ歯科医院【3:歯科】長崎県大村市上諏訪町８８３番地３" }, "geometry": { "type": "Point", "coordinates": [ 129.96481, 32.921919 ] } },
{ "type": "Feature", "properties": { "ID": "423doh0023", "正式名称": "医療法人　聡生会　森田歯科医院", "機関区分": 3, "都道府県コード": 42, "市区町村コード": 204, "所在地": "長崎県諫早市多良見町化屋７４５番地１", "緯度": 32.831073, "経度": 129.986697, "url": "https://www.iryou.teikyouseido.mhlw.go.jp/znk-web/juminkanja/S2430/initialize?prefCd=42&kikanCd=doh0023&kikanKbn=3", "url2": "https://moritashika.ci2.jp/", "内容": "医療法人　聡生会　森田歯科医院【3:歯科】長崎県諫早市多良見町化屋７４５番地１" }, "geometry": { "type": "Point", "coordinates": [ 129.986697, 32.831073 ] } },
{ "type": "Feature", "properties": { "ID": "423doh0024", "正式名称": "医療法人　戸嶋会　戸嶋歯科医院", "機関区分": 3, "都道府県コード": 42, "市区町村コード": 323, "所在地": "長崎県東彼杵郡波佐見町宿郷２６９－１", "緯度": 33.13452, "経度": 129.88509, "url": "https://www.iryou.teikyouseido.mhlw.go.jp/znk-web/juminkanja/S2430/initialize?prefCd=42&kikanCd=doh0024&kikanKbn=3", "url2": null, "内容": "医療法人　戸嶋会　戸嶋歯科医院【3:歯科】長崎県東彼杵郡波佐見町宿郷２６９－１" }, "geometry": { "type": "Point", "coordinates": [ 129.88509, 33.13452 ] } },
{ "type": "Feature", "properties": { "ID": "423doh0025", "正式名称": "医療法人　西諫早かなもり歯科医院", "機関区分": 3, "都道府県コード": 42, "市区町村コード": 204, "所在地": "長崎県諫早市白岩町４番地１９", "緯度": 32.848812, "経度": 130.023949, "url": "https://www.iryou.teikyouseido.mhlw.go.jp/znk-web/juminkanja/S2430/initialize?prefCd=42&kikanCd=doh0025&kikanKbn=3", "url2": "http://www.kanamorishika.com", "内容": "医療法人　西諫早かなもり歯科医院【3:歯科】長崎県諫早市白岩町４番地１９" }, "geometry": { "type": "Point", "coordinates": [ 130.023949, 32.848812 ] } },
{ "type": "Feature", "properties": { "ID": "423doh0026", "正式名称": "イルカ歯科医院", "機関区分": 3, "都道府県コード": 42, "市区町村コード": 204, "所在地": "長崎県諫早市栄町９番２号", "緯度": 32.840693, "経度": 130.055199, "url": "https://www.iryou.teikyouseido.mhlw.go.jp/znk-web/juminkanja/S2430/initialize?prefCd=42&kikanCd=doh0026&kikanKbn=3", "url2": "http://www.irukashika.com/", "内容": "イルカ歯科医院【3:歯科】長崎県諫早市栄町９番２号" }, "geometry": { "type": "Point", "coordinates": [ 130.055199, 32.840693 ] } },
{ "type": "Feature", "properties": { "ID": "423doh0030", "正式名称": "医療法人山本歯科医院", "機関区分": 3, "都道府県コード": 42, "市区町村コード": 322, "所在地": "長崎県東彼杵郡川棚町百津郷３９０ー５", "緯度": 33.068991, "経度": 129.867783, "url": "https://www.iryou.teikyouseido.mhlw.go.jp/znk-web/juminkanja/S2430/initialize?prefCd=42&kikanCd=doh0030&kikanKbn=3", "url2": null, "内容": "医療法人山本歯科医院【3:歯科】長崎県東彼杵郡川棚町百津郷３９０ー５" }, "geometry": { "type": "Point", "coordinates": [ 129.867783, 33.068991 ] } },
{ "type": "Feature", "properties": { "ID": "423doh0031", "正式名称": "いわぬま歯科医院", "機関区分": 3, "都道府県コード": 42, "市区町村コード": 323, "所在地": "長崎県東彼杵郡波佐見町宿郷６１５番地", "緯度": 33.136413, "経度": 129.895011, "url": "https://www.iryou.teikyouseido.mhlw.go.jp/znk-web/juminkanja/S2430/initialize?prefCd=42&kikanCd=doh0031&kikanKbn=3", "url2": null, "内容": "いわぬま歯科医院【3:歯科】長崎県東彼杵郡波佐見町宿郷６１５番地" }, "geometry": { "type": "Point", "coordinates": [ 129.895011, 33.136413 ] } },
{ "type": "Feature", "properties": { "ID": "423doh0032", "正式名称": "植松歯科医院", "機関区分": 3, "都道府県コード": 42, "市区町村コード": 204, "所在地": "長崎県諫早市小長井町牧２７４番地", "緯度": 32.915272, "経度": 130.177959, "url": "https://www.iryou.teikyouseido.mhlw.go.jp/znk-web/juminkanja/S2430/initialize?prefCd=42&kikanCd=doh0032&kikanKbn=3", "url2": null, "内容": "植松歯科医院【3:歯科】長崎県諫早市小長井町牧２７４番地" }, "geometry": { "type": "Point", "coordinates": [ 130.177959, 32.915272 ] } },
{ "type": "Feature", "properties": { "ID": "423doh0033", "正式名称": "うら歯科医院", "機関区分": 3, "都道府県コード": 42, "市区町村コード": 204, "所在地": "長崎県諫早市小川町３７番地５", "緯度": 32.832216, "経度": 130.059154, "url": "https://www.iryou.teikyouseido.mhlw.go.jp/znk-web/juminkanja/S2430/initialize?prefCd=42&kikanCd=doh0033&kikanKbn=3", "url2": null, "内容": "うら歯科医院【3:歯科】長崎県諫早市小川町３７番地５" }, "geometry": { "type": "Point", "coordinates": [ 130.059154, 32.832216 ] } },
{ "type": "Feature", "properties": { "ID": "423doh0034", "正式名称": "えんどう歯科医院", "機関区分": 3, "都道府県コード": 42, "市区町村コード": 205, "所在地": "長崎県大村市久原２丁目１１２４ー１", "緯度": 32.894994, "経度": 129.969062, "url": "https://www.iryou.teikyouseido.mhlw.go.jp/znk-web/juminkanja/S2430/initialize?prefCd=42&kikanCd=doh0034&kikanKbn=3", "url2": "http://www.endo-dc8020.com/", "内容": "えんどう歯科医院【3:歯科】長崎県大村市久原２丁目１１２４ー１" }, "geometry": { "type": "Point", "coordinates": [ 129.969062, 32.894994 ] } },
{ "type": "Feature", "properties": { "ID": "423doh0035", "正式名称": "大石歯科医院", "機関区分": 3, "都道府県コード": 42, "市区町村コード": 205, "所在地": "長崎県大村市竹松本町９４６－２", "緯度": 32.939254, "経度": 129.949986, "url": "https://www.iryou.teikyouseido.mhlw.go.jp/znk-web/juminkanja/S2430/initialize?prefCd=42&kikanCd=doh0035&kikanKbn=3", "url2": "http://oishishika.com", "内容": "大石歯科医院【3:歯科】長崎県大村市竹松本町９４６－２" }, "geometry": { "type": "Point", "coordinates": [ 129.949986, 32.939254 ] } },
{ "type": "Feature", "properties": { "ID": "423doh0036", "正式名称": "大石歯科医院", "機関区分": 3, "都道府県コード": 42, "市区町村コード": 204, "所在地": "長崎県諫早市中尾町４－５０", "緯度": 32.849534, "経度": 130.030421, "url": "https://www.iryou.teikyouseido.mhlw.go.jp/znk-web/juminkanja/S2430/initialize?prefCd=42&kikanCd=doh0036&kikanKbn=3", "url2": null, "内容": "大石歯科医院【3:歯科】長崎県諫早市中尾町４－５０" }, "geometry": { "type": "Point", "coordinates": [ 130.030421, 32.849534 ] } },
{ "type": "Feature", "properties": { "ID": "423doh0038", "正式名称": "おおつぼ歯科クリニック", "機関区分": 3, "都道府県コード": 42, "市区町村コード": 204, "所在地": "長崎県諫早市八天町３丁目６番地", "緯度": 32.846779, "経度": 130.055239, "url": "https://www.iryou.teikyouseido.mhlw.go.jp/znk-web/juminkanja/S2430/initialize?prefCd=42&kikanCd=doh0038&kikanKbn=3", "url2": "http://www.ootubosika.jp/", "内容": "おおつぼ歯科クリニック【3:歯科】長崎県諫早市八天町３丁目６番地" }, "geometry": { "type": "Point", "coordinates": [ 130.055239, 32.846779 ] } },
{ "type": "Feature", "properties": { "ID": "423doh0039", "正式名称": "大村ファミリー歯科", "機関区分": 3, "都道府県コード": 42, "市区町村コード": 205, "所在地": "長崎県大村市幸町", "緯度": 32.901614, "経度": 129.954178, "url": "https://www.iryou.teikyouseido.mhlw.go.jp/znk-web/juminkanja/S2430/initialize?prefCd=42&kikanCd=doh0039&kikanKbn=3", "url2": "https://www.oomura-family.com/", "内容": "大村ファミリー歯科【3:歯科】長崎県大村市幸町" }, "geometry": { "type": "Point", "coordinates": [ 129.954178, 32.901614 ] } },
{ "type": "Feature", "properties": { "ID": "423doh0040", "正式名称": "岡歯科医院", "機関区分": 3, "都道府県コード": 42, "市区町村コード": 205, "所在地": "長崎県大村市東三城町１９５ー３", "緯度": 32.911195, "経度": 129.956793, "url": "https://www.iryou.teikyouseido.mhlw.go.jp/znk-web/juminkanja/S2430/initialize?prefCd=42&kikanCd=doh0040&kikanKbn=3", "url2": null, "内容": "岡歯科医院【3:歯科】長崎県大村市東三城町１９５ー３" }, "geometry": { "type": "Point", "coordinates": [ 129.956793, 32.911195 ] } },
{ "type": "Feature", "properties": { "ID": "423doh0041", "正式名称": "おかもと歯科", "機関区分": 3, "都道府県コード": 42, "市区町村コード": 204, "所在地": "長崎県諫早市貝津町２３１４－１", "緯度": 32.839856, "経度": 130.015453, "url": "https://www.iryou.teikyouseido.mhlw.go.jp/znk-web/juminkanja/S2430/initialize?prefCd=42&kikanCd=doh0041&kikanKbn=3", "url2": "https://www.okamotoshika.info/", "内容": "おかもと歯科【3:歯科】長崎県諫早市貝津町２３１４－１" }, "geometry": { "type": "Point", "coordinates": [ 130.015453, 32.839856 ] } },
{ "type": "Feature", "properties": { "ID": "423doh0043", "正式名称": "奥村歯科診療所", "機関区分": 3, "都道府県コード": 42, "市区町村コード": 204, "所在地": "長崎県諫早市山川町２−７", "緯度": 32.846735, "経度": 130.02435, "url": "https://www.iryou.teikyouseido.mhlw.go.jp/znk-web/juminkanja/S2430/initialize?prefCd=42&kikanCd=doh0043&kikanKbn=3", "url2": null, "内容": "奥村歯科診療所【3:歯科】長崎県諫早市山川町２−７" }, "geometry": { "type": "Point", "coordinates": [ 130.02435, 32.846735 ] } },
{ "type": "Feature", "properties": { "ID": "423doh0044", "正式名称": "尾崎歯科医院", "機関区分": 3, "都道府県コード": 42, "市区町村コード": 322, "所在地": "長崎県東彼杵郡川棚町下組郷３３－１", "緯度": 33.068869, "経度": 129.8597, "url": "https://www.iryou.teikyouseido.mhlw.go.jp/znk-web/juminkanja/S2430/initialize?prefCd=42&kikanCd=doh0044&kikanKbn=3", "url2": null, "内容": "尾崎歯科医院【3:歯科】長崎県東彼杵郡川棚町下組郷３３－１" }, "geometry": { "type": "Point", "coordinates": [ 129.8597, 33.068869 ] } },
{ "type": "Feature", "properties": { "ID": "423doh0045", "正式名称": "加島歯科小児歯科医院", "機関区分": 3, "都道府県コード": 42, "市区町村コード": 205, "所在地": "長崎県大村市乾馬場町８３０－２", "緯度": 32.918241, "経度": 129.959372, "url": "https://www.iryou.teikyouseido.mhlw.go.jp/znk-web/juminkanja/S2430/initialize?prefCd=42&kikanCd=doh0045&kikanKbn=3", "url2": null, "内容": "加島歯科小児歯科医院【3:歯科】長崎県大村市乾馬場町８３０－２" }, "geometry": { "type": "Point", "coordinates": [ 129.959372, 32.918241 ] } },
{ "type": "Feature", "properties": { "ID": "423doh0047", "正式名称": "きい歯科矯正歯科クリニック", "機関区分": 3, "都道府県コード": 42, "市区町村コード": 205, "所在地": "長崎県大村市須田ノ木町９９１－８", "緯度": 32.906178, "経度": 129.974637, "url": "https://www.iryou.teikyouseido.mhlw.go.jp/znk-web/juminkanja/S2430/initialize?prefCd=42&kikanCd=doh0047&kikanKbn=3", "url2": "http://kii-dc.com/", "内容": "きい歯科矯正歯科クリニック【3:歯科】長崎県大村市須田ノ木町９９１－８" }, "geometry": { "type": "Point", "coordinates": [ 129.974637, 32.906178 ] } },
{ "type": "Feature", "properties": { "ID": "423doh0048", "正式名称": "くぼ歯科医院", "機関区分": 3, "都道府県コード": 42, "市区町村コード": 204, "所在地": "長崎県諫早市多良見町市布１３５５－２", "緯度": 32.811709, "経度": 129.96505, "url": "https://www.iryou.teikyouseido.mhlw.go.jp/znk-web/juminkanja/S2430/initialize?prefCd=42&kikanCd=doh0048&kikanKbn=3", "url2": "http://kubosika.com/", "内容": "くぼ歯科医院【3:歯科】長崎県諫早市多良見町市布１３５５－２" }, "geometry": { "type": "Point", "coordinates": [ 129.96505, 32.811709 ] } },
{ "type": "Feature", "properties": { "ID": "423doh0049", "正式名称": "蔵田歯科医院", "機関区分": 3, "都道府県コード": 42, "市区町村コード": 205, "所在地": "長崎県大村市原口町５８９－１", "緯度": 32.936977, "経度": 129.947959, "url": "https://www.iryou.teikyouseido.mhlw.go.jp/znk-web/juminkanja/S2430/initialize?prefCd=42&kikanCd=doh0049&kikanKbn=3", "url2": null, "内容": "蔵田歯科医院【3:歯科】長崎県大村市原口町５８９－１" }, "geometry": { "type": "Point", "coordinates": [ 129.947959, 32.936977 ] } },
{ "type": "Feature", "properties": { "ID": "423doh0050", "正式名称": "けんじ歯科医院", "機関区分": 3, "都道府県コード": 42, "市区町村コード": 205, "所在地": "長崎県大村市富の原２丁目２５４番３", "緯度": 32.94548, "経度": 129.939452, "url": "https://www.iryou.teikyouseido.mhlw.go.jp/znk-web/juminkanja/S2430/initialize?prefCd=42&kikanCd=doh0050&kikanKbn=3", "url2": "http://www.kenjishika.com/", "内容": "けんじ歯科医院【3:歯科】長崎県大村市富の原２丁目２５４番３" }, "geometry": { "type": "Point", "coordinates": [ 129.939452, 32.94548 ] } },
{ "type": "Feature", "properties": { "ID": "423doh0051", "正式名称": "小江歯科", "機関区分": 3, "都道府県コード": 42, "市区町村コード": 204, "所在地": "長崎県諫早市高来町下与２６５ー１", "緯度": 32.89225, "経度": 130.11561, "url": "https://www.iryou.teikyouseido.mhlw.go.jp/znk-web/juminkanja/S2430/initialize?prefCd=42&kikanCd=doh0051&kikanKbn=3", "url2": null, "内容": "小江歯科【3:歯科】長崎県諫早市高来町下与２６５ー１" }, "geometry": { "type": "Point", "coordinates": [ 130.11561, 32.89225 ] } },
{ "type": "Feature", "properties": { "ID": "423doh0052", "正式名称": "こが歯科医院", "機関区分": 3, "都道府県コード": 42, "市区町村コード": 204, "所在地": "長崎県諫早市仲沖町２５番１３号", "緯度": 32.843109, "経度": 130.061728, "url": "https://www.iryou.teikyouseido.mhlw.go.jp/znk-web/juminkanja/S2430/initialize?prefCd=42&kikanCd=doh0052&kikanKbn=3", "url2": null, "内容": "こが歯科医院【3:歯科】長崎県諫早市仲沖町２５番１３号" }, "geometry": { "type": "Point", "coordinates": [ 130.061728, 32.843109 ] } },
{ "type": "Feature", "properties": { "ID": "423doh0054", "正式名称": "小嶺徹歯科医院", "機関区分": 3, "都道府県コード": 42, "市区町村コード": 204, "所在地": "長崎県諫早市高来町町名１２０－１", "緯度": 32.904645, "経度": 130.138134, "url": "https://www.iryou.teikyouseido.mhlw.go.jp/znk-web/juminkanja/S2430/initialize?prefCd=42&kikanCd=doh0054&kikanKbn=3", "url2": null, "内容": "小嶺徹歯科医院【3:歯科】長崎県諫早市高来町町名１２０－１" }, "geometry": { "type": "Point", "coordinates": [ 130.138134, 32.904645 ] } },
{ "type": "Feature", "properties": { "ID": "423doh0056", "正式名称": "歯科大道寺クリニック", "機関区分": 3, "都道府県コード": 42, "市区町村コード": 205, "所在地": "長崎県大村市池田新町７７９番地７", "緯度": 32.927166, "経度": 129.964048, "url": "https://www.iryou.teikyouseido.mhlw.go.jp/znk-web/juminkanja/S2430/initialize?prefCd=42&kikanCd=doh0056&kikanKbn=3", "url2": null, "内容": "歯科大道寺クリニック【3:歯科】長崎県大村市池田新町７７９番地７" }, "geometry": { "type": "Point", "coordinates": [ 129.964048, 32.927166 ] } },
{ "type": "Feature", "properties": { "ID": "423doh0059", "正式名称": "スマイル歯科", "機関区分": 3, "都道府県コード": 42, "市区町村コード": 204, "所在地": "長崎県諫早市宇都町２３６－７９", "緯度": 32.839451, "経度": 130.040237, "url": "https://www.iryou.teikyouseido.mhlw.go.jp/znk-web/juminkanja/S2430/initialize?prefCd=42&kikanCd=doh0059&kikanKbn=3", "url2": "http://smile.b1388.jp", "内容": "スマイル歯科【3:歯科】長崎県諫早市宇都町２３６－７９" }, "geometry": { "type": "Point", "coordinates": [ 130.040237, 32.839451 ] } },
{ "type": "Feature", "properties": { "ID": "423doh0060", "正式名称": "スマイル歯科", "機関区分": 3, "都道府県コード": 42, "市区町村コード": 205, "所在地": "長崎県大村市古賀島町３４６番地１", "緯度": 32.927832, "経度": 129.93869, "url": "https://www.iryou.teikyouseido.mhlw.go.jp/znk-web/juminkanja/S2430/initialize?prefCd=42&kikanCd=doh0060&kikanKbn=3", "url2": "http://smiledental-c.net/", "内容": "スマイル歯科【3:歯科】長崎県大村市古賀島町３４６番地１" }, "geometry": { "type": "Point", "coordinates": [ 129.93869, 32.927832 ] } },
{ "type": "Feature", "properties": { "ID": "423doh0062", "正式名称": "ＨｅａｒｔｙＤｅｎｔａｌＣｌｉｎｉｃ", "機関区分": 3, "都道府県コード": 42, "市区町村コード": 205, "所在地": "長崎県大村市東三城町１８番地１４", "緯度": 32.911784, "経度": 129.959464, "url": "https://www.iryou.teikyouseido.mhlw.go.jp/znk-web/juminkanja/S2430/initialize?prefCd=42&kikanCd=doh0062&kikanKbn=3", "url2": "heartydentalclinic.com", "内容": "ＨｅａｒｔｙＤｅｎｔａｌＣｌｉｎｉｃ【3:歯科】長崎県大村市東三城町１８番地１４" }, "geometry": { "type": "Point", "coordinates": [ 129.959464, 32.911784 ] } },
{ "type": "Feature", "properties": { "ID": "423doh0063", "正式名称": "たかぎ矯正小児歯科医院", "機関区分": 3, "都道府県コード": 42, "市区町村コード": 205, "所在地": "長崎県大村市東三城町４番地１０号", "緯度": 32.909933, "経度": 129.958913, "url": "https://www.iryou.teikyouseido.mhlw.go.jp/znk-web/juminkanja/S2430/initialize?prefCd=42&kikanCd=doh0063&kikanKbn=3", "url2": null, "内容": "たかぎ矯正小児歯科医院【3:歯科】長崎県大村市東三城町４番地１０号" }, "geometry": { "type": "Point", "coordinates": [ 129.958913, 32.909933 ] } },
{ "type": "Feature", "properties": { "ID": "423doh0065", "正式名称": "医療法人　たなか歯科医院", "機関区分": 3, "都道府県コード": 42, "市区町村コード": 204, "所在地": "長崎県諫早市小野町８丁目１番地", "緯度": 32.834242, "経度": 130.087754, "url": "https://www.iryou.teikyouseido.mhlw.go.jp/znk-web/juminkanja/S2430/initialize?prefCd=42&kikanCd=doh0065&kikanKbn=3", "url2": "http://tanakashika.jp/", "内容": "医療法人　たなか歯科医院【3:歯科】長崎県諫早市小野町８丁目１番地" }, "geometry": { "type": "Point", "coordinates": [ 130.087754, 32.834242 ] } },
{ "type": "Feature", "properties": { "ID": "423doh0067", "正式名称": "デンタルクリニックフジワラ", "機関区分": 3, "都道府県コード": 42, "市区町村コード": 204, "所在地": "長崎県諫早市有喜町２６２ー２", "緯度": 32.795668, "経度": 130.083431, "url": "https://www.iryou.teikyouseido.mhlw.go.jp/znk-web/juminkanja/S2430/initialize?prefCd=42&kikanCd=doh0067&kikanKbn=3", "url2": null, "内容": "デンタルクリニックフジワラ【3:歯科】長崎県諫早市有喜町２６２ー２" }, "geometry": { "type": "Point", "coordinates": [ 130.083431, 32.795668 ] } },
{ "type": "Feature", "properties": { "ID": "423doh0068", "正式名称": "どひ歯科クリニック", "機関区分": 3, "都道府県コード": 42, "市区町村コード": 204, "所在地": "長崎県諫早市山川町３２番地１", "緯度": 32.851644, "経度": 130.025632, "url": "https://www.iryou.teikyouseido.mhlw.go.jp/znk-web/juminkanja/S2430/initialize?prefCd=42&kikanCd=doh0068&kikanKbn=3", "url2": "http://www.dohi-dc.com", "内容": "どひ歯科クリニック【3:歯科】長崎県諫早市山川町３２番地１" }, "geometry": { "type": "Point", "coordinates": [ 130.025632, 32.851644 ] } },
{ "type": "Feature", "properties": { "ID": "423doh0069", "正式名称": "とやま歯科医院", "機関区分": 3, "都道府県コード": 42, "市区町村コード": 205, "所在地": "長崎県大村市富の原１丁目１２３１－２３", "緯度": 32.941553, "経度": 129.940536, "url": "https://www.iryou.teikyouseido.mhlw.go.jp/znk-web/juminkanja/S2430/initialize?prefCd=42&kikanCd=doh0069&kikanKbn=3", "url2": null, "内容": "とやま歯科医院【3:歯科】長崎県大村市富の原１丁目１２３１－２３" }, "geometry": { "type": "Point", "coordinates": [ 129.940536, 32.941553 ] } },
{ "type": "Feature", "properties": { "ID": "423doh0070", "正式名称": "とよふく歯科", "機関区分": 3, "都道府県コード": 42, "市区町村コード": 204, "所在地": "長崎県諫早市高来町溝口２１０番３号", "緯度": 32.904219, "経度": 130.145184, "url": "https://www.iryou.teikyouseido.mhlw.go.jp/znk-web/juminkanja/S2430/initialize?prefCd=42&kikanCd=doh0070&kikanKbn=3", "url2": null, "内容": "とよふく歯科【3:歯科】長崎県諫早市高来町溝口２１０番３号" }, "geometry": { "type": "Point", "coordinates": [ 130.145184, 32.904219 ] } },
{ "type": "Feature", "properties": { "ID": "423doh0071", "正式名称": "鳥越歯科", "機関区分": 3, "都道府県コード": 42, "市区町村コード": 205, "所在地": "長崎県大村市本町５８５－４", "緯度": 32.908202, "経度": 129.957516, "url": "https://www.iryou.teikyouseido.mhlw.go.jp/znk-web/juminkanja/S2430/initialize?prefCd=42&kikanCd=doh0071&kikanKbn=3", "url2": null, "内容": "鳥越歯科【3:歯科】長崎県大村市本町５８５－４" }, "geometry": { "type": "Point", "coordinates": [ 129.957516, 32.908202 ] } },
{ "type": "Feature", "properties": { "ID": "423doh0072", "正式名称": "なかお歯科", "機関区分": 3, "都道府県コード": 42, "市区町村コード": 204, "所在地": "長崎県諫早市馬渡町７番地６９", "緯度": 32.841508, "経度": 130.021865, "url": "https://www.iryou.teikyouseido.mhlw.go.jp/znk-web/juminkanja/S2430/initialize?prefCd=42&kikanCd=doh0072&kikanKbn=3", "url2": null, "内容": "なかお歯科【3:歯科】長崎県諫早市馬渡町７番地６９" }, "geometry": { "type": "Point", "coordinates": [ 130.021865, 32.841508 ] } },
{ "type": "Feature", "properties": { "ID": "423doh0073", "正式名称": "中尾ファミリー歯科", "機関区分": 3, "都道府県コード": 42, "市区町村コード": 322, "所在地": "長崎県東彼杵郡川棚町白石郷７ー１６", "緯度": 33.064417, "経度": 129.854052, "url": "https://www.iryou.teikyouseido.mhlw.go.jp/znk-web/juminkanja/S2430/initialize?prefCd=42&kikanCd=doh0073&kikanKbn=3", "url2": "https://nakaofamily-dc.com/", "内容": "中尾ファミリー歯科【3:歯科】長崎県東彼杵郡川棚町白石郷７ー１６" }, "geometry": { "type": "Point", "coordinates": [ 129.854052, 33.064417 ] } },
{ "type": "Feature", "properties": { "ID": "423doh0075", "正式名称": "ながまつ歯科", "機関区分": 3, "都道府県コード": 42, "市区町村コード": 205, "所在地": "長崎県大村市桜馬場２丁目５９７－１", "緯度": 32.933542, "経度": 129.952012, "url": "https://www.iryou.teikyouseido.mhlw.go.jp/znk-web/juminkanja/S2430/initialize?prefCd=42&kikanCd=doh0075&kikanKbn=3", "url2": "nagamatsushika.cihp2.jp", "内容": "ながまつ歯科【3:歯科】長崎県大村市桜馬場２丁目５９７－１" }, "geometry": { "type": "Point", "coordinates": [ 129.952012, 32.933542 ] } },
{ "type": "Feature", "properties": { "ID": "423doh0076", "正式名称": "なかむら歯科", "機関区分": 3, "都道府県コード": 42, "市区町村コード": 205, "所在地": "長崎県大村市協和町１７１１－１２", "緯度": 32.919839, "経度": 129.944509, "url": "https://www.iryou.teikyouseido.mhlw.go.jp/znk-web/juminkanja/S2430/initialize?prefCd=42&kikanCd=doh0076&kikanKbn=3", "url2": "https://www.dental-nakamura.jp/", "内容": "なかむら歯科【3:歯科】長崎県大村市協和町１７１１－１２" }, "geometry": { "type": "Point", "coordinates": [ 129.944509, 32.919839 ] } },
{ "type": "Feature", "properties": { "ID": "423doh0077", "正式名称": "なかむら歯科医院", "機関区分": 3, "都道府県コード": 42, "市区町村コード": 204, "所在地": "長崎県諫早市長田町２４２２ー１", "緯度": 32.862285, "経度": 130.077865, "url": "https://www.iryou.teikyouseido.mhlw.go.jp/znk-web/juminkanja/S2430/initialize?prefCd=42&kikanCd=doh0077&kikanKbn=3", "url2": null, "内容": "なかむら歯科医院【3:歯科】長崎県諫早市長田町２４２２ー１" }, "geometry": { "type": "Point", "coordinates": [ 130.077865, 32.862285 ] } },
{ "type": "Feature", "properties": { "ID": "423doh0078", "正式名称": "凪デンタルクリニック", "機関区分": 3, "都道府県コード": 42, "市区町村コード": 204, "所在地": "長崎県諫早市多良見町元釜１５２番地６", "緯度": 32.859379, "経度": 129.936844, "url": "https://www.iryou.teikyouseido.mhlw.go.jp/znk-web/juminkanja/S2430/initialize?prefCd=42&kikanCd=doh0078&kikanKbn=3", "url2": null, "内容": "凪デンタルクリニック【3:歯科】長崎県諫早市多良見町元釜１５２番地６" }, "geometry": { "type": "Point", "coordinates": [ 129.936844, 32.859379 ] } },
{ "type": "Feature", "properties": { "ID": "423doh0079", "正式名称": "なりすえ歯科医院", "機関区分": 3, "都道府県コード": 42, "市区町村コード": 205, "所在地": "長崎県大村市池田１丁目４０ー２０", "緯度": 32.929903, "経度": 129.962403, "url": "https://www.iryou.teikyouseido.mhlw.go.jp/znk-web/juminkanja/S2430/initialize?prefCd=42&kikanCd=doh0079&kikanKbn=3", "url2": "narisue.com", "内容": "なりすえ歯科医院【3:歯科】長崎県大村市池田１丁目４０ー２０" }, "geometry": { "type": "Point", "coordinates": [ 129.962403, 32.929903 ] } },
{ "type": "Feature", "properties": { "ID": "423doh0080", "正式名称": "なるせ小児歯科", "機関区分": 3, "都道府県コード": 42, "市区町村コード": 204, "所在地": "長崎県諫早市山川町２５番６号", "緯度": 32.849837, "経度": 130.028517, "url": "https://www.iryou.teikyouseido.mhlw.go.jp/znk-web/juminkanja/S2430/initialize?prefCd=42&kikanCd=doh0080&kikanKbn=3", "url2": null, "内容": "なるせ小児歯科【3:歯科】長崎県諫早市山川町２５番６号" }, "geometry": { "type": "Point", "coordinates": [ 130.028517, 32.849837 ] } },
{ "type": "Feature", "properties": { "ID": "423doh0081", "正式名称": "南原歯科医院", "機関区分": 3, "都道府県コード": 42, "市区町村コード": 205, "所在地": "長崎県大村市皆同町２２０", "緯度": 32.963852, "経度": 129.943826, "url": "https://www.iryou.teikyouseido.mhlw.go.jp/znk-web/juminkanja/S2430/initialize?prefCd=42&kikanCd=doh0081&kikanKbn=3", "url2": "http://minamiharashika-omura.com/", "内容": "南原歯科医院【3:歯科】長崎県大村市皆同町２２０" }, "geometry": { "type": "Point", "coordinates": [ 129.943826, 32.963852 ] } },
{ "type": "Feature", "properties": { "ID": "423doh0082", "正式名称": "にしぐち歯科クリニック", "機関区分": 3, "都道府県コード": 42, "市区町村コード": 204, "所在地": "長崎県諫早市城見町１０番地７号", "緯度": 32.850081, "経度": 130.049031, "url": "https://www.iryou.teikyouseido.mhlw.go.jp/znk-web/juminkanja/S2430/initialize?prefCd=42&kikanCd=doh0082&kikanKbn=3", "url2": null, "内容": "にしぐち歯科クリニック【3:歯科】長崎県諫早市城見町１０番地７号" }, "geometry": { "type": "Point", "coordinates": [ 130.049031, 32.850081 ] } },
{ "type": "Feature", "properties": { "ID": "423doh0083", "正式名称": "納富歯科医院", "機関区分": 3, "都道府県コード": 42, "市区町村コード": 204, "所在地": "長崎県諫早市泉町１８－９", "緯度": 32.847367, "経度": 130.057082, "url": "https://www.iryou.teikyouseido.mhlw.go.jp/znk-web/juminkanja/S2430/initialize?prefCd=42&kikanCd=doh0083&kikanKbn=3", "url2": null, "内容": "納富歯科医院【3:歯科】長崎県諫早市泉町１８－９" }, "geometry": { "type": "Point", "coordinates": [ 130.057082, 32.847367 ] } },
{ "type": "Feature", "properties": { "ID": "423doh0084", "正式名称": "野口歯科医院", "機関区分": 3, "都道府県コード": 42, "市区町村コード": 204, "所在地": "長崎県諫早市栄田町６番２３号", "緯度": 32.856642, "経度": 130.039166, "url": "https://www.iryou.teikyouseido.mhlw.go.jp/znk-web/juminkanja/S2430/initialize?prefCd=42&kikanCd=doh0084&kikanKbn=3", "url2": null, "内容": "野口歯科医院【3:歯科】長崎県諫早市栄田町６番２３号" }, "geometry": { "type": "Point", "coordinates": [ 130.039166, 32.856642 ] } },
{ "type": "Feature", "properties": { "ID": "423doh0086", "正式名称": "のじま歯科医院", "機関区分": 3, "都道府県コード": 42, "市区町村コード": 205, "所在地": "長崎県大村市本町３９０番地１", "緯度": 32.908039, "経度": 129.958848, "url": "https://www.iryou.teikyouseido.mhlw.go.jp/znk-web/juminkanja/S2430/initialize?prefCd=42&kikanCd=doh0086&kikanKbn=3", "url2": null, "内容": "のじま歯科医院【3:歯科】長崎県大村市本町３９０番地１" }, "geometry": { "type": "Point", "coordinates": [ 129.958848, 32.908039 ] } },
{ "type": "Feature", "properties": { "ID": "423doh0087", "正式名称": "はいき歯科医院", "機関区分": 3, "都道府県コード": 42, "市区町村コード": 323, "所在地": "長崎県東彼杵郡波佐見町長野郷４８０－１", "緯度": 33.117057, "経度": 129.870468, "url": "https://www.iryou.teikyouseido.mhlw.go.jp/znk-web/juminkanja/S2430/initialize?prefCd=42&kikanCd=doh0087&kikanKbn=3", "url2": "http://www.haiki-dc.com/", "内容": "はいき歯科医院【3:歯科】長崎県東彼杵郡波佐見町長野郷４８０－１" }, "geometry": { "type": "Point", "coordinates": [ 129.870468, 33.117057 ] } },
{ "type": "Feature", "properties": { "ID": "423doh0088", "正式名称": "橋口歯科医院", "機関区分": 3, "都道府県コード": 42, "市区町村コード": 205, "所在地": "長崎県大村市竹松本町９３４－３", "緯度": 32.938862, "経度": 129.946996, "url": "https://www.iryou.teikyouseido.mhlw.go.jp/znk-web/juminkanja/S2430/initialize?prefCd=42&kikanCd=doh0088&kikanKbn=3", "url2": null, "内容": "橋口歯科医院【3:歯科】長崎県大村市竹松本町９３４－３" }, "geometry": { "type": "Point", "coordinates": [ 129.946996, 32.938862 ] } },
{ "type": "Feature", "properties": { "ID": "423doh0089", "正式名称": "はしむら歯科医院", "機関区分": 3, "都道府県コード": 42, "市区町村コード": 204, "所在地": "長崎県諫早市久山台６ー１", "緯度": 32.828563, "経度": 129.996411, "url": "https://www.iryou.teikyouseido.mhlw.go.jp/znk-web/juminkanja/S2430/initialize?prefCd=42&kikanCd=doh0089&kikanKbn=3", "url2": null, "内容": "はしむら歯科医院【3:歯科】長崎県諫早市久山台６ー１" }, "geometry": { "type": "Point", "coordinates": [ 129.996411, 32.828563 ] } },
{ "type": "Feature", "properties": { "ID": "423doh0090", "正式名称": "橋本歯科医院", "機関区分": 3, "都道府県コード": 42, "市区町村コード": 204, "所在地": "長崎県諫早市永昌町１１番３２号", "緯度": 32.85202, "経度": 130.039817, "url": "https://www.iryou.teikyouseido.mhlw.go.jp/znk-web/juminkanja/S2430/initialize?prefCd=42&kikanCd=doh0090&kikanKbn=3", "url2": null, "内容": "橋本歯科医院【3:歯科】長崎県諫早市永昌町１１番３２号" }, "geometry": { "type": "Point", "coordinates": [ 130.039817, 32.85202 ] } },
{ "type": "Feature", "properties": { "ID": "423doh0091", "正式名称": "林歯科医院", "機関区分": 3, "都道府県コード": 42, "市区町村コード": 323, "所在地": "長崎県東彼杵郡波佐見町湯無田郷１１３１", "緯度": 33.139293, "経度": 129.918601, "url": "https://www.iryou.teikyouseido.mhlw.go.jp/znk-web/juminkanja/S2430/initialize?prefCd=42&kikanCd=doh0091&kikanKbn=3", "url2": null, "内容": "林歯科医院【3:歯科】長崎県東彼杵郡波佐見町湯無田郷１１３１" }, "geometry": { "type": "Point", "coordinates": [ 129.918601, 33.139293 ] } },
{ "type": "Feature", "properties": { "ID": "423doh0095", "正式名称": "諫早ふじた歯科・矯正歯科", "機関区分": 3, "都道府県コード": 42, "市区町村コード": 204, "所在地": "長崎県諫早市多良見町中里１２９−１４", "緯度": 32.823537, "経度": 129.973434, "url": "https://www.iryou.teikyouseido.mhlw.go.jp/znk-web/juminkanja/S2430/initialize?prefCd=42&kikanCd=doh0095&kikanKbn=3", "url2": "https://fujitashika.com/", "内容": "諫早ふじた歯科・矯正歯科【3:歯科】長崎県諫早市多良見町中里１２９−１４" }, "geometry": { "type": "Point", "coordinates": [ 129.973434, 32.823537 ] } },
{ "type": "Feature", "properties": { "ID": "423doh0097", "正式名称": "堀内歯科", "機関区分": 3, "都道府県コード": 42, "市区町村コード": 204, "所在地": "長崎県諫早市福田町３７－３", "緯度": 32.851983, "経度": 130.059605, "url": "https://www.iryou.teikyouseido.mhlw.go.jp/znk-web/juminkanja/S2430/initialize?prefCd=42&kikanCd=doh0097&kikanKbn=3", "url2": "http://www.horiuchi-sika.com/", "内容": "堀内歯科【3:歯科】長崎県諫早市福田町３７－３" }, "geometry": { "type": "Point", "coordinates": [ 130.059605, 32.851983 ] } },
{ "type": "Feature", "properties": { "ID": "423doh0098", "正式名称": "ほんだ小児・矯正歯科医院", "機関区分": 3, "都道府県コード": 42, "市区町村コード": 204, "所在地": "長崎県諫早市山川町３５番地８", "緯度": 32.849691, "経度": 130.025484, "url": "https://www.iryou.teikyouseido.mhlw.go.jp/znk-web/juminkanja/S2430/initialize?prefCd=42&kikanCd=doh0098&kikanKbn=3", "url2": "http:www.1388.ne.jp/kirin", "内容": "ほんだ小児・矯正歯科医院【3:歯科】長崎県諫早市山川町３５番地８" }, "geometry": { "type": "Point", "coordinates": [ 130.025484, 32.849691 ] } },
{ "type": "Feature", "properties": { "ID": "423doh0099", "正式名称": "増山歯科医院", "機関区分": 3, "都道府県コード": 42, "市区町村コード": 204, "所在地": "長崎県諫早市飯盛町開１３６８番地６", "緯度": 32.780236, "経度": 130.016054, "url": "https://www.iryou.teikyouseido.mhlw.go.jp/znk-web/juminkanja/S2430/initialize?prefCd=42&kikanCd=doh0099&kikanKbn=3", "url2": "http://www.masuyamashika.com/", "内容": "増山歯科医院【3:歯科】長崎県諫早市飯盛町開１３６８番地６" }, "geometry": { "type": "Point", "coordinates": [ 130.016054, 32.780236 ] } },
{ "type": "Feature", "properties": { "ID": "423doh0101", "正式名称": "俣野まさとし歯科診療所", "機関区分": 3, "都道府県コード": 42, "市区町村コード": 205, "所在地": "長崎県大村市大川田町９３２－１", "緯度": 32.943737, "経度": 129.944448, "url": "https://www.iryou.teikyouseido.mhlw.go.jp/znk-web/juminkanja/S2430/initialize?prefCd=42&kikanCd=doh0101&kikanKbn=3", "url2": null, "内容": "俣野まさとし歯科診療所【3:歯科】長崎県大村市大川田町９３２－１" }, "geometry": { "type": "Point", "coordinates": [ 129.944448, 32.943737 ] } },
{ "type": "Feature", "properties": { "ID": "423doh0102", "正式名称": "まつかわ歯科医院", "機関区分": 3, "都道府県コード": 42, "市区町村コード": 205, "所在地": "長崎県大村市西大村本町２６５番地２", "緯度": 32.925411, "経度": 129.951611, "url": "https://www.iryou.teikyouseido.mhlw.go.jp/znk-web/juminkanja/S2430/initialize?prefCd=42&kikanCd=doh0102&kikanKbn=3", "url2": null, "内容": "まつかわ歯科医院【3:歯科】長崎県大村市西大村本町２６５番地２" }, "geometry": { "type": "Point", "coordinates": [ 129.951611, 32.925411 ] } },
{ "type": "Feature", "properties": { "ID": "423doh0107", "正式名称": "みやた歯科クリニック", "機関区分": 3, "都道府県コード": 42, "市区町村コード": 204, "所在地": "長崎県諫早市幸町３１１－１", "緯度": 32.842601, "経度": 130.062789, "url": "https://www.iryou.teikyouseido.mhlw.go.jp/znk-web/juminkanja/S2430/initialize?prefCd=42&kikanCd=doh0107&kikanKbn=3", "url2": null, "内容": "みやた歯科クリニック【3:歯科】長崎県諫早市幸町３１１－１" }, "geometry": { "type": "Point", "coordinates": [ 130.062789, 32.842601 ] } },
{ "type": "Feature", "properties": { "ID": "423doh0108", "正式名称": "牟田歯科", "機関区分": 3, "都道府県コード": 42, "市区町村コード": 204, "所在地": "長崎県諫早市小野町１６３番地１号", "緯度": 32.834679, "経度": 130.089796, "url": "https://www.iryou.teikyouseido.mhlw.go.jp/znk-web/juminkanja/S2430/initialize?prefCd=42&kikanCd=doh0108&kikanKbn=3", "url2": null, "内容": "牟田歯科【3:歯科】長崎県諫早市小野町１６３番地１号" }, "geometry": { "type": "Point", "coordinates": [ 130.089796, 32.834679 ] } },
{ "type": "Feature", "properties": { "ID": "423doh0110", "正式名称": "村上歯科医院", "機関区分": 3, "都道府県コード": 42, "市区町村コード": 205, "所在地": "長崎県大村市東本町５９０番地", "緯度": 32.900025, "経度": 129.957863, "url": "https://www.iryou.teikyouseido.mhlw.go.jp/znk-web/juminkanja/S2430/initialize?prefCd=42&kikanCd=doh0110&kikanKbn=3", "url2": null, "内容": "村上歯科医院【3:歯科】長崎県大村市東本町５９０番地" }, "geometry": { "type": "Point", "coordinates": [ 129.957863, 32.900025 ] } },
{ "type": "Feature", "properties": { "ID": "423doh0111", "正式名称": "むらかみ歯科医院", "機関区分": 3, "都道府県コード": 42, "市区町村コード": 322, "所在地": "長崎県東彼杵郡川棚町小串郷２１７６－４", "緯度": 33.066291, "経度": 129.832578, "url": "https://www.iryou.teikyouseido.mhlw.go.jp/znk-web/juminkanja/S2430/initialize?prefCd=42&kikanCd=doh0111&kikanKbn=3", "url2": null, "内容": "むらかみ歯科医院【3:歯科】長崎県東彼杵郡川棚町小串郷２１７６－４" }, "geometry": { "type": "Point", "coordinates": [ 129.832578, 33.066291 ] } },
{ "type": "Feature", "properties": { "ID": "423doh0112", "正式名称": "本川歯科医院", "機関区分": 3, "都道府県コード": 42, "市区町村コード": 322, "所在地": "長崎県東彼杵郡川棚町中組郷１５１０", "緯度": 33.071896, "経度": 129.860584, "url": "https://www.iryou.teikyouseido.mhlw.go.jp/znk-web/juminkanja/S2430/initialize?prefCd=42&kikanCd=doh0112&kikanKbn=3", "url2": null, "内容": "本川歯科医院【3:歯科】長崎県東彼杵郡川棚町中組郷１５１０" }, "geometry": { "type": "Point", "coordinates": [ 129.860584, 33.071896 ] } },
{ "type": "Feature", "properties": { "ID": "423doh0113", "正式名称": "森歯科医院", "機関区分": 3, "都道府県コード": 42, "市区町村コード": 204, "所在地": "長崎県諫早市小長井町小川原浦４９２番地４", "緯度": 32.927381, "経度": 130.190704, "url": "https://www.iryou.teikyouseido.mhlw.go.jp/znk-web/juminkanja/S2430/initialize?prefCd=42&kikanCd=doh0113&kikanKbn=3", "url2": null, "内容": "森歯科医院【3:歯科】長崎県諫早市小長井町小川原浦４９２番地４" }, "geometry": { "type": "Point", "coordinates": [ 130.190704, 32.927381 ] } },
{ "type": "Feature", "properties": { "ID": "423doh0114", "正式名称": "医療法人　渓風会　もりもと歯科医院", "機関区分": 3, "都道府県コード": 42, "市区町村コード": 205, "所在地": "長崎県大村市木場１丁目１０７３－１", "緯度": 32.898129, "経度": 129.974641, "url": "https://www.iryou.teikyouseido.mhlw.go.jp/znk-web/juminkanja/S2430/initialize?prefCd=42&kikanCd=doh0114&kikanKbn=3", "url2": null, "内容": "医療法人　渓風会　もりもと歯科医院【3:歯科】長崎県大村市木場１丁目１０７３－１" }, "geometry": { "type": "Point", "coordinates": [ 129.974641, 32.898129 ] } },
{ "type": "Feature", "properties": { "ID": "423doh0115", "正式名称": "安井歯科医院", "機関区分": 3, "都道府県コード": 42, "市区町村コード": 204, "所在地": "長崎県諫早市宇都町１９ー１７", "緯度": 32.845789, "経度": 130.0417, "url": "https://www.iryou.teikyouseido.mhlw.go.jp/znk-web/juminkanja/S2430/initialize?prefCd=42&kikanCd=doh0115&kikanKbn=3", "url2": null, "内容": "安井歯科医院【3:歯科】長崎県諫早市宇都町１９ー１７" }, "geometry": { "type": "Point", "coordinates": [ 130.0417, 32.845789 ] } },
{ "type": "Feature", "properties": { "ID": "423doh0119", "正式名称": "やまべ歯科医院", "機関区分": 3, "都道府県コード": 42, "市区町村コード": 323, "所在地": "長崎県東彼杵郡波佐見町宿郷１２７－４", "緯度": 33.133524, "経度": 129.892392, "url": "https://www.iryou.teikyouseido.mhlw.go.jp/znk-web/juminkanja/S2430/initialize?prefCd=42&kikanCd=doh0119&kikanKbn=3", "url2": null, "内容": "やまべ歯科医院【3:歯科】長崎県東彼杵郡波佐見町宿郷１２７－４" }, "geometry": { "type": "Point", "coordinates": [ 129.892392, 33.133524 ] } },
{ "type": "Feature", "properties": { "ID": "423doh0120", "正式名称": "祐田歯科診療所", "機関区分": 3, "都道府県コード": 42, "市区町村コード": 205, "所在地": "長崎県大村市古町２丁目３２３－２", "緯度": 32.921204, "経度": 129.955262, "url": "https://www.iryou.teikyouseido.mhlw.go.jp/znk-web/juminkanja/S2430/initialize?prefCd=42&kikanCd=doh0120&kikanKbn=3", "url2": null, "内容": "祐田歯科診療所【3:歯科】長崎県大村市古町２丁目３２３－２" }, "geometry": { "type": "Point", "coordinates": [ 129.955262, 32.921204 ] } },
{ "type": "Feature", "properties": { "ID": "423doh0121", "正式名称": "祐田ひとし歯科", "機関区分": 3, "都道府県コード": 42, "市区町村コード": 205, "所在地": "長崎県大村市松並１丁目１２６１", "緯度": 32.924041, "経度": 129.949484, "url": "https://www.iryou.teikyouseido.mhlw.go.jp/znk-web/juminkanja/S2430/initialize?prefCd=42&kikanCd=doh0121&kikanKbn=3", "url2": null, "内容": "祐田ひとし歯科【3:歯科】長崎県大村市松並１丁目１２６１" }, "geometry": { "type": "Point", "coordinates": [ 129.949484, 32.924041 ] } },
{ "type": "Feature", "properties": { "ID": "423doh0122", "正式名称": "よこお歯科医院", "機関区分": 3, "都道府県コード": 42, "市区町村コード": 204, "所在地": "長崎県諫早市小川町１２６４番地６", "緯度": 32.83269, "経度": 130.054285, "url": "https://www.iryou.teikyouseido.mhlw.go.jp/znk-web/juminkanja/S2430/initialize?prefCd=42&kikanCd=doh0122&kikanKbn=3", "url2": null, "内容": "よこお歯科医院【3:歯科】長崎県諫早市小川町１２６４番地６" }, "geometry": { "type": "Point", "coordinates": [ 130.054285, 32.83269 ] } },
{ "type": "Feature", "properties": { "ID": "423doh0123", "正式名称": "吉田歯科", "機関区分": 3, "都道府県コード": 42, "市区町村コード": 204, "所在地": "長崎県諫早市福田町２ー３１", "緯度": 32.850507, "経度": 130.056391, "url": "https://www.iryou.teikyouseido.mhlw.go.jp/znk-web/juminkanja/S2430/initialize?prefCd=42&kikanCd=doh0123&kikanKbn=3", "url2": null, "内容": "吉田歯科【3:歯科】長崎県諫早市福田町２ー３１" }, "geometry": { "type": "Point", "coordinates": [ 130.056391, 32.850507 ] } },
{ "type": "Feature", "properties": { "ID": "423doh0125", "正式名称": "吉原歯科診療所", "機関区分": 3, "都道府県コード": 42, "市区町村コード": 204, "所在地": "長崎県諫早市栄町７－１３", "緯度": 32.841238, "経度": 130.055621, "url": "https://www.iryou.teikyouseido.mhlw.go.jp/znk-web/juminkanja/S2430/initialize?prefCd=42&kikanCd=doh0125&kikanKbn=3", "url2": null, "内容": "吉原歯科診療所【3:歯科】長崎県諫早市栄町７－１３" }, "geometry": { "type": "Point", "coordinates": [ 130.055621, 32.841238 ] } },
{ "type": "Feature", "properties": { "ID": "423doh0126", "正式名称": "吉原歯科医院", "機関区分": 3, "都道府県コード": 42, "市区町村コード": 205, "所在地": "長崎県大村市岩松町９４１－１１", "緯度": 32.890402, "経度": 129.982137, "url": "https://www.iryou.teikyouseido.mhlw.go.jp/znk-web/juminkanja/S2430/initialize?prefCd=42&kikanCd=doh0126&kikanKbn=3", "url2": null, "内容": "吉原歯科医院【3:歯科】長崎県大村市岩松町９４１－１１" }, "geometry": { "type": "Point", "coordinates": [ 129.982137, 32.890402 ] } },
{ "type": "Feature", "properties": { "ID": "423doh0127", "正式名称": "貞松歯科医院", "機関区分": 3, "都道府県コード": 42, "市区町村コード": 205, "所在地": "長崎県大村市坂口町５２９－１", "緯度": 32.937054, "経度": 129.964458, "url": "https://www.iryou.teikyouseido.mhlw.go.jp/znk-web/juminkanja/S2430/initialize?prefCd=42&kikanCd=doh0127&kikanKbn=3", "url2": null, "内容": "貞松歯科医院【3:歯科】長崎県大村市坂口町５２９－１" }, "geometry": { "type": "Point", "coordinates": [ 129.964458, 32.937054 ] } },
{ "type": "Feature", "properties": { "ID": "423doh0128", "正式名称": "なかはら歯科", "機関区分": 3, "都道府県コード": 42, "市区町村コード": 323, "所在地": "長崎県東彼杵郡波佐見町長野郷２２３１－４", "緯度": 33.127123, "経度": 129.871392, "url": "https://www.iryou.teikyouseido.mhlw.go.jp/znk-web/juminkanja/S2430/initialize?prefCd=42&kikanCd=doh0128&kikanKbn=3", "url2": null, "内容": "なかはら歯科【3:歯科】長崎県東彼杵郡波佐見町長野郷２２３１－４" }, "geometry": { "type": "Point", "coordinates": [ 129.871392, 33.127123 ] } },
{ "type": "Feature", "properties": { "ID": "423doh0129", "正式名称": "山口歯科診療所", "機関区分": 3, "都道府県コード": 42, "市区町村コード": 204, "所在地": "長崎県諫早市山川町２－１２", "緯度": 32.846473, "経度": 130.02455, "url": "https://www.iryou.teikyouseido.mhlw.go.jp/znk-web/juminkanja/S2430/initialize?prefCd=42&kikanCd=doh0129&kikanKbn=3", "url2": null, "内容": "山口歯科診療所【3:歯科】長崎県諫早市山川町２－１２" }, "geometry": { "type": "Point", "coordinates": [ 130.02455, 32.846473 ] } },
{ "type": "Feature", "properties": { "ID": "423doh0130", "正式名称": "医療法人野田会　宮下歯科・矯正クリニック", "機関区分": 3, "都道府県コード": 42, "市区町村コード": 204, "所在地": "長崎県諫早市幸町３９－３１", "緯度": 32.838152, "経度": 130.066695, "url": "https://www.iryou.teikyouseido.mhlw.go.jp/znk-web/juminkanja/S2430/initialize?prefCd=42&kikanCd=doh0130&kikanKbn=3", "url2": "https://www.miyashita-dental.jp/", "内容": "医療法人野田会　宮下歯科・矯正クリニック【3:歯科】長崎県諫早市幸町３９－３１" }, "geometry": { "type": "Point", "coordinates": [ 130.066695, 32.838152 ] } },
{ "type": "Feature", "properties": { "ID": "423doh0131", "正式名称": "やました歯科", "機関区分": 3, "都道府県コード": 42, "市区町村コード": 204, "所在地": "長崎県諫早市松里町６―６", "緯度": 32.797751, "経度": 130.08263, "url": "https://www.iryou.teikyouseido.mhlw.go.jp/znk-web/juminkanja/S2430/initialize?prefCd=42&kikanCd=doh0131&kikanKbn=3", "url2": null, "内容": "やました歯科【3:歯科】長崎県諫早市松里町６―６" }, "geometry": { "type": "Point", "coordinates": [ 130.08263, 32.797751 ] } },
{ "type": "Feature", "properties": { "ID": "423doh0132", "正式名称": "医療法人光和会　おくの歯科医院", "機関区分": 3, "都道府県コード": 42, "市区町村コード": 204, "所在地": "長崎県諫早市上野町１１－１", "緯度": 32.838109, "経度": 130.055805, "url": "https://www.iryou.teikyouseido.mhlw.go.jp/znk-web/juminkanja/S2430/initialize?prefCd=42&kikanCd=doh0132&kikanKbn=3", "url2": "http://www.okuno-shika.com/", "内容": "医療法人光和会　おくの歯科医院【3:歯科】長崎県諫早市上野町１１－１" }, "geometry": { "type": "Point", "coordinates": [ 130.055805, 32.838109 ] } },
{ "type": "Feature", "properties": { "ID": "423doh0135", "正式名称": "やまさき歯科医院", "機関区分": 3, "都道府県コード": 42, "市区町村コード": 321, "所在地": "長崎県東彼杵郡東彼杵町彼杵宿郷４５３－３", "緯度": 33.035197, "経度": 129.921993, "url": "https://www.iryou.teikyouseido.mhlw.go.jp/znk-web/juminkanja/S2430/initialize?prefCd=42&kikanCd=doh0135&kikanKbn=3", "url2": "https://www.yamasaki-dental-clinic.com/", "内容": "やまさき歯科医院【3:歯科】長崎県東彼杵郡東彼杵町彼杵宿郷４５３－３" }, "geometry": { "type": "Point", "coordinates": [ 129.921993, 33.035197 ] } },
{ "type": "Feature", "properties": { "ID": "423doh0137", "正式名称": "くろきデンタルクリニック", "機関区分": 3, "都道府県コード": 42, "市区町村コード": 205, "所在地": "長崎県大村市松山町６３３－１", "緯度": 32.912873, "経度": 129.94812, "url": "https://www.iryou.teikyouseido.mhlw.go.jp/znk-web/juminkanja/S2430/initialize?prefCd=42&kikanCd=doh0137&kikanKbn=3", "url2": "http://www.kuroki-dc.com", "内容": "くろきデンタルクリニック【3:歯科】長崎県大村市松山町６３３－１" }, "geometry": { "type": "Point", "coordinates": [ 129.94812, 32.912873 ] } },
{ "type": "Feature", "properties": { "ID": "423doh0138", "正式名称": "藤山歯科医院", "機関区分": 3, "都道府県コード": 42, "市区町村コード": 204, "所在地": "長崎県諫早市西里町８‐１", "緯度": 32.858818, "経度": 130.077265, "url": "https://www.iryou.teikyouseido.mhlw.go.jp/znk-web/juminkanja/S2430/initialize?prefCd=42&kikanCd=doh0138&kikanKbn=3", "url2": null, "内容": "藤山歯科医院【3:歯科】長崎県諫早市西里町８‐１" }, "geometry": { "type": "Point", "coordinates": [ 130.077265, 32.858818 ] } },
{ "type": "Feature", "properties": { "ID": "423doh0140", "正式名称": "さくらデンタルクリニック", "機関区分": 3, "都道府県コード": 42, "市区町村コード": 205, "所在地": "長崎県大村市古賀島町４５１番地３８", "緯度": 32.930472, "経度": 129.937686, "url": "https://www.iryou.teikyouseido.mhlw.go.jp/znk-web/juminkanja/S2430/initialize?prefCd=42&kikanCd=doh0140&kikanKbn=3", "url2": "http://www.sakura-dental-clinic.jp/", "内容": "さくらデンタルクリニック【3:歯科】長崎県大村市古賀島町４５１番地３８" }, "geometry": { "type": "Point", "coordinates": [ 129.937686, 32.930472 ] } },
{ "type": "Feature", "properties": { "ID": "423doh0141", "正式名称": "いななが歯科", "機関区分": 3, "都道府県コード": 42, "市区町村コード": 204, "所在地": "長崎県諫早市泉町２６－５", "緯度": 32.850654, "経度": 130.054679, "url": "https://www.iryou.teikyouseido.mhlw.go.jp/znk-web/juminkanja/S2430/initialize?prefCd=42&kikanCd=doh0141&kikanKbn=3", "url2": "inanaga-dental.com", "内容": "いななが歯科【3:歯科】長崎県諫早市泉町２６－５" }, "geometry": { "type": "Point", "coordinates": [ 130.054679, 32.850654 ] } },
{ "type": "Feature", "properties": { "ID": "423doh0142", "正式名称": "いのうえ歯科・矯正歯科", "機関区分": 3, "都道府県コード": 42, "市区町村コード": 204, "所在地": "長崎県諫早市青葉台２９", "緯度": 32.829577, "経度": 130.005655, "url": "https://www.iryou.teikyouseido.mhlw.go.jp/znk-web/juminkanja/S2430/initialize?prefCd=42&kikanCd=doh0142&kikanKbn=3", "url2": "http://inoue-shika.org/", "内容": "いのうえ歯科・矯正歯科【3:歯科】長崎県諫早市青葉台２９" }, "geometry": { "type": "Point", "coordinates": [ 130.005655, 32.829577 ] } },
{ "type": "Feature", "properties": { "ID": "423doh0143", "正式名称": "たけし歯科医院", "機関区分": 3, "都道府県コード": 42, "市区町村コード": 205, "所在地": "長崎県大村市桜馬場２丁目３５５－１", "緯度": 32.931009, "経度": 129.949951, "url": "https://www.iryou.teikyouseido.mhlw.go.jp/znk-web/juminkanja/S2430/initialize?prefCd=42&kikanCd=doh0143&kikanKbn=3", "url2": "www.takeshi-shika.com", "内容": "たけし歯科医院【3:歯科】長崎県大村市桜馬場２丁目３５５－１" }, "geometry": { "type": "Point", "coordinates": [ 129.949951, 32.931009 ] } },
{ "type": "Feature", "properties": { "ID": "423doh0144", "正式名称": "なか歯科医院", "機関区分": 3, "都道府県コード": 42, "市区町村コード": 321, "所在地": "長崎県東彼杵郡東彼杵町蔵本郷１８３０－２", "緯度": 33.03807, "経度": 129.916413, "url": "https://www.iryou.teikyouseido.mhlw.go.jp/znk-web/juminkanja/S2430/initialize?prefCd=42&kikanCd=doh0144&kikanKbn=3", "url2": null, "内容": "なか歯科医院【3:歯科】長崎県東彼杵郡東彼杵町蔵本郷１８３０－２" }, "geometry": { "type": "Point", "coordinates": [ 129.916413, 33.03807 ] } },
{ "type": "Feature", "properties": { "ID": "423doh0146", "正式名称": "いまみち歯科医院", "機関区分": 3, "都道府県コード": 42, "市区町村コード": 205, "所在地": "長崎県大村市本町４３６ー１４", "緯度": 32.907792, "経度": 129.95803, "url": "https://www.iryou.teikyouseido.mhlw.go.jp/znk-web/juminkanja/S2430/initialize?prefCd=42&kikanCd=doh0146&kikanKbn=3", "url2": "http://www.imamichi-dc.com", "内容": "いまみち歯科医院【3:歯科】長崎県大村市本町４３６ー１４" }, "geometry": { "type": "Point", "coordinates": [ 129.95803, 32.907792 ] } },
{ "type": "Feature", "properties": { "ID": "423doh0147", "正式名称": "マイン歯科クリニック", "機関区分": 3, "都道府県コード": 42, "市区町村コード": 205, "所在地": "長崎県大村市沖田町７２８−２", "緯度": 32.957472, "経度": 129.943104, "url": "https://www.iryou.teikyouseido.mhlw.go.jp/znk-web/juminkanja/S2430/initialize?prefCd=42&kikanCd=doh0147&kikanKbn=3", "url2": "http://mine-dentalclinic.com", "内容": "マイン歯科クリニック【3:歯科】長崎県大村市沖田町７２８−２" }, "geometry": { "type": "Point", "coordinates": [ 129.943104, 32.957472 ] } },
{ "type": "Feature", "properties": { "ID": "423doh0148", "正式名称": "諫早駅前歯科", "機関区分": 3, "都道府県コード": 42, "市区町村コード": 204, "所在地": "長崎県諫早市永昌東町１６番２８号　２階", "緯度": 32.852523, "経度": 130.043623, "url": "https://www.iryou.teikyouseido.mhlw.go.jp/znk-web/juminkanja/S2430/initialize?prefCd=42&kikanCd=doh0148&kikanKbn=3", "url2": "keaykido.com/", "内容": "諫早駅前歯科【3:歯科】長崎県諫早市永昌東町１６番２８号　２階" }, "geometry": { "type": "Point", "coordinates": [ 130.043623, 32.852523 ] } },
{ "type": "Feature", "properties": { "ID": "423doh0149", "正式名称": "がもう歯科", "機関区分": 3, "都道府県コード": 42, "市区町村コード": 205, "所在地": "長崎県大村市富の原２丁目６３６－１", "緯度": 32.944776, "経度": 129.935198, "url": "https://www.iryou.teikyouseido.mhlw.go.jp/znk-web/juminkanja/S2430/initialize?prefCd=42&kikanCd=doh0149&kikanKbn=3", "url2": null, "内容": "がもう歯科【3:歯科】長崎県大村市富の原２丁目６３６－１" }, "geometry": { "type": "Point", "coordinates": [ 129.935198, 32.944776 ] } },
{ "type": "Feature", "properties": { "ID": "423doh0150", "正式名称": "ヒカリデンタルクリニック", "機関区分": 3, "都道府県コード": 42, "市区町村コード": 204, "所在地": "長崎県諫早市天満町３番８号", "緯度": 32.849887, "経度": 130.044905, "url": "https://www.iryou.teikyouseido.mhlw.go.jp/znk-web/juminkanja/S2430/initialize?prefCd=42&kikanCd=doh0150&kikanKbn=3", "url2": null, "内容": "ヒカリデンタルクリニック【3:歯科】長崎県諫早市天満町３番８号" }, "geometry": { "type": "Point", "coordinates": [ 130.044905, 32.849887 ] } },
{ "type": "Feature", "properties": { "ID": "423doh0151", "正式名称": "はやした歯科医院", "機関区分": 3, "都道府県コード": 42, "市区町村コード": 204, "所在地": "長崎県諫早市立石町２２番８号", "緯度": 32.834894, "経度": 130.058114, "url": "https://www.iryou.teikyouseido.mhlw.go.jp/znk-web/juminkanja/S2430/initialize?prefCd=42&kikanCd=doh0151&kikanKbn=3", "url2": "https://www.hayashita.jp", "内容": "はやした歯科医院【3:歯科】長崎県諫早市立石町２２番８号" }, "geometry": { "type": "Point", "coordinates": [ 130.058114, 32.834894 ] } },
{ "type": "Feature", "properties": { "ID": "423doh0152", "正式名称": "Ｔ’ｓ歯科クリニック", "機関区分": 3, "都道府県コード": 42, "市区町村コード": 205, "所在地": "長崎県大村市坂口町３８６番地１", "緯度": 32.934711, "経度": 129.960628, "url": "https://www.iryou.teikyouseido.mhlw.go.jp/znk-web/juminkanja/S2430/initialize?prefCd=42&kikanCd=doh0152&kikanKbn=3", "url2": null, "内容": "Ｔ’ｓ歯科クリニック【3:歯科】長崎県大村市坂口町３８６番地１" }, "geometry": { "type": "Point", "coordinates": [ 129.960628, 32.934711 ] } },
{ "type": "Feature", "properties": { "ID": "423doh0153", "正式名称": "たなか歯科クリニック", "機関区分": 3, "都道府県コード": 42, "市区町村コード": 205, "所在地": "長崎県大村市須田ノ木町７０５－１", "緯度": 32.904474, "経度": 129.96928, "url": "https://www.iryou.teikyouseido.mhlw.go.jp/znk-web/juminkanja/S2430/initialize?prefCd=42&kikanCd=doh0153&kikanKbn=3", "url2": "https://www.tnk-dc.net/", "内容": "たなか歯科クリニック【3:歯科】長崎県大村市須田ノ木町７０５－１" }, "geometry": { "type": "Point", "coordinates": [ 129.96928, 32.904474 ] } },
{ "type": "Feature", "properties": { "ID": "423doh0154", "正式名称": "医療法人　あすなろ会　またの歯科口腔外科クリニック", "機関区分": 3, "都道府県コード": 42, "市区町村コード": 205, "所在地": "長崎県大村市竹松本町５４５番地５", "緯度": 32.939441, "経度": 129.952032, "url": "https://www.iryou.teikyouseido.mhlw.go.jp/znk-web/juminkanja/S2430/initialize?prefCd=42&kikanCd=doh0154&kikanKbn=3", "url2": "http://www.matano-dc.com/", "内容": "医療法人　あすなろ会　またの歯科口腔外科クリニック【3:歯科】長崎県大村市竹松本町５４５番地５" }, "geometry": { "type": "Point", "coordinates": [ 129.952032, 32.939441 ] } },
{ "type": "Feature", "properties": { "ID": "423doh0155", "正式名称": "久山歯科", "機関区分": 3, "都道府県コード": 42, "市区町村コード": 204, "所在地": "長崎県諫早市久山台１０－１", "緯度": 32.828942, "経度": 129.995092, "url": "https://www.iryou.teikyouseido.mhlw.go.jp/znk-web/juminkanja/S2430/initialize?prefCd=42&kikanCd=doh0155&kikanKbn=3", "url2": null, "内容": "久山歯科【3:歯科】長崎県諫早市久山台１０－１" }, "geometry": { "type": "Point", "coordinates": [ 129.995092, 32.828942 ] } },
{ "type": "Feature", "properties": { "ID": "423doh0156", "正式名称": "かわい歯科クリニック", "機関区分": 3, "都道府県コード": 42, "市区町村コード": 204, "所在地": "長崎県諫早市多良見町化屋８０３番地９", "緯度": 32.832148, "経度": 129.984964, "url": "https://www.iryou.teikyouseido.mhlw.go.jp/znk-web/juminkanja/S2430/initialize?prefCd=42&kikanCd=doh0156&kikanKbn=3", "url2": "https://www.kawaii-dc.com/", "内容": "かわい歯科クリニック【3:歯科】長崎県諫早市多良見町化屋８０３番地９" }, "geometry": { "type": "Point", "coordinates": [ 129.984964, 32.832148 ] } },
{ "type": "Feature", "properties": { "ID": "423doh0157", "正式名称": "富の原歯科", "機関区分": 3, "都道府県コード": 42, "市区町村コード": 205, "所在地": "長崎県大村市富の原２丁目３８９－６", "緯度": 32.949458, "経度": 129.936834, "url": "https://www.iryou.teikyouseido.mhlw.go.jp/znk-web/juminkanja/S2430/initialize?prefCd=42&kikanCd=doh0157&kikanKbn=3", "url2": "https://www.tominoharashika.com", "内容": "富の原歯科【3:歯科】長崎県大村市富の原２丁目３８９－６" }, "geometry": { "type": "Point", "coordinates": [ 129.936834, 32.949458 ] } },
{ "type": "Feature", "properties": { "ID": "423doh0158", "正式名称": "なか歯科医院　大村院", "機関区分": 3, "都道府県コード": 42, "市区町村コード": 205, "所在地": "長崎県大村市西本町４８０－２３", "緯度": 32.905079, "経度": 129.95787, "url": "https://www.iryou.teikyouseido.mhlw.go.jp/znk-web/juminkanja/S2430/initialize?prefCd=42&kikanCd=doh0158&kikanKbn=3", "url2": "naka-shika.jp", "内容": "なか歯科医院　大村院【3:歯科】長崎県大村市西本町４８０－２３" }, "geometry": { "type": "Point", "coordinates": [ 129.95787, 32.905079 ] } },
{ "type": "Feature", "properties": { "ID": "423doh0159", "正式名称": "大村アイランド歯科・矯正歯科", "機関区分": 3, "都道府県コード": 42, "市区町村コード": 205, "所在地": "長崎県大村市松並２丁目８８８番２", "緯度": 32.920595, "経度": 129.948581, "url": "https://www.iryou.teikyouseido.mhlw.go.jp/znk-web/juminkanja/S2430/initialize?prefCd=42&kikanCd=doh0159&kikanKbn=3", "url2": "https://www.oomura-island.jp/", "内容": "大村アイランド歯科・矯正歯科【3:歯科】長崎県大村市松並２丁目８８８番２" }, "geometry": { "type": "Point", "coordinates": [ 129.948581, 32.920595 ] } },
{ "type": "Feature", "properties": { "ID": "423doh0162", "正式名称": "やまぐち歯科", "機関区分": 3, "都道府県コード": 42, "市区町村コード": 204, "所在地": "長崎県諫早市多良見町囲４８３", "緯度": 32.826725, "経度": 129.978836, "url": "https://www.iryou.teikyouseido.mhlw.go.jp/znk-web/juminkanja/S2430/initialize?prefCd=42&kikanCd=doh0162&kikanKbn=3", "url2": null, "内容": "やまぐち歯科【3:歯科】長崎県諫早市多良見町囲４８３" }, "geometry": { "type": "Point", "coordinates": [ 129.978836, 32.826725 ] } },
{ "type": "Feature", "properties": { "ID": "423doh0170", "正式名称": "おおむらまつだ歯科", "機関区分": 3, "都道府県コード": 42, "市区町村コード": 205, "所在地": "長崎県大村市鬼橋町１１５２－３", "緯度": 32.946578, "経度": 129.952623, "url": "https://www.iryou.teikyouseido.mhlw.go.jp/znk-web/juminkanja/S2430/initialize?prefCd=42&kikanCd=doh0170&kikanKbn=3", "url2": null, "内容": "おおむらまつだ歯科【3:歯科】長崎県大村市鬼橋町１１５２－３" }, "geometry": { "type": "Point", "coordinates": [ 129.952623, 32.946578 ] } },
{ "type": "Feature", "properties": { "ID": "423dsa0001", "正式名称": "アキラデンタルオフィス", "機関区分": 3, "都道府県コード": 42, "市区町村コード": 202, "所在地": "長崎県佐世保市島瀬町９−１７森塚第１２マンション２Ｆ", "緯度": 33.171602, "経度": 129.721677, "url": "https://www.iryou.teikyouseido.mhlw.go.jp/znk-web/juminkanja/S2430/initialize?prefCd=42&kikanCd=dsa0001&kikanKbn=3", "url2": "http://www.akirado.com", "内容": "アキラデンタルオフィス【3:歯科】長崎県佐世保市島瀬町９−１７森塚第１２マンション２Ｆ" }, "geometry": { "type": "Point", "coordinates": [ 129.721677, 33.171602 ] } },
{ "type": "Feature", "properties": { "ID": "423dsa0002", "正式名称": "芥川歯科医院", "機関区分": 3, "都道府県コード": 42, "市区町村コード": 202, "所在地": "長崎県佐世保市広田３丁目１５－１１", "緯度": 33.12241, "経度": 129.803778, "url": "https://www.iryou.teikyouseido.mhlw.go.jp/znk-web/juminkanja/S2430/initialize?prefCd=42&kikanCd=dsa0002&kikanKbn=3", "url2": null, "内容": "芥川歯科医院【3:歯科】長崎県佐世保市広田３丁目１５－１１" }, "geometry": { "type": "Point", "coordinates": [ 129.803778, 33.12241 ] } },
{ "type": "Feature", "properties": { "ID": "423dsa0003", "正式名称": "麻生歯科医院", "機関区分": 3, "都道府県コード": 42, "市区町村コード": 202, "所在地": "長崎県佐世保市高天町１－８", "緯度": 33.17141, "経度": 129.725745, "url": "https://www.iryou.teikyouseido.mhlw.go.jp/znk-web/juminkanja/S2430/initialize?prefCd=42&kikanCd=dsa0003&kikanKbn=3", "url2": "www.asohsika.com", "内容": "麻生歯科医院【3:歯科】長崎県佐世保市高天町１－８" }, "geometry": { "type": "Point", "coordinates": [ 129.725745, 33.17141 ] } },
{ "type": "Feature", "properties": { "ID": "423dsa0005", "正式名称": "医療法人あずま歯科医院", "機関区分": 3, "都道府県コード": 42, "市区町村コード": 202, "所在地": "長崎県佐世保市瀬戸越２丁目２番１０号", "緯度": 33.209786, "経度": 129.735793, "url": "https://www.iryou.teikyouseido.mhlw.go.jp/znk-web/juminkanja/S2430/initialize?prefCd=42&kikanCd=dsa0005&kikanKbn=3", "url2": null, "内容": "医療法人あずま歯科医院【3:歯科】長崎県佐世保市瀬戸越２丁目２番１０号" }, "geometry": { "type": "Point", "coordinates": [ 129.735793, 33.209786 ] } },
{ "type": "Feature", "properties": { "ID": "423dsa0007", "正式名称": "安西歯科医院", "機関区分": 3, "都道府県コード": 42, "市区町村コード": 202, "所在地": "長崎県佐世保市島瀬町２番２号", "緯度": 33.172141, "経度": 129.721909, "url": "https://www.iryou.teikyouseido.mhlw.go.jp/znk-web/juminkanja/S2430/initialize?prefCd=42&kikanCd=dsa0007&kikanKbn=3", "url2": null, "内容": "安西歯科医院【3:歯科】長崎県佐世保市島瀬町２番２号" }, "geometry": { "type": "Point", "coordinates": [ 129.721909, 33.172141 ] } },
{ "type": "Feature", "properties": { "ID": "423dsa0009", "正式名称": "医療法人健歯会いけだ歯科医院", "機関区分": 3, "都道府県コード": 42, "市区町村コード": 202, "所在地": "長崎県佐世保市宮田町３－１８", "緯度": 33.185811, "経度": 129.71835, "url": "https://www.iryou.teikyouseido.mhlw.go.jp/znk-web/juminkanja/S2430/initialize?prefCd=42&kikanCd=dsa0009&kikanKbn=3", "url2": null, "内容": "医療法人健歯会いけだ歯科医院【3:歯科】長崎県佐世保市宮田町３－１８" }, "geometry": { "type": "Point", "coordinates": [ 129.71835, 33.185811 ] } },
{ "type": "Feature", "properties": { "ID": "423dsa0011", "正式名称": "いけまつ歯科", "機関区分": 3, "都道府県コード": 42, "市区町村コード": 202, "所在地": "長崎県佐世保市新田町２７１番１", "緯度": 33.192231, "経度": 129.670583, "url": "https://www.iryou.teikyouseido.mhlw.go.jp/znk-web/juminkanja/S2430/initialize?prefCd=42&kikanCd=dsa0011&kikanKbn=3", "url2": null, "内容": "いけまつ歯科【3:歯科】長崎県佐世保市新田町２７１番１" }, "geometry": { "type": "Point", "coordinates": [ 129.670583, 33.192231 ] } },
{ "type": "Feature", "properties": { "ID": "423dsa0013", "正式名称": "医療法人　いずみ歯科", "機関区分": 3, "都道府県コード": 42, "市区町村コード": 202, "所在地": "長崎県佐世保市早岐１丁目５－１７", "緯度": 33.135682, "経度": 129.797132, "url": "https://www.iryou.teikyouseido.mhlw.go.jp/znk-web/juminkanja/S2430/initialize?prefCd=42&kikanCd=dsa0013&kikanKbn=3", "url2": null, "内容": "医療法人　いずみ歯科【3:歯科】長崎県佐世保市早岐１丁目５－１７" }, "geometry": { "type": "Point", "coordinates": [ 129.797132, 33.135682 ] } },
{ "type": "Feature", "properties": { "ID": "423dsa0014", "正式名称": "泉歯科", "機関区分": 3, "都道府県コード": 42, "市区町村コード": 202, "所在地": "長崎県佐世保市若葉町２４番２４号", "緯度": 33.159656, "経度": 129.73523, "url": "https://www.iryou.teikyouseido.mhlw.go.jp/znk-web/juminkanja/S2430/initialize?prefCd=42&kikanCd=dsa0014&kikanKbn=3", "url2": null, "内容": "泉歯科【3:歯科】長崎県佐世保市若葉町２４番２４号" }, "geometry": { "type": "Point", "coordinates": [ 129.73523, 33.159656 ] } },
{ "type": "Feature", "properties": { "ID": "423dsa0016", "正式名称": "糸山ともこ歯科クリニック", "機関区分": 3, "都道府県コード": 42, "市区町村コード": 202, "所在地": "長崎県佐世保市常盤町４－２３たつみビル２Ｆ", "緯度": 33.174322, "経度": 129.719336, "url": "https://www.iryou.teikyouseido.mhlw.go.jp/znk-web/juminkanja/S2430/initialize?prefCd=42&kikanCd=dsa0016&kikanKbn=3", "url2": null, "内容": "糸山ともこ歯科クリニック【3:歯科】長崎県佐世保市常盤町４－２３たつみビル２Ｆ" }, "geometry": { "type": "Point", "coordinates": [ 129.719336, 33.174322 ] } },
{ "type": "Feature", "properties": { "ID": "423dsa0022", "正式名称": "岩屋歯科医院", "機関区分": 3, "都道府県コード": 42, "市区町村コード": 202, "所在地": "長崎県佐世保市広田町", "緯度": 33.127656, "経度": 129.803542, "url": "https://www.iryou.teikyouseido.mhlw.go.jp/znk-web/juminkanja/S2430/initialize?prefCd=42&kikanCd=dsa0022&kikanKbn=3", "url2": null, "内容": "岩屋歯科医院【3:歯科】長崎県佐世保市広田町" }, "geometry": { "type": "Point", "coordinates": [ 129.803542, 33.127656 ] } },
{ "type": "Feature", "properties": { "ID": "423dsa0024", "正式名称": "上野歯科医院", "機関区分": 3, "都道府県コード": 42, "市区町村コード": 202, "所在地": "長崎県佐世保市卸本町１番６号", "緯度": 33.153127, "経度": 129.770627, "url": "https://www.iryou.teikyouseido.mhlw.go.jp/znk-web/juminkanja/S2430/initialize?prefCd=42&kikanCd=dsa0024&kikanKbn=3", "url2": "http://uenosika.web.fc2.com/", "内容": "上野歯科医院【3:歯科】長崎県佐世保市卸本町１番６号" }, "geometry": { "type": "Point", "coordinates": [ 129.770627, 33.153127 ] } },
{ "type": "Feature", "properties": { "ID": "423dsa0025", "正式名称": "内田歯科こども矯正歯科クリニック", "機関区分": 3, "都道府県コード": 42, "市区町村コード": 202, "所在地": "長崎県佐世保市大宮町１７－１６", "緯度": 33.158093, "経度": 129.739794, "url": "https://www.iryou.teikyouseido.mhlw.go.jp/znk-web/juminkanja/S2430/initialize?prefCd=42&kikanCd=dsa0025&kikanKbn=3", "url2": "http://www.udc-sasebo.jp", "内容": "内田歯科こども矯正歯科クリニック【3:歯科】長崎県佐世保市大宮町１７－１６" }, "geometry": { "type": "Point", "coordinates": [ 129.739794, 33.158093 ] } },
{ "type": "Feature", "properties": { "ID": "423dsa0026", "正式名称": "梅津歯科医院", "機関区分": 3, "都道府県コード": 42, "市区町村コード": 202, "所在地": "長崎県佐世保市城山町４－１", "緯度": 33.183867, "経度": 129.717457, "url": "https://www.iryou.teikyouseido.mhlw.go.jp/znk-web/juminkanja/S2430/initialize?prefCd=42&kikanCd=dsa0026&kikanKbn=3", "url2": null, "内容": "梅津歯科医院【3:歯科】長崎県佐世保市城山町４－１" }, "geometry": { "type": "Point", "coordinates": [ 129.717457, 33.183867 ] } },
{ "type": "Feature", "properties": { "ID": "423dsa0030", "正式名称": "スマイルライン歯科・矯正歯科佐世保", "機関区分": 3, "都道府県コード": 42, "市区町村コード": 202, "所在地": "長崎県佐世保市日宇町６７８－３", "緯度": 33.158073, "経度": 129.758217, "url": "https://www.iryou.teikyouseido.mhlw.go.jp/znk-web/juminkanja/S2430/initialize?prefCd=42&kikanCd=dsa0030&kikanKbn=3", "url2": "http://dental-japan.com/", "内容": "スマイルライン歯科・矯正歯科佐世保【3:歯科】長崎県佐世保市日宇町６７８－３" }, "geometry": { "type": "Point", "coordinates": [ 129.758217, 33.158073 ] } },
{ "type": "Feature", "properties": { "ID": "423dsa0031", "正式名称": "医療法人　敬信会　太田歯科診療所", "機関区分": 3, "都道府県コード": 42, "市区町村コード": 202, "所在地": "長崎県佐世保市潮見町６１番地１", "緯度": 33.163284, "経度": 129.729828, "url": "https://www.iryou.teikyouseido.mhlw.go.jp/znk-web/juminkanja/S2430/initialize?prefCd=42&kikanCd=dsa0031&kikanKbn=3", "url2": "http://www.otadental.com", "内容": "医療法人　敬信会　太田歯科診療所【3:歯科】長崎県佐世保市潮見町６１番地１" }, "geometry": { "type": "Point", "coordinates": [ 129.729828, 33.163284 ] } },
{ "type": "Feature", "properties": { "ID": "423dsa0032", "正式名称": "おおつぼ歯科医院", "機関区分": 3, "都道府県コード": 42, "市区町村コード": 202, "所在地": "長崎県佐世保市相浦町２４４番地", "緯度": 33.195621, "経度": 129.665732, "url": "https://www.iryou.teikyouseido.mhlw.go.jp/znk-web/juminkanja/S2430/initialize?prefCd=42&kikanCd=dsa0032&kikanKbn=3", "url2": null, "内容": "おおつぼ歯科医院【3:歯科】長崎県佐世保市相浦町２４４番地" }, "geometry": { "type": "Point", "coordinates": [ 129.665732, 33.195621 ] } },
{ "type": "Feature", "properties": { "ID": "423dsa0035", "正式名称": "医療法人岡本歯科診療所", "機関区分": 3, "都道府県コード": 42, "市区町村コード": 202, "所在地": "長崎県佐世保市三川内本町１３８番地の３", "緯度": 33.151344, "経度": 129.83058, "url": "https://www.iryou.teikyouseido.mhlw.go.jp/znk-web/juminkanja/S2430/initialize?prefCd=42&kikanCd=dsa0035&kikanKbn=3", "url2": null, "内容": "医療法人岡本歯科診療所【3:歯科】長崎県佐世保市三川内本町１３８番地の３" }, "geometry": { "type": "Point", "coordinates": [ 129.83058, 33.151344 ] } },
{ "type": "Feature", "properties": { "ID": "423dsa0037", "正式名称": "長富歯科医院", "機関区分": 3, "都道府県コード": 42, "市区町村コード": 202, "所在地": "長崎県佐世保市若葉町７－３４", "緯度": 33.161961, "経度": 129.732389, "url": "https://www.iryou.teikyouseido.mhlw.go.jp/znk-web/juminkanja/S2430/initialize?prefCd=42&kikanCd=dsa0037&kikanKbn=3", "url2": "http://osatomi-dental.com", "内容": "長富歯科医院【3:歯科】長崎県佐世保市若葉町７－３４" }, "geometry": { "type": "Point", "coordinates": [ 129.732389, 33.161961 ] } },
{ "type": "Feature", "properties": { "ID": "423dsa0038", "正式名称": "長富歯科医院", "機関区分": 3, "都道府県コード": 42, "市区町村コード": 202, "所在地": "長崎県佐世保市早岐２丁目１３番３３号", "緯度": 33.137648, "経度": 129.795905, "url": "https://www.iryou.teikyouseido.mhlw.go.jp/znk-web/juminkanja/S2430/initialize?prefCd=42&kikanCd=dsa0038&kikanKbn=3", "url2": null, "内容": "長富歯科医院【3:歯科】長崎県佐世保市早岐２丁目１３番３３号" }, "geometry": { "type": "Point", "coordinates": [ 129.795905, 33.137648 ] } },
{ "type": "Feature", "properties": { "ID": "423dsa0040", "正式名称": "神谷歯科診療所", "機関区分": 3, "都道府県コード": 42, "市区町村コード": 202, "所在地": "長崎県佐世保市皆瀬町", "緯度": 33.213002, "経度": 129.701653, "url": "https://www.iryou.teikyouseido.mhlw.go.jp/znk-web/juminkanja/S2430/initialize?prefCd=42&kikanCd=dsa0040&kikanKbn=3", "url2": "https://dc-kamiya.com", "内容": "神谷歯科診療所【3:歯科】長崎県佐世保市皆瀬町" }, "geometry": { "type": "Point", "coordinates": [ 129.701653, 33.213002 ] } },
{ "type": "Feature", "properties": { "ID": "423dsa0041", "正式名称": "かわはら歯科", "機関区分": 3, "都道府県コード": 42, "市区町村コード": 202, "所在地": "長崎県佐世保市権常寺１－１０－３１", "緯度": 33.132273, "経度": 129.80096, "url": "https://www.iryou.teikyouseido.mhlw.go.jp/znk-web/juminkanja/S2430/initialize?prefCd=42&kikanCd=dsa0041&kikanKbn=3", "url2": "https://www.kawahara-dent.jp/", "内容": "かわはら歯科【3:歯科】長崎県佐世保市権常寺１－１０－３１" }, "geometry": { "type": "Point", "coordinates": [ 129.80096, 33.132273 ] } },
{ "type": "Feature", "properties": { "ID": "423dsa0048", "正式名称": "こにし歯科医院", "機関区分": 3, "都道府県コード": 42, "市区町村コード": 202, "所在地": "長崎県佐世保市椎木町１４８－１", "緯度": 33.176591, "経度": 129.668607, "url": "https://www.iryou.teikyouseido.mhlw.go.jp/znk-web/juminkanja/S2430/initialize?prefCd=42&kikanCd=dsa0048&kikanKbn=3", "url2": "http://konishi-dc.jp/", "内容": "こにし歯科医院【3:歯科】長崎県佐世保市椎木町１４８－１" }, "geometry": { "type": "Point", "coordinates": [ 129.668607, 33.176591 ] } },
{ "type": "Feature", "properties": { "ID": "423dsa0049", "正式名称": "小林矯正歯科", "機関区分": 3, "都道府県コード": 42, "市区町村コード": 202, "所在地": "長崎県佐世保市湊町", "緯度": 33.173116, "経度": 129.718274, "url": "https://www.iryou.teikyouseido.mhlw.go.jp/znk-web/juminkanja/S2430/initialize?prefCd=42&kikanCd=dsa0049&kikanKbn=3", "url2": "http://akortho.la.coocan.jp/", "内容": "小林矯正歯科【3:歯科】長崎県佐世保市湊町" }, "geometry": { "type": "Point", "coordinates": [ 129.718274, 33.173116 ] } },
{ "type": "Feature", "properties": { "ID": "423dsa0051", "正式名称": "さいくさ歯科", "機関区分": 3, "都道府県コード": 42, "市区町村コード": 202, "所在地": "長崎県佐世保市清水町１－３番地", "緯度": 33.182185, "経度": 129.713738, "url": "https://www.iryou.teikyouseido.mhlw.go.jp/znk-web/juminkanja/S2430/initialize?prefCd=42&kikanCd=dsa0051&kikanKbn=3", "url2": null, "内容": "さいくさ歯科【3:歯科】長崎県佐世保市清水町１－３番地" }, "geometry": { "type": "Point", "coordinates": [ 129.713738, 33.182185 ] } },
{ "type": "Feature", "properties": { "ID": "423dsa0052", "正式名称": "佐々木歯科医院", "機関区分": 3, "都道府県コード": 42, "市区町村コード": 202, "所在地": "長崎県佐世保市栄町１－５エクセレンス鴨川", "緯度": 33.172675, "経度": 129.720263, "url": "https://www.iryou.teikyouseido.mhlw.go.jp/znk-web/juminkanja/S2430/initialize?prefCd=42&kikanCd=dsa0052&kikanKbn=3", "url2": null, "内容": "佐々木歯科医院【3:歯科】長崎県佐世保市栄町１－５エクセレンス鴨川" }, "geometry": { "type": "Point", "coordinates": [ 129.720263, 33.172675 ] } },
{ "type": "Feature", "properties": { "ID": "423dsa0053", "正式名称": "佐々木歯科", "機関区分": 3, "都道府県コード": 42, "市区町村コード": 202, "所在地": "長崎県佐世保市春日町２４－２", "緯度": 33.19878, "経度": 129.723767, "url": "https://www.iryou.teikyouseido.mhlw.go.jp/znk-web/juminkanja/S2430/initialize?prefCd=42&kikanCd=dsa0053&kikanKbn=3", "url2": null, "内容": "佐々木歯科【3:歯科】長崎県佐世保市春日町２４－２" }, "geometry": { "type": "Point", "coordinates": [ 129.723767, 33.19878 ] } },
{ "type": "Feature", "properties": { "ID": "423dsa0054", "正式名称": "医療法人さざ歯科医院", "機関区分": 3, "都道府県コード": 42, "市区町村コード": 202, "所在地": "長崎県佐世保市もみじが丘町４０－４", "緯度": 33.160238, "経度": 129.778484, "url": "https://www.iryou.teikyouseido.mhlw.go.jp/znk-web/juminkanja/S2430/initialize?prefCd=42&kikanCd=dsa0054&kikanKbn=3", "url2": null, "内容": "医療法人さざ歯科医院【3:歯科】長崎県佐世保市もみじが丘町４０－４" }, "geometry": { "type": "Point", "coordinates": [ 129.778484, 33.160238 ] } },
{ "type": "Feature", "properties": { "ID": "423dsa0058", "正式名称": "歯科タナカ", "機関区分": 3, "都道府県コード": 42, "市区町村コード": 202, "所在地": "長崎県佐世保市谷郷町２−１５", "緯度": 33.176751, "経度": 129.718007, "url": "https://www.iryou.teikyouseido.mhlw.go.jp/znk-web/juminkanja/S2430/initialize?prefCd=42&kikanCd=dsa0058&kikanKbn=3", "url2": "http://shikatanaka.net", "内容": "歯科タナカ【3:歯科】長崎県佐世保市谷郷町２−１５" }, "geometry": { "type": "Point", "coordinates": [ 129.718007, 33.176751 ] } },
{ "type": "Feature", "properties": { "ID": "423dsa0059", "正式名称": "しながわ小児歯科医院", "機関区分": 3, "都道府県コード": 42, "市区町村コード": 202, "所在地": "長崎県佐世保市浜田町２番１７号", "緯度": 33.175876, "経度": 129.716328, "url": "https://www.iryou.teikyouseido.mhlw.go.jp/znk-web/juminkanja/S2430/initialize?prefCd=42&kikanCd=dsa0059&kikanKbn=3", "url2": null, "内容": "しながわ小児歯科医院【3:歯科】長崎県佐世保市浜田町２番１７号" }, "geometry": { "type": "Point", "coordinates": [ 129.716328, 33.175876 ] } },
{ "type": "Feature", "properties": { "ID": "423dsa0061", "正式名称": "医療法人鶴清会シミズ小児歯科クリニック", "機関区分": 3, "都道府県コード": 42, "市区町村コード": 202, "所在地": "長崎県佐世保市権常寺町１１０１－３３", "緯度": 33.135988, "経度": 129.804623, "url": "https://www.iryou.teikyouseido.mhlw.go.jp/znk-web/juminkanja/S2430/initialize?prefCd=42&kikanCd=dsa0061&kikanKbn=3", "url2": "http://shimizu-shounishika.haru.gs/", "内容": "医療法人鶴清会シミズ小児歯科クリニック【3:歯科】長崎県佐世保市権常寺町１１０１－３３" }, "geometry": { "type": "Point", "coordinates": [ 129.804623, 33.135988 ] } },
{ "type": "Feature", "properties": { "ID": "423dsa0062", "正式名称": "城端歯科医院", "機関区分": 3, "都道府県コード": 42, "市区町村コード": 202, "所在地": "長崎県佐世保市広田３－１０－１８", "緯度": 33.123444, "経度": 129.804944, "url": "https://www.iryou.teikyouseido.mhlw.go.jp/znk-web/juminkanja/S2430/initialize?prefCd=42&kikanCd=dsa0062&kikanKbn=3", "url2": null, "内容": "城端歯科医院【3:歯科】長崎県佐世保市広田３－１０－１８" }, "geometry": { "type": "Point", "coordinates": [ 129.804944, 33.123444 ] } },
{ "type": "Feature", "properties": { "ID": "423dsa0064", "正式名称": "泉福歯科医院", "機関区分": 3, "都道府県コード": 42, "市区町村コード": 202, "所在地": "長崎県佐世保市田原町１６番１３号", "緯度": 33.20713, "経度": 129.7199, "url": "https://www.iryou.teikyouseido.mhlw.go.jp/znk-web/juminkanja/S2430/initialize?prefCd=42&kikanCd=dsa0064&kikanKbn=3", "url2": null, "内容": "泉福歯科医院【3:歯科】長崎県佐世保市田原町１６番１３号" }, "geometry": { "type": "Point", "coordinates": [ 129.7199, 33.20713 ] } },
{ "type": "Feature", "properties": { "ID": "423dsa0068", "正式名称": "医療法人悠希会たたみや歯科医院", "機関区分": 3, "都道府県コード": 42, "市区町村コード": 202, "所在地": "長崎県佐世保市大潟町６０－１０２", "緯度": 33.184918, "経度": 129.661392, "url": "https://www.iryou.teikyouseido.mhlw.go.jp/znk-web/juminkanja/S2430/initialize?prefCd=42&kikanCd=dsa0068&kikanKbn=3", "url2": null, "内容": "医療法人悠希会たたみや歯科医院【3:歯科】長崎県佐世保市大潟町６０－１０２" }, "geometry": { "type": "Point", "coordinates": [ 129.661392, 33.184918 ] } },
{ "type": "Feature", "properties": { "ID": "423dsa0069", "正式名称": "医療法人昭心会田中けん歯科", "機関区分": 3, "都道府県コード": 42, "市区町村コード": 202, "所在地": "長崎県佐世保市戸尾町３－１１", "緯度": 33.167536, "経度": 129.724703, "url": "https://www.iryou.teikyouseido.mhlw.go.jp/znk-web/juminkanja/S2430/initialize?prefCd=42&kikanCd=dsa0069&kikanKbn=3", "url2": null, "内容": "医療法人昭心会田中けん歯科【3:歯科】長崎県佐世保市戸尾町３－１１" }, "geometry": { "type": "Point", "coordinates": [ 129.724703, 33.167536 ] } },
{ "type": "Feature", "properties": { "ID": "423dsa0070", "正式名称": "たなか歯科医院", "機関区分": 3, "都道府県コード": 42, "市区町村コード": 202, "所在地": "長崎県佐世保市若葉町７番１６号", "緯度": 33.161318, "経度": 129.732224, "url": "https://www.iryou.teikyouseido.mhlw.go.jp/znk-web/juminkanja/S2430/initialize?prefCd=42&kikanCd=dsa0070&kikanKbn=3", "url2": null, "内容": "たなか歯科医院【3:歯科】長崎県佐世保市若葉町７番１６号" }, "geometry": { "type": "Point", "coordinates": [ 129.732224, 33.161318 ] } },
{ "type": "Feature", "properties": { "ID": "423dsa0074", "正式名称": "つばき歯科クリニック", "機関区分": 3, "都道府県コード": 42, "市区町村コード": 202, "所在地": "長崎県佐世保市黒髪町３８ー２９", "緯度": 33.1631, "経度": 129.772335, "url": "https://www.iryou.teikyouseido.mhlw.go.jp/znk-web/juminkanja/S2430/initialize?prefCd=42&kikanCd=dsa0074&kikanKbn=3", "url2": "http://pc.fdoc.jp/hp/1001065.html", "内容": "つばき歯科クリニック【3:歯科】長崎県佐世保市黒髪町３８ー２９" }, "geometry": { "type": "Point", "coordinates": [ 129.772335, 33.1631 ] } },
{ "type": "Feature", "properties": { "ID": "423dsa0076", "正式名称": "とくだ矯正歯科", "機関区分": 3, "都道府県コード": 42, "市区町村コード": 202, "所在地": "長崎県佐世保市八幡町４－３　八幡ビル２０１", "緯度": 33.17976, "経度": 129.716175, "url": "https://www.iryou.teikyouseido.mhlw.go.jp/znk-web/juminkanja/S2430/initialize?prefCd=42&kikanCd=dsa0076&kikanKbn=3", "url2": null, "内容": "とくだ矯正歯科【3:歯科】長崎県佐世保市八幡町４－３　八幡ビル２０１" }, "geometry": { "type": "Point", "coordinates": [ 129.716175, 33.17976 ] } },
{ "type": "Feature", "properties": { "ID": "423dsa0077", "正式名称": "医療法人徳富歯科医院", "機関区分": 3, "都道府県コード": 42, "市区町村コード": 202, "所在地": "長崎県佐世保市栄町５ー１７", "緯度": 33.173648, "経度": 129.71961, "url": "https://www.iryou.teikyouseido.mhlw.go.jp/znk-web/juminkanja/S2430/initialize?prefCd=42&kikanCd=dsa0077&kikanKbn=3", "url2": "https://www.tokutomi-dental.com", "内容": "医療法人徳富歯科医院【3:歯科】長崎県佐世保市栄町５ー１７" }, "geometry": { "type": "Point", "coordinates": [ 129.71961, 33.173648 ] } },
{ "type": "Feature", "properties": { "ID": "423dsa0078", "正式名称": "鳥羽歯科医院", "機関区分": 3, "都道府県コード": 42, "市区町村コード": 202, "所在地": "長崎県佐世保市大和町", "緯度": 33.15737, "経度": 129.751529, "url": "https://www.iryou.teikyouseido.mhlw.go.jp/znk-web/juminkanja/S2430/initialize?prefCd=42&kikanCd=dsa0078&kikanKbn=3", "url2": null, "内容": "鳥羽歯科医院【3:歯科】長崎県佐世保市大和町" }, "geometry": { "type": "Point", "coordinates": [ 129.751529, 33.15737 ] } },
{ "type": "Feature", "properties": { "ID": "423dsa0079", "正式名称": "とよむら歯科医院", "機関区分": 3, "都道府県コード": 42, "市区町村コード": 202, "所在地": "長崎県佐世保市早岐", "緯度": 33.136403, "経度": 129.797982, "url": "https://www.iryou.teikyouseido.mhlw.go.jp/znk-web/juminkanja/S2430/initialize?prefCd=42&kikanCd=dsa0079&kikanKbn=3", "url2": null, "内容": "とよむら歯科医院【3:歯科】長崎県佐世保市早岐" }, "geometry": { "type": "Point", "coordinates": [ 129.797982, 33.136403 ] } },
{ "type": "Feature", "properties": { "ID": "423dsa0081", "正式名称": "医療法人　豊新会　豊村洋歯科医院", "機関区分": 3, "都道府県コード": 42, "市区町村コード": 202, "所在地": "長崎県佐世保市小舟町４９－５", "緯度": 33.208998, "経度": 129.759922, "url": "https://www.iryou.teikyouseido.mhlw.go.jp/znk-web/juminkanja/S2430/initialize?prefCd=42&kikanCd=dsa0081&kikanKbn=3", "url2": "http://www.toyomura-dc.com", "内容": "医療法人　豊新会　豊村洋歯科医院【3:歯科】長崎県佐世保市小舟町４９－５" }, "geometry": { "type": "Point", "coordinates": [ 129.759922, 33.208998 ] } },
{ "type": "Feature", "properties": { "ID": "423dsa0082", "正式名称": "鳥越歯科医院", "機関区分": 3, "都道府県コード": 42, "市区町村コード": 202, "所在地": "長崎県佐世保市大和町１５", "緯度": 33.157479, "経度": 129.748992, "url": "https://www.iryou.teikyouseido.mhlw.go.jp/znk-web/juminkanja/S2430/initialize?prefCd=42&kikanCd=dsa0082&kikanKbn=3", "url2": "http://d-torigoe.net", "内容": "鳥越歯科医院【3:歯科】長崎県佐世保市大和町１５" }, "geometry": { "type": "Point", "coordinates": [ 129.748992, 33.157479 ] } },
{ "type": "Feature", "properties": { "ID": "423dsa0085", "正式名称": "中村歯科医院", "機関区分": 3, "都道府県コード": 42, "市区町村コード": 202, "所在地": "長崎県佐世保市湊町７－５中冨ビル１Ｆ", "緯度": 33.173284, "経度": 129.717277, "url": "https://www.iryou.teikyouseido.mhlw.go.jp/znk-web/juminkanja/S2430/initialize?prefCd=42&kikanCd=dsa0085&kikanKbn=3", "url2": null, "内容": "中村歯科医院【3:歯科】長崎県佐世保市湊町７－５中冨ビル１Ｆ" }, "geometry": { "type": "Point", "coordinates": [ 129.717277, 33.173284 ] } },
{ "type": "Feature", "properties": { "ID": "423dsa0087", "正式名称": "ななくま歯科医院", "機関区分": 3, "都道府県コード": 42, "市区町村コード": 202, "所在地": "長崎県佐世保市花高３−２８−１０", "緯度": 33.14151, "経度": 129.812664, "url": "https://www.iryou.teikyouseido.mhlw.go.jp/znk-web/juminkanja/S2430/initialize?prefCd=42&kikanCd=dsa0087&kikanKbn=3", "url2": null, "内容": "ななくま歯科医院【3:歯科】長崎県佐世保市花高３−２８−１０" }, "geometry": { "type": "Point", "coordinates": [ 129.812664, 33.14151 ] } },
{ "type": "Feature", "properties": { "ID": "423dsa0088", "正式名称": "なんり歯科医院", "機関区分": 3, "都道府県コード": 42, "市区町村コード": 202, "所在地": "長崎県佐世保市相浦町", "緯度": 33.195816, "経度": 129.662347, "url": "https://www.iryou.teikyouseido.mhlw.go.jp/znk-web/juminkanja/S2430/initialize?prefCd=42&kikanCd=dsa0088&kikanKbn=3", "url2": null, "内容": "なんり歯科医院【3:歯科】長崎県佐世保市相浦町" }, "geometry": { "type": "Point", "coordinates": [ 129.662347, 33.195816 ] } },
{ "type": "Feature", "properties": { "ID": "423dsa0089", "正式名称": "のうとみ歯科医院", "機関区分": 3, "都道府県コード": 42, "市区町村コード": 202, "所在地": "長崎県佐世保市大宮町３番２１号", "緯度": 33.157135, "経度": 129.737579, "url": "https://www.iryou.teikyouseido.mhlw.go.jp/znk-web/juminkanja/S2430/initialize?prefCd=42&kikanCd=dsa0089&kikanKbn=3", "url2": null, "内容": "のうとみ歯科医院【3:歯科】長崎県佐世保市大宮町３番２１号" }, "geometry": { "type": "Point", "coordinates": [ 129.737579, 33.157135 ] } },
{ "type": "Feature", "properties": { "ID": "423dsa0093", "正式名称": "はちや歯科", "機関区分": 3, "都道府県コード": 42, "市区町村コード": 202, "所在地": "長崎県佐世保市広田１丁目７番９号", "緯度": 33.129998, "経度": 129.801526, "url": "https://www.iryou.teikyouseido.mhlw.go.jp/znk-web/juminkanja/S2430/initialize?prefCd=42&kikanCd=dsa0093&kikanKbn=3", "url2": null, "内容": "はちや歯科【3:歯科】長崎県佐世保市広田１丁目７番９号" }, "geometry": { "type": "Point", "coordinates": [ 129.801526, 33.129998 ] } },
{ "type": "Feature", "properties": { "ID": "423dsa0094", "正式名称": "医療法人社団　はつせ歯科", "機関区分": 3, "都道府県コード": 42, "市区町村コード": 202, "所在地": "長崎県佐世保市潮見町１５番７号", "緯度": 33.164486, "経度": 129.729244, "url": "https://www.iryou.teikyouseido.mhlw.go.jp/znk-web/juminkanja/S2430/initialize?prefCd=42&kikanCd=dsa0094&kikanKbn=3", "url2": null, "内容": "医療法人社団　はつせ歯科【3:歯科】長崎県佐世保市潮見町１５番７号" }, "geometry": { "type": "Point", "coordinates": [ 129.729244, 33.164486 ] } },
{ "type": "Feature", "properties": { "ID": "423dsa0095", "正式名称": "医療法人社団林歯科医院", "機関区分": 3, "都道府県コード": 42, "市区町村コード": 202, "所在地": "長崎県佐世保市椎木町３５４－３", "緯度": 33.173982, "経度": 129.671784, "url": "https://www.iryou.teikyouseido.mhlw.go.jp/znk-web/juminkanja/S2430/initialize?prefCd=42&kikanCd=dsa0095&kikanKbn=3", "url2": null, "内容": "医療法人社団林歯科医院【3:歯科】長崎県佐世保市椎木町３５４－３" }, "geometry": { "type": "Point", "coordinates": [ 129.671784, 33.173982 ] } },
{ "type": "Feature", "properties": { "ID": "423dsa0096", "正式名称": "日宇歯科医院", "機関区分": 3, "都道府県コード": 42, "市区町村コード": 202, "所在地": "長崎県佐世保市日宇町６９５−６大久保第二ビル２階", "緯度": 33.158612, "経度": 129.758754, "url": "https://www.iryou.teikyouseido.mhlw.go.jp/znk-web/juminkanja/S2430/initialize?prefCd=42&kikanCd=dsa0096&kikanKbn=3", "url2": "http://www.d6.dion.ne.jp/~hiudent/index.html", "内容": "日宇歯科医院【3:歯科】長崎県佐世保市日宇町６９５−６大久保第二ビル２階" }, "geometry": { "type": "Point", "coordinates": [ 129.758754, 33.158612 ] } },
{ "type": "Feature", "properties": { "ID": "423dsa0097", "正式名称": "ひさがい歯科医院", "機関区分": 3, "都道府県コード": 42, "市区町村コード": 202, "所在地": "長崎県佐世保市柚木町１４７１－４", "緯度": 33.209228, "経度": 129.761523, "url": "https://www.iryou.teikyouseido.mhlw.go.jp/znk-web/juminkanja/S2430/initialize?prefCd=42&kikanCd=dsa0097&kikanKbn=3", "url2": null, "内容": "ひさがい歯科医院【3:歯科】長崎県佐世保市柚木町１４７１－４" }, "geometry": { "type": "Point", "coordinates": [ 129.761523, 33.209228 ] } },
{ "type": "Feature", "properties": { "ID": "423dsa0098", "正式名称": "兵働歯科医院", "機関区分": 3, "都道府県コード": 42, "市区町村コード": 202, "所在地": "長崎県佐世保市万徳町", "緯度": 33.181191, "経度": 129.71472, "url": "https://www.iryou.teikyouseido.mhlw.go.jp/znk-web/juminkanja/S2430/initialize?prefCd=42&kikanCd=dsa0098&kikanKbn=3", "url2": null, "内容": "兵働歯科医院【3:歯科】長崎県佐世保市万徳町" }, "geometry": { "type": "Point", "coordinates": [ 129.71472, 33.181191 ] } },
{ "type": "Feature", "properties": { "ID": "423dsa0100", "正式名称": "平川歯科医院", "機関区分": 3, "都道府県コード": 42, "市区町村コード": 202, "所在地": "長崎県佐世保市下京町９番３号アモリーノ３Ｆ", "緯度": 33.168879, "経度": 129.723726, "url": "https://www.iryou.teikyouseido.mhlw.go.jp/znk-web/juminkanja/S2430/initialize?prefCd=42&kikanCd=dsa0100&kikanKbn=3", "url2": null, "内容": "平川歯科医院【3:歯科】長崎県佐世保市下京町９番３号アモリーノ３Ｆ" }, "geometry": { "type": "Point", "coordinates": [ 129.723726, 33.168879 ] } },
{ "type": "Feature", "properties": { "ID": "423dsa0105", "正式名称": "佛坂歯科医院", "機関区分": 3, "都道府県コード": 42, "市区町村コード": 202, "所在地": "長崎県佐世保市潮見町６番３号", "緯度": 33.161648, "経度": 129.730774, "url": "https://www.iryou.teikyouseido.mhlw.go.jp/znk-web/juminkanja/S2430/initialize?prefCd=42&kikanCd=dsa0105&kikanKbn=3", "url2": null, "内容": "佛坂歯科医院【3:歯科】長崎県佐世保市潮見町６番３号" }, "geometry": { "type": "Point", "coordinates": [ 129.730774, 33.161648 ] } },
{ "type": "Feature", "properties": { "ID": "423dsa0106", "正式名称": "医療法人古川歯科アポロニアクリニック", "機関区分": 3, "都道府県コード": 42, "市区町村コード": 202, "所在地": "長崎県佐世保市大宮町", "緯度": 33.157125, "経度": 129.738867, "url": "https://www.iryou.teikyouseido.mhlw.go.jp/znk-web/juminkanja/S2430/initialize?prefCd=42&kikanCd=dsa0106&kikanKbn=3", "url2": null, "内容": "医療法人古川歯科アポロニアクリニック【3:歯科】長崎県佐世保市大宮町" }, "geometry": { "type": "Point", "coordinates": [ 129.738867, 33.157125 ] } },
{ "type": "Feature", "properties": { "ID": "423dsa0108", "正式名称": "法師山歯科医院", "機関区分": 3, "都道府県コード": 42, "市区町村コード": 202, "所在地": "長崎県佐世保市吉井町立石４６７－１", "緯度": 33.26893, "経度": 129.687279, "url": "https://www.iryou.teikyouseido.mhlw.go.jp/znk-web/juminkanja/S2430/initialize?prefCd=42&kikanCd=dsa0108&kikanKbn=3", "url2": null, "内容": "法師山歯科医院【3:歯科】長崎県佐世保市吉井町立石４６７－１" }, "geometry": { "type": "Point", "coordinates": [ 129.687279, 33.26893 ] } },
{ "type": "Feature", "properties": { "ID": "423dsa0109", "正式名称": "医療法人ほかお歯科医院", "機関区分": 3, "都道府県コード": 42, "市区町村コード": 202, "所在地": "長崎県佐世保市黒髪町３４ー４", "緯度": 33.165289, "経度": 129.773354, "url": "https://www.iryou.teikyouseido.mhlw.go.jp/znk-web/juminkanja/S2430/initialize?prefCd=42&kikanCd=dsa0109&kikanKbn=3", "url2": null, "内容": "医療法人ほかお歯科医院【3:歯科】長崎県佐世保市黒髪町３４ー４" }, "geometry": { "type": "Point", "coordinates": [ 129.773354, 33.165289 ] } },
{ "type": "Feature", "properties": { "ID": "423dsa0110", "正式名称": "本田歯科医院", "機関区分": 3, "都道府県コード": 42, "市区町村コード": 202, "所在地": "長崎県佐世保市早苗町", "緯度": 33.142269, "経度": 129.800078, "url": "https://www.iryou.teikyouseido.mhlw.go.jp/znk-web/juminkanja/S2430/initialize?prefCd=42&kikanCd=dsa0110&kikanKbn=3", "url2": null, "内容": "本田歯科医院【3:歯科】長崎県佐世保市早苗町" }, "geometry": { "type": "Point", "coordinates": [ 129.800078, 33.142269 ] } },
{ "type": "Feature", "properties": { "ID": "423dsa0113", "正式名称": "松添歯科医院", "機関区分": 3, "都道府県コード": 42, "市区町村コード": 202, "所在地": "長崎県佐世保市日野町１１９０", "緯度": 33.172268, "経度": 129.674929, "url": "https://www.iryou.teikyouseido.mhlw.go.jp/znk-web/juminkanja/S2430/initialize?prefCd=42&kikanCd=dsa0113&kikanKbn=3", "url2": null, "内容": "松添歯科医院【3:歯科】長崎県佐世保市日野町１１９０" }, "geometry": { "type": "Point", "coordinates": [ 129.674929, 33.172268 ] } },
{ "type": "Feature", "properties": { "ID": "423dsa0114", "正式名称": "マツナガ歯科", "機関区分": 3, "都道府県コード": 42, "市区町村コード": 202, "所在地": "長崎県佐世保市本島町３－３０", "緯度": 33.170653, "経度": 129.722329, "url": "https://www.iryou.teikyouseido.mhlw.go.jp/znk-web/juminkanja/S2430/initialize?prefCd=42&kikanCd=dsa0114&kikanKbn=3", "url2": "https://www.matsunaga-dc-sasebo.com", "内容": "マツナガ歯科【3:歯科】長崎県佐世保市本島町３－３０" }, "geometry": { "type": "Point", "coordinates": [ 129.722329, 33.170653 ] } },
{ "type": "Feature", "properties": { "ID": "423dsa0116", "正式名称": "医療法人みどりが丘医院松本浩歯科", "機関区分": 3, "都道府県コード": 42, "市区町村コード": 202, "所在地": "長崎県佐世保市須田尾１２－１９", "緯度": 33.165343, "経度": 129.737424, "url": "https://www.iryou.teikyouseido.mhlw.go.jp/znk-web/juminkanja/S2430/initialize?prefCd=42&kikanCd=dsa0116&kikanKbn=3", "url2": null, "内容": "医療法人みどりが丘医院松本浩歯科【3:歯科】長崎県佐世保市須田尾１２－１９" }, "geometry": { "type": "Point", "coordinates": [ 129.737424, 33.165343 ] } },
{ "type": "Feature", "properties": { "ID": "423dsa0117", "正式名称": "まるやま歯科医院", "機関区分": 3, "都道府県コード": 42, "市区町村コード": 202, "所在地": "長崎県佐世保市花園町１－７", "緯度": 33.181179, "経度": 129.724592, "url": "https://www.iryou.teikyouseido.mhlw.go.jp/znk-web/juminkanja/S2430/initialize?prefCd=42&kikanCd=dsa0117&kikanKbn=3", "url2": null, "内容": "まるやま歯科医院【3:歯科】長崎県佐世保市花園町１－７" }, "geometry": { "type": "Point", "coordinates": [ 129.724592, 33.181179 ] } },
{ "type": "Feature", "properties": { "ID": "423dsa0118", "正式名称": "丸山朋彦歯科医院", "機関区分": 3, "都道府県コード": 42, "市区町村コード": 202, "所在地": "長崎県佐世保市梅田町３番３号", "緯度": 33.191172, "経度": 129.718692, "url": "https://www.iryou.teikyouseido.mhlw.go.jp/znk-web/juminkanja/S2430/initialize?prefCd=42&kikanCd=dsa0118&kikanKbn=3", "url2": null, "内容": "丸山朋彦歯科医院【3:歯科】長崎県佐世保市梅田町３番３号" }, "geometry": { "type": "Point", "coordinates": [ 129.718692, 33.191172 ] } },
{ "type": "Feature", "properties": { "ID": "423dsa0119", "正式名称": "宮島歯科医院", "機関区分": 3, "都道府県コード": 42, "市区町村コード": 202, "所在地": "長崎県佐世保市赤崎町１４５１－４", "緯度": 33.158531, "経度": 129.693473, "url": "https://www.iryou.teikyouseido.mhlw.go.jp/znk-web/juminkanja/S2430/initialize?prefCd=42&kikanCd=dsa0119&kikanKbn=3", "url2": "https://sasebo.mypl.net/shop/00000364196/", "内容": "宮島歯科医院【3:歯科】長崎県佐世保市赤崎町１４５１－４" }, "geometry": { "type": "Point", "coordinates": [ 129.693473, 33.158531 ] } },
{ "type": "Feature", "properties": { "ID": "423dsa0120", "正式名称": "迎歯科クリニック", "機関区分": 3, "都道府県コード": 42, "市区町村コード": 202, "所在地": "長崎県佐世保市早苗町４４６－３", "緯度": 33.144157, "経度": 129.802914, "url": "https://www.iryou.teikyouseido.mhlw.go.jp/znk-web/juminkanja/S2430/initialize?prefCd=42&kikanCd=dsa0120&kikanKbn=3", "url2": null, "内容": "迎歯科クリニック【3:歯科】長崎県佐世保市早苗町４４６－３" }, "geometry": { "type": "Point", "coordinates": [ 129.802914, 33.144157 ] } },
{ "type": "Feature", "properties": { "ID": "423dsa0121", "正式名称": "村尾歯科医院", "機関区分": 3, "都道府県コード": 42, "市区町村コード": 202, "所在地": "長崎県佐世保市若葉町２－１１", "緯度": 33.160931, "経度": 129.731721, "url": "https://www.iryou.teikyouseido.mhlw.go.jp/znk-web/juminkanja/S2430/initialize?prefCd=42&kikanCd=dsa0121&kikanKbn=3", "url2": null, "内容": "村尾歯科医院【3:歯科】長崎県佐世保市若葉町２－１１" }, "geometry": { "type": "Point", "coordinates": [ 129.731721, 33.160931 ] } },
{ "type": "Feature", "properties": { "ID": "423dsa0122", "正式名称": "医療法人咲良会村岡ゆき歯科クリニック", "機関区分": 3, "都道府県コード": 42, "市区町村コード": 202, "所在地": "長崎県佐世保市白南風町１－１３　ＪＲ九州佐世保ビル２０１", "緯度": 33.163532, "経度": 129.726982, "url": "https://www.iryou.teikyouseido.mhlw.go.jp/znk-web/juminkanja/S2430/initialize?prefCd=42&kikanCd=dsa0122&kikanKbn=3", "url2": "http://www.muraoka-yuki.com", "内容": "医療法人咲良会村岡ゆき歯科クリニック【3:歯科】長崎県佐世保市白南風町１－１３　ＪＲ九州佐世保ビル２０１" }, "geometry": { "type": "Point", "coordinates": [ 129.726982, 33.163532 ] } },
{ "type": "Feature", "properties": { "ID": "423dsa0123", "正式名称": "村上歯科", "機関区分": 3, "都道府県コード": 42, "市区町村コード": 202, "所在地": "長崎県佐世保市広田", "緯度": 33.122492, "経度": 129.801526, "url": "https://www.iryou.teikyouseido.mhlw.go.jp/znk-web/juminkanja/S2430/initialize?prefCd=42&kikanCd=dsa0123&kikanKbn=3", "url2": null, "内容": "村上歯科【3:歯科】長崎県佐世保市広田" }, "geometry": { "type": "Point", "coordinates": [ 129.801526, 33.122492 ] } },
{ "type": "Feature", "properties": { "ID": "423dsa0124", "正式名称": "むかい歯科医院", "機関区分": 3, "都道府県コード": 42, "市区町村コード": 202, "所在地": "長崎県佐世保市若葉町１－１５", "緯度": 33.159877, "経度": 129.732294, "url": "https://www.iryou.teikyouseido.mhlw.go.jp/znk-web/juminkanja/S2430/initialize?prefCd=42&kikanCd=dsa0124&kikanKbn=3", "url2": null, "内容": "むかい歯科医院【3:歯科】長崎県佐世保市若葉町１－１５" }, "geometry": { "type": "Point", "coordinates": [ 129.732294, 33.159877 ] } },
{ "type": "Feature", "properties": { "ID": "423dsa0125", "正式名称": "本村歯科医院", "機関区分": 3, "都道府県コード": 42, "市区町村コード": 202, "所在地": "長崎県佐世保市上町２－１３ロードビル１階", "緯度": 33.176485, "経度": 129.714624, "url": "https://www.iryou.teikyouseido.mhlw.go.jp/znk-web/juminkanja/S2430/initialize?prefCd=42&kikanCd=dsa0125&kikanKbn=3", "url2": null, "内容": "本村歯科医院【3:歯科】長崎県佐世保市上町２－１３ロードビル１階" }, "geometry": { "type": "Point", "coordinates": [ 129.714624, 33.176485 ] } },
{ "type": "Feature", "properties": { "ID": "423dsa0126", "正式名称": "森永歯科医院", "機関区分": 3, "都道府県コード": 42, "市区町村コード": 202, "所在地": "長崎県佐世保市比良町１９番地１号", "緯度": 33.180394, "経度": 129.713123, "url": "https://www.iryou.teikyouseido.mhlw.go.jp/znk-web/juminkanja/S2430/initialize?prefCd=42&kikanCd=dsa0126&kikanKbn=3", "url2": null, "内容": "森永歯科医院【3:歯科】長崎県佐世保市比良町１９番地１号" }, "geometry": { "type": "Point", "coordinates": [ 129.713123, 33.180394 ] } },
{ "type": "Feature", "properties": { "ID": "423dsa0127", "正式名称": "山口歯科医院", "機関区分": 3, "都道府県コード": 42, "市区町村コード": 202, "所在地": "長崎県佐世保市瀬戸越３丁目５番５号", "緯度": 33.206927, "経度": 129.726672, "url": "https://www.iryou.teikyouseido.mhlw.go.jp/znk-web/juminkanja/S2430/initialize?prefCd=42&kikanCd=dsa0127&kikanKbn=3", "url2": null, "内容": "山口歯科医院【3:歯科】長崎県佐世保市瀬戸越３丁目５番５号" }, "geometry": { "type": "Point", "coordinates": [ 129.726672, 33.206927 ] } },
{ "type": "Feature", "properties": { "ID": "423dsa0128", "正式名称": "山崎歯科医院", "機関区分": 3, "都道府県コード": 42, "市区町村コード": 202, "所在地": "長崎県佐世保市稲荷町２０ー１２", "緯度": 33.158085, "経度": 129.735083, "url": "https://www.iryou.teikyouseido.mhlw.go.jp/znk-web/juminkanja/S2430/initialize?prefCd=42&kikanCd=dsa0128&kikanKbn=3", "url2": null, "内容": "山崎歯科医院【3:歯科】長崎県佐世保市稲荷町２０ー１２" }, "geometry": { "type": "Point", "coordinates": [ 129.735083, 33.158085 ] } },
{ "type": "Feature", "properties": { "ID": "423dsa0129", "正式名称": "医療法人愛惠会やまさき歯科医院", "機関区分": 3, "都道府県コード": 42, "市区町村コード": 202, "所在地": "長崎県佐世保市相生町２番５号サクラパーキング相生ビル２Ｆ", "緯度": 33.176327, "経度": 129.716093, "url": "https://www.iryou.teikyouseido.mhlw.go.jp/znk-web/juminkanja/S2430/initialize?prefCd=42&kikanCd=dsa0129&kikanKbn=3", "url2": null, "内容": "医療法人愛惠会やまさき歯科医院【3:歯科】長崎県佐世保市相生町２番５号サクラパーキング相生ビル２Ｆ" }, "geometry": { "type": "Point", "coordinates": [ 129.716093, 33.176327 ] } },
{ "type": "Feature", "properties": { "ID": "423dsa0130", "正式名称": "山下歯科医院", "機関区分": 3, "都道府県コード": 42, "市区町村コード": 202, "所在地": "長崎県佐世保市大岳台町２１ー１３", "緯度": 33.148546, "経度": 129.763484, "url": "https://www.iryou.teikyouseido.mhlw.go.jp/znk-web/juminkanja/S2430/initialize?prefCd=42&kikanCd=dsa0130&kikanKbn=3", "url2": null, "内容": "山下歯科医院【3:歯科】長崎県佐世保市大岳台町２１ー１３" }, "geometry": { "type": "Point", "coordinates": [ 129.763484, 33.148546 ] } },
{ "type": "Feature", "properties": { "ID": "423dsa0132", "正式名称": "医療法人継心会山本歯科医院", "機関区分": 3, "都道府県コード": 42, "市区町村コード": 202, "所在地": "長崎県佐世保市塩浜町８ー１５", "緯度": 33.165727, "経度": 129.721477, "url": "https://www.iryou.teikyouseido.mhlw.go.jp/znk-web/juminkanja/S2430/initialize?prefCd=42&kikanCd=dsa0132&kikanKbn=3", "url2": null, "内容": "医療法人継心会山本歯科医院【3:歯科】長崎県佐世保市塩浜町８ー１５" }, "geometry": { "type": "Point", "coordinates": [ 129.721477, 33.165727 ] } },
{ "type": "Feature", "properties": { "ID": "423dsa0133", "正式名称": "やまもと歯科医院", "機関区分": 3, "都道府県コード": 42, "市区町村コード": 202, "所在地": "長崎県佐世保市天神五丁目３８番１２号", "緯度": 33.148182, "経度": 129.739431, "url": "https://www.iryou.teikyouseido.mhlw.go.jp/znk-web/juminkanja/S2430/initialize?prefCd=42&kikanCd=dsa0133&kikanKbn=3", "url2": null, "内容": "やまもと歯科医院【3:歯科】長崎県佐世保市天神五丁目３８番１２号" }, "geometry": { "type": "Point", "coordinates": [ 129.739431, 33.148182 ] } },
{ "type": "Feature", "properties": { "ID": "423dsa0136", "正式名称": "医療法人よしむら歯科", "機関区分": 3, "都道府県コード": 42, "市区町村コード": 202, "所在地": "長崎県佐世保市瀬戸越町１２３８番地１", "緯度": 33.201898, "経度": 129.720387, "url": "https://www.iryou.teikyouseido.mhlw.go.jp/znk-web/juminkanja/S2430/initialize?prefCd=42&kikanCd=dsa0136&kikanKbn=3", "url2": null, "内容": "医療法人よしむら歯科【3:歯科】長崎県佐世保市瀬戸越町１２３８番地１" }, "geometry": { "type": "Point", "coordinates": [ 129.720387, 33.201898 ] } },
{ "type": "Feature", "properties": { "ID": "423dsa0139", "正式名称": "橘川デンタルクリニック", "機関区分": 3, "都道府県コード": 42, "市区町村コード": 202, "所在地": "長崎県佐世保市島瀬町１ー６クレアージュ島瀬１０２", "緯度": 33.171824, "経度": 129.722386, "url": "https://www.iryou.teikyouseido.mhlw.go.jp/znk-web/juminkanja/S2430/initialize?prefCd=42&kikanCd=dsa0139&kikanKbn=3", "url2": null, "内容": "橘川デンタルクリニック【3:歯科】長崎県佐世保市島瀬町１ー６クレアージュ島瀬１０２" }, "geometry": { "type": "Point", "coordinates": [ 129.722386, 33.171824 ] } },
{ "type": "Feature", "properties": { "ID": "423dsa0140", "正式名称": "歯科やまもとデンタルクリニック", "機関区分": 3, "都道府県コード": 42, "市区町村コード": 202, "所在地": "長崎県佐世保市長畑町８５１ー７", "緯度": 33.085597, "経度": 129.815079, "url": "https://www.iryou.teikyouseido.mhlw.go.jp/znk-web/juminkanja/S2430/initialize?prefCd=42&kikanCd=dsa0140&kikanKbn=3", "url2": "http://www.shika-yamamoto.com", "内容": "歯科やまもとデンタルクリニック【3:歯科】長崎県佐世保市長畑町８５１ー７" }, "geometry": { "type": "Point", "coordinates": [ 129.815079, 33.085597 ] } },
{ "type": "Feature", "properties": { "ID": "423dsa0141", "正式名称": "まつなが歯科", "機関区分": 3, "都道府県コード": 42, "市区町村コード": 202, "所在地": "長崎県佐世保市針尾中町１５３８番地", "緯度": 33.077347, "経度": 129.756529, "url": "https://www.iryou.teikyouseido.mhlw.go.jp/znk-web/juminkanja/S2430/initialize?prefCd=42&kikanCd=dsa0141&kikanKbn=3", "url2": "https://www.matsunaga-dentalclinic.com/", "内容": "まつなが歯科【3:歯科】長崎県佐世保市針尾中町１５３８番地" }, "geometry": { "type": "Point", "coordinates": [ 129.756529, 33.077347 ] } },
{ "type": "Feature", "properties": { "ID": "423dsa0143", "正式名称": "あじさい歯科クリニック", "機関区分": 3, "都道府県コード": 42, "市区町村コード": 202, "所在地": "長崎県佐世保市園田町１番２０号", "緯度": 33.175963, "経度": 129.71312, "url": "https://www.iryou.teikyouseido.mhlw.go.jp/znk-web/juminkanja/S2430/initialize?prefCd=42&kikanCd=dsa0143&kikanKbn=3", "url2": "http://www.ajisai4ca.jp", "内容": "あじさい歯科クリニック【3:歯科】長崎県佐世保市園田町１番２０号" }, "geometry": { "type": "Point", "coordinates": [ 129.71312, 33.175963 ] } },
{ "type": "Feature", "properties": { "ID": "423dsa0146", "正式名称": "棚橋歯科", "機関区分": 3, "都道府県コード": 42, "市区町村コード": 202, "所在地": "長崎県佐世保市鹿町町新深江１８番地", "緯度": 33.307614, "経度": 129.627478, "url": "https://www.iryou.teikyouseido.mhlw.go.jp/znk-web/juminkanja/S2430/initialize?prefCd=42&kikanCd=dsa0146&kikanKbn=3", "url2": null, "内容": "棚橋歯科【3:歯科】長崎県佐世保市鹿町町新深江１８番地" }, "geometry": { "type": "Point", "coordinates": [ 129.627478, 33.307614 ] } },
{ "type": "Feature", "properties": { "ID": "423dsa0147", "正式名称": "山部歯科医院", "機関区分": 3, "都道府県コード": 42, "市区町村コード": 202, "所在地": "長崎県佐世保市江迎町長坂", "緯度": 33.309064, "経度": 129.628124, "url": "https://www.iryou.teikyouseido.mhlw.go.jp/znk-web/juminkanja/S2430/initialize?prefCd=42&kikanCd=dsa0147&kikanKbn=3", "url2": "http://www.swallow-web.com", "内容": "山部歯科医院【3:歯科】長崎県佐世保市江迎町長坂" }, "geometry": { "type": "Point", "coordinates": [ 129.628124, 33.309064 ] } },
{ "type": "Feature", "properties": { "ID": "423dsa0148", "正式名称": "ひらの歯科小児歯科", "機関区分": 3, "都道府県コード": 42, "市区町村コード": 202, "所在地": "長崎県佐世保市山祇町３５２－３", "緯度": 33.169198, "経度": 129.733673, "url": "https://www.iryou.teikyouseido.mhlw.go.jp/znk-web/juminkanja/S2430/initialize?prefCd=42&kikanCd=dsa0148&kikanKbn=3", "url2": null, "内容": "ひらの歯科小児歯科【3:歯科】長崎県佐世保市山祇町３５２－３" }, "geometry": { "type": "Point", "coordinates": [ 129.733673, 33.169198 ] } },
{ "type": "Feature", "properties": { "ID": "423dsa0149", "正式名称": "ふくち歯科", "機関区分": 3, "都道府県コード": 42, "市区町村コード": 202, "所在地": "長崎県佐世保市天神町１３０２ー７", "緯度": 33.144533, "経度": 129.733955, "url": "https://www.iryou.teikyouseido.mhlw.go.jp/znk-web/juminkanja/S2430/initialize?prefCd=42&kikanCd=dsa0149&kikanKbn=3", "url2": "http://fukuchi-dental.net/", "内容": "ふくち歯科【3:歯科】長崎県佐世保市天神町１３０２ー７" }, "geometry": { "type": "Point", "coordinates": [ 129.733955, 33.144533 ] } },
{ "type": "Feature", "properties": { "ID": "423dsa0153", "正式名称": "オオツ歯科クリニック", "機関区分": 3, "都道府県コード": 42, "市区町村コード": 202, "所在地": "長崎県佐世保市木場田町", "緯度": 33.179667, "経度": 129.713939, "url": "https://www.iryou.teikyouseido.mhlw.go.jp/znk-web/juminkanja/S2430/initialize?prefCd=42&kikanCd=dsa0153&kikanKbn=3", "url2": "http://www.otsu-dc.net/", "内容": "オオツ歯科クリニック【3:歯科】長崎県佐世保市木場田町" }, "geometry": { "type": "Point", "coordinates": [ 129.713939, 33.179667 ] } },
{ "type": "Feature", "properties": { "ID": "423dsa0154", "正式名称": "ながた歯科クリニック", "機関区分": 3, "都道府県コード": 42, "市区町村コード": 202, "所在地": "長崎県佐世保市竹辺町８４９番地１", "緯度": 33.196546, "経度": 129.672417, "url": "https://www.iryou.teikyouseido.mhlw.go.jp/znk-web/juminkanja/S2430/initialize?prefCd=42&kikanCd=dsa0154&kikanKbn=3", "url2": "http://www.nagata-dentalclinic.jp/", "内容": "ながた歯科クリニック【3:歯科】長崎県佐世保市竹辺町８４９番地１" }, "geometry": { "type": "Point", "coordinates": [ 129.672417, 33.196546 ] } },
{ "type": "Feature", "properties": { "ID": "423dsa0155", "正式名称": "医療法人　すどう歯科", "機関区分": 3, "都道府県コード": 42, "市区町村コード": 202, "所在地": "長崎県佐世保市大潟町６０－１９５", "緯度": 33.183054, "経度": 129.662182, "url": "https://www.iryou.teikyouseido.mhlw.go.jp/znk-web/juminkanja/S2430/initialize?prefCd=42&kikanCd=dsa0155&kikanKbn=3", "url2": "sudou-dental-clinic.com", "内容": "医療法人　すどう歯科【3:歯科】長崎県佐世保市大潟町６０－１９５" }, "geometry": { "type": "Point", "coordinates": [ 129.662182, 33.183054 ] } },
{ "type": "Feature", "properties": { "ID": "423dsa0157", "正式名称": "かえで歯科クリニック", "機関区分": 3, "都道府県コード": 42, "市区町村コード": 202, "所在地": "長崎県佐世保市上本山町", "緯度": 33.208157, "経度": 129.687977, "url": "https://www.iryou.teikyouseido.mhlw.go.jp/znk-web/juminkanja/S2430/initialize?prefCd=42&kikanCd=dsa0157&kikanKbn=3", "url2": "http://kaede-dental.cihp.jp/", "内容": "かえで歯科クリニック【3:歯科】長崎県佐世保市上本山町" }, "geometry": { "type": "Point", "coordinates": [ 129.687977, 33.208157 ] } },
{ "type": "Feature", "properties": { "ID": "423dsa0159", "正式名称": "つつい歯科医院", "機関区分": 3, "都道府県コード": 42, "市区町村コード": 202, "所在地": "長崎県佐世保市三浦町１ー１５　ＮＳビル", "緯度": 33.165618, "経度": 129.725297, "url": "https://www.iryou.teikyouseido.mhlw.go.jp/znk-web/juminkanja/S2430/initialize?prefCd=42&kikanCd=dsa0159&kikanKbn=3", "url2": "http://www.tsutsuishika.com/", "内容": "つつい歯科医院【3:歯科】長崎県佐世保市三浦町１ー１５　ＮＳビル" }, "geometry": { "type": "Point", "coordinates": [ 129.725297, 33.165618 ] } },
{ "type": "Feature", "properties": { "ID": "423dsa0160", "正式名称": "豊村歯科", "機関区分": 3, "都道府県コード": 42, "市区町村コード": 202, "所在地": "長崎県佐世保市俵町７－８", "緯度": 33.187351, "経度": 129.719045, "url": "https://www.iryou.teikyouseido.mhlw.go.jp/znk-web/juminkanja/S2430/initialize?prefCd=42&kikanCd=dsa0160&kikanKbn=3", "url2": null, "内容": "豊村歯科【3:歯科】長崎県佐世保市俵町７－８" }, "geometry": { "type": "Point", "coordinates": [ 129.719045, 33.187351 ] } },
{ "type": "Feature", "properties": { "ID": "423dsa0161", "正式名称": "宇久歯科医院", "機関区分": 3, "都道府県コード": 42, "市区町村コード": 202, "所在地": "長崎県佐世保市宇久町平", "緯度": 33.264208, "経度": 129.131257, "url": "https://www.iryou.teikyouseido.mhlw.go.jp/znk-web/juminkanja/S2430/initialize?prefCd=42&kikanCd=dsa0161&kikanKbn=3", "url2": null, "内容": "宇久歯科医院【3:歯科】長崎県佐世保市宇久町平" }, "geometry": { "type": "Point", "coordinates": [ 129.131257, 33.264208 ] } },
{ "type": "Feature", "properties": { "ID": "423dsa0162", "正式名称": "きたお歯科クリニック", "機関区分": 3, "都道府県コード": 42, "市区町村コード": 202, "所在地": "長崎県佐世保市早岐２丁目４２番１２号", "緯度": 33.141368, "経度": 129.798165, "url": "https://www.iryou.teikyouseido.mhlw.go.jp/znk-web/juminkanja/S2430/initialize?prefCd=42&kikanCd=dsa0162&kikanKbn=3", "url2": null, "内容": "きたお歯科クリニック【3:歯科】長崎県佐世保市早岐２丁目４２番１２号" }, "geometry": { "type": "Point", "coordinates": [ 129.798165, 33.141368 ] } },
{ "type": "Feature", "properties": { "ID": "423dsa0163", "正式名称": "医療法人ふるかわ歯科こども歯科", "機関区分": 3, "都道府県コード": 42, "市区町村コード": 202, "所在地": "長崎県佐世保市白岳町５０－１", "緯度": 33.151172, "経度": 129.749114, "url": "https://www.iryou.teikyouseido.mhlw.go.jp/znk-web/juminkanja/S2430/initialize?prefCd=42&kikanCd=dsa0163&kikanKbn=3", "url2": null, "内容": "医療法人ふるかわ歯科こども歯科【3:歯科】長崎県佐世保市白岳町５０－１" }, "geometry": { "type": "Point", "coordinates": [ 129.749114, 33.151172 ] } },
{ "type": "Feature", "properties": { "ID": "423dsa0165", "正式名称": "スマイルファミリー歯科", "機関区分": 3, "都道府県コード": 42, "市区町村コード": 202, "所在地": "長崎県佐世保市白南風町一丁目十六番地エスプラザ３０２", "緯度": 33.163682, "経度": 129.727129, "url": "https://www.iryou.teikyouseido.mhlw.go.jp/znk-web/juminkanja/S2430/initialize?prefCd=42&kikanCd=dsa0165&kikanKbn=3", "url2": "https://smile-family-dental.net/index.html", "内容": "スマイルファミリー歯科【3:歯科】長崎県佐世保市白南風町一丁目十六番地エスプラザ３０２" }, "geometry": { "type": "Point", "coordinates": [ 129.727129, 33.163682 ] } },
{ "type": "Feature", "properties": { "ID": "423dsa0166", "正式名称": "あさい歯科クリニック", "機関区分": 3, "都道府県コード": 42, "市区町村コード": 202, "所在地": "長崎県佐世保市有福町", "緯度": 33.131939, "経度": 129.793446, "url": "https://www.iryou.teikyouseido.mhlw.go.jp/znk-web/juminkanja/S2430/initialize?prefCd=42&kikanCd=dsa0166&kikanKbn=3", "url2": "https://asaidc-sasebo.business.site/", "内容": "あさい歯科クリニック【3:歯科】長崎県佐世保市有福町" }, "geometry": { "type": "Point", "coordinates": [ 129.793446, 33.131939 ] } },
{ "type": "Feature", "properties": { "ID": "423dsa0167", "正式名称": "カズ歯科医院", "機関区分": 3, "都道府県コード": 42, "市区町村コード": 202, "所在地": "長崎県佐世保市御船町４番２４号", "緯度": 33.16866, "経度": 129.70411, "url": "https://www.iryou.teikyouseido.mhlw.go.jp/znk-web/juminkanja/S2430/initialize?prefCd=42&kikanCd=dsa0167&kikanKbn=3", "url2": "https://kaz-dc.com", "内容": "カズ歯科医院【3:歯科】長崎県佐世保市御船町４番２４号" }, "geometry": { "type": "Point", "coordinates": [ 129.70411, 33.16866 ] } },
{ "type": "Feature", "properties": { "ID": "423dsa0168", "正式名称": "医療法人長崎玲瓏会　吉岡町歯科", "機関区分": 3, "都道府県コード": 42, "市区町村コード": 202, "所在地": "長崎県佐世保市吉岡町１４７６－５", "緯度": 33.211228, "経度": 129.697908, "url": "https://www.iryou.teikyouseido.mhlw.go.jp/znk-web/juminkanja/S2430/initialize?prefCd=42&kikanCd=dsa0168&kikanKbn=3", "url2": null, "内容": "医療法人長崎玲瓏会　吉岡町歯科【3:歯科】長崎県佐世保市吉岡町１４７６－５" }, "geometry": { "type": "Point", "coordinates": [ 129.697908, 33.211228 ] } },
{ "type": "Feature", "properties": { "ID": "423dtu0001", "正式名称": "阿比留歯科医院", "機関区分": 3, "都道府県コード": 42, "市区町村コード": 209, "所在地": "長崎県対馬市豊玉町仁位１５９７", "緯度": 34.393432, "経度": 129.317386, "url": "https://www.iryou.teikyouseido.mhlw.go.jp/znk-web/juminkanja/S2430/initialize?prefCd=42&kikanCd=dtu0001&kikanKbn=3", "url2": null, "内容": "阿比留歯科医院【3:歯科】長崎県対馬市豊玉町仁位１５９７" }, "geometry": { "type": "Point", "coordinates": [ 129.317386, 34.393432 ] } },
{ "type": "Feature", "properties": { "ID": "423dtu0002", "正式名称": "あびる　ひろき　歯科医院", "機関区分": 3, "都道府県コード": 42, "市区町村コード": 209, "所在地": "長崎県対馬市厳原町今屋敷６５８－１", "緯度": 34.203609, "経度": 129.288511, "url": "https://www.iryou.teikyouseido.mhlw.go.jp/znk-web/juminkanja/S2430/initialize?prefCd=42&kikanCd=dtu0002&kikanKbn=3", "url2": null, "内容": "あびる　ひろき　歯科医院【3:歯科】長崎県対馬市厳原町今屋敷６５８－１" }, "geometry": { "type": "Point", "coordinates": [ 129.288511, 34.203609 ] } },
{ "type": "Feature", "properties": { "ID": "423dtu0003", "正式名称": "厳原歯科診療所", "機関区分": 3, "都道府県コード": 42, "市区町村コード": 209, "所在地": "長崎県対馬市厳原町国分１３７８番地１", "緯度": 34.202396, "経度": 129.288965, "url": "https://www.iryou.teikyouseido.mhlw.go.jp/znk-web/juminkanja/S2430/initialize?prefCd=42&kikanCd=dtu0003&kikanKbn=3", "url2": null, "内容": "厳原歯科診療所【3:歯科】長崎県対馬市厳原町国分１３７８番地１" }, "geometry": { "type": "Point", "coordinates": [ 129.288965, 34.202396 ] } },
{ "type": "Feature", "properties": { "ID": "423dtu0004", "正式名称": "いとせ歯科医院", "機関区分": 3, "都道府県コード": 42, "市区町村コード": 209, "所在地": "長崎県対馬市美津島町鶏知甲４０２－５", "緯度": 34.265388, "経度": 129.315435, "url": "https://www.iryou.teikyouseido.mhlw.go.jp/znk-web/juminkanja/S2430/initialize?prefCd=42&kikanCd=dtu0004&kikanKbn=3", "url2": null, "内容": "いとせ歯科医院【3:歯科】長崎県対馬市美津島町鶏知甲４０２－５" }, "geometry": { "type": "Point", "coordinates": [ 129.315435, 34.265388 ] } },
{ "type": "Feature", "properties": { "ID": "423dtu0005", "正式名称": "大浦歯科医院", "機関区分": 3, "都道府県コード": 42, "市区町村コード": 209, "所在地": "長崎県対馬市豊玉町仁位１１６２－２", "緯度": 34.399904, "経度": 129.317748, "url": "https://www.iryou.teikyouseido.mhlw.go.jp/znk-web/juminkanja/S2430/initialize?prefCd=42&kikanCd=dtu0005&kikanKbn=3", "url2": null, "内容": "大浦歯科医院【3:歯科】長崎県対馬市豊玉町仁位１１６２－２" }, "geometry": { "type": "Point", "coordinates": [ 129.317748, 34.399904 ] } },
{ "type": "Feature", "properties": { "ID": "423dtu0009", "正式名称": "高森歯科診療所", "機関区分": 3, "都道府県コード": 42, "市区町村コード": 209, "所在地": "長崎県対馬市厳原町国分１２７１", "緯度": 34.201154, "経度": 129.289504, "url": "https://www.iryou.teikyouseido.mhlw.go.jp/znk-web/juminkanja/S2430/initialize?prefCd=42&kikanCd=dtu0009&kikanKbn=3", "url2": "http://takamori.cihp2.jp/", "内容": "高森歯科診療所【3:歯科】長崎県対馬市厳原町国分１２７１" }, "geometry": { "type": "Point", "coordinates": [ 129.289504, 34.201154 ] } },
{ "type": "Feature", "properties": { "ID": "423dtu0010", "正式名称": "竹村歯科医院", "機関区分": 3, "都道府県コード": 42, "市区町村コード": 209, "所在地": "長崎県対馬市美津島町鶏知甲１２５０", "緯度": 34.267448, "経度": 129.315743, "url": "https://www.iryou.teikyouseido.mhlw.go.jp/znk-web/juminkanja/S2430/initialize?prefCd=42&kikanCd=dtu0010&kikanKbn=3", "url2": "http://fbog.jp/members/takemura/index.html", "内容": "竹村歯科医院【3:歯科】長崎県対馬市美津島町鶏知甲１２５０" }, "geometry": { "type": "Point", "coordinates": [ 129.315743, 34.267448 ] } },
{ "type": "Feature", "properties": { "ID": "423dtu0014", "正式名称": "久冨歯科医院", "機関区分": 3, "都道府県コード": 42, "市区町村コード": 209, "所在地": "長崎県対馬市上対馬町比田勝８３８", "緯度": 34.654344, "経度": 129.46414, "url": "https://www.iryou.teikyouseido.mhlw.go.jp/znk-web/juminkanja/S2430/initialize?prefCd=42&kikanCd=dtu0014&kikanKbn=3", "url2": null, "内容": "久冨歯科医院【3:歯科】長崎県対馬市上対馬町比田勝８３８" }, "geometry": { "type": "Point", "coordinates": [ 129.46414, 34.654344 ] } },
{ "type": "Feature", "properties": { "ID": "423dtu0015", "正式名称": "ひろ歯科医院", "機関区分": 3, "都道府県コード": 42, "市区町村コード": 209, "所在地": "長崎県対馬市厳原町中村６１８－２", "緯度": 34.208207, "経度": 129.29068, "url": "https://www.iryou.teikyouseido.mhlw.go.jp/znk-web/juminkanja/S2430/initialize?prefCd=42&kikanCd=dtu0015&kikanKbn=3", "url2": null, "内容": "ひろ歯科医院【3:歯科】長崎県対馬市厳原町中村６１８－２" }, "geometry": { "type": "Point", "coordinates": [ 129.29068, 34.208207 ] } },
{ "type": "Feature", "properties": { "ID": "423dtu0017", "正式名称": "峰歯科診療所", "機関区分": 3, "都道府県コード": 42, "市区町村コード": 209, "所在地": "長崎県対馬市峰町佐賀６０８ー２", "緯度": 34.457219, "経度": 129.369582, "url": "https://www.iryou.teikyouseido.mhlw.go.jp/znk-web/juminkanja/S2430/initialize?prefCd=42&kikanCd=dtu0017&kikanKbn=3", "url2": "tushima-mineshika.hp.peraichi.com/main", "内容": "峰歯科診療所【3:歯科】長崎県対馬市峰町佐賀６０８ー２" }, "geometry": { "type": "Point", "coordinates": [ 129.369582, 34.457219 ] } },
{ "type": "Feature", "properties": { "ID": "423dtu0019", "正式名称": "おうぎ歯科医院", "機関区分": 3, "都道府県コード": 42, "市区町村コード": 209, "所在地": "長崎県対馬市上対馬町比田勝５７５－５", "緯度": 34.653923, "経度": 129.459111, "url": "https://www.iryou.teikyouseido.mhlw.go.jp/znk-web/juminkanja/S2430/initialize?prefCd=42&kikanCd=dtu0019&kikanKbn=3", "url2": null, "内容": "おうぎ歯科医院【3:歯科】長崎県対馬市上対馬町比田勝５７５－５" }, "geometry": { "type": "Point", "coordinates": [ 129.459111, 34.653923 ] } },
{ "type": "Feature", "properties": { "ID": "423dtu0020", "正式名称": "医療法人社団Ｆｏｒｖ対馬やまねこ歯科", "機関区分": 3, "都道府県コード": 42, "市区町村コード": 209, "所在地": "長崎県対馬市厳原町小浦１９６－１", "緯度": 34.232173, "経度": 129.306071, "url": "https://www.iryou.teikyouseido.mhlw.go.jp/znk-web/juminkanja/S2430/initialize?prefCd=42&kikanCd=dtu0020&kikanKbn=3", "url2": "https://www.forv.info/", "内容": "医療法人社団Ｆｏｒｖ対馬やまねこ歯科【3:歯科】長崎県対馬市厳原町小浦１９６－１" }, "geometry": { "type": "Point", "coordinates": [ 129.306071, 34.232173 ] } }
]
}
