{
"type": "FeatureCollection",
"name": "geo_42_通所介護",
"crs": { "type": "name", "properties": { "name": "urn:ogc:def:crs:OGC:1.3:CRS84" } },
"features": [
{ "type": "Feature", "properties": { "内容": "長崎市医師会保健福祉センター【通所介護】長崎県長崎市栄町2番22号", "url": "https://www.kaigokensaku.mhlw.go.jp/42/index.php?action_kouhyou_detail_004_kani=true&JigyosyoCd=4270100235-00&ServiceCd=150&Type=search", "url2": "http://www.nagasaki.med.or.jp/n-city/" }, "geometry": { "type": "Point", "coordinates": [ 129.877719800000023, 32.7481081 ] } },
{ "type": "Feature", "properties": { "内容": "二本松荘【通所介護】長崎県長崎市戸町２丁目１７７－２８", "url": "https://www.kaigokensaku.mhlw.go.jp/42/index.php?action_kouhyou_detail_004_kani=true&JigyosyoCd=4270101779-00&ServiceCd=150&Type=search", "url2": "http://www.syunjyu-kai.or.jp/kaigo/dayservice.html" }, "geometry": { "type": "Point", "coordinates": [ 129.869218, 32.7274041 ] } },
{ "type": "Feature", "properties": { "内容": "スマートデイサービスセンター【通所介護】長崎県長崎市女の都3丁目7番27号", "url": "https://www.kaigokensaku.mhlw.go.jp/42/index.php?action_kouhyou_detail_004_kani=true&JigyosyoCd=4270109004-00&ServiceCd=150&Type=search", "url2": null }, "geometry": { "type": "Point", "coordinates": [ 129.8809894, 32.8071512 ] } },
{ "type": "Feature", "properties": { "内容": "こころねデイサービス【通所介護】長崎県長崎市文教町5番23号田崎ビル1階", "url": "https://www.kaigokensaku.mhlw.go.jp/42/index.php?action_kouhyou_detail_004_kani=true&JigyosyoCd=4270110259-00&ServiceCd=150&Type=search", "url2": "http://www.tolerance.co.jp" }, "geometry": { "type": "Point", "coordinates": [ 129.870585799999958, 32.7886759 ] } },
{ "type": "Feature", "properties": { "内容": "ラッキーグループ短時間型デイ　リハビット光町【通所介護】長崎県長崎市光町5番20号重松ビル3階", "url": "https://www.kaigokensaku.mhlw.go.jp/42/index.php?action_kouhyou_detail_004_kani=true&JigyosyoCd=4270111943-00&ServiceCd=150&Type=search", "url2": "http://fukushi.luckygroup.co.jp/service/rehabbit_hikari/" }, "geometry": { "type": "Point", "coordinates": [ 129.8643199, 32.7543941 ] } },
{ "type": "Feature", "properties": { "内容": "デイサービスセンター三原の花【通所介護】長崎県長崎市三原1丁目7番40号", "url": "https://www.kaigokensaku.mhlw.go.jp/42/index.php?action_kouhyou_detail_004_kani=true&JigyosyoCd=4270110879-00&ServiceCd=150&Type=search", "url2": "http://www.miharadai.or.jp/" }, "geometry": { "type": "Point", "coordinates": [ 129.8768023, 32.7816324 ] } },
{ "type": "Feature", "properties": { "内容": "デイサービスセンターモン・サン琴海村松【通所介護】長崎県長崎市琴海村松町399", "url": "https://www.kaigokensaku.mhlw.go.jp/42/index.php?action_kouhyou_detail_004_kani=true&JigyosyoCd=4270110325-00&ServiceCd=150&Type=search", "url2": "http://keiseikai.biz/" }, "geometry": { "type": "Point", "coordinates": [ 129.790074799999957, 32.8784243 ] } },
{ "type": "Feature", "properties": { "内容": "大浦十三番館デイサービス【通所介護】長崎県長崎市大浦町３番２１号", "url": "https://www.kaigokensaku.mhlw.go.jp/42/index.php?action_kouhyou_detail_004_kani=true&JigyosyoCd=4270105697-00&ServiceCd=150&Type=search", "url2": "http://www.syunjyu-kai.or.jp/" }, "geometry": { "type": "Point", "coordinates": [ 129.87138989999994, 32.7367061 ] } },
{ "type": "Feature", "properties": { "内容": "デイサービス　さくら並木【通所介護】長崎県長崎市布巻町184番地11", "url": "https://www.kaigokensaku.mhlw.go.jp/42/index.php?action_kouhyou_detail_004_kani=true&JigyosyoCd=4270109764-00&ServiceCd=150&Type=search", "url2": "https://midorinosato.ne.jp/sakuranamiki" }, "geometry": { "type": "Point", "coordinates": [ 129.835513799999944, 32.658212 ] } },
{ "type": "Feature", "properties": { "内容": "デイサービス平山【通所介護】長崎県長崎市平山台1丁目1-12", "url": "https://www.kaigokensaku.mhlw.go.jp/42/index.php?action_kouhyou_detail_004_kani=true&JigyosyoCd=4270135991-00&ServiceCd=150&Type=search", "url2": null }, "geometry": { "type": "Point", "coordinates": [ 129.8343362, 32.6621877 ] } },
{ "type": "Feature", "properties": { "内容": "中嶋クリニック　デイサービス【通所介護】長崎県長崎市三原２丁目１１番５０号", "url": "https://www.kaigokensaku.mhlw.go.jp/42/index.php?action_kouhyou_detail_004_kani=true&JigyosyoCd=4270105952-00&ServiceCd=150&Type=search", "url2": "http://nakajimaclinic.jimdo.com/" }, "geometry": { "type": "Point", "coordinates": [ 129.879385299999967, 32.7840211 ] } },
{ "type": "Feature", "properties": { "内容": "長寿会　デイサービス・平和パーク【通所介護】長崎県長崎市橋口町12-2", "url": "https://www.kaigokensaku.mhlw.go.jp/42/index.php?action_kouhyou_detail_004_kani=true&JigyosyoCd=4270105713-00&ServiceCd=150&Type=search", "url2": "http://kiyohararyu-naika.com" }, "geometry": { "type": "Point", "coordinates": [ 129.865661700000032, 32.7781325 ] } },
{ "type": "Feature", "properties": { "内容": "松山町パークデイリハビリセンター【通所介護】長崎県長崎市松山町4-36松山町リハビリセンター　2Ｆ", "url": "https://www.kaigokensaku.mhlw.go.jp/42/index.php?action_kouhyou_detail_004_kani=true&JigyosyoCd=4270106307-00&ServiceCd=150&Type=search", "url2": "http://kiyohararyu-naika.com" }, "geometry": { "type": "Point", "coordinates": [ 129.8638595, 32.7683586 ] } },
{ "type": "Feature", "properties": { "内容": "清原龍内科松山町リハビリセンター【通所介護】長崎県長崎市松山町４番３６号松山町リハビリセンター　3Ｆ", "url": "https://www.kaigokensaku.mhlw.go.jp/42/index.php?action_kouhyou_detail_004_kani=true&JigyosyoCd=4270106315-00&ServiceCd=150&Type=search", "url2": "http://kiyohararyu-naika.com" }, "geometry": { "type": "Point", "coordinates": [ 129.86249, 32.7728275 ] } },
{ "type": "Feature", "properties": { "内容": "デイサービス　mycafe花丘【通所介護】長崎県長崎市花丘町20番3号", "url": "https://www.kaigokensaku.mhlw.go.jp/42/index.php?action_kouhyou_detail_004_kani=true&JigyosyoCd=4270111364-00&ServiceCd=150&Type=search", "url2": "https://www.facebook.com/hanaoka2017/" }, "geometry": { "type": "Point", "coordinates": [ 129.865532799999983, 32.7912672 ] } },
{ "type": "Feature", "properties": { "内容": "デイサービスセンター和仁会【通所介護】長崎県長崎市中里町９６", "url": "https://www.kaigokensaku.mhlw.go.jp/42/index.php?action_kouhyou_detail_004_kani=true&JigyosyoCd=4270102892-00&ServiceCd=150&Type=search", "url2": "http://wajinkai.jp/" }, "geometry": { "type": "Point", "coordinates": [ 129.962084299999987, 32.7979466 ] } },
{ "type": "Feature", "properties": { "内容": "医療法人有葵会のぼる内科　デイサービス【通所介護】長崎県長崎市中園町10-5", "url": "https://www.kaigokensaku.mhlw.go.jp/42/index.php?action_kouhyou_detail_004_kani=true&JigyosyoCd=4270107263-00&ServiceCd=150&Type=search", "url2": "http://noborunaika.jp/" }, "geometry": { "type": "Point", "coordinates": [ 129.859175400000026, 32.7917835 ] } },
{ "type": "Feature", "properties": { "内容": "たおやかに・デイサービスセンター【通所介護】上黒崎777番地", "url": "https://www.kaigokensaku.mhlw.go.jp/42/index.php?action_kouhyou_detail_004_kani=true&JigyosyoCd=4270111810-00&ServiceCd=150&Type=search", "url2": "http://www.taoyakani.net/about.php" }, "geometry": { "type": "Point", "coordinates": [ 129.718407023719209, 32.844173818559817 ] } },
{ "type": "Feature", "properties": { "内容": "デイサービスセンターたいじゅ【通所介護】長崎市京泊3丁目35番1号医療法人太寿会こうの医院3階", "url": "https://www.kaigokensaku.mhlw.go.jp/42/index.php?action_kouhyou_detail_004_kani=true&JigyosyoCd=4270111034-00&ServiceCd=150&Type=search", "url2": "http://www.taijukai.info/" }, "geometry": { "type": "Point", "coordinates": [ 129.773584079762287, 32.824586105177367 ] } },
{ "type": "Feature", "properties": { "内容": "デイサービスならの木【通所介護】長崎県長崎市南山手町12番43号ならの木　南山手", "url": "https://www.kaigokensaku.mhlw.go.jp/42/index.php?action_kouhyou_detail_004_kani=true&JigyosyoCd=4270111190-00&ServiceCd=150&Type=search", "url2": "http://www.naranoki.org" }, "geometry": { "type": "Point", "coordinates": [ 129.866637500000024, 32.7326758 ] } },
{ "type": "Feature", "properties": { "内容": "デイサービス　エルフ山の手【通所介護】長崎県長崎市戸町１丁目５番４号エルフ山の手", "url": "https://www.kaigokensaku.mhlw.go.jp/42/index.php?action_kouhyou_detail_004_kani=true&JigyosyoCd=4270108394-00&ServiceCd=150&Type=search", "url2": "https://elf-yamanote.jimdoweb.com" }, "geometry": { "type": "Point", "coordinates": [ 129.860404193254112, 32.724925566857344 ] } },
{ "type": "Feature", "properties": { "内容": "はーとふる長崎【通所介護】長崎県長崎市福田本町185番2", "url": "https://www.kaigokensaku.mhlw.go.jp/42/index.php?action_kouhyou_detail_004_kani=true&JigyosyoCd=4270107107-00&ServiceCd=150&Type=search", "url2": "http://www.ufinitia.com/" }, "geometry": { "type": "Point", "coordinates": [ 129.818881899999923, 32.746628799999982 ] } },
{ "type": "Feature", "properties": { "内容": "デイサービスセンターぴーすけあ・滑石【通所介護】長崎県長崎市滑石5丁目1番22号　バリューセンター2Fバリューセンター2Ｆ", "url": "https://www.kaigokensaku.mhlw.go.jp/42/index.php?action_kouhyou_detail_004_kani=true&JigyosyoCd=4270107149-00&ServiceCd=150&Type=search", "url2": "http://alive-care.com" }, "geometry": { "type": "Point", "coordinates": [ 129.836351, 32.8068678 ] } },
{ "type": "Feature", "properties": { "内容": "デイサービスうぇるずらいふ大手【通所介護】長崎県長崎市大手1丁目28番15号", "url": "https://www.kaigokensaku.mhlw.go.jp/42/index.php?action_kouhyou_detail_004_kani=true&JigyosyoCd=4270109640-00&ServiceCd=150&Type=search", "url2": "https://wellslife.jp/" }, "geometry": { "type": "Point", "coordinates": [ 129.875275160842676, 32.789227910268458 ] } },
{ "type": "Feature", "properties": { "内容": "OneDayRE･楽【通所介護】長崎県長崎市下西山町2番3号柴田ビル2階", "url": "https://www.kaigokensaku.mhlw.go.jp/42/index.php?action_kouhyou_detail_004_kani=true&JigyosyoCd=4270108253-00&ServiceCd=150&Type=search", "url2": "http://qualitycare9.wix.com/re-raku" }, "geometry": { "type": "Point", "coordinates": [ 129.88406370000007, 32.7541383 ] } },
{ "type": "Feature", "properties": { "内容": "デイサービスセンター　ＲＥ・楽【通所介護】長崎県長崎市西山2丁目6-7リビエール長崎１Ｆ", "url": "https://www.kaigokensaku.mhlw.go.jp/42/index.php?action_kouhyou_detail_004_kani=true&JigyosyoCd=4270107214-00&ServiceCd=150&Type=search", "url2": "http://qualitycare9.wix.com/re-raku" }, "geometry": { "type": "Point", "coordinates": [ 129.888449199999968, 32.7613905 ] } },
{ "type": "Feature", "properties": { "内容": "デイサービスセンター本河内【通所介護】長崎県長崎市本河内2丁目２１－１１", "url": "https://www.kaigokensaku.mhlw.go.jp/42/index.php?action_kouhyou_detail_004_kani=true&JigyosyoCd=4270106505-00&ServiceCd=150&Type=search", "url2": null }, "geometry": { "type": "Point", "coordinates": [ 129.904989699999987, 32.7526469 ] } },
{ "type": "Feature", "properties": { "内容": "指定通所介護事業所　コスモ【通所介護】長崎県長崎市かき道６丁目１－１東長崎コスモマンション", "url": "https://www.kaigokensaku.mhlw.go.jp/42/index.php?action_kouhyou_detail_004_kani=true&JigyosyoCd=4270108808-00&ServiceCd=150&Type=search", "url2": "http://www.kaigomansion.org/" }, "geometry": { "type": "Point", "coordinates": [ 129.959932699999968, 32.7653718 ] } },
{ "type": "Feature", "properties": { "内容": "デイサービス花椿矢の平【通所介護】矢の平４丁目9-22", "url": "https://www.kaigokensaku.mhlw.go.jp/42/index.php?action_kouhyou_detail_004_kani=true&JigyosyoCd=4270112040-00&ServiceCd=150&Type=search", "url2": "https://smilecs.jp/news/" }, "geometry": { "type": "Point", "coordinates": [ 129.894810600000028, 32.741379 ] } },
{ "type": "Feature", "properties": { "内容": "ツクイ東長崎【通所介護】長崎県長崎市平間町694‐17", "url": "https://www.kaigokensaku.mhlw.go.jp/42/index.php?action_kouhyou_detail_004_kani=true&JigyosyoCd=4270106976-00&ServiceCd=150&Type=search", "url2": "http://www.tsukui.net/" }, "geometry": { "type": "Point", "coordinates": [ 129.948860500000023, 32.7847337 ] } },
{ "type": "Feature", "properties": { "内容": "デイサービスセンターほっと　2号館【通所介護】長崎県長崎市滑石5丁目5番23号", "url": "https://www.kaigokensaku.mhlw.go.jp/42/index.php?action_kouhyou_detail_004_kani=true&JigyosyoCd=4270107404-00&ServiceCd=150&Type=search", "url2": "https://hothouse-nameshi.jp/" }, "geometry": { "type": "Point", "coordinates": [ 129.834103899999945, 32.8056596 ] } },
{ "type": "Feature", "properties": { "内容": "介護支援センターながさき　デイサービス・ステーション伊勢の杜【通所介護】長崎県長崎市伊勢町2番14号", "url": "https://www.kaigokensaku.mhlw.go.jp/42/index.php?action_kouhyou_detail_004_kani=true&JigyosyoCd=4270135256-00&ServiceCd=150&Type=search", "url2": "https://www.human-nw.com/" }, "geometry": { "type": "Point", "coordinates": [ 129.884508015344238, 32.75174739885378 ] } },
{ "type": "Feature", "properties": { "内容": "介護支援センターながさき　デイサービス・ステーション　中島川【通所介護】長崎県長崎市魚の町6番20号の７", "url": "https://www.kaigokensaku.mhlw.go.jp/42/index.php?action_kouhyou_detail_004_kani=true&JigyosyoCd=4270135363-00&ServiceCd=150&Type=search", "url2": "https://www.human-nw.com/" }, "geometry": { "type": "Point", "coordinates": [ 129.880416800000035, 32.748247 ] } },
{ "type": "Feature", "properties": { "内容": "介護支援センターながさき　介護予防ステーション中島川【通所介護】長崎県長崎市魚の町６番２０号の７", "url": "https://www.kaigokensaku.mhlw.go.jp/42/index.php?action_kouhyou_detail_004_kani=true&JigyosyoCd=4270106927-00&ServiceCd=150&Type=search", "url2": "hpps://www.human-nw.com" }, "geometry": { "type": "Point", "coordinates": [ 129.880416800000035, 32.748247 ] } },
{ "type": "Feature", "properties": { "内容": "介護支援センターながさき　デイリハ・ステーション福田【通所介護】長崎県長崎市小浦町4番地6", "url": "https://www.kaigokensaku.mhlw.go.jp/42/index.php?action_kouhyou_detail_004_kani=true&JigyosyoCd=4270103106-00&ServiceCd=150&Type=search", "url2": "https://www.human-nw.com/" }, "geometry": { "type": "Point", "coordinates": [ 129.831930959385687, 32.745440664253991 ] } },
{ "type": "Feature", "properties": { "内容": "介護支援センターながさき　リハステーションあたご【通所介護】長崎県長崎市愛宕4丁目18番20号ララプレイス愛宕", "url": "https://www.kaigokensaku.mhlw.go.jp/42/index.php?action_kouhyou_detail_004_kani=true&JigyosyoCd=4270110184-00&ServiceCd=150&Type=search", "url2": "https://www.human-nw.com/" }, "geometry": { "type": "Point", "coordinates": [ 129.891715961376917, 32.732329479591158 ] } },
{ "type": "Feature", "properties": { "内容": "デイサービスふじの丘【通所介護】長崎県長崎市古賀町１６番地２デイサービスふじの丘", "url": "https://www.kaigokensaku.mhlw.go.jp/42/index.php?action_kouhyou_detail_004_kani=true&JigyosyoCd=4270108121-00&ServiceCd=150&Type=search", "url2": "http://www.fujioka.co.jp/" }, "geometry": { "type": "Point", "coordinates": [ 129.95131850000007, 32.7924414 ] } },
{ "type": "Feature", "properties": { "内容": "長崎スカイホテル　稲佐山　湯ったりクラブ　デイサービスセンター【通所介護】長崎県長崎市江の浦町１８－１長崎スカイホテル", "url": "https://www.kaigokensaku.mhlw.go.jp/42/index.php?action_kouhyou_detail_004_kani=true&JigyosyoCd=4270104526-00&ServiceCd=150&Type=search", "url2": null }, "geometry": { "type": "Point", "coordinates": [ 129.8537854, 32.7535291 ] } },
{ "type": "Feature", "properties": { "内容": "ホテル長崎　立山湯ったりクラブ　デイサービスセンター【通所介護】長崎県長崎市立山2丁目16番1号ホテル長崎", "url": "https://www.kaigokensaku.mhlw.go.jp/42/index.php?action_kouhyou_detail_004_kani=true&JigyosyoCd=4270108576-00&ServiceCd=150&Type=search", "url2": null }, "geometry": { "type": "Point", "coordinates": [ 129.87587415277855, 32.755060457145426 ] } },
{ "type": "Feature", "properties": { "内容": "介護予防デイサービス　クローバー・ガーデン畝刈【通所介護】長崎県長崎市畝刈町1613番274号", "url": "https://www.kaigokensaku.mhlw.go.jp/42/index.php?action_kouhyou_detail_004_kani=true&JigyosyoCd=4270107750-00&ServiceCd=150&Type=search", "url2": "http://www.fujimoto-group.jp/" }, "geometry": { "type": "Point", "coordinates": [ 129.781043599999975, 32.8268261 ] } },
{ "type": "Feature", "properties": { "内容": "株式会社　ENTOWA　エフ・ステージ中央　予防のデイ・ことばのデイ【通所介護】長崎県長崎市桜馬場１丁目12-18婦人会館3階", "url": "https://www.kaigokensaku.mhlw.go.jp/42/index.php?action_kouhyou_detail_004_kani=true&JigyosyoCd=4270135652-00&ServiceCd=150&Type=search", "url2": "entowa.co.jp" }, "geometry": { "type": "Point", "coordinates": [ 129.8892696, 32.753631 ] } },
{ "type": "Feature", "properties": { "内容": "エフ・ステージ白木せいかつのデイ【通所介護】長崎市白木町4-3", "url": "https://www.kaigokensaku.mhlw.go.jp/42/index.php?action_kouhyou_detail_004_kani=true&JigyosyoCd=4270135660-00&ServiceCd=150&Type=search", "url2": "entowa.co.jp" }, "geometry": { "type": "Point", "coordinates": [ 129.8943057, 32.7393672 ] } },
{ "type": "Feature", "properties": { "内容": "デイサービスあすなろ【通所介護】長崎県長崎市西山4丁目474番6アラシン7", "url": "https://www.kaigokensaku.mhlw.go.jp/42/index.php?action_kouhyou_detail_004_kani=true&JigyosyoCd=4270136288-00&ServiceCd=150&Type=search", "url2": "https://www.truness-nagasaki.com/pages/2/" }, "geometry": { "type": "Point", "coordinates": [ 129.888946800000014, 32.778744299999985 ] } },
{ "type": "Feature", "properties": { "内容": "介護支援センターながさき　デイサービス・ステーションやよい【通所介護】長崎県長崎市弥生町３番３３号", "url": "https://www.kaigokensaku.mhlw.go.jp/42/index.php?action_kouhyou_detail_004_kani=true&JigyosyoCd=4270103783-00&ServiceCd=150&Type=search", "url2": "https://www.human-nw.com/" }, "geometry": { "type": "Point", "coordinates": [ 129.892897, 32.7309016 ] } },
{ "type": "Feature", "properties": { "内容": "デイサービスセンター　元気の里　東長崎館【通所介護】長崎県長崎市松原町2679番地1エターナルフォレスト1号館", "url": "https://www.kaigokensaku.mhlw.go.jp/42/index.php?action_kouhyou_detail_004_kani=true&JigyosyoCd=4270135892-00&ServiceCd=150&Type=search", "url2": "http://www.sun3.jp/genki-nagasaki" }, "geometry": { "type": "Point", "coordinates": [ 129.9549763, 32.7951601 ] } },
{ "type": "Feature", "properties": { "内容": "戸町ふくし村　デイサービスセンター【通所介護】長崎県長崎市戸町４丁目７番２０号", "url": "https://www.kaigokensaku.mhlw.go.jp/42/index.php?action_kouhyou_detail_004_kani=true&JigyosyoCd=4270102975-00&ServiceCd=150&Type=search", "url2": "http://www.kenyukai.or.jp/fukushimura/" }, "geometry": { "type": "Point", "coordinates": [ 129.861166, 32.7202101 ] } },
{ "type": "Feature", "properties": { "内容": "デイサービスさくらの里花かごplus+【通所介護】長崎県長崎市京泊2丁目5番6号", "url": "https://www.kaigokensaku.mhlw.go.jp/42/index.php?action_kouhyou_detail_004_kani=true&JigyosyoCd=4270110150-00&ServiceCd=150&Type=search", "url2": "http://www.sakuranosato.or.jp/web/" }, "geometry": { "type": "Point", "coordinates": [ 129.772585899999967, 32.821846 ] } },
{ "type": "Feature", "properties": { "内容": "デイサービスセンターさくらの里【通所介護】長崎県長崎市三京町１５３９番地１", "url": "https://www.kaigokensaku.mhlw.go.jp/42/index.php?action_kouhyou_detail_004_kani=true&JigyosyoCd=4270105978-00&ServiceCd=150&Type=search", "url2": "http://www.sakuranosato.or.jp/web/" }, "geometry": { "type": "Point", "coordinates": [ 129.77213, 32.8345698 ] } },
{ "type": "Feature", "properties": { "内容": "デイサービス花【通所介護】長崎県長崎市西海町3261-2", "url": "https://www.kaigokensaku.mhlw.go.jp/42/index.php?action_kouhyou_detail_004_kani=true&JigyosyoCd=4270136148-00&ServiceCd=150&Type=search", "url2": null }, "geometry": { "type": "Point", "coordinates": [ 129.783063700000014, 32.8534105 ] } },
{ "type": "Feature", "properties": { "内容": "デイサービス花・花【通所介護】長崎県長崎市西海町3293-1　右", "url": "https://www.kaigokensaku.mhlw.go.jp/42/index.php?action_kouhyou_detail_004_kani=true&JigyosyoCd=4270136130-00&ServiceCd=150&Type=search", "url2": null }, "geometry": { "type": "Point", "coordinates": [ 129.7837252, 32.8533627 ] } },
{ "type": "Feature", "properties": { "内容": "デイサービスセンターひまわり【通所介護】長崎県長崎市木鉢町1丁目4番地6", "url": "https://www.kaigokensaku.mhlw.go.jp/42/index.php?action_kouhyou_detail_004_kani=true&JigyosyoCd=4270135967-00&ServiceCd=150&Type=search", "url2": "https://syahuku-himawari.com/" }, "geometry": { "type": "Point", "coordinates": [ 129.8409112, 32.7256101 ] } },
{ "type": "Feature", "properties": { "内容": "デイサービス・山の木【通所介護】長崎県長崎市横尾５丁目９番１８号", "url": "https://www.kaigokensaku.mhlw.go.jp/42/index.php?action_kouhyou_detail_004_kani=true&JigyosyoCd=4270108600-00&ServiceCd=150&Type=search", "url2": "http://www.keiaikai-nagasaki.or.jp/" }, "geometry": { "type": "Point", "coordinates": [ 129.826693, 32.8146504 ] } },
{ "type": "Feature", "properties": { "内容": "通所介護事業所　古賀山荘【通所介護】長崎県長崎市古賀町806番7通所介護事業所　古賀山荘", "url": "https://www.kaigokensaku.mhlw.go.jp/42/index.php?action_kouhyou_detail_004_kani=true&JigyosyoCd=4270100433-00&ServiceCd=150&Type=search", "url2": "http://www.koganosato.jp/" }, "geometry": { "type": "Point", "coordinates": [ 129.961834400000043, 32.7969217 ] } },
{ "type": "Feature", "properties": { "内容": "社会福祉法人　実寿穂会　デイサービスセンターみずほ【通所介護】長崎県長崎市岩屋町４５番１号ケアハウス４階", "url": "https://www.kaigokensaku.mhlw.go.jp/42/index.php?action_kouhyou_detail_004_kani=true&JigyosyoCd=4270100946-00&ServiceCd=150&Type=search", "url2": "http://www.mizuhokai.jp/" }, "geometry": { "type": "Point", "coordinates": [ 129.848525500000051, 32.7998018 ] } },
{ "type": "Feature", "properties": { "内容": "社会福祉法人　実寿穂会　滑石地区デイサービスセンター【通所介護】長崎県長崎市葉山２丁目２８番１０号", "url": "https://www.kaigokensaku.mhlw.go.jp/42/index.php?action_kouhyou_detail_004_kani=true&JigyosyoCd=4270105440-00&ServiceCd=150&Type=search", "url2": "http://www.mizuhokai.jp" }, "geometry": { "type": "Point", "coordinates": [ 129.844693934847498, 32.80646688169697 ] } },
{ "type": "Feature", "properties": { "内容": "通所介護事業所　こえばる【通所介護】長崎県長崎市小江原4丁目1番３０号", "url": "https://www.kaigokensaku.mhlw.go.jp/42/index.php?action_kouhyou_detail_004_kani=true&JigyosyoCd=4270135355-00&ServiceCd=150&Type=search", "url2": "http://syuhoukai.jp/" }, "geometry": { "type": "Point", "coordinates": [ 129.83228859999997, 32.7836367 ] } },
{ "type": "Feature", "properties": { "内容": "浦上駅前デイサービスセンター【通所介護】長崎県長崎市岩川町2番3号", "url": "https://www.kaigokensaku.mhlw.go.jp/42/index.php?action_kouhyou_detail_004_kani=true&JigyosyoCd=4270104625-00&ServiceCd=150&Type=search", "url2": "http://dejimafukushi.or.jp/" }, "geometry": { "type": "Point", "coordinates": [ 129.864473399999952, 32.7661977 ] } },
{ "type": "Feature", "properties": { "内容": "デイサービスセンターアスカ【通所介護】長崎県長崎市みなと坂１丁目６番３５号", "url": "https://www.kaigokensaku.mhlw.go.jp/42/index.php?action_kouhyou_detail_004_kani=true&JigyosyoCd=4270135066-00&ServiceCd=150&Type=search", "url2": "https://asukafukushikai.jp/" }, "geometry": { "type": "Point", "coordinates": [ 129.838550400000031, 32.7289948 ] } },
{ "type": "Feature", "properties": { "内容": "デイサービスセンター　いこいの園【通所介護】長崎市牧野2168番地5", "url": "https://www.kaigokensaku.mhlw.go.jp/42/index.php?action_kouhyou_detail_004_kani=true&JigyosyoCd=4270112198-00&ServiceCd=150&Type=search", "url2": "https://kagurakai.or.jp" }, "geometry": { "type": "Point", "coordinates": [ 129.7993941, 32.7963978 ] } },
{ "type": "Feature", "properties": { "内容": "デイサービスセンター　＊KiRaKu＊【通所介護】長崎県長崎市末石町154番地1有料老人ホーム金木犀　建物内", "url": "https://www.kaigokensaku.mhlw.go.jp/42/index.php?action_kouhyou_detail_004_kani=true&JigyosyoCd=4270111992-00&ServiceCd=150&Type=search", "url2": "http:/www.kirakuen-nagasaki.jp/" }, "geometry": { "type": "Point", "coordinates": [ 129.841339400000038, 32.6797089 ] } },
{ "type": "Feature", "properties": { "内容": "介護予防センターサンハイツ青山中央【通所介護】長崎県長崎市青山町14番1号", "url": "https://www.kaigokensaku.mhlw.go.jp/42/index.php?action_kouhyou_detail_004_kani=true&JigyosyoCd=4270108402-00&ServiceCd=150&Type=search", "url2": "http://www.sanhaitsu.jp/chienkai/day_aoyamanew/" }, "geometry": { "type": "Point", "coordinates": [ 129.851335100000028, 32.7761851 ] } },
{ "type": "Feature", "properties": { "内容": "介護予防センターサンハイツ青山【通所介護】長崎県長崎市青山町2-36", "url": "https://www.kaigokensaku.mhlw.go.jp/42/index.php?action_kouhyou_detail_004_kani=true&JigyosyoCd=4270103312-00&ServiceCd=150&Type=search", "url2": "http://www.sanhaitsu.jp/" }, "geometry": { "type": "Point", "coordinates": [ 129.851685, 32.7783071 ] } },
{ "type": "Feature", "properties": { "内容": "デイサービスセンターサンハイツ城栄【通所介護】長崎県長崎市富士見町23-13", "url": "https://www.kaigokensaku.mhlw.go.jp/42/index.php?action_kouhyou_detail_004_kani=true&JigyosyoCd=4270110341-00&ServiceCd=150&Type=search", "url2": "http://www.sanhaitsu.jp/" }, "geometry": { "type": "Point", "coordinates": [ 129.859726599999931, 32.7606092 ] } },
{ "type": "Feature", "properties": { "内容": "デイサービスセンターサンハイツ富士見【通所介護】長崎県長崎市富士見町6番1号", "url": "https://www.kaigokensaku.mhlw.go.jp/42/index.php?action_kouhyou_detail_004_kani=true&JigyosyoCd=4270106331-00&ServiceCd=150&Type=search", "url2": "http://www.sanhaitsu.jp/" }, "geometry": { "type": "Point", "coordinates": [ 129.853976900000021, 32.7719913 ] } },
{ "type": "Feature", "properties": { "内容": "デイサービスセンターサンハイツ淵町【通所介護】長崎県長崎市淵町2番30号", "url": "https://www.kaigokensaku.mhlw.go.jp/42/index.php?action_kouhyou_detail_004_kani=true&JigyosyoCd=4270136338-00&ServiceCd=150&Type=search", "url2": "http://www.sanhaitsu.jp/" }, "geometry": { "type": "Point", "coordinates": [ 129.8598672, 32.7606004 ] } },
{ "type": "Feature", "properties": { "内容": "デイサービスセンターサンハイツ【通所介護】長崎県長崎市油木町65-14", "url": "https://www.kaigokensaku.mhlw.go.jp/42/index.php?action_kouhyou_detail_004_kani=true&JigyosyoCd=4270100789-00&ServiceCd=150&Type=search", "url2": "http://www.sanhaitsu.jp/" }, "geometry": { "type": "Point", "coordinates": [ 129.844110300000011, 32.7803067 ] } },
{ "type": "Feature", "properties": { "内容": "デイサービスセンターサンハイツ青山ニュータウン【通所介護】長崎県長崎市油木町92－1", "url": "https://www.kaigokensaku.mhlw.go.jp/42/index.php?action_kouhyou_detail_004_kani=true&JigyosyoCd=4270101613-00&ServiceCd=150&Type=search", "url2": "http://www.sanhaitsu.jp/" }, "geometry": { "type": "Point", "coordinates": [ 129.84524211647178, 32.782076896551352 ] } },
{ "type": "Feature", "properties": { "内容": "長崎市社会福祉協議会琴海ゆうゆう号デイサービスセンター【通所介護】長崎県長崎市長浦町3777番地10", "url": "https://www.kaigokensaku.mhlw.go.jp/42/index.php?action_kouhyou_detail_004_kani=true&JigyosyoCd=4270111174-00&ServiceCd=150&Type=search", "url2": null }, "geometry": { "type": "Point", "coordinates": [ 129.784166199999959, 32.9059939 ] } },
{ "type": "Feature", "properties": { "内容": "デイサービスセンター橘の丘【通所介護】長崎市春日町２８４－２", "url": "https://www.kaigokensaku.mhlw.go.jp/42/index.php?action_kouhyou_detail_004_kani=true&JigyosyoCd=4270104914-00&ServiceCd=150&Type=search", "url2": "http://tachibananooka.jp./" }, "geometry": { "type": "Point", "coordinates": [ 129.953221551764472, 32.74184236394121 ] } },
{ "type": "Feature", "properties": { "内容": "通所介護事業所　かたふち村【通所介護】長崎県長崎市片淵3丁目500番地2", "url": "https://www.kaigokensaku.mhlw.go.jp/42/index.php?action_kouhyou_detail_004_kani=true&JigyosyoCd=4270101332-00&ServiceCd=150&Type=search", "url2": "http://www.katafuchimura.or.jp/" }, "geometry": { "type": "Point", "coordinates": [ 129.894206899999972, 32.7661346 ] } },
{ "type": "Feature", "properties": { "内容": "通所介護・プライエム横尾【通所介護】長崎県長崎市横尾3丁目26番1号", "url": "https://www.kaigokensaku.mhlw.go.jp/42/index.php?action_kouhyou_detail_004_kani=true&JigyosyoCd=4270100672-00&ServiceCd=150&Type=search", "url2": "http://www.heisei-kai.or.jp" }, "geometry": { "type": "Point", "coordinates": [ 129.838572800000065, 32.8166475 ] } },
{ "type": "Feature", "properties": { "内容": "通所介護滑石【通所介護】長崎県長崎市滑石６丁目４番３号", "url": "https://www.kaigokensaku.mhlw.go.jp/42/index.php?action_kouhyou_detail_004_kani=true&JigyosyoCd=4270105523-00&ServiceCd=150&Type=search", "url2": "http://www.heisei-kai.or.jp/" }, "geometry": { "type": "Point", "coordinates": [ 129.834426200000053, 32.8035847 ] } },
{ "type": "Feature", "properties": { "内容": "社会福祉法人朋永会　指定通所介護事業所びわの園【通所介護】長崎県長崎市茂木町２２２２番地", "url": "https://www.kaigokensaku.mhlw.go.jp/42/index.php?action_kouhyou_detail_004_kani=true&JigyosyoCd=4270100938-00&ServiceCd=150&Type=search", "url2": "http://biwanosono.com" }, "geometry": { "type": "Point", "coordinates": [ 129.912710699999934, 32.6995432 ] } },
{ "type": "Feature", "properties": { "内容": "恵珠苑　指定通所介護事業所【通所介護】長崎県長崎市田上2丁目15番12号特別養護老人ホーム恵珠苑　本館　１階", "url": "https://www.kaigokensaku.mhlw.go.jp/42/index.php?action_kouhyou_detail_004_kani=true&JigyosyoCd=4270101019-00&ServiceCd=150&Type=search", "url2": "https://yuukikai.jp/" }, "geometry": { "type": "Point", "coordinates": [ 129.886578099999952, 32.726513 ] } },
{ "type": "Feature", "properties": { "内容": "通所介護施設　シーサイド【通所介護】長崎県長崎市野母町2283-7", "url": "https://www.kaigokensaku.mhlw.go.jp/42/index.php?action_kouhyou_detail_004_kani=true&JigyosyoCd=4270110739-00&ServiceCd=150&Type=search", "url2": "https://kouyokai.jp/" }, "geometry": { "type": "Point", "coordinates": [ 129.753548899999942, 32.5796389 ] } },
{ "type": "Feature", "properties": { "内容": "かいごの花みずき　デイサービス　＋C【通所介護】長崎県長崎市平和町5-29", "url": "https://www.kaigokensaku.mhlw.go.jp/42/index.php?action_kouhyou_detail_004_kani=true&JigyosyoCd=4270109780-00&ServiceCd=150&Type=search", "url2": "http://www.kaigo-8732.com/" }, "geometry": { "type": "Point", "coordinates": [ 129.865786698147502, 32.776018599466624 ] } },
{ "type": "Feature", "properties": { "内容": "デイサービス　フルリール【通所介護】長崎県長崎市小ヶ倉町2丁目327番地1", "url": "https://www.kaigokensaku.mhlw.go.jp/42/index.php?action_kouhyou_detail_004_kani=true&JigyosyoCd=4270111968-00&ServiceCd=150&Type=search", "url2": "http://h-well.co.jp" }, "geometry": { "type": "Point", "coordinates": [ 129.853769770954983, 32.704275993272582 ] } },
{ "type": "Feature", "properties": { "内容": "デイサービスセンター鳴見ヶ丘【通所介護】長崎県長崎市鳴見町368", "url": "https://www.kaigokensaku.mhlw.go.jp/42/index.php?action_kouhyou_detail_004_kani=true&JigyosyoCd=4270107289-00&ServiceCd=150&Type=search", "url2": "http://www.kouseilife-nagasaki.net/" }, "geometry": { "type": "Point", "coordinates": [ 129.8092666, 32.8161332 ] } },
{ "type": "Feature", "properties": { "内容": "デイサービス橘【通所介護】長崎県長崎市西山台２丁目５番１号", "url": "https://www.kaigokensaku.mhlw.go.jp/42/index.php?action_kouhyou_detail_004_kani=true&JigyosyoCd=4270136510-00&ServiceCd=150&Type=search", "url2": null }, "geometry": { "type": "Point", "coordinates": [ 129.8902866, 32.7815454 ] } },
{ "type": "Feature", "properties": { "内容": "デイサービスセンター　椿ヶ丘荘【通所介護】長崎県長崎市神浦町1553番地", "url": "https://www.kaigokensaku.mhlw.go.jp/42/index.php?action_kouhyou_detail_004_kani=true&JigyosyoCd=4271100721-00&ServiceCd=150&Type=search", "url2": "http://www.tsubakigaoka.jp/" }, "geometry": { "type": "Point", "coordinates": [ 129.688107899999977, 32.8812952 ] } },
{ "type": "Feature", "properties": { "内容": "通所介護事業所（三和荘）【通所介護】長崎県長崎市布巻町792番", "url": "https://www.kaigokensaku.mhlw.go.jp/42/index.php?action_kouhyou_detail_004_kani=true&JigyosyoCd=4271100846-00&ServiceCd=150&Type=search", "url2": "http://www.minorikai.or.jp/deisanwasou/" }, "geometry": { "type": "Point", "coordinates": [ 129.829064199999948, 32.659559 ] } },
{ "type": "Feature", "properties": { "内容": "デイサービスしらはま　けやき台【通所介護】長崎県長崎市けやき台町1-12", "url": "https://www.kaigokensaku.mhlw.go.jp/42/index.php?action_kouhyou_detail_004_kani=true&JigyosyoCd=4270111414-00&ServiceCd=150&Type=search", "url2": null }, "geometry": { "type": "Point", "coordinates": [ 129.880751499999974, 32.7952032 ] } },
{ "type": "Feature", "properties": { "内容": "通所介護　しらはま【通所介護】長崎県長崎市大橋町10-30", "url": "https://www.kaigokensaku.mhlw.go.jp/42/index.php?action_kouhyou_detail_004_kani=true&JigyosyoCd=4270135520-00&ServiceCd=150&Type=search", "url2": "https://www.shirahama-seikeigeka.com/" }, "geometry": { "type": "Point", "coordinates": [ 129.86215954047546, 32.784198790543229 ] } },
{ "type": "Feature", "properties": { "内容": "二丁目の夕陽が丘【通所介護】長崎県長崎市西山台2丁目12番1号第二東栄ビル", "url": "https://www.kaigokensaku.mhlw.go.jp/42/index.php?action_kouhyou_detail_004_kani=true&JigyosyoCd=4270111786-00&ServiceCd=150&Type=search", "url2": "kagurakai.or.jp" }, "geometry": { "type": "Point", "coordinates": [ 129.892342699999972, 32.7809885 ] } },
{ "type": "Feature", "properties": { "内容": "ピースクラブ長崎新地【通所介護】新地町８番１６号ミナトパークビル３階", "url": "https://www.kaigokensaku.mhlw.go.jp/42/index.php?action_kouhyou_detail_004_kani=true&JigyosyoCd=4270111950-00&ServiceCd=150&Type=search", "url2": "http://www.heiwa-kai.com/" }, "geometry": { "type": "Point", "coordinates": [ 129.874538202708663, 32.741240347676118 ] } },
{ "type": "Feature", "properties": { "内容": "通所介護事業所ハート・らんど【通所介護】長崎県佐世保市大潟町５０番地１障害者支援施設にじいろ", "url": "https://www.kaigokensaku.mhlw.go.jp/42/index.php?action_kouhyou_detail_004_kani=true&JigyosyoCd=4270205190-00&ServiceCd=150&Type=search", "url2": "info@niji-iro.or.jp" }, "geometry": { "type": "Point", "coordinates": [ 129.662152314155605, 33.18552277310399 ] } },
{ "type": "Feature", "properties": { "内容": "チームしおさい【通所介護】長崎県佐世保市大塔町2155番地", "url": "https://www.kaigokensaku.mhlw.go.jp/42/index.php?action_kouhyou_detail_004_kani=true&JigyosyoCd=4270205281-00&ServiceCd=150&Type=search", "url2": "http://miyakyoseikai.or.jp" }, "geometry": { "type": "Point", "coordinates": [ 129.7773573, 33.1575244 ] } },
{ "type": "Feature", "properties": { "内容": "社会福祉法人アソカ仁寿会　あそかのもり【通所介護】長崎県佐世保市松瀬町1150番地", "url": "https://www.kaigokensaku.mhlw.go.jp/42/index.php?action_kouhyou_detail_004_kani=true&JigyosyoCd=4270200225-00&ServiceCd=150&Type=search", "url2": "https://www.asoka-sasebo.com/" }, "geometry": { "type": "Point", "coordinates": [ 129.731240928836087, 33.219770340636337 ] } },
{ "type": "Feature", "properties": { "内容": "デイサービスセンター　ガーデンハイツはいき【通所介護】長崎県佐世保市桑木場町１５９番地", "url": "https://www.kaigokensaku.mhlw.go.jp/42/index.php?action_kouhyou_detail_004_kani=true&JigyosyoCd=4270200498-00&ServiceCd=150&Type=search", "url2": "http://www5.ocn.ne.jp/~kensei/" }, "geometry": { "type": "Point", "coordinates": [ 129.82201520000001, 33.1450881 ] } },
{ "type": "Feature", "properties": { "内容": "光の子デイサービスセンター【通所介護】長崎県佐世保市上749－1", "url": "https://www.kaigokensaku.mhlw.go.jp/42/index.php?action_kouhyou_detail_004_kani=true&JigyosyoCd=4270200399-00&ServiceCd=150&Type=search", "url2": "http://www.hikarinoko-fukushikai.or.jp/care/sisetu/dayservice/index.html" }, "geometry": { "type": "Point", "coordinates": [ 129.7514419, 33.159004599999967 ] } },
{ "type": "Feature", "properties": { "内容": "デイサービスセンター　あいのうら【通所介護】長崎県佐世保市相浦町６０６番地１", "url": "https://www.kaigokensaku.mhlw.go.jp/42/index.php?action_kouhyou_detail_004_kani=true&JigyosyoCd=4270200282-00&ServiceCd=150&Type=search", "url2": "https://syk.or.jp" }, "geometry": { "type": "Point", "coordinates": [ 129.663342599999964, 33.193994 ] } },
{ "type": "Feature", "properties": { "内容": "社会福祉法人　幼老育成会　デイサービスセンター和楽園【通所介護】長崎県佐世保市花園町２０５番３３", "url": "https://www.kaigokensaku.mhlw.go.jp/42/index.php?action_kouhyou_detail_004_kani=true&JigyosyoCd=4270200472-00&ServiceCd=150&Type=search", "url2": null }, "geometry": { "type": "Point", "coordinates": [ 129.72222869999996, 33.1821401 ] } },
{ "type": "Feature", "properties": { "内容": "白寿荘　通所介護事業所【通所介護】長崎県佐世保市鹿子前町904-1", "url": "https://www.kaigokensaku.mhlw.go.jp/42/index.php?action_kouhyou_detail_004_kani=true&JigyosyoCd=4270200548-00&ServiceCd=150&Type=search", "url2": "http://www.hakuzyusou.or.jp" }, "geometry": { "type": "Point", "coordinates": [ 129.684780300000057, 33.1618836 ] } },
{ "type": "Feature", "properties": { "内容": "デイサービスみのりの里【通所介護】長崎県佐世保市長畑町４５０番１", "url": "https://www.kaigokensaku.mhlw.go.jp/42/index.php?action_kouhyou_detail_004_kani=true&JigyosyoCd=4270201306-00&ServiceCd=150&Type=search", "url2": null }, "geometry": { "type": "Point", "coordinates": [ 129.8050211, 33.083704200000014 ] } },
{ "type": "Feature", "properties": { "内容": "医療法人社団創平会　デイサービスさしかた【通所介護】長崎県佐世保市指方町2216番地１", "url": "https://www.kaigokensaku.mhlw.go.jp/42/index.php?action_kouhyou_detail_004_kani=true&JigyosyoCd=4270202908-00&ServiceCd=150&Type=search", "url2": "www.kuriya-naika.com" }, "geometry": { "type": "Point", "coordinates": [ 129.785213900000031, 33.105935 ] } },
{ "type": "Feature", "properties": { "内容": "医療法人真友会　デイサービスことひら【通所介護】長崎県佐世保市御船町４１１－３", "url": "https://www.kaigokensaku.mhlw.go.jp/42/index.php?action_kouhyou_detail_004_kani=true&JigyosyoCd=4270201884-00&ServiceCd=150&Type=search", "url2": null }, "geometry": { "type": "Point", "coordinates": [ 129.701884312936357, 33.170895536700918 ] } },
{ "type": "Feature", "properties": { "内容": "リハビリ型デイサービス　ラシク【通所介護】長崎県佐世保市大塔町8-30", "url": "https://www.kaigokensaku.mhlw.go.jp/42/index.php?action_kouhyou_detail_004_kani=true&JigyosyoCd=4270204946-00&ServiceCd=150&Type=search", "url2": "lachic_chum_works@yahoo.co.jp" }, "geometry": { "type": "Point", "coordinates": [ 129.780255600000032, 33.1450924 ] } },
{ "type": "Feature", "properties": { "内容": "グッドリハブ【通所介護】長崎県佐世保市梅田町6番3号", "url": "https://www.kaigokensaku.mhlw.go.jp/42/index.php?action_kouhyou_detail_004_kani=true&JigyosyoCd=4270205570-00&ServiceCd=150&Type=search", "url2": null }, "geometry": { "type": "Point", "coordinates": [ 129.718743060188302, 33.191864113372361 ] } },
{ "type": "Feature", "properties": { "内容": "デイサービスセンター日野【通所介護】長崎県佐世保市日野町８５６番地１０", "url": "https://www.kaigokensaku.mhlw.go.jp/42/index.php?action_kouhyou_detail_004_kani=true&JigyosyoCd=4270201611-00&ServiceCd=150&Type=search", "url2": "http://seiaikai-group.or.jp" }, "geometry": { "type": "Point", "coordinates": [ 129.676308799999987, 33.1713661 ] } },
{ "type": "Feature", "properties": { "内容": "社会医療法人財団　白十字会　ドリームケアハウステンボス町【通所介護】長崎県佐世保市ハウステンボス町4-52ブルーメンダールマンションB棟106・107号", "url": "https://www.kaigokensaku.mhlw.go.jp/42/index.php?action_kouhyou_detail_004_kani=true&JigyosyoCd=4270203492-00&ServiceCd=150&Type=search", "url2": "http://www.hakujyujikai.or.jp" }, "geometry": { "type": "Point", "coordinates": [ 129.788871168925454, 33.091219851108967 ] } },
{ "type": "Feature", "properties": { "内容": "ドリームケア　大和【通所介護】長崎県佐世保市大和町850-4オートパル佐世保2階", "url": "https://www.kaigokensaku.mhlw.go.jp/42/index.php?action_kouhyou_detail_004_kani=true&JigyosyoCd=4270203914-00&ServiceCd=150&Type=search", "url2": "http://dream.yamato@hakujyujikai.or.jp" }, "geometry": { "type": "Point", "coordinates": [ 129.748416099999986, 33.1595513 ] } },
{ "type": "Feature", "properties": { "内容": "社会医療法人財団　白十字会　ドリームケア矢峰【通所介護】長崎県佐世保市矢峰町153番地", "url": "https://www.kaigokensaku.mhlw.go.jp/42/index.php?action_kouhyou_detail_004_kani=true&JigyosyoCd=4270203070-00&ServiceCd=150&Type=search", "url2": "http://www.hakujyujikai.or.jp/dream/" }, "geometry": { "type": "Point", "coordinates": [ 129.743675, 33.211825199999979 ] } },
{ "type": "Feature", "properties": { "内容": "通所介護事業所　サンホーム江上【通所介護】長崎県佐世保市江上町4847-6", "url": "https://www.kaigokensaku.mhlw.go.jp/42/index.php?action_kouhyou_detail_004_kani=true&JigyosyoCd=4270200829-00&ServiceCd=150&Type=search", "url2": "http://koujukai.or.jp/" }, "geometry": { "type": "Point", "coordinates": [ 129.783967262429428, 33.06982945410104 ] } },
{ "type": "Feature", "properties": { "内容": "佐世保市社協宇久通所介護事業所【通所介護】長崎県佐世保市宇久町平1904番地1", "url": "https://www.kaigokensaku.mhlw.go.jp/42/index.php?action_kouhyou_detail_004_kani=true&JigyosyoCd=4271501266-00&ServiceCd=150&Type=search", "url2": null }, "geometry": { "type": "Point", "coordinates": [ 129.127679199999989, 33.2654641 ] } },
{ "type": "Feature", "properties": { "内容": "佐世保市社協　吉井通所介護事業所【通所介護】長崎県佐世保市吉井町橋川内570-4", "url": "https://www.kaigokensaku.mhlw.go.jp/42/index.php?action_kouhyou_detail_004_kani=true&JigyosyoCd=4270202643-00&ServiceCd=150&Type=search", "url2": "http://www.sasebo-shakyo.or.jp" }, "geometry": { "type": "Point", "coordinates": [ 129.717887415390805, 33.269102745127121 ] } },
{ "type": "Feature", "properties": { "内容": "佐世保市社協　江迎・鹿町通所介護事業所【通所介護】長崎県佐世保市鹿町町深江潟96-1佐世保市社会福祉協議会　江迎・鹿町介護事業所", "url": "https://www.kaigokensaku.mhlw.go.jp/42/index.php?action_kouhyou_detail_004_kani=true&JigyosyoCd=4270203831-00&ServiceCd=150&Type=search", "url2": "http://www.sasebo-shakyo.or.jp/" }, "geometry": { "type": "Point", "coordinates": [ 129.624836, 33.306936 ] } },
{ "type": "Feature", "properties": { "内容": "佐世保市社協　小佐々通所介護事業所【通所介護】長崎県佐世保市小佐々町楠泊1530番地3", "url": "https://www.kaigokensaku.mhlw.go.jp/42/index.php?action_kouhyou_detail_004_kani=true&JigyosyoCd=4271501258-00&ServiceCd=150&Type=search", "url2": "http://www.sasebo-shakyo.or.jp/kosazakaigo/" }, "geometry": { "type": "Point", "coordinates": [ 129.584891299999981, 33.2193101 ] } },
{ "type": "Feature", "properties": { "内容": "佐世保市社協　世知原通所介護事業所【通所介護】長崎県佐世保市世知原町栗迎83番地5", "url": "https://www.kaigokensaku.mhlw.go.jp/42/index.php?action_kouhyou_detail_004_kani=true&JigyosyoCd=4270202676-00&ServiceCd=150&Type=search", "url2": "http://www.sasebo-shakyo.or.jp/sechibarukaigo/" }, "geometry": { "type": "Point", "coordinates": [ 129.749841800000013, 33.2553172 ] } },
{ "type": "Feature", "properties": { "内容": "デイサービス　音羽の浜【通所介護】長崎県佐世保市東浜町１２３番地", "url": "https://www.kaigokensaku.mhlw.go.jp/42/index.php?action_kouhyou_detail_004_kani=true&JigyosyoCd=4270202569-00&ServiceCd=150&Type=search", "url2": "http://www.otowanohama.jp/" }, "geometry": { "type": "Point", "coordinates": [ 129.736886700000014, 33.1358536 ] } },
{ "type": "Feature", "properties": { "内容": "デイサービスセンター　はなたか【通所介護】長崎県佐世保市花高２丁目１番３５号特別養護老人ホーム博仁荘", "url": "https://www.kaigokensaku.mhlw.go.jp/42/index.php?action_kouhyou_detail_004_kani=true&JigyosyoCd=4270204383-00&ServiceCd=150&Type=search", "url2": "http://sasebo-hakujinkai.or.jp/" }, "geometry": { "type": "Point", "coordinates": [ 129.808083399999987, 33.1439433 ] } },
{ "type": "Feature", "properties": { "内容": "通所介護事業所　チューリップ【通所介護】佐世保市黒髪町３７２９番地2", "url": "https://www.kaigokensaku.mhlw.go.jp/42/index.php?action_kouhyou_detail_004_kani=true&JigyosyoCd=4270202015-00&ServiceCd=150&Type=search", "url2": "http://www.tulip.or.jp" }, "geometry": { "type": "Point", "coordinates": [ 129.7747415, 33.173423 ] } },
{ "type": "Feature", "properties": { "内容": "くにみ【通所介護】長崎県佐世保市吉井町直谷246－3", "url": "https://www.kaigokensaku.mhlw.go.jp/42/index.php?action_kouhyou_detail_004_kani=true&JigyosyoCd=4270205521-00&ServiceCd=150&Type=search", "url2": "http://www.ashitabakai.or.jp" }, "geometry": { "type": "Point", "coordinates": [ 129.704025, 33.282294600000021 ] } },
{ "type": "Feature", "properties": { "内容": "通所介護事業所　やまずみ荘【通所介護】山祇町３８８番地", "url": "https://www.kaigokensaku.mhlw.go.jp/42/index.php?action_kouhyou_detail_004_kani=true&JigyosyoCd=4270204797-00&ServiceCd=150&Type=search", "url2": "https://www.yamazumiso.or.jp" }, "geometry": { "type": "Point", "coordinates": [ 129.732744799999978, 33.1687472 ] } },
{ "type": "Feature", "properties": { "内容": "早稲田イーライフ相浦【通所介護】長崎県佐世保市椎木町436番地１", "url": "https://www.kaigokensaku.mhlw.go.jp/42/index.php?action_kouhyou_detail_004_kani=true&JigyosyoCd=4270204003-00&ServiceCd=150&Type=search", "url2": "ｓe-life-ainoura.com" }, "geometry": { "type": "Point", "coordinates": [ 129.667801, 33.1784514 ] } },
{ "type": "Feature", "properties": { "内容": "デイサービスセンター　希望の家【通所介護】長崎県佐世保市黒髪町33番23号", "url": "https://www.kaigokensaku.mhlw.go.jp/42/index.php?action_kouhyou_detail_004_kani=true&JigyosyoCd=4270202965-00&ServiceCd=150&Type=search", "url2": "http://www.e-kibounoie.com/" }, "geometry": { "type": "Point", "coordinates": [ 129.7730474, 33.1656015 ] } },
{ "type": "Feature", "properties": { "内容": "デイサービスセンター　ナイスケア　みなとまち【通所介護】長崎県佐世保市湊町5-5", "url": "https://www.kaigokensaku.mhlw.go.jp/42/index.php?action_kouhyou_detail_004_kani=true&JigyosyoCd=4270204250-00&ServiceCd=150&Type=search", "url2": null }, "geometry": { "type": "Point", "coordinates": [ 129.717962599999964, 33.172891 ] } },
{ "type": "Feature", "properties": { "内容": "有限会社　金崎介護保険事業所　デイサービスさきわい【通所介護】長崎県佐世保市小佐々町平原７４－１４", "url": "https://www.kaigokensaku.mhlw.go.jp/42/index.php?action_kouhyou_detail_004_kani=true&JigyosyoCd=4270202288-00&ServiceCd=150&Type=search", "url2": null }, "geometry": { "type": "Point", "coordinates": [ 129.615727699999979, 33.2368897 ] } },
{ "type": "Feature", "properties": { "内容": "ナイスケア　デイサービスセンター白岳【通所介護】長崎県佐世保市白岳町604番地", "url": "https://www.kaigokensaku.mhlw.go.jp/42/index.php?action_kouhyou_detail_004_kani=true&JigyosyoCd=4270201553-00&ServiceCd=150&Type=search", "url2": null }, "geometry": { "type": "Point", "coordinates": [ 129.754032400000028, 33.1531576 ] } },
{ "type": "Feature", "properties": { "内容": "デイサービス澄海【通所介護】長崎県佐世保市小佐世保町415-8", "url": "https://www.kaigokensaku.mhlw.go.jp/42/index.php?action_kouhyou_detail_004_kani=true&JigyosyoCd=4270205703-00&ServiceCd=150&Type=search", "url2": null }, "geometry": { "type": "Point", "coordinates": [ 129.7379041, 33.1734713 ] } },
{ "type": "Feature", "properties": { "内容": "ツクイ佐世保【通所介護】長崎県佐世保市天神3丁目2699番地１号", "url": "https://www.kaigokensaku.mhlw.go.jp/42/index.php?action_kouhyou_detail_004_kani=true&JigyosyoCd=4270205737-00&ServiceCd=150&Type=search", "url2": "https://www.tsukui.net" }, "geometry": { "type": "Point", "coordinates": [ 129.7453572, 33.1481512 ] } },
{ "type": "Feature", "properties": { "内容": "医療法人わかば会わかばテラスデイサービス風祭り【通所介護】長崎県佐世保市踊石町198番地1有料老人ホームわかばテラス", "url": "https://www.kaigokensaku.mhlw.go.jp/42/index.php?action_kouhyou_detail_004_kani=true&JigyosyoCd=4270203740-00&ServiceCd=150&Type=search", "url2": "http://www.wakaba-terrace.jp" }, "geometry": { "type": "Point", "coordinates": [ 129.695417634349042, 33.218841167037759 ] } },
{ "type": "Feature", "properties": { "内容": "共生型通所介護事業所おおきな木【通所介護】長崎県佐世保市木宮町４番１２号", "url": "https://www.kaigokensaku.mhlw.go.jp/42/index.php?action_kouhyou_detail_004_kani=true&JigyosyoCd=4270205463-00&ServiceCd=150&Type=search", "url2": "http://kinomiyakai.or.jp" }, "geometry": { "type": "Point", "coordinates": [ 129.6669551, 33.1952742 ] } },
{ "type": "Feature", "properties": { "内容": "共生型通所介護事業所　デイサービス　ウイロー【通所介護】長崎県佐世保市柚木町1540番地", "url": "https://www.kaigokensaku.mhlw.go.jp/42/index.php?action_kouhyou_detail_004_kani=true&JigyosyoCd=4270205380-00&ServiceCd=150&Type=search", "url2": null }, "geometry": { "type": "Point", "coordinates": [ 129.760244100000023, 33.210316800000058 ] } },
{ "type": "Feature", "properties": { "内容": "ゆい乃荘【通所介護】長崎県佐世保市烏帽子町15番地", "url": "https://www.kaigokensaku.mhlw.go.jp/42/index.php?action_kouhyou_detail_004_kani=true&JigyosyoCd=4270205257-00&ServiceCd=150&Type=search", "url2": null }, "geometry": { "type": "Point", "coordinates": [ 129.774229199999979, 33.1819026 ] } },
{ "type": "Feature", "properties": { "内容": "デイサービスふくしあ【通所介護】長崎県佐世保市卸本町286番地2サービス付き高齢者向け住宅ふくしあ", "url": "https://www.kaigokensaku.mhlw.go.jp/42/index.php?action_kouhyou_detail_004_kani=true&JigyosyoCd=4270204425-00&ServiceCd=150&Type=search", "url2": "http://www.fukushia-sasebo.jp/" }, "geometry": { "type": "Point", "coordinates": [ 129.77184078164521, 33.14753743990677 ] } },
{ "type": "Feature", "properties": { "内容": "九十九会シニアクラブ【通所介護】長崎県島原市秩父が浦町丁3552番地53東洋九十九ベイホテル潮騒館4階", "url": "https://www.kaigokensaku.mhlw.go.jp/42/index.php?action_kouhyou_detail_004_kani=true&JigyosyoCd=4270301155-00&ServiceCd=150&Type=search", "url2": null }, "geometry": { "type": "Point", "coordinates": [ 130.370414297622688, 32.761458891276241 ] } },
{ "type": "Feature", "properties": { "内容": "デイサービスカフー【通所介護】長崎県島原市秩父が浦町丁3531-4", "url": "https://www.kaigokensaku.mhlw.go.jp/42/index.php?action_kouhyou_detail_004_kani=true&JigyosyoCd=4270301379-00&ServiceCd=150&Type=search", "url2": "https://www.apygcafu.com/" }, "geometry": { "type": "Point", "coordinates": [ 130.372303499999987, 32.7583956 ] } },
{ "type": "Feature", "properties": { "内容": "デイサービスセンターしまばら【通所介護】長崎県島原市江里町乙2353-1", "url": "https://www.kaigokensaku.mhlw.go.jp/42/index.php?action_kouhyou_detail_004_kani=true&JigyosyoCd=4270300488-00&ServiceCd=150&Type=search", "url2": "http://www.shimabara.jp/npo-shimabara/" }, "geometry": { "type": "Point", "coordinates": [ 130.333890600000018, 32.8005041 ] } },
{ "type": "Feature", "properties": { "内容": "医療法人社団東洋会　リハサポート【通所介護】長崎県島原市下川尻町７９０５番地", "url": "https://www.kaigokensaku.mhlw.go.jp/42/index.php?action_kouhyou_detail_004_kani=true&JigyosyoCd=4270300751-00&ServiceCd=150&Type=search", "url2": "http://www.ikeda-hp.or.jp/" }, "geometry": { "type": "Point", "coordinates": [ 130.370184, 32.769743 ] } },
{ "type": "Feature", "properties": { "内容": "株式会社　ホープブライト　　デイサービス咲楽【通所介護】長崎県島原市有明町大三東戊795-1", "url": "https://www.kaigokensaku.mhlw.go.jp/42/index.php?action_kouhyou_detail_004_kani=true&JigyosyoCd=4270301023-00&ServiceCd=150&Type=search", "url2": null }, "geometry": { "type": "Point", "coordinates": [ 130.333209600000032, 32.8545633 ] } },
{ "type": "Feature", "properties": { "内容": "デイサービスセンター・あんしんハウス【通所介護】長崎県島原市上新丁1丁目4158-1", "url": "https://www.kaigokensaku.mhlw.go.jp/42/index.php?action_kouhyou_detail_004_kani=true&JigyosyoCd=4270300694-00&ServiceCd=150&Type=search", "url2": null }, "geometry": { "type": "Point", "coordinates": [ 130.359586400000012, 32.7886886 ] } },
{ "type": "Feature", "properties": { "内容": "デイサービスセンター上の湯【通所介護】長崎県島原市新山4丁目8826", "url": "https://www.kaigokensaku.mhlw.go.jp/42/index.php?action_kouhyou_detail_004_kani=true&JigyosyoCd=4270300611-00&ServiceCd=150&Type=search", "url2": null }, "geometry": { "type": "Point", "coordinates": [ 130.3602985, 32.7703263 ] } },
{ "type": "Feature", "properties": { "内容": "老人デイサービスセンター淡淡荘Ⅱ【通所介護】長崎県島原市萩が丘2丁目6122番地", "url": "https://www.kaigokensaku.mhlw.go.jp/42/index.php?action_kouhyou_detail_004_kani=true&JigyosyoCd=4270300777-00&ServiceCd=150&Type=search", "url2": "http://rakuzankai.com/" }, "geometry": { "type": "Point", "coordinates": [ 130.357039799999939, 32.7796866 ] } },
{ "type": "Feature", "properties": { "内容": "デイサークル　アミスヴィラ森岳【通所介護】長崎県島原市城内１丁目1836-1", "url": "https://www.kaigokensaku.mhlw.go.jp/42/index.php?action_kouhyou_detail_004_kani=true&JigyosyoCd=4270301387-00&ServiceCd=150&Type=search", "url2": "https://shunkokai.jp" }, "geometry": { "type": "Point", "coordinates": [ 130.3653344, 32.7885393 ] } },
{ "type": "Feature", "properties": { "内容": "デイサービスセンター百華苑【通所介護】長崎県島原市有明町大三東戊７８３－１", "url": "https://www.kaigokensaku.mhlw.go.jp/42/index.php?action_kouhyou_detail_004_kani=true&JigyosyoCd=4271400915-00&ServiceCd=150&Type=search", "url2": "http://www.shokow-by.or.jp" }, "geometry": { "type": "Point", "coordinates": [ 130.334473399999979, 32.8538162 ] } },
{ "type": "Feature", "properties": { "内容": "社会福祉法人秩父会　デイサービスセンター湧水園【通所介護】長崎県島原市秩父が浦町丁3552番地", "url": "https://www.kaigokensaku.mhlw.go.jp/42/index.php?action_kouhyou_detail_004_kani=true&JigyosyoCd=4270300199-00&ServiceCd=150&Type=search", "url2": "https://www.chichibukai.or.jp/" }, "geometry": { "type": "Point", "coordinates": [ 130.369228799999973, 32.761696800000017 ] } },
{ "type": "Feature", "properties": { "内容": "デイサービスしおさい【通所介護】長崎県島原市中安徳町丁1769-1", "url": "https://www.kaigokensaku.mhlw.go.jp/42/index.php?action_kouhyou_detail_004_kani=true&JigyosyoCd=4270301213-00&ServiceCd=150&Type=search", "url2": null }, "geometry": { "type": "Point", "coordinates": [ 130.360935299999937, 32.7456293 ] } },
{ "type": "Feature", "properties": { "内容": "社会福祉法人　悠久会　若菜寮【通所介護】長崎県島原市新田町605-2", "url": "https://www.kaigokensaku.mhlw.go.jp/42/index.php?action_kouhyou_detail_004_kani=true&JigyosyoCd=4270301296-00&ServiceCd=150&Type=search", "url2": "https://yukyukai.or.jp/" }, "geometry": { "type": "Point", "coordinates": [ 130.3713373, 32.7903012 ] } },
{ "type": "Feature", "properties": { "内容": "デイサービスセンター　宝生園【通所介護】長崎県島原市杉山町甲673番地1", "url": "https://www.kaigokensaku.mhlw.go.jp/42/index.php?action_kouhyou_detail_004_kani=true&JigyosyoCd=4270300306-00&ServiceCd=150&Type=search", "url2": "http://houshouen.iiyudana.net/" }, "geometry": { "type": "Point", "coordinates": [ 130.3509338, 32.7953379 ] } },
{ "type": "Feature", "properties": { "内容": "デイサービスセンター宝生園中堀町【通所介護】長崎県島原市中堀町153番地1", "url": "https://www.kaigokensaku.mhlw.go.jp/42/index.php?action_kouhyou_detail_004_kani=true&JigyosyoCd=4270300793-00&ServiceCd=150&Type=search", "url2": "https://rurikoukaishimabara.web.fc2.com/index.html" }, "geometry": { "type": "Point", "coordinates": [ 130.369955600000054, 32.7832531 ] } },
{ "type": "Feature", "properties": { "内容": "島原市社協　デイサービスセンター真心【通所介護】長崎県島原市有明町大三東戊１３５２番地１", "url": "https://www.kaigokensaku.mhlw.go.jp/42/index.php?action_kouhyou_detail_004_kani=true&JigyosyoCd=4271402408-00&ServiceCd=150&Type=search", "url2": null }, "geometry": { "type": "Point", "coordinates": [ 130.337517700000035, 32.8490999 ] } },
{ "type": "Feature", "properties": { "内容": "特定非営利活動法人遊々【通所介護】長崎県島原市有明町湯江丁１７８8", "url": "https://www.kaigokensaku.mhlw.go.jp/42/index.php?action_kouhyou_detail_004_kani=true&JigyosyoCd=4271402168-00&ServiceCd=150&Type=search", "url2": "https://npoyuyu.net" }, "geometry": { "type": "Point", "coordinates": [ 130.311652392590332, 32.858511118601513 ] } },
{ "type": "Feature", "properties": { "内容": "デイセンター「城下」【通所介護】長崎県島原市新湊二丁目丙1743番地", "url": "https://www.kaigokensaku.mhlw.go.jp/42/index.php?action_kouhyou_detail_004_kani=true&JigyosyoCd=4270300983-00&ServiceCd=150&Type=search", "url2": "http://johka.jp" }, "geometry": { "type": "Point", "coordinates": [ 130.360901499999954, 32.7614968 ] } },
{ "type": "Feature", "properties": { "内容": "デイサービス暖【通所介護】長崎県島原市有明町大三東戊1214番地1", "url": "https://www.kaigokensaku.mhlw.go.jp/42/index.php?action_kouhyou_detail_004_kani=true&JigyosyoCd=4270300868-00&ServiceCd=150&Type=search", "url2": "http://www.gh-dan.jp/" }, "geometry": { "type": "Point", "coordinates": [ 130.330973699999959, 32.8519635 ] } },
{ "type": "Feature", "properties": { "内容": "デイサービスあっぷる【通所介護】有明町大三東471番地1", "url": "https://www.kaigokensaku.mhlw.go.jp/42/index.php?action_kouhyou_detail_004_kani=true&JigyosyoCd=4270301205-00&ServiceCd=150&Type=search", "url2": "https://apple-ariake.com/" }, "geometry": { "type": "Point", "coordinates": [ 130.33711489999996, 32.8492416 ] } },
{ "type": "Feature", "properties": { "内容": "がんばReha【通所介護】長崎県島原市蛭子町2丁目934-1", "url": "https://www.kaigokensaku.mhlw.go.jp/42/index.php?action_kouhyou_detail_004_kani=true&JigyosyoCd=4270301429-00&ServiceCd=150&Type=search", "url2": "https://www.ganbareha.com/" }, "geometry": { "type": "Point", "coordinates": [ 130.373828128836038, 32.77940473058576 ] } },
{ "type": "Feature", "properties": { "内容": "（株）ワームス　ハーモニー・きずな【通所介護】長崎県諫早市栗面町176番地2KIZUNAビル", "url": "https://www.kaigokensaku.mhlw.go.jp/42/index.php?action_kouhyou_detail_004_kani=true&JigyosyoCd=4270403597-00&ServiceCd=150&Type=search", "url2": "https://harmony-kizuna.jp" }, "geometry": { "type": "Point", "coordinates": [ 130.0414797, 32.8344272 ] } },
{ "type": "Feature", "properties": { "内容": "デイサービスセンター　和心園【通所介護】長崎県諫早市有喜町537-5", "url": "https://www.kaigokensaku.mhlw.go.jp/42/index.php?action_kouhyou_detail_004_kani=true&JigyosyoCd=4270400189-00&ServiceCd=150&Type=search", "url2": "http://uki-fukushimura.jp/tenkeiso/" }, "geometry": { "type": "Point", "coordinates": [ 130.078848500000049, 32.7924617 ] } },
{ "type": "Feature", "properties": { "内容": "リハビリテーション　あいのわ　デイサービス２nd【通所介護】長崎県諫早市幸町52-7", "url": "https://www.kaigokensaku.mhlw.go.jp/42/index.php?action_kouhyou_detail_004_kani=true&JigyosyoCd=4270403274-00&ServiceCd=150&Type=search", "url2": "http://www.reha-ainowa.co.jp" }, "geometry": { "type": "Point", "coordinates": [ 130.068273878698136, 32.839063845294675 ] } },
{ "type": "Feature", "properties": { "内容": "リハビリテーションあいのわ３ｒｄデイサービス【通所介護】長崎県諫早市黒崎町106-1", "url": "https://www.kaigokensaku.mhlw.go.jp/42/index.php?action_kouhyou_detail_004_kani=true&JigyosyoCd=4270403506-00&ServiceCd=150&Type=search", "url2": "https://www.reha-ainowa.co.jp/ainowa_3rd/concept_3rd/" }, "geometry": { "type": "Point", "coordinates": [ 130.100918, 32.8375352 ] } },
{ "type": "Feature", "properties": { "内容": "デイサービスからこ【通所介護】長崎県諫早市森山町唐比西1125番地3", "url": "https://www.kaigokensaku.mhlw.go.jp/42/index.php?action_kouhyou_detail_004_kani=true&JigyosyoCd=4270401542-00&ServiceCd=150&Type=search", "url2": "http://karako-hp.jp/" }, "geometry": { "type": "Point", "coordinates": [ 130.123998300000039, 32.7968644 ] } },
{ "type": "Feature", "properties": { "内容": "医療法人祥仁会　デイサービスセンター西諫早【通所介護】長崎県諫早市貝津町２８８４－１医療法人祥仁会　サービス付き高齢者向け住宅西諫早", "url": "https://www.kaigokensaku.mhlw.go.jp/42/index.php?action_kouhyou_detail_004_kani=true&JigyosyoCd=4270403316-00&ServiceCd=150&Type=search", "url2": null }, "geometry": { "type": "Point", "coordinates": [ 130.019478867350699, 32.835820014381049 ] } },
{ "type": "Feature", "properties": { "内容": "諫早記念病院通所介護事業所ひまわり【通所介護】長崎県諫早市天満町2-21", "url": "https://www.kaigokensaku.mhlw.go.jp/42/index.php?action_kouhyou_detail_004_kani=true&JigyosyoCd=4270403415-00&ServiceCd=150&Type=search", "url2": "kohzenkai.or.jp" }, "geometry": { "type": "Point", "coordinates": [ 130.04537492275395, 32.84999445641845 ] } },
{ "type": "Feature", "properties": { "内容": "デイサービス　スマイル【通所介護】宗方町695-1", "url": "https://www.kaigokensaku.mhlw.go.jp/42/index.php?action_kouhyou_detail_004_kani=true&JigyosyoCd=4270403753-00&ServiceCd=150&Type=search", "url2": null }, "geometry": { "type": "Point", "coordinates": [ 130.0856891, 32.8247315 ] } },
{ "type": "Feature", "properties": { "内容": "株式会社クオリティ・オブ・ライフ【通所介護】長崎県諫早市長野町1413-3", "url": "https://www.kaigokensaku.mhlw.go.jp/42/index.php?action_kouhyou_detail_004_kani=true&JigyosyoCd=4270403084-00&ServiceCd=150&Type=search", "url2": null }, "geometry": { "type": "Point", "coordinates": [ 130.078078495770256, 32.831327941597181 ] } },
{ "type": "Feature", "properties": { "内容": "デイサービスセンターきらら【通所介護】長崎県諫早市栄田町25-24", "url": "https://www.kaigokensaku.mhlw.go.jp/42/index.php?action_kouhyou_detail_004_kani=true&JigyosyoCd=4270401971-00&ServiceCd=150&Type=search", "url2": null }, "geometry": { "type": "Point", "coordinates": [ 130.037501300000031, 32.860239 ] } },
{ "type": "Feature", "properties": { "内容": "株式会社　愛幸苑【通所介護】小長井町小川原浦1136", "url": "https://www.kaigokensaku.mhlw.go.jp/42/index.php?action_kouhyou_detail_004_kani=true&JigyosyoCd=4270402839-00&ServiceCd=150&Type=search", "url2": null }, "geometry": { "type": "Point", "coordinates": [ 130.183269200000041, 32.9178285 ] } },
{ "type": "Feature", "properties": { "内容": "デイサービスセンター和【通所介護】長崎県諫早市平山町８３６番地１", "url": "https://www.kaigokensaku.mhlw.go.jp/42/index.php?action_kouhyou_detail_004_kani=true&JigyosyoCd=4270402060-00&ServiceCd=150&Type=search", "url2": "http://nagomi-f.jp" }, "geometry": { "type": "Point", "coordinates": [ 130.032094, 32.820628800000016 ] } },
{ "type": "Feature", "properties": { "内容": "デイサービスセンター結華【通所介護】長崎県諫早市城見町6番6号", "url": "https://www.kaigokensaku.mhlw.go.jp/42/index.php?action_kouhyou_detail_004_kani=true&JigyosyoCd=4270403787-00&ServiceCd=150&Type=search", "url2": "https://yuika315com" }, "geometry": { "type": "Point", "coordinates": [ 130.0491913, 32.851019 ] } },
{ "type": "Feature", "properties": { "内容": "たらみデイサービスセンター【通所介護】長崎県諫早市多良見町木床1558番地", "url": "https://www.kaigokensaku.mhlw.go.jp/42/index.php?action_kouhyou_detail_004_kani=true&JigyosyoCd=4270401815-00&ServiceCd=150&Type=search", "url2": null }, "geometry": { "type": "Point", "coordinates": [ 129.98225350000007, 32.8357402 ] } },
{ "type": "Feature", "properties": { "内容": "デイサービスセンターふれあい【通所介護】長崎県諫早市高来町黒崎325番地高来ふれあい会館内", "url": "https://www.kaigokensaku.mhlw.go.jp/42/index.php?action_kouhyou_detail_004_kani=true&JigyosyoCd=4270401831-00&ServiceCd=150&Type=search", "url2": null }, "geometry": { "type": "Point", "coordinates": [ 130.127946599999973, 32.8991202 ] } },
{ "type": "Feature", "properties": { "内容": "デイサービスセンター　彩音【通所介護】長崎県諫早市原口町667－7", "url": "https://www.kaigokensaku.mhlw.go.jp/42/index.php?action_kouhyou_detail_004_kani=true&JigyosyoCd=4270402177-00&ServiceCd=150&Type=search", "url2": "https://www.ayane-isahaya.jp/" }, "geometry": { "type": "Point", "coordinates": [ 130.05348129999993, 32.839891 ] } },
{ "type": "Feature", "properties": { "内容": "デイサービスセンター　第二彩音【通所介護】長崎県諫早市西郷町９２６番地", "url": "https://www.kaigokensaku.mhlw.go.jp/42/index.php?action_kouhyou_detail_004_kani=true&JigyosyoCd=4270402599-00&ServiceCd=150&Type=search", "url2": "https://www.ayane-isahaya.jp/" }, "geometry": { "type": "Point", "coordinates": [ 130.059150300000027, 32.833730800000019 ] } },
{ "type": "Feature", "properties": { "内容": "上山デイサービスセンター【通所介護】長崎県諫早市野中町657番1合同会社　心の恵上山", "url": "https://www.kaigokensaku.mhlw.go.jp/42/index.php?action_kouhyou_detail_004_kani=true&JigyosyoCd=4270401849-00&ServiceCd=150&Type=search", "url2": null }, "geometry": { "type": "Point", "coordinates": [ 130.0550895, 32.8351804 ] } },
{ "type": "Feature", "properties": { "内容": "デイサービスセンターじゅげむ【通所介護】長崎県諫早市多良見町市布1272番地3", "url": "https://www.kaigokensaku.mhlw.go.jp/42/index.php?action_kouhyou_detail_004_kani=true&JigyosyoCd=4270403589-00&ServiceCd=150&Type=search", "url2": null }, "geometry": { "type": "Point", "coordinates": [ 129.9630932, 32.8125726 ] } },
{ "type": "Feature", "properties": { "内容": "デイサービスセンターしろみ【通所介護】長崎県諫早市城見町43番1号", "url": "https://www.kaigokensaku.mhlw.go.jp/42/index.php?action_kouhyou_detail_004_kani=true&JigyosyoCd=4270401351-00&ServiceCd=150&Type=search", "url2": "http://shiromi.jp/" }, "geometry": { "type": "Point", "coordinates": [ 130.049187, 32.855234 ] } },
{ "type": "Feature", "properties": { "内容": "社会福祉法人　祥仁会　特別養護老人ホーム　特養いいもり【通所介護】諫早市飯盛町開４８番地", "url": "https://www.kaigokensaku.mhlw.go.jp/42/index.php?action_kouhyou_detail_004_kani=true&JigyosyoCd=4271300198-00&ServiceCd=150&Type=search", "url2": "http://tokuyou-iimori.jp/" }, "geometry": { "type": "Point", "coordinates": [ 130.024260899999945, 32.7716982 ] } },
{ "type": "Feature", "properties": { "内容": "社会福祉法人　森の里福祉会　デイサービスセンター森の里【通所介護】長崎県諫早市森山町杉谷2899番地2", "url": "https://www.kaigokensaku.mhlw.go.jp/42/index.php?action_kouhyou_detail_004_kani=true&JigyosyoCd=4271300081-00&ServiceCd=150&Type=search", "url2": null }, "geometry": { "type": "Point", "coordinates": [ 130.141507, 32.8176849 ] } },
{ "type": "Feature", "properties": { "内容": "社会福祉法人　真津山福祉会　デイサービスセンター高望荘【通所介護】長崎県諫早市貝津町２６６１－１", "url": "https://www.kaigokensaku.mhlw.go.jp/42/index.php?action_kouhyou_detail_004_kani=true&JigyosyoCd=4270400320-00&ServiceCd=150&Type=search", "url2": "https://matsuyamafukushikai.jp/" }, "geometry": { "type": "Point", "coordinates": [ 130.020438900000045, 32.8343489 ] } },
{ "type": "Feature", "properties": { "内容": "デイサービスセンターオアシス【通所介護】長崎県諫早市福田町2-22", "url": "https://www.kaigokensaku.mhlw.go.jp/42/index.php?action_kouhyou_detail_004_kani=true&JigyosyoCd=4270403803-00&ServiceCd=150&Type=search", "url2": "https://matsuyamafukushikai.jp/" }, "geometry": { "type": "Point", "coordinates": [ 130.0566416, 32.8500506 ] } },
{ "type": "Feature", "properties": { "内容": "社会福祉法人清和福祉会　秀峰荘通所介護事業所【通所介護】長崎県諫早市森山町唐比西124番地5", "url": "https://www.kaigokensaku.mhlw.go.jp/42/index.php?action_kouhyou_detail_004_kani=true&JigyosyoCd=4270402540-00&ServiceCd=150&Type=search", "url2": "http://seiwafukushi.jp/carenet/" }, "geometry": { "type": "Point", "coordinates": [ 130.134553099999948, 32.7910482 ] } },
{ "type": "Feature", "properties": { "内容": "通所介護みらい【通所介護】長崎県諫早市長田町2781番地1", "url": "https://www.kaigokensaku.mhlw.go.jp/42/index.php?action_kouhyou_detail_004_kani=true&JigyosyoCd=4270403449-00&ServiceCd=150&Type=search", "url2": "http://seiwafukushi.jp/carenet/" }, "geometry": { "type": "Point", "coordinates": [ 130.075503419574062, 32.86563371808419 ] } },
{ "type": "Feature", "properties": { "内容": "社会福祉法人清和福祉会ゆたか荘通所介護事業所【通所介護】長崎県諌早市長田町2826番地1", "url": "https://www.kaigokensaku.mhlw.go.jp/42/index.php?action_kouhyou_detail_004_kani=true&JigyosyoCd=4270400312-00&ServiceCd=150&Type=search", "url2": "http://seiwafukushi.jp/carenet/" }, "geometry": { "type": "Point", "coordinates": [ 130.076032100000049, 32.8652978 ] } },
{ "type": "Feature", "properties": { "内容": "デイサービスセンター小長井希望園【通所介護】長崎県諌早市小長井町井崎1406", "url": "https://www.kaigokensaku.mhlw.go.jp/42/index.php?action_kouhyou_detail_004_kani=true&JigyosyoCd=4271300156-00&ServiceCd=150&Type=search", "url2": "www.zenyuukai.com" }, "geometry": { "type": "Point", "coordinates": [ 130.183008200000017, 32.9389016 ] } },
{ "type": "Feature", "properties": { "内容": "デイサービスセンター暖家【通所介護】長崎県諌早市幸町64-15", "url": "https://www.kaigokensaku.mhlw.go.jp/42/index.php?action_kouhyou_detail_004_kani=true&JigyosyoCd=4270401435-00&ServiceCd=150&Type=search", "url2": "https://danke-day.site/" }, "geometry": { "type": "Point", "coordinates": [ 130.071399161299126, 32.837829129632901 ] } },
{ "type": "Feature", "properties": { "内容": "老人デイサービスセンター花の里【通所介護】長崎県諌早市福田町3316-3", "url": "https://www.kaigokensaku.mhlw.go.jp/42/index.php?action_kouhyou_detail_004_kani=true&JigyosyoCd=4270400593-00&ServiceCd=150&Type=search", "url2": "http://www.fukusuikai.com/" }, "geometry": { "type": "Point", "coordinates": [ 130.058550299999979, 32.8583867 ] } },
{ "type": "Feature", "properties": { "内容": "社会福祉法人龍美会指定通所介護事業所【通所介護】長崎県諫早市福田町2366番地1-2", "url": "https://www.kaigokensaku.mhlw.go.jp/42/index.php?action_kouhyou_detail_004_kani=true&JigyosyoCd=4270400114-00&ServiceCd=150&Type=search", "url2": "https://ryubikai.com/" }, "geometry": { "type": "Point", "coordinates": [ 130.056056099999978, 32.8626279 ] } },
{ "type": "Feature", "properties": { "内容": "デイサービスあじさい【通所介護】長崎県諫早市飯盛町後田1648-2", "url": "https://www.kaigokensaku.mhlw.go.jp/42/index.php?action_kouhyou_detail_004_kani=true&JigyosyoCd=4270402730-00&ServiceCd=150&Type=search", "url2": null }, "geometry": { "type": "Point", "coordinates": [ 130.027312961376992, 32.769476453011805 ] } },
{ "type": "Feature", "properties": { "内容": "デイサービスまりん【通所介護】長崎県諫早市多良見町元釜5番地１５マリンビュー・６階", "url": "https://www.kaigokensaku.mhlw.go.jp/42/index.php?action_kouhyou_detail_004_kani=true&JigyosyoCd=4270402508-00&ServiceCd=150&Type=search", "url2": "http://www.aiplease.com/" }, "geometry": { "type": "Point", "coordinates": [ 129.932037, 32.857768 ] } },
{ "type": "Feature", "properties": { "内容": "デイサービス美南の丘【通所介護】長崎県諫早市小川町453番地1", "url": "https://www.kaigokensaku.mhlw.go.jp/42/index.php?action_kouhyou_detail_004_kani=true&JigyosyoCd=4270402052-00&ServiceCd=150&Type=search", "url2": "http://www.porarisu-grp.net" }, "geometry": { "type": "Point", "coordinates": [ 130.064444200000025, 32.8273237 ] } },
{ "type": "Feature", "properties": { "内容": "デイサービス小川【通所介護】長崎県諌早市小川町595-35", "url": "https://www.kaigokensaku.mhlw.go.jp/42/index.php?action_kouhyou_detail_004_kani=true&JigyosyoCd=4270402409-00&ServiceCd=150&Type=search", "url2": "https://porarisu-grp.net/" }, "geometry": { "type": "Point", "coordinates": [ 130.0634665, 32.8272237 ] } },
{ "type": "Feature", "properties": { "内容": "デイサービス夢咲【通所介護】長崎県諫早市本明町447-5", "url": "https://www.kaigokensaku.mhlw.go.jp/42/index.php?action_kouhyou_detail_004_kani=true&JigyosyoCd=4270403605-00&ServiceCd=150&Type=search", "url2": null }, "geometry": { "type": "Point", "coordinates": [ 130.028959541448302, 32.872152390221494 ] } },
{ "type": "Feature", "properties": { "内容": "ディサービス　春の小路【通所介護】長崎県諫早市西小路町６９１番地８", "url": "https://www.kaigokensaku.mhlw.go.jp/42/index.php?action_kouhyou_detail_004_kani=true&JigyosyoCd=4270403050-00&ServiceCd=150&Type=search", "url2": null }, "geometry": { "type": "Point", "coordinates": [ 130.053467400000045, 32.8408631 ] } },
{ "type": "Feature", "properties": { "内容": "デイサービスセンター　轟の里【通所介護】長崎県諫早市高来町三部壱257-1", "url": "https://www.kaigokensaku.mhlw.go.jp/42/index.php?action_kouhyou_detail_004_kani=true&JigyosyoCd=4270401179-00&ServiceCd=150&Type=search", "url2": "http://www.fujita-kikaku.net/" }, "geometry": { "type": "Point", "coordinates": [ 130.141364299999964, 32.9053305 ] } },
{ "type": "Feature", "properties": { "内容": "コンパスウォーク栄町【通所介護】栄町2-11102", "url": "https://www.kaigokensaku.mhlw.go.jp/42/index.php?action_kouhyou_detail_004_kani=true&JigyosyoCd=4270403522-00&ServiceCd=150&Type=search", "url2": "https://kinoukaifuku.com/shop/shop_info/kyusyu/nagasaki/420004/420004_018/420004_018.html" }, "geometry": { "type": "Point", "coordinates": [ 139.159279100000049, 35.2567345 ] } },
{ "type": "Feature", "properties": { "内容": "デイサービスセンターひばり【通所介護】長崎県諫早市船越町612番地3", "url": "https://www.kaigokensaku.mhlw.go.jp/42/index.php?action_kouhyou_detail_004_kani=true&JigyosyoCd=4270403746-00&ServiceCd=150&Type=search", "url2": "https://meichikai.com/" }, "geometry": { "type": "Point", "coordinates": [ 130.062289, 32.837697 ] } },
{ "type": "Feature", "properties": { "内容": "ふれあい船越　デイサービスセンター【通所介護】長崎県諫早市船越町658番地2", "url": "https://www.kaigokensaku.mhlw.go.jp/42/index.php?action_kouhyou_detail_004_kani=true&JigyosyoCd=4270401286-00&ServiceCd=150&Type=search", "url2": "meichikai.com" }, "geometry": { "type": "Point", "coordinates": [ 130.0649247, 32.8364447 ] } },
{ "type": "Feature", "properties": { "内容": "コンパスウォーク　高来店【通所介護】長崎県諫早市高来町峰468-80", "url": "https://www.kaigokensaku.mhlw.go.jp/42/index.php?action_kouhyou_detail_004_kani=true&JigyosyoCd=4270403704-00&ServiceCd=150&Type=search", "url2": null }, "geometry": { "type": "Point", "coordinates": [ 130.112409500000012, 32.8884932 ] } },
{ "type": "Feature", "properties": { "内容": "居宅生活支援センターケイ.コム【通所介護】長崎県諫早市貝津町1206-5", "url": "https://www.kaigokensaku.mhlw.go.jp/42/index.php?action_kouhyou_detail_004_kani=true&JigyosyoCd=4270403837-00&ServiceCd=150&Type=search", "url2": null }, "geometry": { "type": "Point", "coordinates": [ 130.00799760000001, 32.8410535 ] } },
{ "type": "Feature", "properties": { "内容": "宅老デイサービスあじさい【通所介護】長崎県諫早市高来町東平原１９２－１", "url": "https://www.kaigokensaku.mhlw.go.jp/42/index.php?action_kouhyou_detail_004_kani=true&JigyosyoCd=4270401799-00&ServiceCd=150&Type=search", "url2": null }, "geometry": { "type": "Point", "coordinates": [ 130.138914600000021, 32.910366 ] } },
{ "type": "Feature", "properties": { "内容": "デイサービス　レインボー【通所介護】長崎県大村市黒丸町1653番地1", "url": "https://www.kaigokensaku.mhlw.go.jp/42/index.php?action_kouhyou_detail_004_kani=true&JigyosyoCd=4270500749-00&ServiceCd=150&Type=search", "url2": null }, "geometry": { "type": "Point", "coordinates": [ 129.940113600000018, 32.9512573 ] } },
{ "type": "Feature", "properties": { "内容": "デイサービスセンター　らく元【通所介護】長崎県大村市東大村２丁目1616番地２", "url": "https://www.kaigokensaku.mhlw.go.jp/42/index.php?action_kouhyou_detail_004_kani=true&JigyosyoCd=4270501283-00&ServiceCd=150&Type=search", "url2": "http://keikokai.jp/" }, "geometry": { "type": "Point", "coordinates": [ 129.996880211639336, 32.926873546764512 ] } },
{ "type": "Feature", "properties": { "内容": "レッツ倶楽部大村【通所介護】長崎県大村市杭出津2丁目54-1", "url": "https://www.kaigokensaku.mhlw.go.jp/42/index.php?action_kouhyou_detail_004_kani=true&JigyosyoCd=4270502257-00&ServiceCd=150&Type=search", "url2": "https://www.lets-club.jp/shop/omura/about.html" }, "geometry": { "type": "Point", "coordinates": [ 129.954620299999988, 32.9162717 ] } },
{ "type": "Feature", "properties": { "内容": "デイサービスすわの杜樂苑【通所介護】長崎県大村市諏訪1丁目605番地", "url": "https://www.kaigokensaku.mhlw.go.jp/42/index.php?action_kouhyou_detail_004_kani=true&JigyosyoCd=4270501739-00&ServiceCd=150&Type=search", "url2": "https://jijibaba-net.com" }, "geometry": { "type": "Point", "coordinates": [ 129.963621314584742, 32.926319708011206 ] } },
{ "type": "Feature", "properties": { "内容": "蒼デイサービス【通所介護】長崎県大村市今津町417-1", "url": "https://www.kaigokensaku.mhlw.go.jp/42/index.php?action_kouhyou_detail_004_kani=true&JigyosyoCd=4270502059-00&ServiceCd=150&Type=search", "url2": null }, "geometry": { "type": "Point", "coordinates": [ 129.933733800000027, 32.9263414 ] } },
{ "type": "Feature", "properties": { "内容": "優心苑デイサービス【通所介護】長崎県大村市野田町56番地", "url": "https://www.kaigokensaku.mhlw.go.jp/42/index.php?action_kouhyou_detail_004_kani=true&JigyosyoCd=4270500954-00&ServiceCd=150&Type=search", "url2": "http://www.yushinen.com" }, "geometry": { "type": "Point", "coordinates": [ 129.964606199999906, 32.9545772 ] } },
{ "type": "Feature", "properties": { "内容": "ツクイ大村【通所介護】長崎県大村市協和町704-3", "url": "https://www.kaigokensaku.mhlw.go.jp/42/index.php?action_kouhyou_detail_004_kani=true&JigyosyoCd=4270501242-00&ServiceCd=150&Type=search", "url2": "http://www.tsukui.net/" }, "geometry": { "type": "Point", "coordinates": [ 129.944930699999986, 32.9194353 ] } },
{ "type": "Feature", "properties": { "内容": "デイサービス光【通所介護】長崎県大村市木場１丁目９９４－１ケアホーム光内1Ｆ", "url": "https://www.kaigokensaku.mhlw.go.jp/42/index.php?action_kouhyou_detail_004_kani=true&JigyosyoCd=4270501432-00&ServiceCd=150&Type=search", "url2": "http://www.noahikari.com" }, "geometry": { "type": "Point", "coordinates": [ 129.977684299999964, 32.9013234 ] } },
{ "type": "Feature", "properties": { "内容": "デイサービス葵【通所介護】長崎県大村市富の原1丁目1276-1デイサービス葵", "url": "https://www.kaigokensaku.mhlw.go.jp/42/index.php?action_kouhyou_detail_004_kani=true&JigyosyoCd=4270501879-00&ServiceCd=150&Type=search", "url2": null }, "geometry": { "type": "Point", "coordinates": [ 129.939191599999958, 32.9408804 ] } },
{ "type": "Feature", "properties": { "内容": "デイサービスセンター秋櫻【通所介護】長崎県大村市西大村本町755-1", "url": "https://www.kaigokensaku.mhlw.go.jp/42/index.php?action_kouhyou_detail_004_kani=true&JigyosyoCd=4270500558-00&ServiceCd=150&Type=search", "url2": "http://www.midori-group.com/" }, "geometry": { "type": "Point", "coordinates": [ 129.952476996295189, 32.929442479273966 ] } },
{ "type": "Feature", "properties": { "内容": "株式会社　コモテックス　デイサービスほのぼのハウス【通所介護】長崎県大村市松山町４６０－２", "url": "https://www.kaigokensaku.mhlw.go.jp/42/index.php?action_kouhyou_detail_004_kani=true&JigyosyoCd=4270500533-00&ServiceCd=150&Type=search", "url2": "http://www.komori-group.net/honobono/" }, "geometry": { "type": "Point", "coordinates": [ 129.946836399999938, 32.9128915 ] } },
{ "type": "Feature", "properties": { "内容": "デイサービスみかん【通所介護】長崎県大村市鬼橋町225-1デイサービスみかん", "url": "https://www.kaigokensaku.mhlw.go.jp/42/index.php?action_kouhyou_detail_004_kani=true&JigyosyoCd=4270501929-00&ServiceCd=150&Type=search", "url2": "ｋ．ｄａｙｍｉｋａｎ＠ｇａｌａｘｙ．ｎｅ．ｊｐ" }, "geometry": { "type": "Point", "coordinates": [ 129.95213416344086, 32.945167446723367 ] } },
{ "type": "Feature", "properties": { "内容": "デイサービスきらり【通所介護】長崎県大村市上諏訪町1259番地15", "url": "https://www.kaigokensaku.mhlw.go.jp/42/index.php?action_kouhyou_detail_004_kani=true&JigyosyoCd=4270502125-00&ServiceCd=150&Type=search", "url2": "https://virie-lcc.com/" }, "geometry": { "type": "Point", "coordinates": [ 129.970835599999987, 32.9235159 ] } },
{ "type": "Feature", "properties": { "内容": "デイサービスセンターキャロット広場【通所介護】長崎県大村市富の原2丁目4番地4", "url": "https://www.kaigokensaku.mhlw.go.jp/42/index.php?action_kouhyou_detail_004_kani=true&JigyosyoCd=4270500269-00&ServiceCd=150&Type=search", "url2": "http://www.keikokai.jp/" }, "geometry": { "type": "Point", "coordinates": [ 129.94172, 32.949440700000018 ] } },
{ "type": "Feature", "properties": { "内容": "社会福祉法人樹陽会デイサービスセンター湧泉荘【通所介護】長崎県大村市諏訪１丁目６７０番地６", "url": "https://www.kaigokensaku.mhlw.go.jp/42/index.php?action_kouhyou_detail_004_kani=true&JigyosyoCd=4270500087-00&ServiceCd=150&Type=search", "url2": "http://juyoukai.com/" }, "geometry": { "type": "Point", "coordinates": [ 129.9620516, 32.9241659 ] } },
{ "type": "Feature", "properties": { "内容": "老人デイサービスセンター松原のさと【通所介護】長崎県大村市松原本町274番地", "url": "https://www.kaigokensaku.mhlw.go.jp/42/index.php?action_kouhyou_detail_004_kani=true&JigyosyoCd=4270500285-00&ServiceCd=150&Type=search", "url2": "http://matsubara-wa.jp/matsubara/ds/" }, "geometry": { "type": "Point", "coordinates": [ 129.944993299999965, 32.9762162 ] } },
{ "type": "Feature", "properties": { "内容": "泉の里デイサービスセンター【通所介護】長崎県大村市東本町583", "url": "https://www.kaigokensaku.mhlw.go.jp/42/index.php?action_kouhyou_detail_004_kani=true&JigyosyoCd=4270500152-00&ServiceCd=150&Type=search", "url2": "http://www.izuminosato.jp" }, "geometry": { "type": "Point", "coordinates": [ 129.9578634, 32.9000257 ] } },
{ "type": "Feature", "properties": { "内容": "泉の里デイセンターとくせん（一般型）【通所介護】長崎県大村市徳泉川内町829", "url": "https://www.kaigokensaku.mhlw.go.jp/42/index.php?action_kouhyou_detail_004_kani=true&JigyosyoCd=4270501309-00&ServiceCd=150&Type=search", "url2": "http://www.izuminosato.jp" }, "geometry": { "type": "Point", "coordinates": [ 129.982558499999982, 32.9117421 ] } },
{ "type": "Feature", "properties": { "内容": "泉の里アーケード館デイサービスセンター【通所介護】長崎県大村市本町387番地1", "url": "https://www.kaigokensaku.mhlw.go.jp/42/index.php?action_kouhyou_detail_004_kani=true&JigyosyoCd=4270502091-00&ServiceCd=150&Type=search", "url2": "http://www.izuminosato.jp" }, "geometry": { "type": "Point", "coordinates": [ 129.959093599999989, 32.9068867 ] } },
{ "type": "Feature", "properties": { "内容": "社会福祉法人隆明会　デイサービスセンターふる里【通所介護】長崎県大村市鬼橋町１４１６番地", "url": "https://www.kaigokensaku.mhlw.go.jp/42/index.php?action_kouhyou_detail_004_kani=true&JigyosyoCd=4270500129-00&ServiceCd=150&Type=search", "url2": "https://ryumei-kai.or.jp/" }, "geometry": { "type": "Point", "coordinates": [ 129.958665200000041, 32.9459861 ] } },
{ "type": "Feature", "properties": { "内容": "デイサービスセンター　めぐみ荘【通所介護】長崎県大村市中里町180-1", "url": "https://www.kaigokensaku.mhlw.go.jp/42/index.php?action_kouhyou_detail_004_kani=true&JigyosyoCd=4270500160-00&ServiceCd=150&Type=search", "url2": "https://wajunkai.or.jp/dmegumi/" }, "geometry": { "type": "Point", "coordinates": [ 130.001460899999984, 32.8890804 ] } },
{ "type": "Feature", "properties": { "内容": "デイサービス悠久ひろば【通所介護】長崎県大村市東野岳町1699-4", "url": "https://www.kaigokensaku.mhlw.go.jp/42/index.php?action_kouhyou_detail_004_kani=true&JigyosyoCd=4270500970-00&ServiceCd=150&Type=search", "url2": "http://www.arumu.info/" }, "geometry": { "type": "Point", "coordinates": [ 129.97621330000004, 32.9771808 ] } },
{ "type": "Feature", "properties": { "内容": "伊和咲デイサービスセンター【通所介護】長崎県大村市岩松町939‐5", "url": "https://www.kaigokensaku.mhlw.go.jp/42/index.php?action_kouhyou_detail_004_kani=true&JigyosyoCd=4270401237-00&ServiceCd=150&Type=search", "url2": null }, "geometry": { "type": "Point", "coordinates": [ 129.983359476416979, 32.890467299510881 ] } },
{ "type": "Feature", "properties": { "内容": "デイサービス琴音【通所介護】長崎県大村市森園町1625番地１", "url": "https://www.kaigokensaku.mhlw.go.jp/42/index.php?action_kouhyou_detail_004_kani=true&JigyosyoCd=4270502224-00&ServiceCd=150&Type=search", "url2": "https://kotonoumi.com/" }, "geometry": { "type": "Point", "coordinates": [ 129.943105800000012, 32.9222386 ] } },
{ "type": "Feature", "properties": { "内容": "デイサービスゆ～かり【通所介護】長崎県大村市東三城町２９番地１の１", "url": "https://www.kaigokensaku.mhlw.go.jp/42/index.php?action_kouhyou_detail_004_kani=true&JigyosyoCd=4270501853-00&ServiceCd=150&Type=search", "url2": "https://www.minamino-hosp.jp/" }, "geometry": { "type": "Point", "coordinates": [ 129.9603105, 32.9118503 ] } },
{ "type": "Feature", "properties": { "内容": "ひらどせとデイサービス【通所介護】長崎県平戸市田平町山内免613-18", "url": "https://www.kaigokensaku.mhlw.go.jp/42/index.php?action_kouhyou_detail_004_kani=true&JigyosyoCd=4271500664-00&ServiceCd=150&Type=search", "url2": "https://hs.seisyukai.jp/" }, "geometry": { "type": "Point", "coordinates": [ 129.574972800000069, 33.3647512 ] } },
{ "type": "Feature", "properties": { "内容": "わだつみの里デイサービス事業所【通所介護】長崎県平戸市辻町１７８番地", "url": "https://www.kaigokensaku.mhlw.go.jp/42/index.php?action_kouhyou_detail_004_kani=true&JigyosyoCd=4270700083-00&ServiceCd=150&Type=search", "url2": null }, "geometry": { "type": "Point", "coordinates": [ 129.42609779999998, 33.2170798 ] } },
{ "type": "Feature", "properties": { "内容": "さるく温泉デイサービスセンター【通所介護】長崎県平戸市田平町小手田免1020番地2", "url": "https://www.kaigokensaku.mhlw.go.jp/42/index.php?action_kouhyou_detail_004_kani=true&JigyosyoCd=4270700760-00&ServiceCd=150&Type=search", "url2": "https://keishokai.jp" }, "geometry": { "type": "Point", "coordinates": [ 129.579264500000022, 33.353572 ] } },
{ "type": "Feature", "properties": { "内容": "なごみ【通所介護】長崎県平戸市生月町山田免1889", "url": "https://www.kaigokensaku.mhlw.go.jp/42/index.php?action_kouhyou_detail_004_kani=true&JigyosyoCd=4271500011-00&ServiceCd=150&Type=search", "url2": "https://ikitsukifukushikai.jp/" }, "geometry": { "type": "Point", "coordinates": [ 129.423760499999958, 33.3755245 ] } },
{ "type": "Feature", "properties": { "内容": "デイサービスセンター　光の園【通所介護】長崎県平戸市大久保町325番地", "url": "https://www.kaigokensaku.mhlw.go.jp/42/index.php?action_kouhyou_detail_004_kani=true&JigyosyoCd=4270700570-00&ServiceCd=150&Type=search", "url2": "http://www.ans.co.jp/u/hikarinosono" }, "geometry": { "type": "Point", "coordinates": [ 129.545393500000046, 33.3933558 ] } },
{ "type": "Feature", "properties": { "内容": "平戸みどりが丘デイサービスセンター【通所介護】長崎県平戸市岩の上町825番地1", "url": "https://www.kaigokensaku.mhlw.go.jp/42/index.php?action_kouhyou_detail_004_kani=true&JigyosyoCd=4270700687-00&ServiceCd=150&Type=search", "url2": "http://www.hakujukai.com" }, "geometry": { "type": "Point", "coordinates": [ 129.56459, 33.357513 ] } },
{ "type": "Feature", "properties": { "内容": "平戸荘デイサービスセンター【通所介護】長崎県平戸市紐差町４５０番地", "url": "https://www.kaigokensaku.mhlw.go.jp/42/index.php?action_kouhyou_detail_004_kani=true&JigyosyoCd=4270700067-00&ServiceCd=150&Type=search", "url2": "http://hakujukai.com" }, "geometry": { "type": "Point", "coordinates": [ 129.475816834393299, 33.284610148537503 ] } },
{ "type": "Feature", "properties": { "内容": "平戸市社協通所介護平戸事業所【通所介護】長崎県平戸市岩の上町１４６６番地平戸市社会福祉センター", "url": "https://www.kaigokensaku.mhlw.go.jp/42/index.php?action_kouhyou_detail_004_kani=true&JigyosyoCd=4270700430-00&ServiceCd=150&Type=search", "url2": "http://www.sha-kyo.net/" }, "geometry": { "type": "Point", "coordinates": [ 129.5566043, 33.3692951 ] } },
{ "type": "Feature", "properties": { "内容": "平戸市社協通所介護生月事業所【通所介護】長崎県平戸市生月町山田免3011番地", "url": "https://www.kaigokensaku.mhlw.go.jp/42/index.php?action_kouhyou_detail_004_kani=true&JigyosyoCd=4270700406-00&ServiceCd=150&Type=search", "url2": "http://www.sha-kyo.net" }, "geometry": { "type": "Point", "coordinates": [ 129.424652, 33.3803405 ] } },
{ "type": "Feature", "properties": { "内容": "平戸市社協通所介護田平事業所【通所介護】長崎県平戸市田平町里免９０番地", "url": "https://www.kaigokensaku.mhlw.go.jp/42/index.php?action_kouhyou_detail_004_kani=true&JigyosyoCd=4270700380-00&ServiceCd=150&Type=search", "url2": "http://www.sha-kyo.net" }, "geometry": { "type": "Point", "coordinates": [ 129.589197099999978, 33.3598795 ] } },
{ "type": "Feature", "properties": { "内容": "デイサービスセンターさるく【通所介護】長崎県平戸市戸石川町491番6ケアホームあんじん", "url": "https://www.kaigokensaku.mhlw.go.jp/42/index.php?action_kouhyou_detail_004_kani=true&JigyosyoCd=4270700745-00&ServiceCd=150&Type=search", "url2": null }, "geometry": { "type": "Point", "coordinates": [ 129.549371865606645, 33.363136528992904 ] } },
{ "type": "Feature", "properties": { "内容": "松浦市社協松浦支所通所介護事業所【通所介護】長崎県松浦市志佐町里免３４７番地４松浦市市民福祉総合プラザ・２階", "url": "https://www.kaigokensaku.mhlw.go.jp/42/index.php?action_kouhyou_detail_004_kani=true&JigyosyoCd=4270800495-00&ServiceCd=150&Type=search", "url2": "http://www.matsuura-shakyo.com" }, "geometry": { "type": "Point", "coordinates": [ 129.708946422753911, 33.341365459619986 ] } },
{ "type": "Feature", "properties": { "内容": "松浦市社協鷹島支所通所介護事業所【通所介護】長崎県松浦市鷹島町神崎免137番地1松浦市高齢者生活福祉センター", "url": "https://www.kaigokensaku.mhlw.go.jp/42/index.php?action_kouhyou_detail_004_kani=true&JigyosyoCd=4271501183-00&ServiceCd=150&Type=search", "url2": "https://www.matsuura-shakyo.com/" }, "geometry": { "type": "Point", "coordinates": [ 129.761073900000042, 33.436196 ] } },
{ "type": "Feature", "properties": { "内容": "社会福祉法人福島福祉会　いろは島荘デイサービス事業所【通所介護】長崎県松浦市福島町塩浜免3002番地", "url": "https://www.kaigokensaku.mhlw.go.jp/42/index.php?action_kouhyou_detail_004_kani=true&JigyosyoCd=4271500367-00&ServiceCd=150&Type=search", "url2": "http://www.irohajimasou.com" }, "geometry": { "type": "Point", "coordinates": [ 129.823632500000031, 33.3657634 ] } },
{ "type": "Feature", "properties": { "内容": "社会福祉法人幸生会老人デイサービスセンター峰幸園通所介護事業所【通所介護】長崎県対馬市峰町三根６５番地", "url": "https://www.kaigokensaku.mhlw.go.jp/42/index.php?action_kouhyou_detail_004_kani=true&JigyosyoCd=4271900062-00&ServiceCd=150&Type=search", "url2": "http://www.koseikai.or.jp/" }, "geometry": { "type": "Point", "coordinates": [ 129.312645605557236, 34.469340916956739 ] } },
{ "type": "Feature", "properties": { "内容": "長崎県対馬市厳原町内山59番地28【通所介護】長崎県対馬市厳原町内山59番地28", "url": "https://www.kaigokensaku.mhlw.go.jp/42/index.php?action_kouhyou_detail_004_kani=true&JigyosyoCd=4272000573-00&ServiceCd=150&Type=search", "url2": null }, "geometry": { "type": "Point", "coordinates": [ 129.223451100000034, 34.1586913 ] } },
{ "type": "Feature", "properties": { "内容": "デイサービスセンターあすか園【通所介護】長崎県対馬市厳原町下原434番地5", "url": "https://www.kaigokensaku.mhlw.go.jp/42/index.php?action_kouhyou_detail_004_kani=true&JigyosyoCd=4271800122-00&ServiceCd=150&Type=search", "url2": "http://asuka-fukushi.or.jp/" }, "geometry": { "type": "Point", "coordinates": [ 129.222509100000025, 34.2284091 ] } },
{ "type": "Feature", "properties": { "内容": "デイサービスセンターおふなえ【通所介護】長崎県対馬市厳原町久田737-21総合福祉センターお船江の里", "url": "https://www.kaigokensaku.mhlw.go.jp/42/index.php?action_kouhyou_detail_004_kani=true&JigyosyoCd=4271800304-00&ServiceCd=150&Type=search", "url2": "http://asuka-fukushi.or.jp/" }, "geometry": { "type": "Point", "coordinates": [ 129.28526839999995, 34.1876109 ] } },
{ "type": "Feature", "properties": { "内容": "デイサービスセンター　つばき園【通所介護】長崎県対馬市厳原町豆酘６３１－９", "url": "https://www.kaigokensaku.mhlw.go.jp/42/index.php?action_kouhyou_detail_004_kani=true&JigyosyoCd=4271800130-00&ServiceCd=150&Type=search", "url2": "http://asuka-fukushi.or.jp" }, "geometry": { "type": "Point", "coordinates": [ 129.185702741139266, 34.119922834469165 ] } },
{ "type": "Feature", "properties": { "内容": "デイサービスセンター　しらたけ【通所介護】長崎県対馬市美津島町鶏知乙1168-1", "url": "https://www.kaigokensaku.mhlw.go.jp/42/index.php?action_kouhyou_detail_004_kani=true&JigyosyoCd=4271800114-00&ServiceCd=150&Type=search", "url2": "http://asuka-fukushi.or.jp" }, "geometry": { "type": "Point", "coordinates": [ 129.318408399999953, 34.2850022 ] } },
{ "type": "Feature", "properties": { "内容": "豊生園通所介護事業所【通所介護】長崎県対馬市豊玉町仁位91番地3", "url": "https://www.kaigokensaku.mhlw.go.jp/42/index.php?action_kouhyou_detail_004_kani=true&JigyosyoCd=4271800205-00&ServiceCd=150&Type=search", "url2": "http://www.koseikai.or.jp" }, "geometry": { "type": "Point", "coordinates": [ 129.313574099999983, 34.3880885 ] } },
{ "type": "Feature", "properties": { "内容": "通所介護サービス事業所　なるたき園【通所介護】長崎県対馬市上対馬町玖須647番地", "url": "https://www.kaigokensaku.mhlw.go.jp/42/index.php?action_kouhyou_detail_004_kani=true&JigyosyoCd=4272000623-00&ServiceCd=150&Type=search", "url2": "http://www.sun.tcctv.ne.jp/keichoukai/" }, "geometry": { "type": "Point", "coordinates": [ 129.443073, 34.630732 ] } },
{ "type": "Feature", "properties": { "内容": "お泊まりデイサービス憩【通所介護】長崎県壱岐市芦辺町国分東触587番地", "url": "https://www.kaigokensaku.mhlw.go.jp/42/index.php?action_kouhyou_detail_004_kani=true&JigyosyoCd=4272100498-00&ServiceCd=150&Type=search", "url2": "https://otomari-kei.com/" }, "geometry": { "type": "Point", "coordinates": [ 129.7215118, 33.7976685 ] } },
{ "type": "Feature", "properties": { "内容": "社会医療法人　玄州会　デイサービスセンターリバティ【通所介護】長崎県壱岐市郷ノ浦町永田触295番地4", "url": "https://www.kaigokensaku.mhlw.go.jp/42/index.php?action_kouhyou_detail_004_kani=true&JigyosyoCd=4272100365-00&ServiceCd=150&Type=search", "url2": "http://www.gensyukai.or.jp/" }, "geometry": { "type": "Point", "coordinates": [ 129.699642600000061, 33.7520222 ] } },
{ "type": "Feature", "properties": { "内容": "パワーリハビリテーションセンター光風【通所介護】長崎県壱岐市郷ノ浦町東触1012番地１", "url": "https://www.kaigokensaku.mhlw.go.jp/42/index.php?action_kouhyou_detail_004_kani=true&JigyosyoCd=4272100316-00&ServiceCd=150&Type=search", "url2": "ｗｗｗ/ｇｅｎｓｈｕｋａｉ.ｏｒ.ｊｐ" }, "geometry": { "type": "Point", "coordinates": [ 129.706711300000052, 33.7533888 ] } },
{ "type": "Feature", "properties": { "内容": "社会医療法人玄州会　デイサービスセンター光風【通所介護】長崎県壱岐市郷ノ浦町東触1005番地", "url": "https://www.kaigokensaku.mhlw.go.jp/42/index.php?action_kouhyou_detail_004_kani=true&JigyosyoCd=4272100225-00&ServiceCd=150&Type=search", "url2": "http://www.gensyukai.or.jp/" }, "geometry": { "type": "Point", "coordinates": [ 129.706864099999962, 33.7526139 ] } },
{ "type": "Feature", "properties": { "内容": "壱岐市社協芦辺通所介護事業所【通所介護】長崎県壱岐市芦辺町箱崎中山触２５４８番地", "url": "https://www.kaigokensaku.mhlw.go.jp/42/index.php?action_kouhyou_detail_004_kani=true&JigyosyoCd=4272100118-00&ServiceCd=150&Type=search", "url2": "https://ikicity-csw.jp/" }, "geometry": { "type": "Point", "coordinates": [ 129.747211600000014, 33.8096575 ] } },
{ "type": "Feature", "properties": { "内容": "壱岐市社協郷ノ浦通所介護事業所【通所介護】長崎県壱岐市郷ノ浦町坪触3099番地", "url": "https://www.kaigokensaku.mhlw.go.jp/42/index.php?action_kouhyou_detail_004_kani=true&JigyosyoCd=4272100035-00&ServiceCd=150&Type=search", "url2": "https://ikicity-csw.jp/" }, "geometry": { "type": "Point", "coordinates": [ 129.697454900000025, 33.7321548 ] } },
{ "type": "Feature", "properties": { "内容": "壱岐市社協　勝本通所介護事業所【通所介護】長崎県壱岐市勝本町大久保触１７３６番地２", "url": "https://www.kaigokensaku.mhlw.go.jp/42/index.php?action_kouhyou_detail_004_kani=true&JigyosyoCd=4272100076-00&ServiceCd=150&Type=search", "url2": "https://ikicity-csw.jp/" }, "geometry": { "type": "Point", "coordinates": [ 129.6918508, 33.8439195 ] } },
{ "type": "Feature", "properties": { "内容": "壱岐市社協石田通所介護事業所【通所介護】長崎県壱岐市石田町石田西触1486-1", "url": "https://www.kaigokensaku.mhlw.go.jp/42/index.php?action_kouhyou_detail_004_kani=true&JigyosyoCd=4272100167-00&ServiceCd=150&Type=search", "url2": "https://ikicity-csw.jp/" }, "geometry": { "type": "Point", "coordinates": [ 129.75316429999998, 33.7452157 ] } },
{ "type": "Feature", "properties": { "内容": "デイサービスセンター　壱岐のこころ【通所介護】長崎県壱岐市勝本町布気触948番地1", "url": "https://www.kaigokensaku.mhlw.go.jp/42/index.php?action_kouhyou_detail_004_kani=true&JigyosyoCd=4272100472-00&ServiceCd=150&Type=search", "url2": "https://www.kokoro.ac.jp/gr/ishinkai-iki/" }, "geometry": { "type": "Point", "coordinates": [ 129.690065470716462, 33.806554898077678 ] } },
{ "type": "Feature", "properties": { "内容": "ディサービス天意【通所介護】長崎県五島市大荒町1312番地", "url": "https://www.kaigokensaku.mhlw.go.jp/42/index.php?action_kouhyou_detail_004_kani=true&JigyosyoCd=4272200488-00&ServiceCd=150&Type=search", "url2": null }, "geometry": { "type": "Point", "coordinates": [ 128.838109799999984, 32.6980601 ] } },
{ "type": "Feature", "properties": { "内容": "デイサービスのぼる【通所介護】長崎県五島市大荒町1312デイサービスのぼる", "url": "https://www.kaigokensaku.mhlw.go.jp/42/index.php?action_kouhyou_detail_004_kani=true&JigyosyoCd=4272200983-00&ServiceCd=150&Type=search", "url2": null }, "geometry": { "type": "Point", "coordinates": [ 128.8231602, 32.7043341 ] } },
{ "type": "Feature", "properties": { "内容": "デイサービス　風の杜【通所介護】長崎県五島市上大津町2532", "url": "https://www.kaigokensaku.mhlw.go.jp/42/index.php?action_kouhyou_detail_004_kani=true&JigyosyoCd=4272200660-00&ServiceCd=150&Type=search", "url2": "http://goto.kazenomori.net" }, "geometry": { "type": "Point", "coordinates": [ 128.844932200000017, 32.6704421 ] } },
{ "type": "Feature", "properties": { "内容": "株式会社　デイサ－ビスセンタ－やまうち【通所介護】長崎県五島市岐宿町中嶽１４９３番地１", "url": "https://www.kaigokensaku.mhlw.go.jp/42/index.php?action_kouhyou_detail_004_kani=true&JigyosyoCd=4272200389-00&ServiceCd=150&Type=search", "url2": "http://day-yamauchi.com/" }, "geometry": { "type": "Point", "coordinates": [ 128.737905299999966, 32.6798621 ] } },
{ "type": "Feature", "properties": { "内容": "社会福祉法人　五島市社会福祉協議会　富江支所　通所介護事業所【通所介護】長崎県五島市富江町狩立４０２番地１", "url": "https://www.kaigokensaku.mhlw.go.jp/42/index.php?action_kouhyou_detail_004_kani=true&JigyosyoCd=4271600787-00&ServiceCd=150&Type=search", "url2": "http://www.goto-shakyo.or.jp" }, "geometry": { "type": "Point", "coordinates": [ 128.7634918, 32.6123645 ] } },
{ "type": "Feature", "properties": { "内容": "パワーリハビリディ　健康ランド【通所介護】長崎県五島市奥浦町１３２１番地６", "url": "https://www.kaigokensaku.mhlw.go.jp/42/index.php?action_kouhyou_detail_004_kani=true&JigyosyoCd=4270604160-00&ServiceCd=150&Type=search", "url2": "http://okuura.web.fc2.com/o/" }, "geometry": { "type": "Point", "coordinates": [ 128.82809539999991, 32.7383024 ] } },
{ "type": "Feature", "properties": { "内容": "かけはし福江通所介護【通所介護】長崎県五島市武家屋敷3丁目２番地6号", "url": "https://www.kaigokensaku.mhlw.go.jp/42/index.php?action_kouhyou_detail_004_kani=true&JigyosyoCd=4272200595-00&ServiceCd=150&Type=search", "url2": "nagomikai-kakehashi.or.jp" }, "geometry": { "type": "Point", "coordinates": [ 128.843298600000026, 32.6909466 ] } },
{ "type": "Feature", "properties": { "内容": "西海市社協おおせとデイサービスセンター【通所介護】長崎県西海市大瀬戸町多以良内郷４３４番地２大瀬戸社会福祉センター", "url": "https://www.kaigokensaku.mhlw.go.jp/42/index.php?action_kouhyou_detail_004_kani=true&JigyosyoCd=4272300031-00&ServiceCd=150&Type=search", "url2": "https://www.shakyo-saikai.jp/" }, "geometry": { "type": "Point", "coordinates": [ 129.644969903819174, 32.958790121503661 ] } },
{ "type": "Feature", "properties": { "内容": "西海市社協おおさきデイサービスセンター【通所介護】長崎県西海市崎戸町蛎浦郷2060番地7", "url": "https://www.kaigokensaku.mhlw.go.jp/42/index.php?action_kouhyou_detail_004_kani=true&JigyosyoCd=4272300163-00&ServiceCd=150&Type=search", "url2": "https://www.shakyo-saikai.jp/" }, "geometry": { "type": "Point", "coordinates": [ 129.564531699999947, 33.0207556 ] } },
{ "type": "Feature", "properties": { "内容": "西海市社協さいかいデイサービスセンター【通所介護】長崎県西海市西海町1477番地１", "url": "https://www.kaigokensaku.mhlw.go.jp/42/index.php?action_kouhyou_detail_004_kani=true&JigyosyoCd=4272300106-00&ServiceCd=150&Type=search", "url2": "https://www.shakyo-saikai.jp/" }, "geometry": { "type": "Point", "coordinates": [ 129.677751854115115, 33.062027106301677 ] } },
{ "type": "Feature", "properties": { "内容": "西海市社協せいひデイサービスセンター【通所介護】長崎県西海市西彼町鳥加郷２２１８番地", "url": "https://www.kaigokensaku.mhlw.go.jp/42/index.php?action_kouhyou_detail_004_kani=true&JigyosyoCd=4272300064-00&ServiceCd=150&Type=search", "url2": "https://www.shakyo-saikai.jp/" }, "geometry": { "type": "Point", "coordinates": [ 129.74820728213956, 32.990120947440197 ] } },
{ "type": "Feature", "properties": { "内容": "瀬戸広域デイサービスセンター【通所介護】長崎県西海市大瀬戸町瀬戸西濱郷1603番地12", "url": "https://www.kaigokensaku.mhlw.go.jp/42/index.php?action_kouhyou_detail_004_kani=true&JigyosyoCd=4272300403-00&ServiceCd=150&Type=search", "url2": "http://ryokuyokai.jp/" }, "geometry": { "type": "Point", "coordinates": [ 129.665429, 32.9489231 ] } },
{ "type": "Feature", "properties": { "内容": "デイサービスセンター南串山荘【通所介護】長崎県雲仙市南串山町丙１０７２２番地", "url": "https://www.kaigokensaku.mhlw.go.jp/42/index.php?action_kouhyou_detail_004_kani=true&JigyosyoCd=4271400493-00&ServiceCd=150&Type=search", "url2": "http://www.keikokai.jp/ansin_minami/index.html" }, "geometry": { "type": "Point", "coordinates": [ 130.149821400000064, 32.6729283 ] } },
{ "type": "Feature", "properties": { "内容": "社会福祉法人八幡会　デイサービス宮【通所介護】長崎県雲仙市南串山町丙９８０４番地１", "url": "https://www.kaigokensaku.mhlw.go.jp/42/index.php?action_kouhyou_detail_004_kani=true&JigyosyoCd=4271400956-00&ServiceCd=150&Type=search", "url2": "http://www.hachimankai.or.jp/day/index.php" }, "geometry": { "type": "Point", "coordinates": [ 130.146109799999977, 32.6810221 ] } },
{ "type": "Feature", "properties": { "内容": "湯遊ハウス【通所介護】雲仙市小浜町北本町２１７番地", "url": "https://www.kaigokensaku.mhlw.go.jp/42/index.php?action_kouhyou_detail_004_kani=true&JigyosyoCd=4271400857-00&ServiceCd=150&Type=search", "url2": "http://www.obamakai.com/" }, "geometry": { "type": "Point", "coordinates": [ 130.209481099999948, 32.7355201 ] } },
{ "type": "Feature", "properties": { "内容": "社会福祉法人　朝日福祉会　桃源園【通所介護】長崎県雲仙市国見町神代甲900-5", "url": "https://www.kaigokensaku.mhlw.go.jp/42/index.php?action_kouhyou_detail_004_kani=true&JigyosyoCd=4271400881-00&ServiceCd=150&Type=search", "url2": null }, "geometry": { "type": "Point", "coordinates": [ 130.274407099999962, 32.8649103 ] } },
{ "type": "Feature", "properties": { "内容": "デイサービスセンター佃の里【通所介護】長崎県雲仙市吾妻町永中名48－1", "url": "https://www.kaigokensaku.mhlw.go.jp/42/index.php?action_kouhyou_detail_004_kani=true&JigyosyoCd=4271401533-00&ServiceCd=150&Type=search", "url2": "http://fujita-kikaku.net" }, "geometry": { "type": "Point", "coordinates": [ 130.181041899999968, 32.8352945 ] } },
{ "type": "Feature", "properties": { "内容": "デイサービスセンター　　おおいし【通所介護】長崎県雲仙市愛野町乙1162-1番地", "url": "https://www.kaigokensaku.mhlw.go.jp/42/index.php?action_kouhyou_detail_004_kani=true&JigyosyoCd=4272400237-00&ServiceCd=150&Type=search", "url2": null }, "geometry": { "type": "Point", "coordinates": [ 130.159535402516212, 32.810329903267984 ] } },
{ "type": "Feature", "properties": { "内容": "デイサービスなずな【通所介護】長崎県雲仙市千々石町庚1297-1", "url": "https://www.kaigokensaku.mhlw.go.jp/42/index.php?action_kouhyou_detail_004_kani=true&JigyosyoCd=4272400328-00&ServiceCd=150&Type=search", "url2": "http://nanogroup.or.jp/" }, "geometry": { "type": "Point", "coordinates": [ 130.213583345893881, 32.762308092055392 ] } },
{ "type": "Feature", "properties": { "内容": "デイサービス友悠【通所介護】長崎県雲仙市国見町土黒戊40番地", "url": "https://www.kaigokensaku.mhlw.go.jp/42/index.php?action_kouhyou_detail_004_kani=true&JigyosyoCd=4272400435-00&ServiceCd=150&Type=search", "url2": null }, "geometry": { "type": "Point", "coordinates": [ 130.287918699999977, 32.866189 ] } },
{ "type": "Feature", "properties": { "内容": "月光園　デイサービスセンター【通所介護】長崎県雲仙市国見町土黒丙６８－１月光園デイサービス棟", "url": "https://www.kaigokensaku.mhlw.go.jp/42/index.php?action_kouhyou_detail_004_kani=true&JigyosyoCd=4272400484-00&ServiceCd=150&Type=search", "url2": "http://getuko/jp/" }, "geometry": { "type": "Point", "coordinates": [ 130.297031212897508, 32.871738536229117 ] } },
{ "type": "Feature", "properties": { "内容": "介護予防事業所　吾妻デイサービスセンター【通所介護】長崎県雲仙市吾妻町馬場名403番地", "url": "https://www.kaigokensaku.mhlw.go.jp/42/index.php?action_kouhyou_detail_004_kani=true&JigyosyoCd=4272400385-00&ServiceCd=150&Type=search", "url2": "https://aduma.or.jp/dayservice/" }, "geometry": { "type": "Point", "coordinates": [ 130.189355, 32.8302893 ] } },
{ "type": "Feature", "properties": { "内容": "デイサービスセンターげんきはうす【通所介護】長崎県雲仙市千々石町甲4-4", "url": "https://www.kaigokensaku.mhlw.go.jp/42/index.php?action_kouhyou_detail_004_kani=true&JigyosyoCd=4272400419-00&ServiceCd=150&Type=search", "url2": null }, "geometry": { "type": "Point", "coordinates": [ 130.194315, 32.7834158 ] } },
{ "type": "Feature", "properties": { "内容": "デイサービスセンタークベレ【通所介護】長崎県雲仙市千々石町戊182番地4", "url": "https://www.kaigokensaku.mhlw.go.jp/42/index.php?action_kouhyou_detail_004_kani=true&JigyosyoCd=4272400542-00&ServiceCd=150&Type=search", "url2": "http://www.quelle-gp.jp/" }, "geometry": { "type": "Point", "coordinates": [ 130.194292899999937, 32.7820743 ] } },
{ "type": "Feature", "properties": { "内容": "デイセンター　やまぼうし【通所介護】長崎県雲仙市小浜町雲仙314", "url": "https://www.kaigokensaku.mhlw.go.jp/42/index.php?action_kouhyou_detail_004_kani=true&JigyosyoCd=4271402325-00&ServiceCd=150&Type=search", "url2": null }, "geometry": { "type": "Point", "coordinates": [ 130.2608851, 32.7425974 ] } },
{ "type": "Feature", "properties": { "内容": "老人デイサ－ビスセンタ－いこい園【通所介護】長崎県南島原市西有家町須川2823番地", "url": "https://www.kaigokensaku.mhlw.go.jp/42/index.php?action_kouhyou_detail_004_kani=true&JigyosyoCd=4271400352-00&ServiceCd=150&Type=search", "url2": null }, "geometry": { "type": "Point", "coordinates": [ 130.28696739999998, 32.6664456 ] } },
{ "type": "Feature", "properties": { "内容": "デイサービスセンター　かなめ木【通所介護】長崎県南島原市南有馬町乙1220-1", "url": "https://www.kaigokensaku.mhlw.go.jp/42/index.php?action_kouhyou_detail_004_kani=true&JigyosyoCd=4271402333-00&ServiceCd=150&Type=search", "url2": "https://matsuo-inc.com/" }, "geometry": { "type": "Point", "coordinates": [ 130.245152800000028, 32.631054 ] } },
{ "type": "Feature", "properties": { "内容": "デイサービスセンターあけぼの【通所介護】長崎県南島原市布津町乙１８６２番地２", "url": "https://www.kaigokensaku.mhlw.go.jp/42/index.php?action_kouhyou_detail_004_kani=true&JigyosyoCd=4271400816-00&ServiceCd=150&Type=search", "url2": "http://k-akebono.com/" }, "geometry": { "type": "Point", "coordinates": [ 130.353031900000019, 32.6941255 ] } },
{ "type": "Feature", "properties": { "内容": "デイサービスセンター　玉成園【通所介護】長崎県南島原市口之津町甲1190番地1", "url": "https://www.kaigokensaku.mhlw.go.jp/42/index.php?action_kouhyou_detail_004_kani=true&JigyosyoCd=4271400519-00&ServiceCd=150&Type=search", "url2": "https://gyokuseien.com" }, "geometry": { "type": "Point", "coordinates": [ 130.1880827, 32.6053298 ] } },
{ "type": "Feature", "properties": { "内容": "デイサービスセンター望海【通所介護】長崎県南島原市南有馬町甲１２７０", "url": "https://www.kaigokensaku.mhlw.go.jp/42/index.php?action_kouhyou_detail_004_kani=true&JigyosyoCd=4271400691-00&ServiceCd=150&Type=search", "url2": null }, "geometry": { "type": "Point", "coordinates": [ 130.227004399999942, 32.6110047 ] } },
{ "type": "Feature", "properties": { "内容": "デイサービスセンター有馬荘【通所介護】長崎県南島原市北有馬町甲3181番地8", "url": "https://www.kaigokensaku.mhlw.go.jp/42/index.php?action_kouhyou_detail_004_kani=true&JigyosyoCd=4271400675-00&ServiceCd=150&Type=search", "url2": "http://www.heiwa-kai.com" }, "geometry": { "type": "Point", "coordinates": [ 130.195246600000019, 32.6731009 ] } },
{ "type": "Feature", "properties": { "内容": "デイサービスセンター眉山荘【通所介護】長崎県南島原市深江町乙８５７", "url": "https://www.kaigokensaku.mhlw.go.jp/42/index.php?action_kouhyou_detail_004_kani=true&JigyosyoCd=4271400097-00&ServiceCd=150&Type=search", "url2": "bizansou@orange.ocn.ne.jp" }, "geometry": { "type": "Point", "coordinates": [ 130.331821799999943, 32.7244617 ] } },
{ "type": "Feature", "properties": { "内容": "デイサービスセンター　こすもす【通所介護】長崎県南島原市布津町乙369番地1", "url": "https://www.kaigokensaku.mhlw.go.jp/42/index.php?action_kouhyou_detail_004_kani=true&JigyosyoCd=4271402366-00&ServiceCd=150&Type=search", "url2": null }, "geometry": { "type": "Point", "coordinates": [ 130.346713, 32.6965585 ] } },
{ "type": "Feature", "properties": { "内容": "南島原市社協　デイサービスセンター布津【通所介護】長崎県南島原市布津町乙470番地", "url": "https://www.kaigokensaku.mhlw.go.jp/42/index.php?action_kouhyou_detail_004_kani=true&JigyosyoCd=4272500184-00&ServiceCd=150&Type=search", "url2": "http://www.minashimashakyo.or.jp/" }, "geometry": { "type": "Point", "coordinates": [ 130.346668499999964, 32.6982584 ] } },
{ "type": "Feature", "properties": { "内容": "南島原市社協　デイサービスセンター有家【通所介護】長崎県南島原市有家町石田5番地１", "url": "https://www.kaigokensaku.mhlw.go.jp/42/index.php?action_kouhyou_detail_004_kani=true&JigyosyoCd=4272500168-00&ServiceCd=150&Type=search", "url2": "http://www.minashimashakyo.or.jp" }, "geometry": { "type": "Point", "coordinates": [ 130.331152, 32.6684966 ] } },
{ "type": "Feature", "properties": { "内容": "デイサービスなないろ【通所介護】長崎県南島原市加津佐町己３２５９番地１", "url": "https://www.kaigokensaku.mhlw.go.jp/42/index.php?action_kouhyou_detail_004_kani=true&JigyosyoCd=4272500804-00&ServiceCd=150&Type=search", "url2": null }, "geometry": { "type": "Point", "coordinates": [ 130.1671259, 32.630408 ] } },
{ "type": "Feature", "properties": { "内容": "有限会社新生堂　デイサービスセンターきらら【通所介護】長崎県南島原市西有家町見岳６０７", "url": "https://www.kaigokensaku.mhlw.go.jp/42/index.php?action_kouhyou_detail_004_kani=true&JigyosyoCd=4272500259-00&ServiceCd=150&Type=search", "url2": "http://wwwdsckirara2007.com" }, "geometry": { "type": "Point", "coordinates": [ 130.29274369999996, 32.6852553 ] } },
{ "type": "Feature", "properties": { "内容": "デイサービスセンター加津佐荘【通所介護】長崎県南島原市加津佐町乙618番地", "url": "https://www.kaigokensaku.mhlw.go.jp/42/index.php?action_kouhyou_detail_004_kani=true&JigyosyoCd=4271400584-00&ServiceCd=150&Type=search", "url2": null }, "geometry": { "type": "Point", "coordinates": [ 130.1572059, 32.6324514 ] } },
{ "type": "Feature", "properties": { "内容": "医療法人　薫風会　石川内科医院　通所介護【通所介護】長崎県南島原市西有家町里坊25-1", "url": "https://www.kaigokensaku.mhlw.go.jp/42/index.php?action_kouhyou_detail_004_kani=true&JigyosyoCd=4272500671-00&ServiceCd=150&Type=search", "url2": "URL　http://www.kunpukai.or.jp/" }, "geometry": { "type": "Point", "coordinates": [ 130.29963870000006, 32.6607296 ] } },
{ "type": "Feature", "properties": { "内容": "ピースクラブ南島原【通所介護】長崎県南島原市西有家町須川３２０７番地１７", "url": "https://www.kaigokensaku.mhlw.go.jp/42/index.php?action_kouhyou_detail_004_kani=true&JigyosyoCd=4272500689-00&ServiceCd=150&Type=search", "url2": "http//www.bridge-ｌife.jp/shop/minamishimabara.html" }, "geometry": { "type": "Point", "coordinates": [ 130.287921099999949, 32.6531537 ] } },
{ "type": "Feature", "properties": { "内容": "社会福祉法人　長与町社会福祉協議会【通所介護】長崎県西彼杵郡長与町丸田郷157番地2丸田荘1Ｆ", "url": "https://www.kaigokensaku.mhlw.go.jp/42/index.php?action_kouhyou_detail_004_kani=true&JigyosyoCd=4271100259-00&ServiceCd=150&Type=search", "url2": "http://nagayoswc.org/" }, "geometry": { "type": "Point", "coordinates": [ 129.879552976304694, 32.830912578809183 ] } },
{ "type": "Feature", "properties": { "内容": "デイサービスおもやい【通所介護】長崎県西彼杵郡長与町高田郷1006-189", "url": "https://www.kaigokensaku.mhlw.go.jp/42/index.php?action_kouhyou_detail_004_kani=true&JigyosyoCd=4271103279-00&ServiceCd=150&Type=search", "url2": null }, "geometry": { "type": "Point", "coordinates": [ 129.8716134, 32.8144077 ] } },
{ "type": "Feature", "properties": { "内容": "ニチイケアセンターまなび野【通所介護】長崎県西彼杵郡長与町まなび野３－３５－５", "url": "https://www.kaigokensaku.mhlw.go.jp/42/index.php?action_kouhyou_detail_004_kani=true&JigyosyoCd=4271102537-00&ServiceCd=150&Type=search", "url2": "http://www.nichiigakkan.co.jp" }, "geometry": { "type": "Point", "coordinates": [ 129.878045499999985, 32.8133929 ] } },
{ "type": "Feature", "properties": { "内容": "エフステージ通所介護Ⅰ【通所介護】長崎県西彼杵郡長与町高田郷47番地", "url": "https://www.kaigokensaku.mhlw.go.jp/42/index.php?action_kouhyou_detail_004_kani=true&JigyosyoCd=4271103337-00&ServiceCd=150&Type=search", "url2": "entowa.co.jp" }, "geometry": { "type": "Point", "coordinates": [ 129.854636699999986, 32.8028714 ] } },
{ "type": "Feature", "properties": { "内容": "指定通所介護事業所デイサービスあかね雲【通所介護】長崎県西彼杵郡長与町岡郷2124-1", "url": "https://www.kaigokensaku.mhlw.go.jp/42/index.php?action_kouhyou_detail_004_kani=true&JigyosyoCd=4271102222-00&ServiceCd=150&Type=search", "url2": null }, "geometry": { "type": "Point", "coordinates": [ 129.8735749, 32.8605249 ] } },
{ "type": "Feature", "properties": { "内容": "元気の湧　のぞみの杜【通所介護】長崎県西彼杵郡長与町吉無田郷1578番地", "url": "https://www.kaigokensaku.mhlw.go.jp/42/index.php?action_kouhyou_detail_004_kani=true&JigyosyoCd=4271103188-00&ServiceCd=150&Type=search", "url2": "nozomi@nozominomori.or.jp" }, "geometry": { "type": "Point", "coordinates": [ 129.886361599999987, 32.816334500000018 ] } },
{ "type": "Feature", "properties": { "内容": "のぞみの杜　通所介護事業所　ふれ愛【通所介護】長崎県西彼杵郡長与町吉無田郷１５７８番地", "url": "https://www.kaigokensaku.mhlw.go.jp/42/index.php?action_kouhyou_detail_004_kani=true&JigyosyoCd=4271100655-00&ServiceCd=150&Type=search", "url2": "http://www.nozominomori.or.jp" }, "geometry": { "type": "Point", "coordinates": [ 129.886361599999987, 32.8163345 ] } },
{ "type": "Feature", "properties": { "内容": "デイサービス　遊【通所介護】長崎県西彼杵郡長与町岡郷986番地1コレクティブハウス　喜の岬　1Ｆ", "url": "https://www.kaigokensaku.mhlw.go.jp/42/index.php?action_kouhyou_detail_004_kani=true&JigyosyoCd=4271102925-00&ServiceCd=150&Type=search", "url2": null }, "geometry": { "type": "Point", "coordinates": [ 129.881054, 32.8575994 ] } },
{ "type": "Feature", "properties": { "内容": "お達者倶楽部【通所介護】長崎県西彼杵郡長与町本川内郷６５５番地１コレクティブハウス琴の尾　１F", "url": "https://www.kaigokensaku.mhlw.go.jp/42/index.php?action_kouhyou_detail_004_kani=true&JigyosyoCd=4271102024-00&ServiceCd=150&Type=search", "url2": null }, "geometry": { "type": "Point", "coordinates": [ 129.900129399999969, 32.8310364 ] } },
{ "type": "Feature", "properties": { "内容": "エフ・ステージ長与daydream【通所介護】長崎県西彼杵郡長与町嬉里郷461", "url": "https://www.kaigokensaku.mhlw.go.jp/42/index.php?action_kouhyou_detail_004_kani=true&JigyosyoCd=4271103436-00&ServiceCd=150&Type=search", "url2": "https://entowa.co.jp" }, "geometry": { "type": "Point", "coordinates": [ 129.8779836, 32.822499 ] } },
{ "type": "Feature", "properties": { "内容": "元気の里　こんね長与館【通所介護】長崎県西彼杵郡長与町嬉里郷464番地", "url": "https://www.kaigokensaku.mhlw.go.jp/42/index.php?action_kouhyou_detail_004_kani=true&JigyosyoCd=4271103444-00&ServiceCd=150&Type=search", "url2": "https://sun3.jp/genki-connenagayo/aboutus.htm" }, "geometry": { "type": "Point", "coordinates": [ 129.8774185, 32.8225541 ] } },
{ "type": "Feature", "properties": { "内容": "医療法人　常葉会　長与病院　通所介護【通所介護】長崎県西彼杵郡長与町吉無田郷647", "url": "https://www.kaigokensaku.mhlw.go.jp/42/index.php?action_kouhyou_detail_004_kani=true&JigyosyoCd=4271101158-00&ServiceCd=150&Type=search", "url2": "https://www.tokohakai.com/senior/care" }, "geometry": { "type": "Point", "coordinates": [ 129.876334300000053, 32.8187423 ] } },
{ "type": "Feature", "properties": { "内容": "鍬先医院デイサービス【通所介護】長崎県西彼杵郡時津町日並郷1764-7", "url": "https://www.kaigokensaku.mhlw.go.jp/42/index.php?action_kouhyou_detail_004_kani=true&JigyosyoCd=4271101539-00&ServiceCd=150&Type=search", "url2": "http://www.kuwasaki-clinic.com/" }, "geometry": { "type": "Point", "coordinates": [ 129.817695700000058, 32.8451336 ] } },
{ "type": "Feature", "properties": { "内容": "デイサービスセンターひなみ【通所介護】長崎県西彼杵郡時津町日並郷1915番地3", "url": "https://www.kaigokensaku.mhlw.go.jp/42/index.php?action_kouhyou_detail_004_kani=true&JigyosyoCd=4271102644-00&ServiceCd=150&Type=search", "url2": null }, "geometry": { "type": "Point", "coordinates": [ 129.822650899999985, 32.8452199 ] } },
{ "type": "Feature", "properties": { "内容": "デイサービスとぎつ千年堂【通所介護】長崎県西彼杵郡時津町浜田郷143-4", "url": "https://www.kaigokensaku.mhlw.go.jp/42/index.php?action_kouhyou_detail_004_kani=true&JigyosyoCd=4271102727-00&ServiceCd=150&Type=search", "url2": "www.justmystage.com/home/snowman" }, "geometry": { "type": "Point", "coordinates": [ 129.853038100000049, 32.8310045 ] } },
{ "type": "Feature", "properties": { "内容": "千楽ステーション【通所介護】長崎県西彼杵郡時津町子々川郷８８７番地１", "url": "https://www.kaigokensaku.mhlw.go.jp/42/index.php?action_kouhyou_detail_004_kani=true&JigyosyoCd=4271103352-00&ServiceCd=150&Type=search", "url2": null }, "geometry": { "type": "Point", "coordinates": [ 129.8034934, 32.8602549 ] } },
{ "type": "Feature", "properties": { "内容": "デイサービスセンター井手園【通所介護】長崎県西彼杵郡時津町元村郷８９７", "url": "https://www.kaigokensaku.mhlw.go.jp/42/index.php?action_kouhyou_detail_004_kani=true&JigyosyoCd=4271102545-00&ServiceCd=150&Type=search", "url2": "http://keiseikai.biz/index.php" }, "geometry": { "type": "Point", "coordinates": [ 129.846559857672105, 32.819467381641722 ] } },
{ "type": "Feature", "properties": { "内容": "時津荘デイサービスセンター【通所介護】長崎県西彼杵郡時津町西時津郷1235番地", "url": "https://www.kaigokensaku.mhlw.go.jp/42/index.php?action_kouhyou_detail_004_kani=true&JigyosyoCd=4271100309-00&ServiceCd=150&Type=search", "url2": "http://www.togitsukai.jp" }, "geometry": { "type": "Point", "coordinates": [ 129.8560347, 32.8458757 ] } },
{ "type": "Feature", "properties": { "内容": "社会福祉法人　時津町社会福祉協議会　通所介護事業所【通所介護】長崎県西彼杵郡時津町左底郷３６７番地時津町総合福祉センター1階", "url": "https://www.kaigokensaku.mhlw.go.jp/42/index.php?action_kouhyou_detail_004_kani=true&JigyosyoCd=4271100242-00&ServiceCd=150&Type=search", "url2": "http://www.togitsu-shakyo.org/" }, "geometry": { "type": "Point", "coordinates": [ 129.8361276, 32.8304575 ] } },
{ "type": "Feature", "properties": { "内容": "老人デイサービスセンターもみの木荘【通所介護】長崎県東彼杵郡東彼杵町里郷2435", "url": "https://www.kaigokensaku.mhlw.go.jp/42/index.php?action_kouhyou_detail_004_kani=true&JigyosyoCd=4271200240-00&ServiceCd=150&Type=search", "url2": "http://www.mominoki-kai.com/" }, "geometry": { "type": "Point", "coordinates": [ 129.955421617196635, 33.002975746320203 ] } },
{ "type": "Feature", "properties": { "内容": "東彼杵町通所介護事業所【通所介護】長崎県東彼杵郡東彼杵町彼杵宿郷７０６番地４", "url": "https://www.kaigokensaku.mhlw.go.jp/42/index.php?action_kouhyou_detail_004_kani=true&JigyosyoCd=4271200133-00&ServiceCd=150&Type=search", "url2": null }, "geometry": { "type": "Point", "coordinates": [ 129.9199714, 33.0366091 ] } },
{ "type": "Feature", "properties": { "内容": "デイサービスのんの【通所介護】長崎県東彼杵郡東彼杵町蔵本郷1232番地1", "url": "https://www.kaigokensaku.mhlw.go.jp/42/index.php?action_kouhyou_detail_004_kani=true&JigyosyoCd=4271200943-00&ServiceCd=150&Type=search", "url2": "http://www.nonno-group.com/wp/wp-admin/" }, "geometry": { "type": "Point", "coordinates": [ 129.9166741, 33.0422024 ] } },
{ "type": "Feature", "properties": { "内容": "コンパスウォーク川棚【通所介護】長崎県東彼杵郡川棚町栄町37番地1", "url": "https://www.kaigokensaku.mhlw.go.jp/42/index.php?action_kouhyou_detail_004_kani=true&JigyosyoCd=4271201016-00&ServiceCd=150&Type=search", "url2": "keigo-group-kyushu.co.jp" }, "geometry": { "type": "Point", "coordinates": [ 129.8624676, 33.069993 ] } },
{ "type": "Feature", "properties": { "内容": "一般社団法人正和会　デイサービスセンターだんらん【通所介護】長崎県東彼杵郡川棚町下組郷397番地", "url": "https://www.kaigokensaku.mhlw.go.jp/42/index.php?action_kouhyou_detail_004_kani=true&JigyosyoCd=4271200968-00&ServiceCd=150&Type=search", "url2": "http://seiwasmile.com" }, "geometry": { "type": "Point", "coordinates": [ 129.858217400000058, 33.0698214 ] } },
{ "type": "Feature", "properties": { "内容": "一般社団法人正和会　デイサービスセンター和家【通所介護】長崎県東彼杵郡川棚町中組郷1292番地1", "url": "https://www.kaigokensaku.mhlw.go.jp/42/index.php?action_kouhyou_detail_004_kani=true&JigyosyoCd=4271200976-00&ServiceCd=150&Type=search", "url2": "http://seiwasmile.com" }, "geometry": { "type": "Point", "coordinates": [ 129.865097500000047, 33.0726705 ] } },
{ "type": "Feature", "properties": { "内容": "ハッピーガーデン川棚　デイサービスセンター【通所介護】長崎県東彼杵郡川棚町城山町122番地1", "url": "https://www.kaigokensaku.mhlw.go.jp/42/index.php?action_kouhyou_detail_004_kani=true&JigyosyoCd=4271200877-00&ServiceCd=150&Type=search", "url2": "http://hg-kawatana.com/" }, "geometry": { "type": "Point", "coordinates": [ 129.869604500000037, 33.0703927 ] } },
{ "type": "Feature", "properties": { "内容": "川棚町社会福祉協議会通所介護事業所【通所介護】長崎県東彼杵郡川棚町下組郷338番地57", "url": "https://www.kaigokensaku.mhlw.go.jp/42/index.php?action_kouhyou_detail_004_kani=true&JigyosyoCd=4271200091-00&ServiceCd=150&Type=search", "url2": null }, "geometry": { "type": "Point", "coordinates": [ 129.858965, 33.0641879 ] } },
{ "type": "Feature", "properties": { "内容": "コンパスウォーク波佐見【通所介護】長崎県東彼杵郡波佐見町折敷瀬郷1742－12", "url": "https://www.kaigokensaku.mhlw.go.jp/42/index.php?action_kouhyou_detail_004_kani=true&JigyosyoCd=4271200992-00&ServiceCd=150&Type=search", "url2": "http://keigo-group-kyushu.co.jp/" }, "geometry": { "type": "Point", "coordinates": [ 129.9020591, 33.1417127 ] } },
{ "type": "Feature", "properties": { "内容": "デイサービスセンター　銀のらくだ【通所介護】長崎県東彼杵郡波佐見町湯無田郷128-5", "url": "https://www.kaigokensaku.mhlw.go.jp/42/index.php?action_kouhyou_detail_004_kani=true&JigyosyoCd=4271200810-00&ServiceCd=150&Type=search", "url2": "https://kohno-iin.jp/ginnorakuda/" }, "geometry": { "type": "Point", "coordinates": [ 129.9102497, 33.1441704 ] } },
{ "type": "Feature", "properties": { "内容": "デイサービスセンターはさみ園【通所介護】長崎県東彼杵郡波佐見町稗木場郷796-3", "url": "https://www.kaigokensaku.mhlw.go.jp/42/index.php?action_kouhyou_detail_004_kani=true&JigyosyoCd=4271201032-00&ServiceCd=150&Type=search", "url2": "https://airinkai-hasami.com" }, "geometry": { "type": "Point", "coordinates": [ 129.8725776, 33.1266153 ] } },
{ "type": "Feature", "properties": { "内容": "デイサービスセンターいきいき【通所介護】長崎県東彼杵郡波佐見町長野郷516番地11", "url": "https://www.kaigokensaku.mhlw.go.jp/42/index.php?action_kouhyou_detail_004_kani=true&JigyosyoCd=4271200372-00&ServiceCd=150&Type=search", "url2": null }, "geometry": { "type": "Point", "coordinates": [ 129.870149184269735, 33.116129429801745 ] } },
{ "type": "Feature", "properties": { "内容": "生活支援センターそら【通所介護】長崎県東彼杵郡波佐見町稗木場郷1143番地4", "url": "https://www.kaigokensaku.mhlw.go.jp/42/index.php?action_kouhyou_detail_004_kani=true&JigyosyoCd=4271201008-00&ServiceCd=150&Type=search", "url2": null }, "geometry": { "type": "Point", "coordinates": [ 129.8783626, 33.129502 ] } },
{ "type": "Feature", "properties": { "内容": "小値賀町社会福祉協議会【通所介護】長崎県北松浦郡小値賀町笛吹郷２３６７番地小値賀町地域福祉センター", "url": "https://www.kaigokensaku.mhlw.go.jp/42/index.php?action_kouhyou_detail_004_kani=true&JigyosyoCd=4271500243-00&ServiceCd=150&Type=search", "url2": "ojika-syakyo.jp" }, "geometry": { "type": "Point", "coordinates": [ 129.058057700000063, 33.1912166 ] } },
{ "type": "Feature", "properties": { "内容": "社会福祉法人佐々川福祉会　虹の里事業所【通所介護】長崎県北松浦郡佐々町八口免805番地3", "url": "https://www.kaigokensaku.mhlw.go.jp/42/index.php?action_kouhyou_detail_004_kani=true&JigyosyoCd=4271500102-00&ServiceCd=150&Type=search", "url2": "http://www.sazagawa.com/ayame/nijinosato.html" }, "geometry": { "type": "Point", "coordinates": [ 129.682366199999933, 33.2559605 ] } },
{ "type": "Feature", "properties": { "内容": "佐々町社会福祉協議会　デイサービスセンター【通所介護】長崎県北松浦郡佐々町市場免２３－１佐々町福祉センター１階", "url": "https://www.kaigokensaku.mhlw.go.jp/42/index.php?action_kouhyou_detail_004_kani=true&JigyosyoCd=4271500045-00&ServiceCd=150&Type=search", "url2": "http://www.sazafukushi.jp/" }, "geometry": { "type": "Point", "coordinates": [ 129.6474617, 33.2338087 ] } },
{ "type": "Feature", "properties": { "内容": "ほがらか会館【通所介護】長崎県北松浦郡佐々町松瀬免109-2", "url": "https://www.kaigokensaku.mhlw.go.jp/42/index.php?action_kouhyou_detail_004_kani=true&JigyosyoCd=4271501548-00&ServiceCd=150&Type=search", "url2": null }, "geometry": { "type": "Point", "coordinates": [ 129.6659914, 33.2622393 ] } },
{ "type": "Feature", "properties": { "内容": "芳寿荘【通所介護】長崎県南松浦郡新上五島町今里郷６１０番地", "url": "https://www.kaigokensaku.mhlw.go.jp/42/index.php?action_kouhyou_detail_004_kani=true&JigyosyoCd=4271600175-00&ServiceCd=150&Type=search", "url2": "http://www.houjusou.net/index.html" }, "geometry": { "type": "Point", "coordinates": [ 129.036386599999986, 32.9474339 ] } },
{ "type": "Feature", "properties": { "内容": "デイサービスセンターたかのしの杜【通所介護】長崎県南松浦郡新上五島町奈摩郷379番地5", "url": "https://www.kaigokensaku.mhlw.go.jp/42/index.php?action_kouhyou_detail_004_kani=true&JigyosyoCd=4271601405-00&ServiceCd=150&Type=search", "url2": "https://www.sinkamigoto.net/" }, "geometry": { "type": "Point", "coordinates": [ 129.066948864418009, 33.017826854002251 ] } },
{ "type": "Feature", "properties": { "内容": "新上五島デイサービスセンター【通所介護】長崎県南松浦郡新上五島町奈摩郷910番地10", "url": "https://www.kaigokensaku.mhlw.go.jp/42/index.php?action_kouhyou_detail_004_kani=true&JigyosyoCd=4271601488-00&ServiceCd=150&Type=search", "url2": "https://www.sinkamigoto.net/" }, "geometry": { "type": "Point", "coordinates": [ 129.073350199999965, 33.0178371 ] } },
{ "type": "Feature", "properties": { "内容": "通所介護事業所　つつじが丘【通所介護】長崎県南松浦郡新上五島町有川郷２３６９-１", "url": "https://www.kaigokensaku.mhlw.go.jp/42/index.php?action_kouhyou_detail_004_kani=true&JigyosyoCd=4271600217-00&ServiceCd=150&Type=search", "url2": "http//syuhoukai.jp/" }, "geometry": { "type": "Point", "coordinates": [ 129.109969200000023, 32.9800434 ] } },
{ "type": "Feature", "properties": { "内容": "デイサービスセンター上五島【通所介護】長崎県南松浦郡新上五島町青方郷1379番地1", "url": "https://www.kaigokensaku.mhlw.go.jp/42/index.php?action_kouhyou_detail_004_kani=true&JigyosyoCd=4271601090-00&ServiceCd=150&Type=search", "url2": null }, "geometry": { "type": "Point", "coordinates": [ 129.068554899999981, 32.9850695 ] } },
{ "type": "Feature", "properties": { "内容": "奈良尾デイサービスセンターしおさい【通所介護】長崎県南松浦郡新上五島町奈良尾郷字新港1０６９番地１", "url": "https://www.kaigokensaku.mhlw.go.jp/42/index.php?action_kouhyou_detail_004_kani=true&JigyosyoCd=4271600936-00&ServiceCd=150&Type=search", "url2": null }, "geometry": { "type": "Point", "coordinates": [ 129.055832499999951, 32.8485226 ] } }
]
}
