{
"type": "FeatureCollection",
"name": "geo_42_5",
"crs": { "type": "name", "properties": { "name": "urn:ogc:def:crs:OGC:1.3:CRS84" } },
"features": [
{ "type": "Feature", "properties": { "ID": 4254200000002, "正式名称": "青い鳥薬局", "機関区分": 5, "都道府県コード": 42, "市区町村コード": 201, "所在地": "長崎県長崎市元船町５－４", "緯度": 32.748883, "経度": 129.871913, "url": "https://www.iryou.teikyouseido.mhlw.go.jp/znk-web/juminkanja/S2430/initialize?prefCd=42&kikanCd=4200000002&kikanKbn=5", "url2": null, "内容": "青い鳥薬局【5:薬局】長崎県長崎市元船町５－４" }, "geometry": { "type": "Point", "coordinates": [ 129.871913, 32.748883 ] } },
{ "type": "Feature", "properties": { "ID": 4254200000003, "正式名称": "あおぞら調剤薬局", "機関区分": 5, "都道府県コード": 42, "市区町村コード": 201, "所在地": "長崎県長崎市片淵１ー１２ー３", "緯度": 32.753562, "経度": 129.886769, "url": "https://www.iryou.teikyouseido.mhlw.go.jp/znk-web/juminkanja/S2430/initialize?prefCd=42&kikanCd=4200000003&kikanKbn=5", "url2": "oneders-group.com", "内容": "あおぞら調剤薬局【5:薬局】長崎県長崎市片淵１ー１２ー３" }, "geometry": { "type": "Point", "coordinates": [ 129.886769, 32.753562 ] } },
{ "type": "Feature", "properties": { "ID": 4254200000004, "正式名称": "あかつき薬局", "機関区分": 5, "都道府県コード": 42, "市区町村コード": 201, "所在地": "長崎県長崎市京泊３－３１－１２", "緯度": 32.823799, "経度": 129.772352, "url": "https://www.iryou.teikyouseido.mhlw.go.jp/znk-web/juminkanja/S2430/initialize?prefCd=42&kikanCd=4200000004&kikanKbn=5", "url2": null, "内容": "あかつき薬局【5:薬局】長崎県長崎市京泊３－３１－１２" }, "geometry": { "type": "Point", "coordinates": [ 129.772352, 32.823799 ] } },
{ "type": "Feature", "properties": { "ID": 4254200000007, "正式名称": "有限会社マックアクア薬局矢上店", "機関区分": 5, "都道府県コード": 42, "市区町村コード": 201, "所在地": "長崎県長崎市矢上町２８－１８", "緯度": 32.777428, "経度": 129.950912, "url": "https://www.iryou.teikyouseido.mhlw.go.jp/znk-web/juminkanja/S2430/initialize?prefCd=42&kikanCd=4200000007&kikanKbn=5", "url2": null, "内容": "有限会社マックアクア薬局矢上店【5:薬局】長崎県長崎市矢上町２８－１８" }, "geometry": { "type": "Point", "coordinates": [ 129.950912, 32.777428 ] } },
{ "type": "Feature", "properties": { "ID": 4254200000010, "正式名称": "あさひ薬局", "機関区分": 5, "都道府県コード": 42, "市区町村コード": 201, "所在地": "長崎県長崎市旭町２６－１４", "緯度": 32.749549, "経度": 129.863061, "url": "https://www.iryou.teikyouseido.mhlw.go.jp/znk-web/juminkanja/S2430/initialize?prefCd=42&kikanCd=4200000010&kikanKbn=5", "url2": null, "内容": "あさひ薬局【5:薬局】長崎県長崎市旭町２６－１４" }, "geometry": { "type": "Point", "coordinates": [ 129.863061, 32.749549 ] } },
{ "type": "Feature", "properties": { "ID": 4254200000015, "正式名称": "有限会社あすなろ薬局", "機関区分": 5, "都道府県コード": 42, "市区町村コード": 201, "所在地": "長崎県長崎市蚊焼町２２１０－３", "緯度": 32.652366, "経度": 129.823996, "url": "https://www.iryou.teikyouseido.mhlw.go.jp/znk-web/juminkanja/S2430/initialize?prefCd=42&kikanCd=4200000015&kikanKbn=5", "url2": null, "内容": "有限会社あすなろ薬局【5:薬局】長崎県長崎市蚊焼町２２１０－３" }, "geometry": { "type": "Point", "coordinates": [ 129.823996, 32.652366 ] } },
{ "type": "Feature", "properties": { "ID": 4254200000020, "正式名称": "天本愛命堂調剤薬局", "機関区分": 5, "都道府県コード": 42, "市区町村コード": 201, "所在地": "長崎県長崎市新地町６－５６－１１２", "緯度": 32.740391, "経度": 129.874041, "url": "https://www.iryou.teikyouseido.mhlw.go.jp/znk-web/juminkanja/S2430/initialize?prefCd=42&kikanCd=4200000020&kikanKbn=5", "url2": "https://sites.google.com/aimeidou.com/amamoto", "内容": "天本愛命堂調剤薬局【5:薬局】長崎県長崎市新地町６－５６－１１２" }, "geometry": { "type": "Point", "coordinates": [ 129.874041, 32.740391 ] } },
{ "type": "Feature", "properties": { "ID": 4254200000023, "正式名称": "岩屋橋薬局", "機関区分": 5, "都道府県コード": 42, "市区町村コード": 201, "所在地": "長崎県長崎市大橋町７－１７", "緯度": 32.782688, "経度": 129.862067, "url": "https://www.iryou.teikyouseido.mhlw.go.jp/znk-web/juminkanja/S2430/initialize?prefCd=42&kikanCd=4200000023&kikanKbn=5", "url2": null, "内容": "岩屋橋薬局【5:薬局】長崎県長崎市大橋町７－１７" }, "geometry": { "type": "Point", "coordinates": [ 129.862067, 32.782688 ] } },
{ "type": "Feature", "properties": { "ID": 4254200000024, "正式名称": "上田薬局有限会社", "機関区分": 5, "都道府県コード": 42, "市区町村コード": 201, "所在地": "長崎県長崎市小峰町３番８号", "緯度": 32.782313, "経度": 129.871121, "url": "https://www.iryou.teikyouseido.mhlw.go.jp/znk-web/juminkanja/S2430/initialize?prefCd=42&kikanCd=4200000024&kikanKbn=5", "url2": "https://oneders-group.com/", "内容": "上田薬局有限会社【5:薬局】長崎県長崎市小峰町３番８号" }, "geometry": { "type": "Point", "coordinates": [ 129.871121, 32.782313 ] } },
{ "type": "Feature", "properties": { "ID": 4254200000025, "正式名称": "上野町薬局", "機関区分": 5, "都道府県コード": 42, "市区町村コード": 201, "所在地": "長崎県長崎市上野町１－２", "緯度": 32.776816, "経度": 129.868254, "url": "https://www.iryou.teikyouseido.mhlw.go.jp/znk-web/juminkanja/S2430/initialize?prefCd=42&kikanCd=4200000025&kikanKbn=5", "url2": "https://hc-pharmacy.jp/", "内容": "上野町薬局【5:薬局】長崎県長崎市上野町１－２" }, "geometry": { "type": "Point", "coordinates": [ 129.868254, 32.776816 ] } },
{ "type": "Feature", "properties": { "ID": 4254200000026, "正式名称": "うおのまち薬局", "機関区分": 5, "都道府県コード": 42, "市区町村コード": 201, "所在地": "長崎県長崎市魚の町７－３０", "緯度": 32.747675, "経度": 129.879463, "url": "https://www.iryou.teikyouseido.mhlw.go.jp/znk-web/juminkanja/S2430/initialize?prefCd=42&kikanCd=4200000026&kikanKbn=5", "url2": "https://www.uonomachi-ph.com", "内容": "うおのまち薬局【5:薬局】長崎県長崎市魚の町７－３０" }, "geometry": { "type": "Point", "coordinates": [ 129.879463, 32.747675 ] } },
{ "type": "Feature", "properties": { "ID": 4254200000027, "正式名称": "うちだ調剤薬局「時津店」", "機関区分": 5, "都道府県コード": 42, "市区町村コード": 308, "所在地": "長崎県西彼杵郡時津町浦郷３０１－２２", "緯度": 32.830194, "経度": 129.847771, "url": "https://www.iryou.teikyouseido.mhlw.go.jp/znk-web/juminkanja/S2430/initialize?prefCd=42&kikanCd=4200000027&kikanKbn=5", "url2": null, "内容": "うちだ調剤薬局「時津店」【5:薬局】長崎県西彼杵郡時津町浦郷３０１－２２" }, "geometry": { "type": "Point", "coordinates": [ 129.847771, 32.830194 ] } },
{ "type": "Feature", "properties": { "ID": 4254200000029, "正式名称": "馬町薬局", "機関区分": 5, "都道府県コード": 42, "市区町村コード": 201, "所在地": "長崎県長崎市馬町４８", "緯度": 32.752185, "経度": 129.881971, "url": "https://www.iryou.teikyouseido.mhlw.go.jp/znk-web/juminkanja/S2430/initialize?prefCd=42&kikanCd=4200000029&kikanKbn=5", "url2": null, "内容": "馬町薬局【5:薬局】長崎県長崎市馬町４８" }, "geometry": { "type": "Point", "coordinates": [ 129.881971, 32.752185 ] } },
{ "type": "Feature", "properties": { "ID": 4254200000030, "正式名称": "浦上駅前薬局", "機関区分": 5, "都道府県コード": 42, "市区町村コード": 201, "所在地": "長崎県長崎市川口町１番１ー１０３号", "緯度": 32.764222, "経度": 129.864166, "url": "https://www.iryou.teikyouseido.mhlw.go.jp/znk-web/juminkanja/S2430/initialize?prefCd=42&kikanCd=4200000030&kikanKbn=5", "url2": null, "内容": "浦上駅前薬局【5:薬局】長崎県長崎市川口町１番１ー１０３号" }, "geometry": { "type": "Point", "coordinates": [ 129.864166, 32.764222 ] } },
{ "type": "Feature", "properties": { "ID": 4254200000035, "正式名称": "大浦中央調剤薬局", "機関区分": 5, "都道府県コード": 42, "市区町村コード": 201, "所在地": "長崎県長崎市相生町２－２", "緯度": 32.734107, "経度": 129.872362, "url": "https://www.iryou.teikyouseido.mhlw.go.jp/znk-web/juminkanja/S2430/initialize?prefCd=42&kikanCd=4200000035&kikanKbn=5", "url2": "https://www.e-classa.net/ooura/index.html", "内容": "大浦中央調剤薬局【5:薬局】長崎県長崎市相生町２－２" }, "geometry": { "type": "Point", "coordinates": [ 129.872362, 32.734107 ] } },
{ "type": "Feature", "properties": { "ID": 4254200000036, "正式名称": "ニーケー薬局", "機関区分": 5, "都道府県コード": 42, "市区町村コード": 201, "所在地": "長崎県長崎市銅座町２－１５ＮＫイリスビル１階", "緯度": 32.742917, "経度": 129.875336, "url": "https://www.iryou.teikyouseido.mhlw.go.jp/znk-web/juminkanja/S2430/initialize?prefCd=42&kikanCd=4200000036&kikanKbn=5", "url2": null, "内容": "ニーケー薬局【5:薬局】長崎県長崎市銅座町２－１５ＮＫイリスビル１階" }, "geometry": { "type": "Point", "coordinates": [ 129.875336, 32.742917 ] } },
{ "type": "Feature", "properties": { "ID": 4254200000037, "正式名称": "大島調剤薬局", "機関区分": 5, "都道府県コード": 42, "市区町村コード": 212, "所在地": "長崎県西海市大島町１８９５", "緯度": 33.03584, "経度": 129.619784, "url": "https://www.iryou.teikyouseido.mhlw.go.jp/znk-web/juminkanja/S2430/initialize?prefCd=42&kikanCd=4200000037&kikanKbn=5", "url2": null, "内容": "大島調剤薬局【5:薬局】長崎県西海市大島町１８９５" }, "geometry": { "type": "Point", "coordinates": [ 129.619784, 33.03584 ] } },
{ "type": "Feature", "properties": { "ID": 4254200000039, "正式名称": "オオタ調剤薬局", "機関区分": 5, "都道府県コード": 42, "市区町村コード": 201, "所在地": "長崎県長崎市昭和１－１０－３２", "緯度": 32.790337, "経度": 129.870034, "url": "https://www.iryou.teikyouseido.mhlw.go.jp/znk-web/juminkanja/S2430/initialize?prefCd=42&kikanCd=4200000039&kikanKbn=5", "url2": "https://harazo-biz.wixsite.com/mysite", "内容": "オオタ調剤薬局【5:薬局】長崎県長崎市昭和１－１０－３２" }, "geometry": { "type": "Point", "coordinates": [ 129.870034, 32.790337 ] } },
{ "type": "Feature", "properties": { "ID": 4254200000040, "正式名称": "太田東西薬局", "機関区分": 5, "都道府県コード": 42, "市区町村コード": 201, "所在地": "長崎県長崎市京泊１－１－１８", "緯度": 32.826206, "経度": 129.775435, "url": "https://www.iryou.teikyouseido.mhlw.go.jp/znk-web/juminkanja/S2430/initialize?prefCd=42&kikanCd=4200000040&kikanKbn=5", "url2": "http://www.ohta-tozai.com/", "内容": "太田東西薬局【5:薬局】長崎県長崎市京泊１－１－１８" }, "geometry": { "type": "Point", "coordinates": [ 129.775435, 32.826206 ] } },
{ "type": "Feature", "properties": { "ID": 4254200000043, "正式名称": "岡西薬局", "機関区分": 5, "都道府県コード": 42, "市区町村コード": 308, "所在地": "長崎県西彼杵郡時津町浦郷２７２－３", "緯度": 32.828443, "経度": 129.848902, "url": "https://www.iryou.teikyouseido.mhlw.go.jp/znk-web/juminkanja/S2430/initialize?prefCd=42&kikanCd=4200000043&kikanKbn=5", "url2": null, "内容": "岡西薬局【5:薬局】長崎県西彼杵郡時津町浦郷２７２－３" }, "geometry": { "type": "Point", "coordinates": [ 129.848902, 32.828443 ] } },
{ "type": "Feature", "properties": { "ID": 4254200000044, "正式名称": "オリーヴ薬局", "機関区分": 5, "都道府県コード": 42, "市区町村コード": 201, "所在地": "長崎県長崎市大橋町１５－３", "緯度": 32.783518, "経度": 129.862577, "url": "https://www.iryou.teikyouseido.mhlw.go.jp/znk-web/juminkanja/S2430/initialize?prefCd=42&kikanCd=4200000044&kikanKbn=5", "url2": "https://oneders-group.com/store/556/", "内容": "オリーヴ薬局【5:薬局】長崎県長崎市大橋町１５－３" }, "geometry": { "type": "Point", "coordinates": [ 129.862577, 32.783518 ] } },
{ "type": "Feature", "properties": { "ID": 4254200000047, "正式名称": "開生薬局", "機関区分": 5, "都道府県コード": 42, "市区町村コード": 201, "所在地": "長崎県長崎市目覚町４－１０", "緯度": 32.763715, "経度": 129.865541, "url": "https://www.iryou.teikyouseido.mhlw.go.jp/znk-web/juminkanja/S2430/initialize?prefCd=42&kikanCd=4200000047&kikanKbn=5", "url2": "http://www1.cncm.ne.jp/~kaisei-p/", "内容": "開生薬局【5:薬局】長崎県長崎市目覚町４－１０" }, "geometry": { "type": "Point", "coordinates": [ 129.865541, 32.763715 ] } },
{ "type": "Feature", "properties": { "ID": 4254200000049, "正式名称": "かえで薬局", "機関区分": 5, "都道府県コード": 42, "市区町村コード": 201, "所在地": "長崎県長崎市住吉町４－３", "緯度": 32.791854, "経度": 129.860656, "url": "https://www.iryou.teikyouseido.mhlw.go.jp/znk-web/juminkanja/S2430/initialize?prefCd=42&kikanCd=4200000049&kikanKbn=5", "url2": null, "内容": "かえで薬局【5:薬局】長崎県長崎市住吉町４－３" }, "geometry": { "type": "Point", "coordinates": [ 129.860656, 32.791854 ] } },
{ "type": "Feature", "properties": { "ID": 4254200000051, "正式名称": "鍵屋薬局", "機関区分": 5, "都道府県コード": 42, "市区町村コード": 201, "所在地": "長崎県長崎市八幡町５－２", "緯度": 32.749715, "経度": 129.883897, "url": "https://www.iryou.teikyouseido.mhlw.go.jp/znk-web/juminkanja/S2430/initialize?prefCd=42&kikanCd=4200000051&kikanKbn=5", "url2": "http://www.kagiya-pharmacy.com/", "内容": "鍵屋薬局【5:薬局】長崎県長崎市八幡町５－２" }, "geometry": { "type": "Point", "coordinates": [ 129.883897, 32.749715 ] } },
{ "type": "Feature", "properties": { "ID": 4254200000052, "正式名称": "鍵屋宮の下調剤薬局", "機関区分": 5, "都道府県コード": 42, "市区町村コード": 201, "所在地": "長崎県長崎市今博多町４３－３", "緯度": 32.750708, "経度": 129.881811, "url": "https://www.iryou.teikyouseido.mhlw.go.jp/znk-web/juminkanja/S2430/initialize?prefCd=42&kikanCd=4200000052&kikanKbn=5", "url2": "http://www.kagiya-pharmacy.com/", "内容": "鍵屋宮の下調剤薬局【5:薬局】長崎県長崎市今博多町４３－３" }, "geometry": { "type": "Point", "coordinates": [ 129.881811, 32.750708 ] } },
{ "type": "Feature", "properties": { "ID": 4254200000054, "正式名称": "ミツバチ薬局片淵店", "機関区分": 5, "都道府県コード": 42, "市区町村コード": 201, "所在地": "長崎県長崎市片淵１丁目１０－２０", "緯度": 32.753744, "経度": 129.886097, "url": "https://www.iryou.teikyouseido.mhlw.go.jp/znk-web/juminkanja/S2430/initialize?prefCd=42&kikanCd=4200000054&kikanKbn=5", "url2": null, "内容": "ミツバチ薬局片淵店【5:薬局】長崎県長崎市片淵１丁目１０－２０" }, "geometry": { "type": "Point", "coordinates": [ 129.886097, 32.753744 ] } },
{ "type": "Feature", "properties": { "ID": 4254200000056, "正式名称": "勝山薬局", "機関区分": 5, "都道府県コード": 42, "市区町村コード": 201, "所在地": "長崎県長崎市桜町５－７", "緯度": 32.74989, "経度": 129.878082, "url": "https://www.iryou.teikyouseido.mhlw.go.jp/znk-web/juminkanja/S2430/initialize?prefCd=42&kikanCd=4200000056&kikanKbn=5", "url2": "http://www.katsuyama-ph.co.jp", "内容": "勝山薬局【5:薬局】長崎県長崎市桜町５－７" }, "geometry": { "type": "Point", "coordinates": [ 129.878082, 32.74989 ] } },
{ "type": "Feature", "properties": { "ID": 4254200000057, "正式名称": "勝山薬局（石神店）", "機関区分": 5, "都道府県コード": 42, "市区町村コード": 201, "所在地": "長崎県長崎市石神町１３－４７", "緯度": 32.783634, "経度": 129.872403, "url": "https://www.iryou.teikyouseido.mhlw.go.jp/znk-web/juminkanja/S2430/initialize?prefCd=42&kikanCd=4200000057&kikanKbn=5", "url2": "http://www.katsuyama-ph.co.jp", "内容": "勝山薬局（石神店）【5:薬局】長崎県長崎市石神町１３－４７" }, "geometry": { "type": "Point", "coordinates": [ 129.872403, 32.783634 ] } },
{ "type": "Feature", "properties": { "ID": 4254200000060, "正式名称": "勝山薬局（城山台店）", "機関区分": 5, "都道府県コード": 42, "市区町村コード": 201, "所在地": "長崎県長崎市立岩町３４－１７", "緯度": 32.768167, "経度": 129.843735, "url": "https://www.iryou.teikyouseido.mhlw.go.jp/znk-web/juminkanja/S2430/initialize?prefCd=42&kikanCd=4200000060&kikanKbn=5", "url2": "http://www.katsuyama-ph.co.jp", "内容": "勝山薬局（城山台店）【5:薬局】長崎県長崎市立岩町３４－１７" }, "geometry": { "type": "Point", "coordinates": [ 129.843735, 32.768167 ] } },
{ "type": "Feature", "properties": { "ID": 4254200000061, "正式名称": "勝山薬局「住吉」", "機関区分": 5, "都道府県コード": 42, "市区町村コード": 201, "所在地": "長崎県長崎市若葉町１３－９", "緯度": 32.790224, "経度": 129.860408, "url": "https://www.iryou.teikyouseido.mhlw.go.jp/znk-web/juminkanja/S2430/initialize?prefCd=42&kikanCd=4200000061&kikanKbn=5", "url2": "http://katsuyama-ph.co.jp/", "内容": "勝山薬局「住吉」【5:薬局】長崎県長崎市若葉町１３－９" }, "geometry": { "type": "Point", "coordinates": [ 129.860408, 32.790224 ] } },
{ "type": "Feature", "properties": { "ID": 4254200000062, "正式名称": "勝山薬局（森ノ木店）", "機関区分": 5, "都道府県コード": 42, "市区町村コード": 201, "所在地": "長崎県長崎市弁天町１８－４", "緯度": 32.752327, "経度": 129.862395, "url": "https://www.iryou.teikyouseido.mhlw.go.jp/znk-web/juminkanja/S2430/initialize?prefCd=42&kikanCd=4200000062&kikanKbn=5", "url2": "http://www.katsuyama-ph.co.jp", "内容": "勝山薬局（森ノ木店）【5:薬局】長崎県長崎市弁天町１８－４" }, "geometry": { "type": "Point", "coordinates": [ 129.862395, 32.752327 ] } },
{ "type": "Feature", "properties": { "ID": 4254200000065, "正式名称": "上戸町調剤薬局", "機関区分": 5, "都道府県コード": 42, "市区町村コード": 201, "所在地": "長崎県長崎市上戸町２－８－１４", "緯度": 32.715682, "経度": 129.867805, "url": "https://www.iryou.teikyouseido.mhlw.go.jp/znk-web/juminkanja/S2430/initialize?prefCd=42&kikanCd=4200000065&kikanKbn=5", "url2": null, "内容": "上戸町調剤薬局【5:薬局】長崎県長崎市上戸町２－８－１４" }, "geometry": { "type": "Point", "coordinates": [ 129.867805, 32.715682 ] } },
{ "type": "Feature", "properties": { "ID": 4254200000067, "正式名称": "かりん薬局", "機関区分": 5, "都道府県コード": 42, "市区町村コード": 307, "所在地": "長崎県西彼杵郡長与町高田郷４７", "緯度": 32.802755, "経度": 129.854934, "url": "https://www.iryou.teikyouseido.mhlw.go.jp/znk-web/juminkanja/S2430/initialize?prefCd=42&kikanCd=4200000067&kikanKbn=5", "url2": "http://h-well.co.jp", "内容": "かりん薬局【5:薬局】長崎県西彼杵郡長与町高田郷４７" }, "geometry": { "type": "Point", "coordinates": [ 129.854934, 32.802755 ] } },
{ "type": "Feature", "properties": { "ID": 4254200000069, "正式名称": "マーチ薬局", "機関区分": 5, "都道府県コード": 42, "市区町村コード": 308, "所在地": "長崎県西彼杵郡時津町浦郷４２８－１０", "緯度": 32.830821, "経度": 129.8482, "url": "https://www.iryou.teikyouseido.mhlw.go.jp/znk-web/juminkanja/S2430/initialize?prefCd=42&kikanCd=4200000069&kikanKbn=5", "url2": "https://harmony-nagasaki.com/", "内容": "マーチ薬局【5:薬局】長崎県西彼杵郡時津町浦郷４２８－１０" }, "geometry": { "type": "Point", "coordinates": [ 129.8482, 32.830821 ] } },
{ "type": "Feature", "properties": { "ID": 4254200000072, "正式名称": "キティー薬局", "機関区分": 5, "都道府県コード": 42, "市区町村コード": 201, "所在地": "長崎県長崎市城栄町１７番１７号", "緯度": 32.775024, "経度": 129.857934, "url": "https://www.iryou.teikyouseido.mhlw.go.jp/znk-web/juminkanja/S2430/initialize?prefCd=42&kikanCd=4200000072&kikanKbn=5", "url2": null, "内容": "キティー薬局【5:薬局】長崎県長崎市城栄町１７番１７号" }, "geometry": { "type": "Point", "coordinates": [ 129.857934, 32.775024 ] } },
{ "type": "Feature", "properties": { "ID": 4254200000074, "正式名称": "きりん堂薬局", "機関区分": 5, "都道府県コード": 42, "市区町村コード": 201, "所在地": "長崎県長崎市滑石３－７－２", "緯度": 32.807723, "経度": 129.838715, "url": "https://www.iryou.teikyouseido.mhlw.go.jp/znk-web/juminkanja/S2430/initialize?prefCd=42&kikanCd=4200000074&kikanKbn=5", "url2": "https://sites.google.com/chuo-group.co.jp/pharmacy/cmspharmacies/cmspharmacy_kirin", "内容": "きりん堂薬局【5:薬局】長崎県長崎市滑石３－７－２" }, "geometry": { "type": "Point", "coordinates": [ 129.838715, 32.807723 ] } },
{ "type": "Feature", "properties": { "ID": 4254200000075, "正式名称": "くすの木薬局", "機関区分": 5, "都道府県コード": 42, "市区町村コード": 201, "所在地": "長崎県長崎市ダイヤランド２丁目２１－３", "緯度": 32.702462, "経度": 129.859046, "url": "https://www.iryou.teikyouseido.mhlw.go.jp/znk-web/juminkanja/S2430/initialize?prefCd=42&kikanCd=4200000075&kikanKbn=5", "url2": null, "内容": "くすの木薬局【5:薬局】長崎県長崎市ダイヤランド２丁目２１－３" }, "geometry": { "type": "Point", "coordinates": [ 129.859046, 32.702462 ] } },
{ "type": "Feature", "properties": { "ID": 4254200000077, "正式名称": "クボ調剤薬局", "機関区分": 5, "都道府県コード": 42, "市区町村コード": 201, "所在地": "長崎県長崎市油屋町１－３６　１Ｆ南側", "緯度": 32.742652, "経度": 129.881029, "url": "https://www.iryou.teikyouseido.mhlw.go.jp/znk-web/juminkanja/S2430/initialize?prefCd=42&kikanCd=4200000077&kikanKbn=5", "url2": null, "内容": "クボ調剤薬局【5:薬局】長崎県長崎市油屋町１－３６　１Ｆ南側" }, "geometry": { "type": "Point", "coordinates": [ 129.881029, 32.742652 ] } },
{ "type": "Feature", "properties": { "ID": 4254200000080, "正式名称": "くるみ薬局", "機関区分": 5, "都道府県コード": 42, "市区町村コード": 308, "所在地": "長崎県西彼杵郡時津町日並郷１３９３－１", "緯度": 32.848139, "経度": 129.82674, "url": "https://www.iryou.teikyouseido.mhlw.go.jp/znk-web/juminkanja/S2430/initialize?prefCd=42&kikanCd=4200000080&kikanKbn=5", "url2": null, "内容": "くるみ薬局【5:薬局】長崎県西彼杵郡時津町日並郷１３９３－１" }, "geometry": { "type": "Point", "coordinates": [ 129.82674, 32.848139 ] } },
{ "type": "Feature", "properties": { "ID": 4254200000084, "正式名称": "保険調剤公会堂前薬局", "機関区分": 5, "都道府県コード": 42, "市区町村コード": 201, "所在地": "長崎県長崎市桶屋町", "緯度": 32.75001, "経度": 129.880577, "url": "https://www.iryou.teikyouseido.mhlw.go.jp/znk-web/juminkanja/S2430/initialize?prefCd=42&kikanCd=4200000084&kikanKbn=5", "url2": "http://www.human-nw.com", "内容": "保険調剤公会堂前薬局【5:薬局】長崎県長崎市桶屋町" }, "geometry": { "type": "Point", "coordinates": [ 129.880577, 32.75001 ] } },
{ "type": "Feature", "properties": { "ID": 4254200000086, "正式名称": "香焼薬局", "機関区分": 5, "都道府県コード": 42, "市区町村コード": 201, "所在地": "長崎県長崎市香焼町４４４－４９", "緯度": 32.69149, "経度": 129.814961, "url": "https://www.iryou.teikyouseido.mhlw.go.jp/znk-web/juminkanja/S2430/initialize?prefCd=42&kikanCd=4200000086&kikanKbn=5", "url2": "http://www.kenkou-kikaku.jp", "内容": "香焼薬局【5:薬局】長崎県長崎市香焼町４４４－４９" }, "geometry": { "type": "Point", "coordinates": [ 129.814961, 32.69149 ] } },
{ "type": "Feature", "properties": { "ID": 4254200000087, "正式名称": "ＣＭＳすみれ薬局", "機関区分": 5, "都道府県コード": 42, "市区町村コード": 201, "所在地": "長崎県長崎市滑石２－２－７", "緯度": 32.807668, "経度": 129.844907, "url": "https://www.iryou.teikyouseido.mhlw.go.jp/znk-web/juminkanja/S2430/initialize?prefCd=42&kikanCd=4200000087&kikanKbn=5", "url2": "https://sites.google.com/chuo-group.co.jp/pharmacy/cmspharmacies/cmspharmacy_sumire", "内容": "ＣＭＳすみれ薬局【5:薬局】長崎県長崎市滑石２－２－７" }, "geometry": { "type": "Point", "coordinates": [ 129.844907, 32.807668 ] } },
{ "type": "Feature", "properties": { "ID": 4254200000089, "正式名称": "こうわ薬局琴海店", "機関区分": 5, "都道府県コード": 42, "市区町村コード": 201, "所在地": "長崎県長崎市琴海形上町１８４８－６", "緯度": 32.947981, "経度": 129.784643, "url": "https://www.iryou.teikyouseido.mhlw.go.jp/znk-web/juminkanja/S2430/initialize?prefCd=42&kikanCd=4200000089&kikanKbn=5", "url2": "https://kowa-ph.co.jp", "内容": "こうわ薬局琴海店【5:薬局】長崎県長崎市琴海形上町１８４８－６" }, "geometry": { "type": "Point", "coordinates": [ 129.784643, 32.947981 ] } },
{ "type": "Feature", "properties": { "ID": 4254200000092, "正式名称": "コスモス調剤薬局", "機関区分": 5, "都道府県コード": 42, "市区町村コード": 201, "所在地": "長崎県長崎市琴海村松町２５０", "緯度": 32.881818, "経度": 129.789059, "url": "https://www.iryou.teikyouseido.mhlw.go.jp/znk-web/juminkanja/S2430/initialize?prefCd=42&kikanCd=4200000092&kikanKbn=5", "url2": "http://www.e-classa.net/cosmos-ph/", "内容": "コスモス調剤薬局【5:薬局】長崎県長崎市琴海村松町２５０" }, "geometry": { "type": "Point", "coordinates": [ 129.789059, 32.881818 ] } },
{ "type": "Feature", "properties": { "ID": 4254200000094, "正式名称": "有限会社小嶺薬局", "機関区分": 5, "都道府県コード": 42, "市区町村コード": 201, "所在地": "長崎県長崎市船大工町１－１５", "緯度": 32.742151, "経度": 129.87831, "url": "https://www.iryou.teikyouseido.mhlw.go.jp/znk-web/juminkanja/S2430/initialize?prefCd=42&kikanCd=4200000094&kikanKbn=5", "url2": null, "内容": "有限会社小嶺薬局【5:薬局】長崎県長崎市船大工町１－１５" }, "geometry": { "type": "Point", "coordinates": [ 129.87831, 32.742151 ] } },
{ "type": "Feature", "properties": { "ID": 4254200000096, "正式名称": "株式会社今日堂薬局", "機関区分": 5, "都道府県コード": 42, "市区町村コード": 201, "所在地": "長崎県長崎市銅座町１４－２３", "緯度": 32.743206, "経度": 129.877787, "url": "https://www.iryou.teikyouseido.mhlw.go.jp/znk-web/juminkanja/S2430/initialize?prefCd=42&kikanCd=4200000096&kikanKbn=5", "url2": "https://www.jiritu-sinkei.jp/", "内容": "株式会社今日堂薬局【5:薬局】長崎県長崎市銅座町１４－２３" }, "geometry": { "type": "Point", "coordinates": [ 129.877787, 32.743206 ] } },
{ "type": "Feature", "properties": { "ID": 4254200000097, "正式名称": "さいかい薬局", "機関区分": 5, "都道府県コード": 42, "市区町村コード": 212, "所在地": "長崎県西海市西彼町八木原郷３４６１－５", "緯度": 33.014832, "経度": 129.733033, "url": "https://www.iryou.teikyouseido.mhlw.go.jp/znk-web/juminkanja/S2430/initialize?prefCd=42&kikanCd=4200000097&kikanKbn=5", "url2": null, "内容": "さいかい薬局【5:薬局】長崎県西海市西彼町八木原郷３４６１－５" }, "geometry": { "type": "Point", "coordinates": [ 129.733033, 33.014832 ] } },
{ "type": "Feature", "properties": { "ID": 4254200000098, "正式名称": "有限会社さいかわ薬局", "機関区分": 5, "都道府県コード": 42, "市区町村コード": 201, "所在地": "長崎県長崎市中園町７－１５", "緯度": 32.791707, "経度": 129.859673, "url": "https://www.iryou.teikyouseido.mhlw.go.jp/znk-web/juminkanja/S2430/initialize?prefCd=42&kikanCd=4200000098&kikanKbn=5", "url2": "https://saikawaph.com/", "内容": "有限会社さいかわ薬局【5:薬局】長崎県長崎市中園町７－１５" }, "geometry": { "type": "Point", "coordinates": [ 129.859673, 32.791707 ] } },
{ "type": "Feature", "properties": { "ID": 4254200000100, "正式名称": "さくら調剤薬局", "機関区分": 5, "都道府県コード": 42, "市区町村コード": 201, "所在地": "長崎県長崎市弁天町１１－２１", "緯度": 32.753118, "経度": 129.862914, "url": "https://www.iryou.teikyouseido.mhlw.go.jp/znk-web/juminkanja/S2430/initialize?prefCd=42&kikanCd=4200000100&kikanKbn=5", "url2": null, "内容": "さくら調剤薬局【5:薬局】長崎県長崎市弁天町１１－２１" }, "geometry": { "type": "Point", "coordinates": [ 129.862914, 32.753118 ] } },
{ "type": "Feature", "properties": { "ID": 4254200000105, "正式名称": "さざんか薬局", "機関区分": 5, "都道府県コード": 42, "市区町村コード": 201, "所在地": "長崎県長崎市滑石３丁目８－５", "緯度": 32.807713, "経度": 129.838127, "url": "https://www.iryou.teikyouseido.mhlw.go.jp/znk-web/juminkanja/S2430/initialize?prefCd=42&kikanCd=4200000105&kikanKbn=5", "url2": null, "内容": "さざんか薬局【5:薬局】長崎県長崎市滑石３丁目８－５" }, "geometry": { "type": "Point", "coordinates": [ 129.838127, 32.807713 ] } },
{ "type": "Feature", "properties": { "ID": 4254200000107, "正式名称": "佐藤薬局", "機関区分": 5, "都道府県コード": 42, "市区町村コード": 201, "所在地": "長崎県長崎市大谷町３－４", "緯度": 32.745395, "経度": 129.858229, "url": "https://www.iryou.teikyouseido.mhlw.go.jp/znk-web/juminkanja/S2430/initialize?prefCd=42&kikanCd=4200000107&kikanKbn=5", "url2": null, "内容": "佐藤薬局【5:薬局】長崎県長崎市大谷町３－４" }, "geometry": { "type": "Point", "coordinates": [ 129.858229, 32.745395 ] } },
{ "type": "Feature", "properties": { "ID": 4254200000110, "正式名称": "オランダ坂薬局", "機関区分": 5, "都道府県コード": 42, "市区町村コード": 201, "所在地": "長崎県長崎市大浦町９番１８号", "緯度": 32.7345, "経度": 129.872705, "url": "https://www.iryou.teikyouseido.mhlw.go.jp/znk-web/juminkanja/S2430/initialize?prefCd=42&kikanCd=4200000110&kikanKbn=5", "url2": null, "内容": "オランダ坂薬局【5:薬局】長崎県長崎市大浦町９番１８号" }, "geometry": { "type": "Point", "coordinates": [ 129.872705, 32.7345 ] } },
{ "type": "Feature", "properties": { "ID": 4254200000111, "正式名称": "有限会社さわだ薬局", "機関区分": 5, "都道府県コード": 42, "市区町村コード": 308, "所在地": "長崎県西彼杵郡時津町浜田郷２９９－２", "緯度": 32.832748, "経度": 129.853565, "url": "https://www.iryou.teikyouseido.mhlw.go.jp/znk-web/juminkanja/S2430/initialize?prefCd=42&kikanCd=4200000111&kikanKbn=5", "url2": null, "内容": "有限会社さわだ薬局【5:薬局】長崎県西彼杵郡時津町浜田郷２９９－２" }, "geometry": { "type": "Point", "coordinates": [ 129.853565, 32.832748 ] } },
{ "type": "Feature", "properties": { "ID": 4254200000112, "正式名称": "有限会社三星堂薬局", "機関区分": 5, "都道府県コード": 42, "市区町村コード": 201, "所在地": "長崎県長崎市浜口町１４－１９", "緯度": 32.769004, "経度": 129.866612, "url": "https://www.iryou.teikyouseido.mhlw.go.jp/znk-web/juminkanja/S2430/initialize?prefCd=42&kikanCd=4200000112&kikanKbn=5", "url2": null, "内容": "有限会社三星堂薬局【5:薬局】長崎県長崎市浜口町１４－１９" }, "geometry": { "type": "Point", "coordinates": [ 129.866612, 32.769004 ] } },
{ "type": "Feature", "properties": { "ID": 4254200000114, "正式名称": "サンタ薬局", "機関区分": 5, "都道府県コード": 42, "市区町村コード": 201, "所在地": "長崎県長崎市平山町８２７－１", "緯度": 32.665592, "経度": 129.836354, "url": "https://www.iryou.teikyouseido.mhlw.go.jp/znk-web/juminkanja/S2430/initialize?prefCd=42&kikanCd=4200000114&kikanKbn=5", "url2": "http://www.e-classa.net/santa/index.html", "内容": "サンタ薬局【5:薬局】長崎県長崎市平山町８２７－１" }, "geometry": { "type": "Point", "coordinates": [ 129.836354, 32.665592 ] } },
{ "type": "Feature", "properties": { "ID": 4254200000118, "正式名称": "シーサイド薬局", "機関区分": 5, "都道府県コード": 42, "市区町村コード": 201, "所在地": "長崎県長崎市小ケ倉町３丁目８７番地１", "緯度": 32.70317, "経度": 129.847521, "url": "https://www.iryou.teikyouseido.mhlw.go.jp/znk-web/juminkanja/S2430/initialize?prefCd=42&kikanCd=4200000118&kikanKbn=5", "url2": null, "内容": "シーサイド薬局【5:薬局】長崎県長崎市小ケ倉町３丁目８７番地１" }, "geometry": { "type": "Point", "coordinates": [ 129.847521, 32.70317 ] } },
{ "type": "Feature", "properties": { "ID": 4254200000119, "正式名称": "シーボルト通り薬局", "機関区分": 5, "都道府県コード": 42, "市区町村コード": 201, "所在地": "長崎県長崎市桜馬場１－２－１３", "緯度": 32.75299, "経度": 129.887971, "url": "https://www.iryou.teikyouseido.mhlw.go.jp/znk-web/juminkanja/S2430/initialize?prefCd=42&kikanCd=4200000119&kikanKbn=5", "url2": null, "内容": "シーボルト通り薬局【5:薬局】長崎県長崎市桜馬場１－２－１３" }, "geometry": { "type": "Point", "coordinates": [ 129.887971, 32.75299 ] } },
{ "type": "Feature", "properties": { "ID": 4254200000122, "正式名称": "しげみ薬局", "機関区分": 5, "都道府県コード": 42, "市区町村コード": 201, "所在地": "長崎県長崎市滑石１－２－７", "緯度": 32.805752, "経度": 129.851032, "url": "https://www.iryou.teikyouseido.mhlw.go.jp/znk-web/juminkanja/S2430/initialize?prefCd=42&kikanCd=4200000122&kikanKbn=5", "url2": "http://makipharmacy", "内容": "しげみ薬局【5:薬局】長崎県長崎市滑石１－２－７" }, "geometry": { "type": "Point", "coordinates": [ 129.851032, 32.805752 ] } },
{ "type": "Feature", "properties": { "ID": 4254200000124, "正式名称": "しのはら薬局", "機関区分": 5, "都道府県コード": 42, "市区町村コード": 201, "所在地": "長崎県長崎市万才町２－２８", "緯度": 32.748011, "経度": 129.874648, "url": "https://www.iryou.teikyouseido.mhlw.go.jp/znk-web/juminkanja/S2430/initialize?prefCd=42&kikanCd=4200000124&kikanKbn=5", "url2": null, "内容": "しのはら薬局【5:薬局】長崎県長崎市万才町２－２８" }, "geometry": { "type": "Point", "coordinates": [ 129.874648, 32.748011 ] } },
{ "type": "Feature", "properties": { "ID": 4254200000127, "正式名称": "アイン薬局田上二丁目店", "機関区分": 5, "都道府県コード": 42, "市区町村コード": 201, "所在地": "長崎県長崎市田上２－１０－２９", "緯度": 32.727722, "経度": 129.889703, "url": "https://www.iryou.teikyouseido.mhlw.go.jp/znk-web/juminkanja/S2430/initialize?prefCd=42&kikanCd=4200000127&kikanKbn=5", "url2": "http://www.ainj.co.jp/", "内容": "アイン薬局田上二丁目店【5:薬局】長崎県長崎市田上２－１０－２９" }, "geometry": { "type": "Point", "coordinates": [ 129.889703, 32.727722 ] } },
{ "type": "Feature", "properties": { "ID": 4254200000129, "正式名称": "城栄町薬局", "機関区分": 5, "都道府県コード": 42, "市区町村コード": 201, "所在地": "長崎県長崎市城栄町３２－２４", "緯度": 32.775608, "経度": 129.854638, "url": "https://www.iryou.teikyouseido.mhlw.go.jp/znk-web/juminkanja/S2430/initialize?prefCd=42&kikanCd=4200000129&kikanKbn=5", "url2": null, "内容": "城栄町薬局【5:薬局】長崎県長崎市城栄町３２－２４" }, "geometry": { "type": "Point", "coordinates": [ 129.854638, 32.775608 ] } },
{ "type": "Feature", "properties": { "ID": 4254200000130, "正式名称": "正和薬局", "機関区分": 5, "都道府県コード": 42, "市区町村コード": 201, "所在地": "長崎県長崎市油木町８－５３", "緯度": 32.77889, "経度": 129.85707, "url": "https://www.iryou.teikyouseido.mhlw.go.jp/znk-web/juminkanja/S2430/initialize?prefCd=42&kikanCd=4200000130&kikanKbn=5", "url2": null, "内容": "正和薬局【5:薬局】長崎県長崎市油木町８－５３" }, "geometry": { "type": "Point", "coordinates": [ 129.85707, 32.77889 ] } },
{ "type": "Feature", "properties": { "ID": 4254200000131, "正式名称": "正和薬局大学前店", "機関区分": 5, "都道府県コード": 42, "市区町村コード": 201, "所在地": "長崎県長崎市若葉町１－２８", "緯度": 32.78514, "経度": 129.862249, "url": "https://www.iryou.teikyouseido.mhlw.go.jp/znk-web/juminkanja/S2430/initialize?prefCd=42&kikanCd=4200000131&kikanKbn=5", "url2": null, "内容": "正和薬局大学前店【5:薬局】長崎県長崎市若葉町１－２８" }, "geometry": { "type": "Point", "coordinates": [ 129.862249, 32.78514 ] } },
{ "type": "Feature", "properties": { "ID": 4254200000134, "正式名称": "しらいと薬局", "機関区分": 5, "都道府県コード": 42, "市区町村コード": 201, "所在地": "長崎県長崎市愛宕３－１３－２", "緯度": 32.734559, "経度": 129.889366, "url": "https://www.iryou.teikyouseido.mhlw.go.jp/znk-web/juminkanja/S2430/initialize?prefCd=42&kikanCd=4200000134&kikanKbn=5", "url2": null, "内容": "しらいと薬局【5:薬局】長崎県長崎市愛宕３－１３－２" }, "geometry": { "type": "Point", "coordinates": [ 129.889366, 32.734559 ] } },
{ "type": "Feature", "properties": { "ID": 4254200000139, "正式名称": "すずらん薬局", "機関区分": 5, "都道府県コード": 42, "市区町村コード": 201, "所在地": "長崎県長崎市かき道１－３３－１５", "緯度": 32.772049, "経度": 129.953652, "url": "https://www.iryou.teikyouseido.mhlw.go.jp/znk-web/juminkanja/S2430/initialize?prefCd=42&kikanCd=4200000139&kikanKbn=5", "url2": null, "内容": "すずらん薬局【5:薬局】長崎県長崎市かき道１－３３－１５" }, "geometry": { "type": "Point", "coordinates": [ 129.953652, 32.772049 ] } },
{ "type": "Feature", "properties": { "ID": 4254200000140, "正式名称": "スマイル薬局", "機関区分": 5, "都道府県コード": 42, "市区町村コード": 201, "所在地": "長崎県長崎市若葉町６－１８", "緯度": 32.788562, "経度": 129.860988, "url": "https://www.iryou.teikyouseido.mhlw.go.jp/znk-web/juminkanja/S2430/initialize?prefCd=42&kikanCd=4200000140&kikanKbn=5", "url2": null, "内容": "スマイル薬局【5:薬局】長崎県長崎市若葉町６－１８" }, "geometry": { "type": "Point", "coordinates": [ 129.860988, 32.788562 ] } },
{ "type": "Feature", "properties": { "ID": 4254200000142, "正式名称": "せいひ調剤薬局", "機関区分": 5, "都道府県コード": 42, "市区町村コード": 212, "所在地": "長崎県西海市西彼町喰場郷１３３６－１４", "緯度": 32.987421, "経度": 129.767454, "url": "https://www.iryou.teikyouseido.mhlw.go.jp/znk-web/juminkanja/S2430/initialize?prefCd=42&kikanCd=4200000142&kikanKbn=5", "url2": "http://www.e-classa.net/seihi-ph/", "内容": "せいひ調剤薬局【5:薬局】長崎県西海市西彼町喰場郷１３３６－１４" }, "geometry": { "type": "Point", "coordinates": [ 129.767454, 32.987421 ] } },
{ "type": "Feature", "properties": { "ID": 4254200000143, "正式名称": "センター薬局", "機関区分": 5, "都道府県コード": 42, "市区町村コード": 201, "所在地": "長崎県長崎市滑石５丁目１－２２", "緯度": 32.80669, "経度": 129.83685, "url": "https://www.iryou.teikyouseido.mhlw.go.jp/znk-web/juminkanja/S2430/initialize?prefCd=42&kikanCd=4200000143&kikanKbn=5", "url2": null, "内容": "センター薬局【5:薬局】長崎県長崎市滑石５丁目１－２２" }, "geometry": { "type": "Point", "coordinates": [ 129.83685, 32.80669 ] } },
{ "type": "Feature", "properties": { "ID": 4254200000144, "正式名称": "副島薬局", "機関区分": 5, "都道府県コード": 42, "市区町村コード": 201, "所在地": "長崎県長崎市岩見町４－１３", "緯度": 32.770196, "経度": 129.85724, "url": "https://www.iryou.teikyouseido.mhlw.go.jp/znk-web/juminkanja/S2430/initialize?prefCd=42&kikanCd=4200000144&kikanKbn=5", "url2": null, "内容": "副島薬局【5:薬局】長崎県長崎市岩見町４－１３" }, "geometry": { "type": "Point", "coordinates": [ 129.85724, 32.770196 ] } },
{ "type": "Feature", "properties": { "ID": 4254200000145, "正式名称": "そとめ薬局", "機関区分": 5, "都道府県コード": 42, "市区町村コード": 201, "所在地": "長崎県長崎市新牧野町１３８－１", "緯度": 32.852877, "経度": 129.704824, "url": "https://www.iryou.teikyouseido.mhlw.go.jp/znk-web/juminkanja/S2430/initialize?prefCd=42&kikanCd=4200000145&kikanKbn=5", "url2": null, "内容": "そとめ薬局【5:薬局】長崎県長崎市新牧野町１３８－１" }, "geometry": { "type": "Point", "coordinates": [ 129.704824, 32.852877 ] } },
{ "type": "Feature", "properties": { "ID": 4254200000146, "正式名称": "そよかぜ薬局", "機関区分": 5, "都道府県コード": 42, "市区町村コード": 201, "所在地": "長崎県長崎市辻町４－３", "緯度": 32.783809, "経度": 129.879089, "url": "https://www.iryou.teikyouseido.mhlw.go.jp/znk-web/juminkanja/S2430/initialize?prefCd=42&kikanCd=4200000146&kikanKbn=5", "url2": "http://www.nanashima.co.jp", "内容": "そよかぜ薬局【5:薬局】長崎県長崎市辻町４－３" }, "geometry": { "type": "Point", "coordinates": [ 129.879089, 32.783809 ] } },
{ "type": "Feature", "properties": { "ID": 4254200000149, "正式名称": "太陽薬局", "機関区分": 5, "都道府県コード": 42, "市区町村コード": 201, "所在地": "長崎県長崎市中里町９３－１", "緯度": 32.798087, "経度": 129.962606, "url": "https://www.iryou.teikyouseido.mhlw.go.jp/znk-web/juminkanja/S2430/initialize?prefCd=42&kikanCd=4200000149&kikanKbn=5", "url2": "http://www.nagasaki-tulip-phamacy.com", "内容": "太陽薬局【5:薬局】長崎県長崎市中里町９３－１" }, "geometry": { "type": "Point", "coordinates": [ 129.962606, 32.798087 ] } },
{ "type": "Feature", "properties": { "ID": 4254200000151, "正式名称": "宝町薬局", "機関区分": 5, "都道府県コード": 42, "市区町村コード": 201, "所在地": "長崎県長崎市宝町５－５宝ビル１Ｆ", "緯度": 32.75782, "経度": 129.869462, "url": "https://www.iryou.teikyouseido.mhlw.go.jp/znk-web/juminkanja/S2430/initialize?prefCd=42&kikanCd=4200000151&kikanKbn=5", "url2": null, "内容": "宝町薬局【5:薬局】長崎県長崎市宝町５－５宝ビル１Ｆ" }, "geometry": { "type": "Point", "coordinates": [ 129.869462, 32.75782 ] } },
{ "type": "Feature", "properties": { "ID": 4254200000152, "正式名称": "嵩下薬局", "機関区分": 5, "都道府県コード": 42, "市区町村コード": 201, "所在地": "長崎県長崎市曙町１２－８", "緯度": 32.754192, "経度": 129.861505, "url": "https://www.iryou.teikyouseido.mhlw.go.jp/znk-web/juminkanja/S2430/initialize?prefCd=42&kikanCd=4200000152&kikanKbn=5", "url2": null, "内容": "嵩下薬局【5:薬局】長崎県長崎市曙町１２－８" }, "geometry": { "type": "Point", "coordinates": [ 129.861505, 32.754192 ] } },
{ "type": "Feature", "properties": { "ID": 4254200000153, "正式名称": "有限会社竹の久保調剤薬局", "機関区分": 5, "都道府県コード": 42, "市区町村コード": 201, "所在地": "長崎県長崎市竹の久保町１－６", "緯度": 32.764692, "経度": 129.860721, "url": "https://www.iryou.teikyouseido.mhlw.go.jp/znk-web/juminkanja/S2430/initialize?prefCd=42&kikanCd=4200000153&kikanKbn=5", "url2": "http://takenokubo16pharmacy.wixsite.com/takenokubo", "内容": "有限会社竹の久保調剤薬局【5:薬局】長崎県長崎市竹の久保町１－６" }, "geometry": { "type": "Point", "coordinates": [ 129.860721, 32.764692 ] } },
{ "type": "Feature", "properties": { "ID": 4254200000155, "正式名称": "竹谷健寿堂", "機関区分": 5, "都道府県コード": 42, "市区町村コード": 201, "所在地": "長崎県長崎市浜町７－７", "緯度": 32.743933, "経度": 129.878438, "url": "https://www.iryou.teikyouseido.mhlw.go.jp/znk-web/juminkanja/S2430/initialize?prefCd=42&kikanCd=4200000155&kikanKbn=5", "url2": null, "内容": "竹谷健寿堂【5:薬局】長崎県長崎市浜町７－７" }, "geometry": { "type": "Point", "coordinates": [ 129.878438, 32.743933 ] } },
{ "type": "Feature", "properties": { "ID": 4254200000156, "正式名称": "たしろ薬局", "機関区分": 5, "都道府県コード": 42, "市区町村コード": 201, "所在地": "長崎県長崎市住吉町２－１６", "緯度": 32.791229, "経度": 129.861872, "url": "https://www.iryou.teikyouseido.mhlw.go.jp/znk-web/juminkanja/S2430/initialize?prefCd=42&kikanCd=4200000156&kikanKbn=5", "url2": null, "内容": "たしろ薬局【5:薬局】長崎県長崎市住吉町２－１６" }, "geometry": { "type": "Point", "coordinates": [ 129.861872, 32.791229 ] } },
{ "type": "Feature", "properties": { "ID": 4254200000158, "正式名称": "たんぽぽ薬局", "機関区分": 5, "都道府県コード": 42, "市区町村コード": 201, "所在地": "長崎県長崎市大浦町９－３１", "緯度": 32.735156, "経度": 129.872246, "url": "https://www.iryou.teikyouseido.mhlw.go.jp/znk-web/juminkanja/S2430/initialize?prefCd=42&kikanCd=4200000158&kikanKbn=5", "url2": "http://www.kenkou-kikaku.jp/", "内容": "たんぽぽ薬局【5:薬局】長崎県長崎市大浦町９－３１" }, "geometry": { "type": "Point", "coordinates": [ 129.872246, 32.735156 ] } },
{ "type": "Feature", "properties": { "ID": 4254200000162, "正式名称": "ちゅーりっぷ薬局矢上店", "機関区分": 5, "都道府県コード": 42, "市区町村コード": 201, "所在地": "長崎県長崎市矢上町９ー１０", "緯度": 32.77426, "経度": 129.951394, "url": "https://www.iryou.teikyouseido.mhlw.go.jp/znk-web/juminkanja/S2430/initialize?prefCd=42&kikanCd=4200000162&kikanKbn=5", "url2": "https://www.nagasaki-tulip-pharmacy.com/", "内容": "ちゅーりっぷ薬局矢上店【5:薬局】長崎県長崎市矢上町９ー１０" }, "geometry": { "type": "Point", "coordinates": [ 129.951394, 32.77426 ] } },
{ "type": "Feature", "properties": { "ID": 4254200000168, "正式名称": "有限会社つりがね堂薬局", "機関区分": 5, "都道府県コード": 42, "市区町村コード": 201, "所在地": "長崎県長崎市新地町１１－１１", "緯度": 32.740979, "経度": 129.874966, "url": "https://www.iryou.teikyouseido.mhlw.go.jp/znk-web/juminkanja/S2430/initialize?prefCd=42&kikanCd=4200000168&kikanKbn=5", "url2": null, "内容": "有限会社つりがね堂薬局【5:薬局】長崎県長崎市新地町１１－１１" }, "geometry": { "type": "Point", "coordinates": [ 129.874966, 32.740979 ] } },
{ "type": "Feature", "properties": { "ID": 4254200000169, "正式名称": "鶴丸薬局", "機関区分": 5, "都道府県コード": 42, "市区町村コード": 201, "所在地": "長崎県長崎市鶴見台１－１０－１", "緯度": 32.687764, "経度": 129.840908, "url": "https://www.iryou.teikyouseido.mhlw.go.jp/znk-web/juminkanja/S2430/initialize?prefCd=42&kikanCd=4200000169&kikanKbn=5", "url2": "https://tsurumarupharmacy.co.jp/", "内容": "鶴丸薬局【5:薬局】長崎県長崎市鶴見台１－１０－１" }, "geometry": { "type": "Point", "coordinates": [ 129.840908, 32.687764 ] } },
{ "type": "Feature", "properties": { "ID": 4254200000171, "正式名称": "出島薬局", "機関区分": 5, "都道府県コード": 42, "市区町村コード": 201, "所在地": "長崎県長崎市新地町５－４サンビル橋本１階１号", "緯度": 32.740854, "経度": 129.87354, "url": "https://www.iryou.teikyouseido.mhlw.go.jp/znk-web/juminkanja/S2430/initialize?prefCd=42&kikanCd=4200000171&kikanKbn=5", "url2": null, "内容": "出島薬局【5:薬局】長崎県長崎市新地町５－４サンビル橋本１階１号" }, "geometry": { "type": "Point", "coordinates": [ 129.87354, 32.740854 ] } },
{ "type": "Feature", "properties": { "ID": 4254200000172, "正式名称": "天祥堂薬局", "機関区分": 5, "都道府県コード": 42, "市区町村コード": 307, "所在地": "長崎県西彼杵郡長与町嬉里郷１００－１", "緯度": 32.831781, "経度": 129.869513, "url": "https://www.iryou.teikyouseido.mhlw.go.jp/znk-web/juminkanja/S2430/initialize?prefCd=42&kikanCd=4200000172&kikanKbn=5", "url2": null, "内容": "天祥堂薬局【5:薬局】長崎県西彼杵郡長与町嬉里郷１００－１" }, "geometry": { "type": "Point", "coordinates": [ 129.869513, 32.831781 ] } },
{ "type": "Feature", "properties": { "ID": 4254200000174, "正式名称": "といし薬局", "機関区分": 5, "都道府県コード": 42, "市区町村コード": 201, "所在地": "長崎県長崎市戸石町１４７４－７", "緯度": 32.763867, "経度": 129.977574, "url": "https://www.iryou.teikyouseido.mhlw.go.jp/znk-web/juminkanja/S2430/initialize?prefCd=42&kikanCd=4200000174&kikanKbn=5", "url2": null, "内容": "といし薬局【5:薬局】長崎県長崎市戸石町１４７４－７" }, "geometry": { "type": "Point", "coordinates": [ 129.977574, 32.763867 ] } },
{ "type": "Feature", "properties": { "ID": 4254200000175, "正式名称": "銅座町コクミン薬局", "機関区分": 5, "都道府県コード": 42, "市区町村コード": 201, "所在地": "長崎県長崎市銅座町５－７サイノオビル１階", "緯度": 32.743436, "経度": 129.876717, "url": "https://www.iryou.teikyouseido.mhlw.go.jp/znk-web/juminkanja/S2430/initialize?prefCd=42&kikanCd=4200000175&kikanKbn=5", "url2": "http://www.kokumin.co.jp", "内容": "銅座町コクミン薬局【5:薬局】長崎県長崎市銅座町５－７サイノオビル１階" }, "geometry": { "type": "Point", "coordinates": [ 129.876717, 32.743436 ] } },
{ "type": "Feature", "properties": { "ID": 4254200000176, "正式名称": "ひすい堂薬局", "機関区分": 5, "都道府県コード": 42, "市区町村コード": 201, "所在地": "長崎県長崎市勝山町６－１", "緯度": 32.751127, "経度": 129.880693, "url": "https://www.iryou.teikyouseido.mhlw.go.jp/znk-web/juminkanja/S2430/initialize?prefCd=42&kikanCd=4200000176&kikanKbn=5", "url2": null, "内容": "ひすい堂薬局【5:薬局】長崎県長崎市勝山町６－１" }, "geometry": { "type": "Point", "coordinates": [ 129.880693, 32.751127 ] } },
{ "type": "Feature", "properties": { "ID": 4254200000177, "正式名称": "保険調剤薬局唐薬一二古川町店", "機関区分": 5, "都道府県コード": 42, "市区町村コード": 201, "所在地": "長崎県長崎市銀屋町３－２０", "緯度": 32.746164, "経度": 129.880627, "url": "https://www.iryou.teikyouseido.mhlw.go.jp/znk-web/juminkanja/S2430/initialize?prefCd=42&kikanCd=4200000177&kikanKbn=5", "url2": "http://www.toyakuichiji.com", "内容": "保険調剤薬局唐薬一二古川町店【5:薬局】長崎県長崎市銀屋町３－２０" }, "geometry": { "type": "Point", "coordinates": [ 129.880627, 32.746164 ] } },
{ "type": "Feature", "properties": { "ID": 4254200000182, "正式名称": "とまと薬局", "機関区分": 5, "都道府県コード": 42, "市区町村コード": 201, "所在地": "長崎県長崎市平野町２３－６", "緯度": 32.77017, "経度": 129.867192, "url": "https://www.iryou.teikyouseido.mhlw.go.jp/znk-web/juminkanja/S2430/initialize?prefCd=42&kikanCd=4200000182&kikanKbn=5", "url2": "https://www.kusurinomadoguchi.com/nagasaki/s1000001405", "内容": "とまと薬局【5:薬局】長崎県長崎市平野町２３－６" }, "geometry": { "type": "Point", "coordinates": [ 129.867192, 32.77017 ] } },
{ "type": "Feature", "properties": { "ID": 4254200000183, "正式名称": "どりぃむ薬局", "機関区分": 5, "都道府県コード": 42, "市区町村コード": 201, "所在地": "長崎県長崎市千歳町１０－２", "緯度": 32.79085, "経度": 129.862503, "url": "https://www.iryou.teikyouseido.mhlw.go.jp/znk-web/juminkanja/S2430/initialize?prefCd=42&kikanCd=4200000183&kikanKbn=5", "url2": "https://hc-pharmacy.jp/", "内容": "どりぃむ薬局【5:薬局】長崎県長崎市千歳町１０－２" }, "geometry": { "type": "Point", "coordinates": [ 129.862503, 32.79085 ] } },
{ "type": "Feature", "properties": { "ID": 4254200000185, "正式名称": "長崎市薬剤師会調剤薬局", "機関区分": 5, "都道府県コード": 42, "市区町村コード": 201, "所在地": "長崎県長崎市興善町７－１９", "緯度": 32.748309, "経度": 129.877399, "url": "https://www.iryou.teikyouseido.mhlw.go.jp/znk-web/juminkanja/S2430/initialize?prefCd=42&kikanCd=4200000185&kikanKbn=5", "url2": null, "内容": "長崎市薬剤師会調剤薬局【5:薬局】長崎県長崎市興善町７－１９" }, "geometry": { "type": "Point", "coordinates": [ 129.877399, 32.748309 ] } },
{ "type": "Feature", "properties": { "ID": 4254200000189, "正式名称": "中島川薬局", "機関区分": 5, "都道府県コード": 42, "市区町村コード": 201, "所在地": "長崎県長崎市諏訪町６番７号", "緯度": 32.747319, "経度": 129.880968, "url": "https://www.iryou.teikyouseido.mhlw.go.jp/znk-web/juminkanja/S2430/initialize?prefCd=42&kikanCd=4200000189&kikanKbn=5", "url2": "https://www.kusurinomadoguchi.com/nagasaki/s114840", "内容": "中島川薬局【5:薬局】長崎県長崎市諏訪町６番７号" }, "geometry": { "type": "Point", "coordinates": [ 129.880968, 32.747319 ] } },
{ "type": "Feature", "properties": { "ID": 4254200000191, "正式名称": "中町薬局", "機関区分": 5, "都道府県コード": 42, "市区町村コード": 201, "所在地": "長崎県長崎市中町５－２９", "緯度": 32.752721, "経度": 129.873302, "url": "https://www.iryou.teikyouseido.mhlw.go.jp/znk-web/juminkanja/S2430/initialize?prefCd=42&kikanCd=4200000191&kikanKbn=5", "url2": null, "内容": "中町薬局【5:薬局】長崎県長崎市中町５－２９" }, "geometry": { "type": "Point", "coordinates": [ 129.873302, 32.752721 ] } },
{ "type": "Feature", "properties": { "ID": 4254200000192, "正式名称": "すずらん薬局", "機関区分": 5, "都道府県コード": 42, "市区町村コード": 201, "所在地": "長崎県長崎市千歳町５番１号", "緯度": 32.789325, "経度": 129.86175, "url": "https://www.iryou.teikyouseido.mhlw.go.jp/znk-web/juminkanja/S2430/initialize?prefCd=42&kikanCd=4200000192&kikanKbn=5", "url2": null, "内容": "すずらん薬局【5:薬局】長崎県長崎市千歳町５番１号" }, "geometry": { "type": "Point", "coordinates": [ 129.86175, 32.789325 ] } },
{ "type": "Feature", "properties": { "ID": 4254200000193, "正式名称": "中村薬局ハヤマ店", "機関区分": 5, "都道府県コード": 42, "市区町村コード": 201, "所在地": "長崎県長崎市葉山１丁目２８ー１日章葉山ビル１０２", "緯度": 32.805952, "経度": 129.848344, "url": "https://www.iryou.teikyouseido.mhlw.go.jp/znk-web/juminkanja/S2430/initialize?prefCd=42&kikanCd=4200000193&kikanKbn=5", "url2": null, "内容": "中村薬局ハヤマ店【5:薬局】長崎県長崎市葉山１丁目２８ー１日章葉山ビル１０２" }, "geometry": { "type": "Point", "coordinates": [ 129.848344, 32.805952 ] } },
{ "type": "Feature", "properties": { "ID": 4254200000195, "正式名称": "なぎさ薬局", "機関区分": 5, "都道府県コード": 42, "市区町村コード": 201, "所在地": "長崎県長崎市畝刈町１６１３－８５", "緯度": 32.825579, "経度": 129.776896, "url": "https://www.iryou.teikyouseido.mhlw.go.jp/znk-web/juminkanja/S2430/initialize?prefCd=42&kikanCd=4200000195&kikanKbn=5", "url2": null, "内容": "なぎさ薬局【5:薬局】長崎県長崎市畝刈町１６１３－８５" }, "geometry": { "type": "Point", "coordinates": [ 129.776896, 32.825579 ] } },
{ "type": "Feature", "properties": { "ID": 4254200000196, "正式名称": "名切薬局", "機関区分": 5, "都道府県コード": 42, "市区町村コード": 201, "所在地": "長崎県長崎市茂木町１５９０－１６５", "緯度": 32.705393, "経度": 129.910109, "url": "https://www.iryou.teikyouseido.mhlw.go.jp/znk-web/juminkanja/S2430/initialize?prefCd=42&kikanCd=4200000196&kikanKbn=5", "url2": null, "内容": "名切薬局【5:薬局】長崎県長崎市茂木町１５９０－１６５" }, "geometry": { "type": "Point", "coordinates": [ 129.910109, 32.705393 ] } },
{ "type": "Feature", "properties": { "ID": 4254200000198, "正式名称": "ななしま薬局", "機関区分": 5, "都道府県コード": 42, "市区町村コード": 201, "所在地": "長崎県長崎市川平町１２０２", "緯度": 32.793853, "経度": 129.880299, "url": "https://www.iryou.teikyouseido.mhlw.go.jp/znk-web/juminkanja/S2430/initialize?prefCd=42&kikanCd=4200000198&kikanKbn=5", "url2": "http://www.nanashima.co.jp", "内容": "ななしま薬局【5:薬局】長崎県長崎市川平町１２０２" }, "geometry": { "type": "Point", "coordinates": [ 129.880299, 32.793853 ] } },
{ "type": "Feature", "properties": { "ID": 4254200000199, "正式名称": "なの花薬局", "機関区分": 5, "都道府県コード": 42, "市区町村コード": 307, "所在地": "長崎県西彼杵郡長与町吉無田郷２８－１", "緯度": 32.820782, "経度": 129.879226, "url": "https://www.iryou.teikyouseido.mhlw.go.jp/znk-web/juminkanja/S2430/initialize?prefCd=42&kikanCd=4200000199&kikanKbn=5", "url2": null, "内容": "なの花薬局【5:薬局】長崎県西彼杵郡長与町吉無田郷２８－１" }, "geometry": { "type": "Point", "coordinates": [ 129.879226, 32.820782 ] } },
{ "type": "Feature", "properties": { "ID": 4254200000200, "正式名称": "滑石薬局", "機関区分": 5, "都道府県コード": 42, "市区町村コード": 201, "所在地": "長崎県長崎市滑石５－１－１５", "緯度": 32.806734, "経度": 129.837369, "url": "https://www.iryou.teikyouseido.mhlw.go.jp/znk-web/juminkanja/S2430/initialize?prefCd=42&kikanCd=4200000200&kikanKbn=5", "url2": null, "内容": "滑石薬局【5:薬局】長崎県長崎市滑石５－１－１５" }, "geometry": { "type": "Point", "coordinates": [ 129.837369, 32.806734 ] } },
{ "type": "Feature", "properties": { "ID": 4254200000202, "正式名称": "鳴滝薬局", "機関区分": 5, "都道府県コード": 42, "市区町村コード": 201, "所在地": "長崎県長崎市夫婦川町１－３", "緯度": 32.753512, "経度": 129.887368, "url": "https://www.iryou.teikyouseido.mhlw.go.jp/znk-web/juminkanja/S2430/initialize?prefCd=42&kikanCd=4200000202&kikanKbn=5", "url2": null, "内容": "鳴滝薬局【5:薬局】長崎県長崎市夫婦川町１－３" }, "geometry": { "type": "Point", "coordinates": [ 129.887368, 32.753512 ] } },
{ "type": "Feature", "properties": { "ID": 4254200000203, "正式名称": "なるみ台薬局", "機関区分": 5, "都道府県コード": 42, "市区町村コード": 201, "所在地": "長崎県長崎市鳴見台１丁目２８－１１", "緯度": 32.820207, "経度": 129.806963, "url": "https://www.iryou.teikyouseido.mhlw.go.jp/znk-web/juminkanja/S2430/initialize?prefCd=42&kikanCd=4200000203&kikanKbn=5", "url2": "capsule-design.net", "内容": "なるみ台薬局【5:薬局】長崎県長崎市鳴見台１丁目２８－１１" }, "geometry": { "type": "Point", "coordinates": [ 129.806963, 32.820207 ] } },
{ "type": "Feature", "properties": { "ID": 4254200000204, "正式名称": "錦薬局", "機関区分": 5, "都道府県コード": 42, "市区町村コード": 201, "所在地": "長崎県長崎市小江原２－５－１", "緯度": 32.780529, "経度": 129.841135, "url": "https://www.iryou.teikyouseido.mhlw.go.jp/znk-web/juminkanja/S2430/initialize?prefCd=42&kikanCd=4200000204&kikanKbn=5", "url2": "http://www.cities.jp/nishikidrug/", "内容": "錦薬局【5:薬局】長崎県長崎市小江原２－５－１" }, "geometry": { "type": "Point", "coordinates": [ 129.841135, 32.780529 ] } },
{ "type": "Feature", "properties": { "ID": 4254200000206, "正式名称": "西浜の町薬局", "機関区分": 5, "都道府県コード": 42, "市区町村コード": 201, "所在地": "長崎県長崎市銅座町２－２２", "緯度": 32.74335, "経度": 129.875744, "url": "https://www.iryou.teikyouseido.mhlw.go.jp/znk-web/juminkanja/S2430/initialize?prefCd=42&kikanCd=4200000206&kikanKbn=5", "url2": "yakushin-pg.co.jp http://www.yakushin-pg.co.jp", "内容": "西浜の町薬局【5:薬局】長崎県長崎市銅座町２－２２" }, "geometry": { "type": "Point", "coordinates": [ 129.875744, 32.74335 ] } },
{ "type": "Feature", "properties": { "ID": 4254200000207, "正式名称": "西町調剤薬局", "機関区分": 5, "都道府県コード": 42, "市区町村コード": 201, "所在地": "長崎県長崎市清水町１２－３山廣ビル", "緯度": 32.784829, "経度": 129.857919, "url": "https://www.iryou.teikyouseido.mhlw.go.jp/znk-web/juminkanja/S2430/initialize?prefCd=42&kikanCd=4200000207&kikanKbn=5", "url2": null, "内容": "西町調剤薬局【5:薬局】長崎県長崎市清水町１２－３山廣ビル" }, "geometry": { "type": "Point", "coordinates": [ 129.857919, 32.784829 ] } },
{ "type": "Feature", "properties": { "ID": 4254200000208, "正式名称": "西山通り薬局", "機関区分": 5, "都道府県コード": 42, "市区町村コード": 201, "所在地": "長崎県長崎市西山２－１０－１２", "緯度": 32.760493, "経度": 129.88737, "url": "https://www.iryou.teikyouseido.mhlw.go.jp/znk-web/juminkanja/S2430/initialize?prefCd=42&kikanCd=4200000208&kikanKbn=5", "url2": null, "内容": "西山通り薬局【5:薬局】長崎県長崎市西山２－１０－１２" }, "geometry": { "type": "Point", "coordinates": [ 129.88737, 32.760493 ] } },
{ "type": "Feature", "properties": { "ID": 4254200000210, "正式名称": "にんじん堂薬局", "機関区分": 5, "都道府県コード": 42, "市区町村コード": 201, "所在地": "長崎県長崎市本原町２－２", "緯度": 32.780442, "経度": 129.87013, "url": "https://www.iryou.teikyouseido.mhlw.go.jp/znk-web/juminkanja/S2430/initialize?prefCd=42&kikanCd=4200000210&kikanKbn=5", "url2": null, "内容": "にんじん堂薬局【5:薬局】長崎県長崎市本原町２－２" }, "geometry": { "type": "Point", "coordinates": [ 129.87013, 32.780442 ] } },
{ "type": "Feature", "properties": { "ID": 4254200000211, "正式名称": "野いちご調剤薬局", "機関区分": 5, "都道府県コード": 42, "市区町村コード": 201, "所在地": "長崎県長崎市西海町１７１９－４", "緯度": 32.860556, "経度": 129.785557, "url": "https://www.iryou.teikyouseido.mhlw.go.jp/znk-web/juminkanja/S2430/initialize?prefCd=42&kikanCd=4200000211&kikanKbn=5", "url2": "https://noichigo.jp", "内容": "野いちご調剤薬局【5:薬局】長崎県長崎市西海町１７１９－４" }, "geometry": { "type": "Point", "coordinates": [ 129.785557, 32.860556 ] } },
{ "type": "Feature", "properties": { "ID": 4254200000212, "正式名称": "有限会社野田薬局", "機関区分": 5, "都道府県コード": 42, "市区町村コード": 201, "所在地": "長崎県長崎市万屋町５－１", "緯度": 32.744757, "経度": 129.878809, "url": "https://www.iryou.teikyouseido.mhlw.go.jp/znk-web/juminkanja/S2430/initialize?prefCd=42&kikanCd=4200000212&kikanKbn=5", "url2": null, "内容": "有限会社野田薬局【5:薬局】長崎県長崎市万屋町５－１" }, "geometry": { "type": "Point", "coordinates": [ 129.878809, 32.744757 ] } },
{ "type": "Feature", "properties": { "ID": 4254200000216, "正式名称": "ハーモニー薬局", "機関区分": 5, "都道府県コード": 42, "市区町村コード": 308, "所在地": "長崎県西彼杵郡時津町浦郷２６４－４", "緯度": 32.828386, "経度": 129.847097, "url": "https://www.iryou.teikyouseido.mhlw.go.jp/znk-web/juminkanja/S2430/initialize?prefCd=42&kikanCd=4200000216&kikanKbn=5", "url2": "https://harmony-nagasaki.com/", "内容": "ハーモニー薬局【5:薬局】長崎県西彼杵郡時津町浦郷２６４－４" }, "geometry": { "type": "Point", "coordinates": [ 129.847097, 32.828386 ] } },
{ "type": "Feature", "properties": { "ID": 4254200000220, "正式名称": "浜口町薬局", "機関区分": 5, "都道府県コード": 42, "市区町村コード": 201, "所在地": "長崎県長崎市浜口町５－１８", "緯度": 32.768879, "経度": 129.864848, "url": "https://www.iryou.teikyouseido.mhlw.go.jp/znk-web/juminkanja/S2430/initialize?prefCd=42&kikanCd=4200000220&kikanKbn=5", "url2": null, "内容": "浜口町薬局【5:薬局】長崎県長崎市浜口町５－１８" }, "geometry": { "type": "Point", "coordinates": [ 129.864848, 32.768879 ] } },
{ "type": "Feature", "properties": { "ID": 4254200000221, "正式名称": "はまさき薬局", "機関区分": 5, "都道府県コード": 42, "市区町村コード": 201, "所在地": "長崎県長崎市伊勢町４－１０江口ビル１Ｆ", "緯度": 32.752014, "経度": 129.886593, "url": "https://www.iryou.teikyouseido.mhlw.go.jp/znk-web/juminkanja/S2430/initialize?prefCd=42&kikanCd=4200000221&kikanKbn=5", "url2": null, "内容": "はまさき薬局【5:薬局】長崎県長崎市伊勢町４－１０江口ビル１Ｆ" }, "geometry": { "type": "Point", "coordinates": [ 129.886593, 32.752014 ] } },
{ "type": "Feature", "properties": { "ID": 4254200000222, "正式名称": "有限会社浜町薬局", "機関区分": 5, "都道府県コード": 42, "市区町村コード": 201, "所在地": "長崎県長崎市浜町６－７３", "緯度": 32.743525, "経度": 129.877979, "url": "https://www.iryou.teikyouseido.mhlw.go.jp/znk-web/juminkanja/S2430/initialize?prefCd=42&kikanCd=4200000222&kikanKbn=5", "url2": null, "内容": "有限会社浜町薬局【5:薬局】長崎県長崎市浜町６－７３" }, "geometry": { "type": "Point", "coordinates": [ 129.877979, 32.743525 ] } },
{ "type": "Feature", "properties": { "ID": 4254200000223, "正式名称": "はら薬局", "機関区分": 5, "都道府県コード": 42, "市区町村コード": 201, "所在地": "長崎県長崎市東町１７３２－２", "緯度": 32.777128, "経度": 129.954676, "url": "https://www.iryou.teikyouseido.mhlw.go.jp/znk-web/juminkanja/S2430/initialize?prefCd=42&kikanCd=4200000223&kikanKbn=5", "url2": null, "内容": "はら薬局【5:薬局】長崎県長崎市東町１７３２－２" }, "geometry": { "type": "Point", "coordinates": [ 129.954676, 32.777128 ] } },
{ "type": "Feature", "properties": { "ID": 4254200000224, "正式名称": "春木町薬局", "機関区分": 5, "都道府県コード": 42, "市区町村コード": 201, "所在地": "長崎県長崎市春木町１２番２０号", "緯度": 32.76659, "経度": 129.857614, "url": "https://www.iryou.teikyouseido.mhlw.go.jp/znk-web/juminkanja/S2430/initialize?prefCd=42&kikanCd=4200000224&kikanKbn=5", "url2": null, "内容": "春木町薬局【5:薬局】長崎県長崎市春木町１２番２０号" }, "geometry": { "type": "Point", "coordinates": [ 129.857614, 32.76659 ] } },
{ "type": "Feature", "properties": { "ID": 4254200000225, "正式名称": "東長崎調剤薬局", "機関区分": 5, "都道府県コード": 42, "市区町村コード": 201, "所在地": "長崎県長崎市矢上町４８番１号", "緯度": 32.78002, "経度": 129.951687, "url": "https://www.iryou.teikyouseido.mhlw.go.jp/znk-web/juminkanja/S2430/initialize?prefCd=42&kikanCd=4200000225&kikanKbn=5", "url2": "https://www.kuwanomi-company.com/", "内容": "東長崎調剤薬局【5:薬局】長崎県長崎市矢上町４８番１号" }, "geometry": { "type": "Point", "coordinates": [ 129.951687, 32.78002 ] } },
{ "type": "Feature", "properties": { "ID": 4254200000226, "正式名称": "ひかり町薬局", "機関区分": 5, "都道府県コード": 42, "市区町村コード": 201, "所在地": "長崎県長崎市曙町３－１０", "緯度": 32.754175, "経度": 129.861865, "url": "https://www.iryou.teikyouseido.mhlw.go.jp/znk-web/juminkanja/S2430/initialize?prefCd=42&kikanCd=4200000226&kikanKbn=5", "url2": null, "内容": "ひかり町薬局【5:薬局】長崎県長崎市曙町３－１０" }, "geometry": { "type": "Point", "coordinates": [ 129.861865, 32.754175 ] } },
{ "type": "Feature", "properties": { "ID": 4254200000227, "正式名称": "彦見調剤薬局", "機関区分": 5, "都道府県コード": 42, "市区町村コード": 201, "所在地": "長崎県長崎市彦見町２８－４", "緯度": 32.740105, "経度": 129.894483, "url": "https://www.iryou.teikyouseido.mhlw.go.jp/znk-web/juminkanja/S2430/initialize?prefCd=42&kikanCd=4200000227&kikanKbn=5", "url2": null, "内容": "彦見調剤薬局【5:薬局】長崎県長崎市彦見町２８－４" }, "geometry": { "type": "Point", "coordinates": [ 129.894483, 32.740105 ] } },
{ "type": "Feature", "properties": { "ID": 4254200000230, "正式名称": "ひまわり薬局", "機関区分": 5, "都道府県コード": 42, "市区町村コード": 201, "所在地": "長崎県長崎市江戸町４－３", "緯度": 32.744575, "経度": 129.875045, "url": "https://www.iryou.teikyouseido.mhlw.go.jp/znk-web/juminkanja/S2430/initialize?prefCd=42&kikanCd=4200000230&kikanKbn=5", "url2": null, "内容": "ひまわり薬局【5:薬局】長崎県長崎市江戸町４－３" }, "geometry": { "type": "Point", "coordinates": [ 129.875045, 32.744575 ] } },
{ "type": "Feature", "properties": { "ID": 4254200000232, "正式名称": "広馬場薬局", "機関区分": 5, "都道府県コード": 42, "市区町村コード": 201, "所在地": "長崎県長崎市籠町２－３５", "緯度": 32.740122, "経度": 129.876178, "url": "https://www.iryou.teikyouseido.mhlw.go.jp/znk-web/juminkanja/S2430/initialize?prefCd=42&kikanCd=4200000232&kikanKbn=5", "url2": null, "内容": "広馬場薬局【5:薬局】長崎県長崎市籠町２－３５" }, "geometry": { "type": "Point", "coordinates": [ 129.876178, 32.740122 ] } },
{ "type": "Feature", "properties": { "ID": 4254200000233, "正式名称": "フェニックス薬局", "機関区分": 5, "都道府県コード": 42, "市区町村コード": 201, "所在地": "長崎県長崎市中里町１２８２－１５", "緯度": 32.805377, "経度": 129.963905, "url": "https://www.iryou.teikyouseido.mhlw.go.jp/znk-web/juminkanja/S2430/initialize?prefCd=42&kikanCd=4200000233&kikanKbn=5", "url2": null, "内容": "フェニックス薬局【5:薬局】長崎県長崎市中里町１２８２－１５" }, "geometry": { "type": "Point", "coordinates": [ 129.963905, 32.805377 ] } },
{ "type": "Feature", "properties": { "ID": 4254200000234, "正式名称": "プエルト薬局", "機関区分": 5, "都道府県コード": 42, "市区町村コード": 308, "所在地": "長崎県西彼杵郡時津町浜田郷１２－５", "緯度": 32.830263, "経度": 129.852569, "url": "https://www.iryou.teikyouseido.mhlw.go.jp/znk-web/juminkanja/S2430/initialize?prefCd=42&kikanCd=4200000234&kikanKbn=5", "url2": null, "内容": "プエルト薬局【5:薬局】長崎県西彼杵郡時津町浜田郷１２－５" }, "geometry": { "type": "Point", "coordinates": [ 129.852569, 32.830263 ] } },
{ "type": "Feature", "properties": { "ID": 4254200000236, "正式名称": "株式会社福江薬局長崎", "機関区分": 5, "都道府県コード": 42, "市区町村コード": 201, "所在地": "長崎県長崎市江川町１２０－６", "緯度": 32.683464, "経度": 129.839967, "url": "https://www.iryou.teikyouseido.mhlw.go.jp/znk-web/juminkanja/S2430/initialize?prefCd=42&kikanCd=4200000236&kikanKbn=5", "url2": null, "内容": "株式会社福江薬局長崎【5:薬局】長崎県長崎市江川町１２０－６" }, "geometry": { "type": "Point", "coordinates": [ 129.839967, 32.683464 ] } },
{ "type": "Feature", "properties": { "ID": 4254200000237, "正式名称": "フジ調剤薬局", "機関区分": 5, "都道府県コード": 42, "市区町村コード": 201, "所在地": "長崎県長崎市新地町４番１１号", "緯度": 32.741009, "経度": 129.873948, "url": "https://www.iryou.teikyouseido.mhlw.go.jp/znk-web/juminkanja/S2430/initialize?prefCd=42&kikanCd=4200000237&kikanKbn=5", "url2": "https://hujityouzai.jp/", "内容": "フジ調剤薬局【5:薬局】長崎県長崎市新地町４番１１号" }, "geometry": { "type": "Point", "coordinates": [ 129.873948, 32.741009 ] } },
{ "type": "Feature", "properties": { "ID": 4254200000239, "正式名称": "フジミ薬局", "機関区分": 5, "都道府県コード": 42, "市区町村コード": 201, "所在地": "長崎県長崎市富士見町３－２７", "緯度": 32.771361, "経度": 129.856425, "url": "https://www.iryou.teikyouseido.mhlw.go.jp/znk-web/juminkanja/S2430/initialize?prefCd=42&kikanCd=4200000239&kikanKbn=5", "url2": "https://maki-pharmacy.com", "内容": "フジミ薬局【5:薬局】長崎県長崎市富士見町３－２７" }, "geometry": { "type": "Point", "coordinates": [ 129.856425, 32.771361 ] } },
{ "type": "Feature", "properties": { "ID": 4254200000240, "正式名称": "富士見調剤薬局", "機関区分": 5, "都道府県コード": 42, "市区町村コード": 201, "所在地": "長崎県長崎市富士見町２２－２３", "緯度": 32.773294, "経度": 129.854535, "url": "https://www.iryou.teikyouseido.mhlw.go.jp/znk-web/juminkanja/S2430/initialize?prefCd=42&kikanCd=4200000240&kikanKbn=5", "url2": null, "内容": "富士見調剤薬局【5:薬局】長崎県長崎市富士見町２２－２３" }, "geometry": { "type": "Point", "coordinates": [ 129.854535, 32.773294 ] } },
{ "type": "Feature", "properties": { "ID": 4254200000241, "正式名称": "藤村薬局本店", "機関区分": 5, "都道府県コード": 42, "市区町村コード": 201, "所在地": "長崎県長崎市元船町１２－１１", "緯度": 32.746159, "経度": 129.871611, "url": "https://www.iryou.teikyouseido.mhlw.go.jp/znk-web/juminkanja/S2430/initialize?prefCd=42&kikanCd=4200000241&kikanKbn=5", "url2": "hujityouzai.jp/", "内容": "藤村薬局本店【5:薬局】長崎県長崎市元船町１２－１１" }, "geometry": { "type": "Point", "coordinates": [ 129.871611, 32.746159 ] } },
{ "type": "Feature", "properties": { "ID": 4254200000243, "正式名称": "プラス１薬局", "機関区分": 5, "都道府県コード": 42, "市区町村コード": 201, "所在地": "長崎県長崎市田中町７６－１３", "緯度": 32.760762, "経度": 129.947735, "url": "https://www.iryou.teikyouseido.mhlw.go.jp/znk-web/juminkanja/S2430/initialize?prefCd=42&kikanCd=4200000243&kikanKbn=5", "url2": null, "内容": "プラス１薬局【5:薬局】長崎県長崎市田中町７６－１３" }, "geometry": { "type": "Point", "coordinates": [ 129.947735, 32.760762 ] } },
{ "type": "Feature", "properties": { "ID": 4254200000244, "正式名称": "古川薬局", "機関区分": 5, "都道府県コード": 42, "市区町村コード": 201, "所在地": "長崎県長崎市油屋町１－１０ー１０１", "緯度": 32.742786, "経度": 129.880646, "url": "https://www.iryou.teikyouseido.mhlw.go.jp/znk-web/juminkanja/S2430/initialize?prefCd=42&kikanCd=4200000244&kikanKbn=5", "url2": null, "内容": "古川薬局【5:薬局】長崎県長崎市油屋町１－１０ー１０１" }, "geometry": { "type": "Point", "coordinates": [ 129.880646, 32.742786 ] } },
{ "type": "Feature", "properties": { "ID": 4254200000245, "正式名称": "ぶんかの森調剤薬局", "機関区分": 5, "都道府県コード": 42, "市区町村コード": 308, "所在地": "長崎県西彼杵郡時津町野田郷４８－１", "緯度": 32.825997, "経度": 129.846482, "url": "https://www.iryou.teikyouseido.mhlw.go.jp/znk-web/juminkanja/S2430/initialize?prefCd=42&kikanCd=4200000245&kikanKbn=5", "url2": null, "内容": "ぶんかの森調剤薬局【5:薬局】長崎県西彼杵郡時津町野田郷４８－１" }, "geometry": { "type": "Point", "coordinates": [ 129.846482, 32.825997 ] } },
{ "type": "Feature", "properties": { "ID": 4254200000247, "正式名称": "ペンギン薬局", "機関区分": 5, "都道府県コード": 42, "市区町村コード": 201, "所在地": "長崎県長崎市中小島２－４－２８", "緯度": 32.737021, "経度": 129.880212, "url": "https://www.iryou.teikyouseido.mhlw.go.jp/znk-web/juminkanja/S2430/initialize?prefCd=42&kikanCd=4200000247&kikanKbn=5", "url2": "https://ph-penguin.com/", "内容": "ペンギン薬局【5:薬局】長崎県長崎市中小島２－４－２８" }, "geometry": { "type": "Point", "coordinates": [ 129.880212, 32.737021 ] } },
{ "type": "Feature", "properties": { "ID": 4254200000248, "正式名称": "宝栄調剤薬局", "機関区分": 5, "都道府県コード": 42, "市区町村コード": 201, "所在地": "長崎県長崎市竹の久保町１５－１８", "緯度": 32.767399, "経度": 129.861408, "url": "https://www.iryou.teikyouseido.mhlw.go.jp/znk-web/juminkanja/S2430/initialize?prefCd=42&kikanCd=4200000248&kikanKbn=5", "url2": null, "内容": "宝栄調剤薬局【5:薬局】長崎県長崎市竹の久保町１５－１８" }, "geometry": { "type": "Point", "coordinates": [ 129.861408, 32.767399 ] } },
{ "type": "Feature", "properties": { "ID": 4254200000249, "正式名称": "有限会社ホシ薬局", "機関区分": 5, "都道府県コード": 42, "市区町村コード": 201, "所在地": "長崎県長崎市新大工町１－８", "緯度": 32.752882, "経度": 129.884989, "url": "https://www.iryou.teikyouseido.mhlw.go.jp/znk-web/juminkanja/S2430/initialize?prefCd=42&kikanCd=4200000249&kikanKbn=5", "url2": null, "内容": "有限会社ホシ薬局【5:薬局】長崎県長崎市新大工町１－８" }, "geometry": { "type": "Point", "coordinates": [ 129.884989, 32.752882 ] } },
{ "type": "Feature", "properties": { "ID": 4254200000250, "正式名称": "一般財団法人輔仁会薬局", "機関区分": 5, "都道府県コード": 42, "市区町村コード": 201, "所在地": "長崎県長崎市坂本１－８－２２", "緯度": 32.771058, "経度": 129.868688, "url": "https://www.iryou.teikyouseido.mhlw.go.jp/znk-web/juminkanja/S2430/initialize?prefCd=42&kikanCd=4200000250&kikanKbn=5", "url2": "http://zai-hojinkai.or.jp/", "内容": "一般財団法人輔仁会薬局【5:薬局】長崎県長崎市坂本１－８－２２" }, "geometry": { "type": "Point", "coordinates": [ 129.868688, 32.771058 ] } },
{ "type": "Feature", "properties": { "ID": 4254200000252, "正式名称": "ホンダ薬局", "機関区分": 5, "都道府県コード": 42, "市区町村コード": 201, "所在地": "長崎県長崎市伊勢町２番７号", "緯度": 32.75218, "経度": 129.884846, "url": "https://www.iryou.teikyouseido.mhlw.go.jp/znk-web/juminkanja/S2430/initialize?prefCd=42&kikanCd=4200000252&kikanKbn=5", "url2": null, "内容": "ホンダ薬局【5:薬局】長崎県長崎市伊勢町２番７号" }, "geometry": { "type": "Point", "coordinates": [ 129.884846, 32.75218 ] } },
{ "type": "Feature", "properties": { "ID": 4254200000255, "正式名称": "マキ薬局", "機関区分": 5, "都道府県コード": 42, "市区町村コード": 201, "所在地": "長崎県長崎市籠町７－１６", "緯度": 32.739962, "経度": 129.876387, "url": "https://www.iryou.teikyouseido.mhlw.go.jp/znk-web/juminkanja/S2430/initialize?prefCd=42&kikanCd=4200000255&kikanKbn=5", "url2": "https://maki-pharmacy.com", "内容": "マキ薬局【5:薬局】長崎県長崎市籠町７－１６" }, "geometry": { "type": "Point", "coordinates": [ 129.876387, 32.739962 ] } },
{ "type": "Feature", "properties": { "ID": 4254200000258, "正式名称": "松谷薬局", "機関区分": 5, "都道府県コード": 42, "市区町村コード": 201, "所在地": "長崎県長崎市銅座町７－２９ＴＮメディカルビル１Ｆ", "緯度": 32.742394, "経度": 129.87633, "url": "https://www.iryou.teikyouseido.mhlw.go.jp/znk-web/juminkanja/S2430/initialize?prefCd=42&kikanCd=4200000258&kikanKbn=5", "url2": "https://www.matsutaniyakkyoku.com/", "内容": "松谷薬局【5:薬局】長崎県長崎市銅座町７－２９ＴＮメディカルビル１Ｆ" }, "geometry": { "type": "Point", "coordinates": [ 129.87633, 32.742394 ] } },
{ "type": "Feature", "properties": { "ID": 4254200000259, "正式名称": "松山電停調剤薬局", "機関区分": 5, "都道府県コード": 42, "市区町村コード": 201, "所在地": "長崎県長崎市松山町３－２", "緯度": 32.774178, "経度": 129.862109, "url": "https://www.iryou.teikyouseido.mhlw.go.jp/znk-web/juminkanja/S2430/initialize?prefCd=42&kikanCd=4200000259&kikanKbn=5", "url2": null, "内容": "松山電停調剤薬局【5:薬局】長崎県長崎市松山町３－２" }, "geometry": { "type": "Point", "coordinates": [ 129.862109, 32.774178 ] } },
{ "type": "Feature", "properties": { "ID": 4254200000262, "正式名称": "マリン薬局", "機関区分": 5, "都道府県コード": 42, "市区町村コード": 201, "所在地": "長崎県長崎市浜口町３－１６", "緯度": 32.770011, "経度": 129.864475, "url": "https://www.iryou.teikyouseido.mhlw.go.jp/znk-web/juminkanja/S2430/initialize?prefCd=42&kikanCd=4200000262&kikanKbn=5", "url2": null, "内容": "マリン薬局【5:薬局】長崎県長崎市浜口町３－１６" }, "geometry": { "type": "Point", "coordinates": [ 129.864475, 32.770011 ] } },
{ "type": "Feature", "properties": { "ID": 4254200000263, "正式名称": "有限会社丸一薬局", "機関区分": 5, "都道府県コード": 42, "市区町村コード": 201, "所在地": "長崎県長崎市浜口町１０－１５", "緯度": 32.76936, "経度": 129.866093, "url": "https://www.iryou.teikyouseido.mhlw.go.jp/znk-web/juminkanja/S2430/initialize?prefCd=42&kikanCd=4200000263&kikanKbn=5", "url2": "http://maruichi-ph.com/", "内容": "有限会社丸一薬局【5:薬局】長崎県長崎市浜口町１０－１５" }, "geometry": { "type": "Point", "coordinates": [ 129.866093, 32.76936 ] } },
{ "type": "Feature", "properties": { "ID": 4254200000264, "正式名称": "丸山通り薬局", "機関区分": 5, "都道府県コード": 42, "市区町村コード": 201, "所在地": "長崎県長崎市本石灰町５－１１", "緯度": 32.742111, "経度": 129.879683, "url": "https://www.iryou.teikyouseido.mhlw.go.jp/znk-web/juminkanja/S2430/initialize?prefCd=42&kikanCd=4200000264&kikanKbn=5", "url2": null, "内容": "丸山通り薬局【5:薬局】長崎県長崎市本石灰町５－１１" }, "geometry": { "type": "Point", "coordinates": [ 129.879683, 32.742111 ] } },
{ "type": "Feature", "properties": { "ID": 4254200000267, "正式名称": "みちのお薬局", "機関区分": 5, "都道府県コード": 42, "市区町村コード": 201, "所在地": "長崎県長崎市葉山１丁目５番２号", "緯度": 32.803322, "経度": 129.851651, "url": "https://www.iryou.teikyouseido.mhlw.go.jp/znk-web/juminkanja/S2430/initialize?prefCd=42&kikanCd=4200000267&kikanKbn=5", "url2": "https://www.asukapharmacy.com/", "内容": "みちのお薬局【5:薬局】長崎県長崎市葉山１丁目５番２号" }, "geometry": { "type": "Point", "coordinates": [ 129.851651, 32.803322 ] } },
{ "type": "Feature", "properties": { "ID": 4254200000268, "正式名称": "光永薬局畝刈店", "機関区分": 5, "都道府県コード": 42, "市区町村コード": 201, "所在地": "長崎県長崎市京泊３－３１－３", "緯度": 32.824272, "経度": 129.773109, "url": "https://www.iryou.teikyouseido.mhlw.go.jp/znk-web/juminkanja/S2430/initialize?prefCd=42&kikanCd=4200000268&kikanKbn=5", "url2": "https://www.mitsphaz.com/", "内容": "光永薬局畝刈店【5:薬局】長崎県長崎市京泊３－３１－３" }, "geometry": { "type": "Point", "coordinates": [ 129.773109, 32.824272 ] } },
{ "type": "Feature", "properties": { "ID": 4254200000270, "正式名称": "ミヤギ薬局", "機関区分": 5, "都道府県コード": 42, "市区町村コード": 201, "所在地": "長崎県長崎市古川町３－１０", "緯度": 32.746871, "経度": 129.880339, "url": "https://www.iryou.teikyouseido.mhlw.go.jp/znk-web/juminkanja/S2430/initialize?prefCd=42&kikanCd=4200000270&kikanKbn=5", "url2": null, "内容": "ミヤギ薬局【5:薬局】長崎県長崎市古川町３－１０" }, "geometry": { "type": "Point", "coordinates": [ 129.880339, 32.746871 ] } },
{ "type": "Feature", "properties": { "ID": 4254200000271, "正式名称": "宮崎薬局バス通り店（さきは立つさき）", "機関区分": 5, "都道府県コード": 42, "市区町村コード": 201, "所在地": "長崎県長崎市平和町１１－１３　１Ｆ", "緯度": 32.775711, "経度": 129.865439, "url": "https://www.iryou.teikyouseido.mhlw.go.jp/znk-web/juminkanja/S2430/initialize?prefCd=42&kikanCd=4200000271&kikanKbn=5", "url2": "https://www.miyazaki-ph.com/", "内容": "宮崎薬局バス通り店（さきは立つさき）【5:薬局】長崎県長崎市平和町１１－１３　１Ｆ" }, "geometry": { "type": "Point", "coordinates": [ 129.865439, 32.775711 ] } },
{ "type": "Feature", "properties": { "ID": 4254200000272, "正式名称": "宮崎薬局（さきは立つさき）", "機関区分": 5, "都道府県コード": 42, "市区町村コード": 201, "所在地": "長崎県長崎市平和町１０－１", "緯度": 32.775418, "経度": 129.865846, "url": "https://www.iryou.teikyouseido.mhlw.go.jp/znk-web/juminkanja/S2430/initialize?prefCd=42&kikanCd=4200000272&kikanKbn=5", "url2": "https://www.miyazaki-ph.com/", "内容": "宮崎薬局（さきは立つさき）【5:薬局】長崎県長崎市平和町１０－１" }, "geometry": { "type": "Point", "coordinates": [ 129.865846, 32.775418 ] } },
{ "type": "Feature", "properties": { "ID": 4254200000280, "正式名称": "モリタ調剤薬局", "機関区分": 5, "都道府県コード": 42, "市区町村コード": 201, "所在地": "長崎県長崎市柳田町１－４", "緯度": 32.685921, "経度": 129.843282, "url": "https://www.iryou.teikyouseido.mhlw.go.jp/znk-web/juminkanja/S2430/initialize?prefCd=42&kikanCd=4200000280&kikanKbn=5", "url2": null, "内容": "モリタ調剤薬局【5:薬局】長崎県長崎市柳田町１－４" }, "geometry": { "type": "Point", "coordinates": [ 129.843282, 32.685921 ] } },
{ "type": "Feature", "properties": { "ID": 4254200000282, "正式名称": "茂里町薬局", "機関区分": 5, "都道府県コード": 42, "市区町村コード": 201, "所在地": "長崎県長崎市目覚町", "緯度": 32.763991, "経度": 129.86562, "url": "https://www.iryou.teikyouseido.mhlw.go.jp/znk-web/juminkanja/S2430/initialize?prefCd=42&kikanCd=4200000282&kikanKbn=5", "url2": null, "内容": "茂里町薬局【5:薬局】長崎県長崎市目覚町" }, "geometry": { "type": "Point", "coordinates": [ 129.86562, 32.763991 ] } },
{ "type": "Feature", "properties": { "ID": 4254200000283, "正式名称": "有限会社モリヤマ薬局", "機関区分": 5, "都道府県コード": 42, "市区町村コード": 201, "所在地": "長崎県長崎市深堀町３丁目２８６－６", "緯度": 32.687441, "経度": 129.826222, "url": "https://www.iryou.teikyouseido.mhlw.go.jp/znk-web/juminkanja/S2430/initialize?prefCd=42&kikanCd=4200000283&kikanKbn=5", "url2": null, "内容": "有限会社モリヤマ薬局【5:薬局】長崎県長崎市深堀町３丁目２８６－６" }, "geometry": { "type": "Point", "coordinates": [ 129.826222, 32.687441 ] } },
{ "type": "Feature", "properties": { "ID": 4254200000285, "正式名称": "有限会社山形薬局", "機関区分": 5, "都道府県コード": 42, "市区町村コード": 201, "所在地": "長崎県長崎市戸町４－１－２０", "緯度": 32.722238, "経度": 129.861581, "url": "https://www.iryou.teikyouseido.mhlw.go.jp/znk-web/juminkanja/S2430/initialize?prefCd=42&kikanCd=4200000285&kikanKbn=5", "url2": null, "内容": "有限会社山形薬局【5:薬局】長崎県長崎市戸町４－１－２０" }, "geometry": { "type": "Point", "coordinates": [ 129.861581, 32.722238 ] } },
{ "type": "Feature", "properties": { "ID": 4254200000287, "正式名称": "山田薬局", "機関区分": 5, "都道府県コード": 42, "市区町村コード": 201, "所在地": "長崎県長崎市かき道３－３－１", "緯度": 32.770572, "経度": 129.962013, "url": "https://www.iryou.teikyouseido.mhlw.go.jp/znk-web/juminkanja/S2430/initialize?prefCd=42&kikanCd=4200000287&kikanKbn=5", "url2": null, "内容": "山田薬局【5:薬局】長崎県長崎市かき道３－３－１" }, "geometry": { "type": "Point", "coordinates": [ 129.962013, 32.770572 ] } },
{ "type": "Feature", "properties": { "ID": 4254200000288, "正式名称": "山中薬局", "機関区分": 5, "都道府県コード": 42, "市区町村コード": 201, "所在地": "長崎県長崎市西山２－９－１", "緯度": 32.762052, "経度": 129.888304, "url": "https://www.iryou.teikyouseido.mhlw.go.jp/znk-web/juminkanja/S2430/initialize?prefCd=42&kikanCd=4200000288&kikanKbn=5", "url2": "http://yamanaka-ph.com", "内容": "山中薬局【5:薬局】長崎県長崎市西山２－９－１" }, "geometry": { "type": "Point", "coordinates": [ 129.888304, 32.762052 ] } },
{ "type": "Feature", "properties": { "ID": 4254200000289, "正式名称": "ユウアイ薬局柳田町店", "機関区分": 5, "都道府県コード": 42, "市区町村コード": 201, "所在地": "長崎県長崎市柳田町４０－１", "緯度": 32.684874, "経度": 129.844109, "url": "https://www.iryou.teikyouseido.mhlw.go.jp/znk-web/juminkanja/S2430/initialize?prefCd=42&kikanCd=4200000289&kikanKbn=5", "url2": null, "内容": "ユウアイ薬局柳田町店【5:薬局】長崎県長崎市柳田町４０－１" }, "geometry": { "type": "Point", "coordinates": [ 129.844109, 32.684874 ] } },
{ "type": "Feature", "properties": { "ID": 4254200000290, "正式名称": "すもも薬局", "機関区分": 5, "都道府県コード": 42, "市区町村コード": 201, "所在地": "長崎県長崎市大浦町７－１０", "緯度": 32.73679, "経度": 129.872595, "url": "https://www.iryou.teikyouseido.mhlw.go.jp/znk-web/juminkanja/S2430/initialize?prefCd=42&kikanCd=4200000290&kikanKbn=5", "url2": "https://www.gbp-coltd.com/", "内容": "すもも薬局【5:薬局】長崎県長崎市大浦町７－１０" }, "geometry": { "type": "Point", "coordinates": [ 129.872595, 32.73679 ] } },
{ "type": "Feature", "properties": { "ID": 4254200000291, "正式名称": "いちご薬局", "機関区分": 5, "都道府県コード": 42, "市区町村コード": 201, "所在地": "長崎県長崎市若草町３－２０", "緯度": 32.775875, "経度": 129.853743, "url": "https://www.iryou.teikyouseido.mhlw.go.jp/znk-web/juminkanja/S2430/initialize?prefCd=42&kikanCd=4200000291&kikanKbn=5", "url2": "https://gbp-coltd.com/", "内容": "いちご薬局【5:薬局】長崎県長崎市若草町３－２０" }, "geometry": { "type": "Point", "coordinates": [ 129.853743, 32.775875 ] } },
{ "type": "Feature", "properties": { "ID": 4254200000294, "正式名称": "陽光堂薬局", "機関区分": 5, "都道府県コード": 42, "市区町村コード": 308, "所在地": "長崎県西彼杵郡時津町左底郷７８－２０", "緯度": 32.832702, "経度": 129.840743, "url": "https://www.iryou.teikyouseido.mhlw.go.jp/znk-web/juminkanja/S2430/initialize?prefCd=42&kikanCd=4200000294&kikanKbn=5", "url2": null, "内容": "陽光堂薬局【5:薬局】長崎県西彼杵郡時津町左底郷７８－２０" }, "geometry": { "type": "Point", "coordinates": [ 129.840743, 32.832702 ] } },
{ "type": "Feature", "properties": { "ID": 4254200000296, "正式名称": "ミツバチ薬局横尾店", "機関区分": 5, "都道府県コード": 42, "市区町村コード": 201, "所在地": "長崎県長崎市横尾２－１３－２", "緯度": 32.813415, "経度": 129.836419, "url": "https://www.iryou.teikyouseido.mhlw.go.jp/znk-web/juminkanja/S2430/initialize?prefCd=42&kikanCd=4200000296&kikanKbn=5", "url2": null, "内容": "ミツバチ薬局横尾店【5:薬局】長崎県長崎市横尾２－１３－２" }, "geometry": { "type": "Point", "coordinates": [ 129.836419, 32.813415 ] } },
{ "type": "Feature", "properties": { "ID": 4254200000300, "正式名称": "万屋町調剤薬局", "機関区分": 5, "都道府県コード": 42, "市区町村コード": 201, "所在地": "長崎県長崎市万屋町２－８", "緯度": 32.746198, "経度": 129.878759, "url": "https://www.iryou.teikyouseido.mhlw.go.jp/znk-web/juminkanja/S2430/initialize?prefCd=42&kikanCd=4200000300&kikanKbn=5", "url2": "https://yoro-cho.com/", "内容": "万屋町調剤薬局【5:薬局】長崎県長崎市万屋町２－８" }, "geometry": { "type": "Point", "coordinates": [ 129.878759, 32.746198 ] } },
{ "type": "Feature", "properties": { "ID": 4254200000301, "正式名称": "ラベンダー薬局", "機関区分": 5, "都道府県コード": 42, "市区町村コード": 201, "所在地": "長崎県長崎市宝町７－１６", "緯度": 32.759382, "経度": 129.867136, "url": "https://www.iryou.teikyouseido.mhlw.go.jp/znk-web/juminkanja/S2430/initialize?prefCd=42&kikanCd=4200000301&kikanKbn=5", "url2": "http://www.yakushin-pg.co.jp/", "内容": "ラベンダー薬局【5:薬局】長崎県長崎市宝町７－１６" }, "geometry": { "type": "Point", "coordinates": [ 129.867136, 32.759382 ] } },
{ "type": "Feature", "properties": { "ID": 4254200000302, "正式名称": "龍虎堂薬局", "機関区分": 5, "都道府県コード": 42, "市区町村コード": 307, "所在地": "長崎県西彼杵郡長与町嬉里郷１１７０－５", "緯度": 32.831717, "経度": 129.872029, "url": "https://www.iryou.teikyouseido.mhlw.go.jp/znk-web/juminkanja/S2430/initialize?prefCd=42&kikanCd=4200000302&kikanKbn=5", "url2": "http://kanpo-ryukodo.com/", "内容": "龍虎堂薬局【5:薬局】長崎県西彼杵郡長与町嬉里郷１１７０－５" }, "geometry": { "type": "Point", "coordinates": [ 129.872029, 32.831717 ] } },
{ "type": "Feature", "properties": { "ID": 4254200000303, "正式名称": "隆昌堂薬局", "機関区分": 5, "都道府県コード": 42, "市区町村コード": 201, "所在地": "長崎県長崎市住吉町４－１２－１０１", "緯度": 32.791997, "経度": 129.861457, "url": "https://www.iryou.teikyouseido.mhlw.go.jp/znk-web/juminkanja/S2430/initialize?prefCd=42&kikanCd=4200000303&kikanKbn=5", "url2": null, "内容": "隆昌堂薬局【5:薬局】長崎県長崎市住吉町４－１２－１０１" }, "geometry": { "type": "Point", "coordinates": [ 129.861457, 32.791997 ] } },
{ "type": "Feature", "properties": { "ID": 4254200000305, "正式名称": "わかな薬局", "機関区分": 5, "都道府県コード": 42, "市区町村コード": 201, "所在地": "長崎県長崎市茂木町２１７２－８", "緯度": 32.702079, "経度": 129.911906, "url": "https://www.iryou.teikyouseido.mhlw.go.jp/znk-web/juminkanja/S2430/initialize?prefCd=42&kikanCd=4200000305&kikanKbn=5", "url2": null, "内容": "わかな薬局【5:薬局】長崎県長崎市茂木町２１７２－８" }, "geometry": { "type": "Point", "coordinates": [ 129.911906, 32.702079 ] } },
{ "type": "Feature", "properties": { "ID": 4254200000307, "正式名称": "エビス薬局", "機関区分": 5, "都道府県コード": 42, "市区町村コード": 201, "所在地": "長崎県長崎市上戸町１－１０－３８", "緯度": 32.718692, "経度": 129.87022, "url": "https://www.iryou.teikyouseido.mhlw.go.jp/znk-web/juminkanja/S2430/initialize?prefCd=42&kikanCd=4200000307&kikanKbn=5", "url2": "https://gbp-coltd.com/", "内容": "エビス薬局【5:薬局】長崎県長崎市上戸町１－１０－３８" }, "geometry": { "type": "Point", "coordinates": [ 129.87022, 32.718692 ] } },
{ "type": "Feature", "properties": { "ID": 4254200000309, "正式名称": "瀧川薬局", "機関区分": 5, "都道府県コード": 42, "市区町村コード": 201, "所在地": "長崎県長崎市西立神町９番１６号", "緯度": 32.735769, "経度": 129.850826, "url": "https://www.iryou.teikyouseido.mhlw.go.jp/znk-web/juminkanja/S2430/initialize?prefCd=42&kikanCd=4200000309&kikanKbn=5", "url2": null, "内容": "瀧川薬局【5:薬局】長崎県長崎市西立神町９番１６号" }, "geometry": { "type": "Point", "coordinates": [ 129.850826, 32.735769 ] } },
{ "type": "Feature", "properties": { "ID": 4254200000311, "正式名称": "はるか薬局", "機関区分": 5, "都道府県コード": 42, "市区町村コード": 201, "所在地": "長崎県長崎市京泊３丁目３０－１４", "緯度": 32.824235, "経度": 129.771976, "url": "https://www.iryou.teikyouseido.mhlw.go.jp/znk-web/juminkanja/S2430/initialize?prefCd=42&kikanCd=4200000311&kikanKbn=5", "url2": "https://kusurinomadoguchi/nagasaki/s76863", "内容": "はるか薬局【5:薬局】長崎県長崎市京泊３丁目３０－１４" }, "geometry": { "type": "Point", "coordinates": [ 129.771976, 32.824235 ] } },
{ "type": "Feature", "properties": { "ID": 4254200000312, "正式名称": "あいあい薬局", "機関区分": 5, "都道府県コード": 42, "市区町村コード": 202, "所在地": "長崎県佐世保市中里町３４１－５", "緯度": 33.203194, "経度": 129.682371, "url": "https://www.iryou.teikyouseido.mhlw.go.jp/znk-web/juminkanja/S2430/initialize?prefCd=42&kikanCd=4200000312&kikanKbn=5", "url2": null, "内容": "あいあい薬局【5:薬局】長崎県佐世保市中里町３４１－５" }, "geometry": { "type": "Point", "coordinates": [ 129.682371, 33.203194 ] } },
{ "type": "Feature", "properties": { "ID": 4254200000313, "正式名称": "有限会社あいおい薬局", "機関区分": 5, "都道府県コード": 42, "市区町村コード": 202, "所在地": "長崎県佐世保市浜田町１－１６", "緯度": 33.176357, "経度": 129.716989, "url": "https://www.iryou.teikyouseido.mhlw.go.jp/znk-web/juminkanja/S2430/initialize?prefCd=42&kikanCd=4200000313&kikanKbn=5", "url2": "www.aioi-yakkyok.com", "内容": "有限会社あいおい薬局【5:薬局】長崎県佐世保市浜田町１－１６" }, "geometry": { "type": "Point", "coordinates": [ 129.716989, 33.176357 ] } },
{ "type": "Feature", "properties": { "ID": 4254200000314, "正式名称": "あかさき薬局", "機関区分": 5, "都道府県コード": 42, "市区町村コード": 202, "所在地": "長崎県佐世保市赤崎町２９６", "緯度": 33.15973, "経度": 129.693584, "url": "https://www.iryou.teikyouseido.mhlw.go.jp/znk-web/juminkanja/S2430/initialize?prefCd=42&kikanCd=4200000314&kikanKbn=5", "url2": null, "内容": "あかさき薬局【5:薬局】長崎県佐世保市赤崎町２９６" }, "geometry": { "type": "Point", "coordinates": [ 129.693584, 33.15973 ] } },
{ "type": "Feature", "properties": { "ID": 4254200000315, "正式名称": "東薬局", "機関区分": 5, "都道府県コード": 42, "市区町村コード": 202, "所在地": "長崎県佐世保市白南風町１５－２３", "緯度": 33.16515, "経度": 129.72915, "url": "https://www.iryou.teikyouseido.mhlw.go.jp/znk-web/juminkanja/S2430/initialize?prefCd=42&kikanCd=4200000315&kikanKbn=5", "url2": null, "内容": "東薬局【5:薬局】長崎県佐世保市白南風町１５－２３" }, "geometry": { "type": "Point", "coordinates": [ 129.72915, 33.16515 ] } },
{ "type": "Feature", "properties": { "ID": 4254200000316, "正式名称": "あずま薬局", "機関区分": 5, "都道府県コード": 42, "市区町村コード": 202, "所在地": "長崎県佐世保市栄町５－５", "緯度": 33.172935, "経度": 129.719847, "url": "https://www.iryou.teikyouseido.mhlw.go.jp/znk-web/juminkanja/S2430/initialize?prefCd=42&kikanCd=4200000316&kikanKbn=5", "url2": "http://www.azuma-pharmacy.jp", "内容": "あずま薬局【5:薬局】長崎県佐世保市栄町５－５" }, "geometry": { "type": "Point", "coordinates": [ 129.719847, 33.172935 ] } },
{ "type": "Feature", "properties": { "ID": 4254200000318, "正式名称": "あんず薬局", "機関区分": 5, "都道府県コード": 42, "市区町村コード": 202, "所在地": "長崎県佐世保市上本山町１０３２－１", "緯度": 33.208265, "経度": 129.691673, "url": "https://www.iryou.teikyouseido.mhlw.go.jp/znk-web/juminkanja/S2430/initialize?prefCd=42&kikanCd=4200000318&kikanKbn=5", "url2": "http://matsuo-yatukyoku.s2.bindsite.jp", "内容": "あんず薬局【5:薬局】長崎県佐世保市上本山町１０３２－１" }, "geometry": { "type": "Point", "coordinates": [ 129.691673, 33.208265 ] } },
{ "type": "Feature", "properties": { "ID": 4254200000320, "正式名称": "井手薬品株式会社井手薬局", "機関区分": 5, "都道府県コード": 42, "市区町村コード": 202, "所在地": "長崎県佐世保市栄町５－９", "緯度": 33.173269, "経度": 129.719606, "url": "https://www.iryou.teikyouseido.mhlw.go.jp/znk-web/juminkanja/S2430/initialize?prefCd=42&kikanCd=4200000320&kikanKbn=5", "url2": "http://www.ide-medicine.co.jp", "内容": "井手薬品株式会社井手薬局【5:薬局】長崎県佐世保市栄町５－９" }, "geometry": { "type": "Point", "coordinates": [ 129.719606, 33.173269 ] } },
{ "type": "Feature", "properties": { "ID": 4254200000321, "正式名称": "井手薬局塩浜店", "機関区分": 5, "都道府県コード": 42, "市区町村コード": 202, "所在地": "長崎県佐世保市塩浜町３－１２", "緯度": 33.166798, "経度": 129.722492, "url": "https://www.iryou.teikyouseido.mhlw.go.jp/znk-web/juminkanja/S2430/initialize?prefCd=42&kikanCd=4200000321&kikanKbn=5", "url2": "http://www.ide-medi.com", "内容": "井手薬局塩浜店【5:薬局】長崎県佐世保市塩浜町３－１２" }, "geometry": { "type": "Point", "coordinates": [ 129.722492, 33.166798 ] } },
{ "type": "Feature", "properties": { "ID": 4254200000323, "正式名称": "有限会社今泉調剤薬局相生町店", "機関区分": 5, "都道府県コード": 42, "市区町村コード": 202, "所在地": "長崎県佐世保市相生町２－２１", "緯度": 33.17705, "経度": 129.7158, "url": "https://www.iryou.teikyouseido.mhlw.go.jp/znk-web/juminkanja/S2430/initialize?prefCd=42&kikanCd=4200000323&kikanKbn=5", "url2": "https://imapha.com", "内容": "有限会社今泉調剤薬局相生町店【5:薬局】長崎県佐世保市相生町２－２１" }, "geometry": { "type": "Point", "coordinates": [ 129.7158, 33.17705 ] } },
{ "type": "Feature", "properties": { "ID": 4254200000325, "正式名称": "有限会社今泉調剤薬局宮田町店", "機関区分": 5, "都道府県コード": 42, "市区町村コード": 202, "所在地": "長崎県佐世保市俵町１－２０", "緯度": 33.186002, "経度": 129.718376, "url": "https://www.iryou.teikyouseido.mhlw.go.jp/znk-web/juminkanja/S2430/initialize?prefCd=42&kikanCd=4200000325&kikanKbn=5", "url2": "https://imapha.com", "内容": "有限会社今泉調剤薬局宮田町店【5:薬局】長崎県佐世保市俵町１－２０" }, "geometry": { "type": "Point", "coordinates": [ 129.718376, 33.186002 ] } },
{ "type": "Feature", "properties": { "ID": 4254200000326, "正式名称": "今泉薬局ときわ店", "機関区分": 5, "都道府県コード": 42, "市区町村コード": 202, "所在地": "長崎県佐世保市常盤町４ー１２", "緯度": 33.174481, "経度": 129.718712, "url": "https://www.iryou.teikyouseido.mhlw.go.jp/znk-web/juminkanja/S2430/initialize?prefCd=42&kikanCd=4200000326&kikanKbn=5", "url2": "http://imapha.com", "内容": "今泉薬局ときわ店【5:薬局】長崎県佐世保市常盤町４ー１２" }, "geometry": { "type": "Point", "coordinates": [ 129.718712, 33.174481 ] } },
{ "type": "Feature", "properties": { "ID": 4254200000328, "正式名称": "うさぎ薬局", "機関区分": 5, "都道府県コード": 42, "市区町村コード": 202, "所在地": "長崎県佐世保市竹辺町８４５－１", "緯度": 33.196347, "経度": 129.672434, "url": "https://www.iryou.teikyouseido.mhlw.go.jp/znk-web/juminkanja/S2430/initialize?prefCd=42&kikanCd=4200000328&kikanKbn=5", "url2": null, "内容": "うさぎ薬局【5:薬局】長崎県佐世保市竹辺町８４５－１" }, "geometry": { "type": "Point", "coordinates": [ 129.672434, 33.196347 ] } },
{ "type": "Feature", "properties": { "ID": 4254200000331, "正式名称": "調剤薬局ＳＨＯＥＩ", "機関区分": 5, "都道府県コード": 42, "市区町村コード": 202, "所在地": "長崎県佐世保市塩浜町６－２", "緯度": 33.166249, "経度": 129.721709, "url": "https://www.iryou.teikyouseido.mhlw.go.jp/znk-web/juminkanja/S2430/initialize?prefCd=42&kikanCd=4200000331&kikanKbn=5", "url2": null, "内容": "調剤薬局ＳＨＯＥＩ【5:薬局】長崎県佐世保市塩浜町６－２" }, "geometry": { "type": "Point", "coordinates": [ 129.721709, 33.166249 ] } },
{ "type": "Feature", "properties": { "ID": 4254200000332, "正式名称": "おおの薬局", "機関区分": 5, "都道府県コード": 42, "市区町村コード": 202, "所在地": "長崎県佐世保市田原町１１－２", "緯度": 33.20698, "経度": 129.721027, "url": "https://www.iryou.teikyouseido.mhlw.go.jp/znk-web/juminkanja/S2430/initialize?prefCd=42&kikanCd=4200000332&kikanKbn=5", "url2": "http://www.azuma-pharmacy.jp", "内容": "おおの薬局【5:薬局】長崎県佐世保市田原町１１－２" }, "geometry": { "type": "Point", "coordinates": [ 129.721027, 33.20698 ] } },
{ "type": "Feature", "properties": { "ID": 4254200000334, "正式名称": "オレンジ薬局", "機関区分": 5, "都道府県コード": 42, "市区町村コード": 202, "所在地": "長崎県佐世保市瀬戸越２－１４－４", "緯度": 33.208936, "経度": 129.731326, "url": "https://www.iryou.teikyouseido.mhlw.go.jp/znk-web/juminkanja/S2430/initialize?prefCd=42&kikanCd=4200000334&kikanKbn=5", "url2": null, "内容": "オレンジ薬局【5:薬局】長崎県佐世保市瀬戸越２－１４－４" }, "geometry": { "type": "Point", "coordinates": [ 129.731326, 33.208936 ] } },
{ "type": "Feature", "properties": { "ID": 4254200000336, "正式名称": "かまち薬局元町店", "機関区分": 5, "都道府県コード": 42, "市区町村コード": 202, "所在地": "長崎県佐世保市元町１－８", "緯度": 33.174603, "経度": 129.715152, "url": "https://www.iryou.teikyouseido.mhlw.go.jp/znk-web/juminkanja/S2430/initialize?prefCd=42&kikanCd=4200000336&kikanKbn=5", "url2": null, "内容": "かまち薬局元町店【5:薬局】長崎県佐世保市元町１－８" }, "geometry": { "type": "Point", "coordinates": [ 129.715152, 33.174603 ] } },
{ "type": "Feature", "properties": { "ID": 4254200000337, "正式名称": "かわかみ薬局", "機関区分": 5, "都道府県コード": 42, "市区町村コード": 202, "所在地": "長崎県佐世保市萩坂町１７３７－１", "緯度": 33.087659, "経度": 129.817898, "url": "https://www.iryou.teikyouseido.mhlw.go.jp/znk-web/juminkanja/S2430/initialize?prefCd=42&kikanCd=4200000337&kikanKbn=5", "url2": "https://scuel.me/pharmacy/4240242364/", "内容": "かわかみ薬局【5:薬局】長崎県佐世保市萩坂町１７３７－１" }, "geometry": { "type": "Point", "coordinates": [ 129.817898, 33.087659 ] } },
{ "type": "Feature", "properties": { "ID": 4254200000338, "正式名称": "有限会社かわさき薬局", "機関区分": 5, "都道府県コード": 42, "市区町村コード": 202, "所在地": "長崎県佐世保市吉井町直谷１２５８－１２", "緯度": 33.279854, "経度": 129.692079, "url": "https://www.iryou.teikyouseido.mhlw.go.jp/znk-web/juminkanja/S2430/initialize?prefCd=42&kikanCd=4200000338&kikanKbn=5", "url2": null, "内容": "有限会社かわさき薬局【5:薬局】長崎県佐世保市吉井町直谷１２５８－１２" }, "geometry": { "type": "Point", "coordinates": [ 129.692079, 33.279854 ] } },
{ "type": "Feature", "properties": { "ID": 4254200000339, "正式名称": "かわさき薬局大野店", "機関区分": 5, "都道府県コード": 42, "市区町村コード": 202, "所在地": "長崎県佐世保市田原町９－３", "緯度": 33.208376, "経度": 129.722364, "url": "https://www.iryou.teikyouseido.mhlw.go.jp/znk-web/juminkanja/S2430/initialize?prefCd=42&kikanCd=4200000339&kikanKbn=5", "url2": null, "内容": "かわさき薬局大野店【5:薬局】長崎県佐世保市田原町９－３" }, "geometry": { "type": "Point", "coordinates": [ 129.722364, 33.208376 ] } },
{ "type": "Feature", "properties": { "ID": 4254200000340, "正式名称": "ファーマシー川原薬局", "機関区分": 5, "都道府県コード": 42, "市区町村コード": 202, "所在地": "長崎県佐世保市権常寺１－１０－３２", "緯度": 33.132382, "経度": 129.800907, "url": "https://www.iryou.teikyouseido.mhlw.go.jp/znk-web/juminkanja/S2430/initialize?prefCd=42&kikanCd=4200000340&kikanKbn=5", "url2": "http://kawa-pha.com/", "内容": "ファーマシー川原薬局【5:薬局】長崎県佐世保市権常寺１－１０－３２" }, "geometry": { "type": "Point", "coordinates": [ 129.800907, 33.132382 ] } },
{ "type": "Feature", "properties": { "ID": 4254200000341, "正式名称": "菊水堂薬局広田店", "機関区分": 5, "都道府県コード": 42, "市区町村コード": 202, "所在地": "長崎県佐世保市広田３－５－２２", "緯度": 33.121019, "経度": 129.804249, "url": "https://www.iryou.teikyouseido.mhlw.go.jp/znk-web/juminkanja/S2430/initialize?prefCd=42&kikanCd=4200000341&kikanKbn=5", "url2": null, "内容": "菊水堂薬局広田店【5:薬局】長崎県佐世保市広田３－５－２２" }, "geometry": { "type": "Point", "coordinates": [ 129.804249, 33.121019 ] } },
{ "type": "Feature", "properties": { "ID": 4254200000343, "正式名称": "木村薬局", "機関区分": 5, "都道府県コード": 42, "市区町村コード": 202, "所在地": "長崎県佐世保市本島町３－９", "緯度": 33.170839, "経度": 129.72181, "url": "https://www.iryou.teikyouseido.mhlw.go.jp/znk-web/juminkanja/S2430/initialize?prefCd=42&kikanCd=4200000343&kikanKbn=5", "url2": null, "内容": "木村薬局【5:薬局】長崎県佐世保市本島町３－９" }, "geometry": { "type": "Point", "coordinates": [ 129.72181, 33.170839 ] } },
{ "type": "Feature", "properties": { "ID": 4254200000344, "正式名称": "黒髪調剤薬局", "機関区分": 5, "都道府県コード": 42, "市区町村コード": 202, "所在地": "長崎県佐世保市黒髪町６４９－１４", "緯度": 33.165039, "経度": 129.773757, "url": "https://www.iryou.teikyouseido.mhlw.go.jp/znk-web/juminkanja/S2430/initialize?prefCd=42&kikanCd=4200000344&kikanKbn=5", "url2": null, "内容": "黒髪調剤薬局【5:薬局】長崎県佐世保市黒髪町６４９－１４" }, "geometry": { "type": "Point", "coordinates": [ 129.773757, 33.165039 ] } },
{ "type": "Feature", "properties": { "ID": 4254200000345, "正式名称": "有限会社健薬局", "機関区分": 5, "都道府県コード": 42, "市区町村コード": 202, "所在地": "長崎県佐世保市常盤町８－１２", "緯度": 33.174085, "経度": 129.718071, "url": "https://www.iryou.teikyouseido.mhlw.go.jp/znk-web/juminkanja/S2430/initialize?prefCd=42&kikanCd=4200000345&kikanKbn=5", "url2": null, "内容": "有限会社健薬局【5:薬局】長崎県佐世保市常盤町８－１２" }, "geometry": { "type": "Point", "coordinates": [ 129.718071, 33.174085 ] } },
{ "type": "Feature", "properties": { "ID": 4254200000349, "正式名称": "古賀聡薬局", "機関区分": 5, "都道府県コード": 42, "市区町村コード": 202, "所在地": "長崎県佐世保市上京町１－１１", "緯度": 33.169895, "経度": 129.72366, "url": "https://www.iryou.teikyouseido.mhlw.go.jp/znk-web/juminkanja/S2430/initialize?prefCd=42&kikanCd=4200000349&kikanKbn=5", "url2": null, "内容": "古賀聡薬局【5:薬局】長崎県佐世保市上京町１－１１" }, "geometry": { "type": "Point", "coordinates": [ 129.72366, 33.169895 ] } },
{ "type": "Feature", "properties": { "ID": 4254200000351, "正式名称": "さかい薬局佐世保店", "機関区分": 5, "都道府県コード": 42, "市区町村コード": 202, "所在地": "長崎県佐世保市大和町３４９－４", "緯度": 33.158209, "経度": 129.74926, "url": "https://www.iryou.teikyouseido.mhlw.go.jp/znk-web/juminkanja/S2430/initialize?prefCd=42&kikanCd=4200000351&kikanKbn=5", "url2": "http://www.sakai-yakkyoku.co.jp", "内容": "さかい薬局佐世保店【5:薬局】長崎県佐世保市大和町３４９－４" }, "geometry": { "type": "Point", "coordinates": [ 129.74926, 33.158209 ] } },
{ "type": "Feature", "properties": { "ID": 4254200000352, "正式名称": "つるや薬局", "機関区分": 5, "都道府県コード": 42, "市区町村コード": 202, "所在地": "長崎県佐世保市島瀬町４－１３　ピカデリービル１階", "緯度": 33.172728, "経度": 129.721368, "url": "https://www.iryou.teikyouseido.mhlw.go.jp/znk-web/juminkanja/S2430/initialize?prefCd=42&kikanCd=4200000352&kikanKbn=5", "url2": "https://sasebo-pharmacy.com/", "内容": "つるや薬局【5:薬局】長崎県佐世保市島瀬町４－１３　ピカデリービル１階" }, "geometry": { "type": "Point", "coordinates": [ 129.721368, 33.172728 ] } },
{ "type": "Feature", "properties": { "ID": 4254200000353, "正式名称": "させぼ薬局", "機関区分": 5, "都道府県コード": 42, "市区町村コード": 202, "所在地": "長崎県佐世保市瀬戸越２－１４－１５", "緯度": 33.209216, "経度": 129.73241, "url": "https://www.iryou.teikyouseido.mhlw.go.jp/znk-web/juminkanja/S2430/initialize?prefCd=42&kikanCd=4200000353&kikanKbn=5", "url2": null, "内容": "させぼ薬局【5:薬局】長崎県佐世保市瀬戸越２－１４－１５" }, "geometry": { "type": "Point", "coordinates": [ 129.73241, 33.209216 ] } },
{ "type": "Feature", "properties": { "ID": 4254200000357, "正式名称": "シノハラ調剤薬局", "機関区分": 5, "都道府県コード": 42, "市区町村コード": 202, "所在地": "長崎県佐世保市天神町１２２２ー１", "緯度": 33.145671, "経度": 129.733389, "url": "https://www.iryou.teikyouseido.mhlw.go.jp/znk-web/juminkanja/S2430/initialize?prefCd=42&kikanCd=4200000357&kikanKbn=5", "url2": null, "内容": "シノハラ調剤薬局【5:薬局】長崎県佐世保市天神町１２２２ー１" }, "geometry": { "type": "Point", "coordinates": [ 129.733389, 33.145671 ] } },
{ "type": "Feature", "properties": { "ID": 4254200000358, "正式名称": "イオン薬局大塔店", "機関区分": 5, "都道府県コード": 42, "市区町村コード": 202, "所在地": "長崎県佐世保市大塔町１４－２", "緯度": 33.148804, "経度": 129.778657, "url": "https://www.iryou.teikyouseido.mhlw.go.jp/znk-web/juminkanja/S2430/initialize?prefCd=42&kikanCd=4200000358&kikanKbn=5", "url2": null, "内容": "イオン薬局大塔店【5:薬局】長崎県佐世保市大塔町１４－２" }, "geometry": { "type": "Point", "coordinates": [ 129.778657, 33.148804 ] } },
{ "type": "Feature", "properties": { "ID": 4254200000359, "正式名称": "城間薬局", "機関区分": 5, "都道府県コード": 42, "市区町村コード": 202, "所在地": "長崎県佐世保市城間町９６８", "緯度": 33.099232, "経度": 129.817837, "url": "https://www.iryou.teikyouseido.mhlw.go.jp/znk-web/juminkanja/S2430/initialize?prefCd=42&kikanCd=4200000359&kikanKbn=5", "url2": "http://www.totasu.jp/", "内容": "城間薬局【5:薬局】長崎県佐世保市城間町９６８" }, "geometry": { "type": "Point", "coordinates": [ 129.817837, 33.099232 ] } },
{ "type": "Feature", "properties": { "ID": 4254200000360, "正式名称": "すこやか薬局", "機関区分": 5, "都道府県コード": 42, "市区町村コード": 202, "所在地": "長崎県佐世保市戸尾町７－７", "緯度": 33.168096, "経度": 129.725232, "url": "https://www.iryou.teikyouseido.mhlw.go.jp/znk-web/juminkanja/S2430/initialize?prefCd=42&kikanCd=4200000360&kikanKbn=5", "url2": "http://nodoka-p.com/", "内容": "すこやか薬局【5:薬局】長崎県佐世保市戸尾町７－７" }, "geometry": { "type": "Point", "coordinates": [ 129.725232, 33.168096 ] } },
{ "type": "Feature", "properties": { "ID": 4254200000361, "正式名称": "すみや薬局", "機関区分": 5, "都道府県コード": 42, "市区町村コード": 202, "所在地": "長崎県佐世保市川下町４３２－１", "緯度": 33.191958, "経度": 129.670597, "url": "https://www.iryou.teikyouseido.mhlw.go.jp/znk-web/juminkanja/S2430/initialize?prefCd=42&kikanCd=4200000361&kikanKbn=5", "url2": null, "内容": "すみや薬局【5:薬局】長崎県佐世保市川下町４３２－１" }, "geometry": { "type": "Point", "coordinates": [ 129.670597, 33.191958 ] } },
{ "type": "Feature", "properties": { "ID": 4254200000362, "正式名称": "有限会社すみれ薬局", "機関区分": 5, "都道府県コード": 42, "市区町村コード": 202, "所在地": "長崎県佐世保市宮崎町", "緯度": 33.171403, "経度": 129.72501, "url": "https://www.iryou.teikyouseido.mhlw.go.jp/znk-web/juminkanja/S2430/initialize?prefCd=42&kikanCd=4200000362&kikanKbn=5", "url2": null, "内容": "有限会社すみれ薬局【5:薬局】長崎県佐世保市宮崎町" }, "geometry": { "type": "Point", "coordinates": [ 129.72501, 33.171403 ] } },
{ "type": "Feature", "properties": { "ID": 4254200000363, "正式名称": "そうごう薬局早岐店", "機関区分": 5, "都道府県コード": 42, "市区町村コード": 202, "所在地": "長崎県佐世保市権常寺町１５２４－５", "緯度": 33.132482, "経度": 129.802895, "url": "https://www.iryou.teikyouseido.mhlw.go.jp/znk-web/juminkanja/S2430/initialize?prefCd=42&kikanCd=4200000363&kikanKbn=5", "url2": "http://www.sogo-medical.co.jp/index.html", "内容": "そうごう薬局早岐店【5:薬局】長崎県佐世保市権常寺町１５２４－５" }, "geometry": { "type": "Point", "coordinates": [ 129.802895, 33.132482 ] } },
{ "type": "Feature", "properties": { "ID": 4254200000364, "正式名称": "そうごう薬局小佐々店", "機関区分": 5, "都道府県コード": 42, "市区町村コード": 202, "所在地": "長崎県佐世保市小佐々町黒石３５４－７", "緯度": 33.222905, "経度": 129.633365, "url": "https://www.iryou.teikyouseido.mhlw.go.jp/znk-web/juminkanja/S2430/initialize?prefCd=42&kikanCd=4200000364&kikanKbn=5", "url2": "http:www.sogo-medical.co.jp", "内容": "そうごう薬局小佐々店【5:薬局】長崎県佐世保市小佐々町黒石３５４－７" }, "geometry": { "type": "Point", "coordinates": [ 129.633365, 33.222905 ] } },
{ "type": "Feature", "properties": { "ID": 4254200000365, "正式名称": "有限会社武富至誠堂薬局", "機関区分": 5, "都道府県コード": 42, "市区町村コード": 202, "所在地": "長崎県佐世保市大宮町３－２２", "緯度": 33.157094, "経度": 129.737472, "url": "https://www.iryou.teikyouseido.mhlw.go.jp/znk-web/juminkanja/S2430/initialize?prefCd=42&kikanCd=4200000365&kikanKbn=5", "url2": null, "内容": "有限会社武富至誠堂薬局【5:薬局】長崎県佐世保市大宮町３－２２" }, "geometry": { "type": "Point", "coordinates": [ 129.737472, 33.157094 ] } },
{ "type": "Feature", "properties": { "ID": 4254200000366, "正式名称": "タケトミ薬局", "機関区分": 5, "都道府県コード": 42, "市区町村コード": 202, "所在地": "長崎県佐世保市福石町２２－４", "緯度": 33.159549, "経度": 129.732733, "url": "https://www.iryou.teikyouseido.mhlw.go.jp/znk-web/juminkanja/S2430/initialize?prefCd=42&kikanCd=4200000366&kikanKbn=5", "url2": null, "内容": "タケトミ薬局【5:薬局】長崎県佐世保市福石町２２－４" }, "geometry": { "type": "Point", "coordinates": [ 129.732733, 33.159549 ] } },
{ "type": "Feature", "properties": { "ID": 4254200000367, "正式名称": "田中薬局", "機関区分": 5, "都道府県コード": 42, "市区町村コード": 202, "所在地": "長崎県佐世保市広田３－１４－５１", "緯度": 33.12237, "経度": 129.804268, "url": "https://www.iryou.teikyouseido.mhlw.go.jp/znk-web/juminkanja/S2430/initialize?prefCd=42&kikanCd=4200000367&kikanKbn=5", "url2": "https://www.suwa-pharmacy.jp/", "内容": "田中薬局【5:薬局】長崎県佐世保市広田３－１４－５１" }, "geometry": { "type": "Point", "coordinates": [ 129.804268, 33.12237 ] } },
{ "type": "Feature", "properties": { "ID": 4254200000368, "正式名称": "株式会社谷本薬局", "機関区分": 5, "都道府県コード": 42, "市区町村コード": 202, "所在地": "長崎県佐世保市俵町２２－４８", "緯度": 33.187661, "経度": 129.718288, "url": "https://www.iryou.teikyouseido.mhlw.go.jp/znk-web/juminkanja/S2430/initialize?prefCd=42&kikanCd=4200000368&kikanKbn=5", "url2": "http://sasebo-tanimoto.com", "内容": "株式会社谷本薬局【5:薬局】長崎県佐世保市俵町２２－４８" }, "geometry": { "type": "Point", "coordinates": [ 129.718288, 33.187661 ] } },
{ "type": "Feature", "properties": { "ID": 4254200000369, "正式名称": "株式会社谷本薬局高砂店", "機関区分": 5, "都道府県コード": 42, "市区町村コード": 202, "所在地": "長崎県佐世保市高砂町４－２０", "緯度": 33.178953, "経度": 129.715757, "url": "https://www.iryou.teikyouseido.mhlw.go.jp/znk-web/juminkanja/S2430/initialize?prefCd=42&kikanCd=4200000369&kikanKbn=5", "url2": null, "内容": "株式会社谷本薬局高砂店【5:薬局】長崎県佐世保市高砂町４－２０" }, "geometry": { "type": "Point", "coordinates": [ 129.715757, 33.178953 ] } },
{ "type": "Feature", "properties": { "ID": 4254200000377, "正式名称": "とみなが調剤薬局", "機関区分": 5, "都道府県コード": 42, "市区町村コード": 202, "所在地": "長崎県佐世保市宮崎町１－３", "緯度": 33.171178, "経度": 129.723771, "url": "https://www.iryou.teikyouseido.mhlw.go.jp/znk-web/juminkanja/S2430/initialize?prefCd=42&kikanCd=4200000377&kikanKbn=5", "url2": null, "内容": "とみなが調剤薬局【5:薬局】長崎県佐世保市宮崎町１－３" }, "geometry": { "type": "Point", "coordinates": [ 129.723771, 33.171178 ] } },
{ "type": "Feature", "properties": { "ID": 4254200000378, "正式名称": "トラスト薬局", "機関区分": 5, "都道府県コード": 42, "市区町村コード": 202, "所在地": "長崎県佐世保市万徳町５－１３　河本ビル１階", "緯度": 33.182523, "経度": 129.715458, "url": "https://www.iryou.teikyouseido.mhlw.go.jp/znk-web/juminkanja/S2430/initialize?prefCd=42&kikanCd=4200000378&kikanKbn=5", "url2": "http://www.ide-medicine.co.jp", "内容": "トラスト薬局【5:薬局】長崎県佐世保市万徳町５－１３　河本ビル１階" }, "geometry": { "type": "Point", "coordinates": [ 129.715458, 33.182523 ] } },
{ "type": "Feature", "properties": { "ID": 4254200000379, "正式名称": "トラスト薬局城山店", "機関区分": 5, "都道府県コード": 42, "市区町村コード": 202, "所在地": "長崎県佐世保市城山町３－２２", "緯度": 33.183286, "経度": 129.717099, "url": "https://www.iryou.teikyouseido.mhlw.go.jp/znk-web/juminkanja/S2430/initialize?prefCd=42&kikanCd=4200000379&kikanKbn=5", "url2": "http://www.ide-medicine.co.jp", "内容": "トラスト薬局城山店【5:薬局】長崎県佐世保市城山町３－２２" }, "geometry": { "type": "Point", "coordinates": [ 129.717099, 33.183286 ] } },
{ "type": "Feature", "properties": { "ID": 4254200000380, "正式名称": "中島薬局", "機関区分": 5, "都道府県コード": 42, "市区町村コード": 202, "所在地": "長崎県佐世保市大宮町２４－２", "緯度": 33.157855, "経度": 129.740172, "url": "https://www.iryou.teikyouseido.mhlw.go.jp/znk-web/juminkanja/S2430/initialize?prefCd=42&kikanCd=4200000380&kikanKbn=5", "url2": null, "内容": "中島薬局【5:薬局】長崎県佐世保市大宮町２４－２" }, "geometry": { "type": "Point", "coordinates": [ 129.740172, 33.157855 ] } },
{ "type": "Feature", "properties": { "ID": 4254200000383, "正式名称": "のどか薬局", "機関区分": 5, "都道府県コード": 42, "市区町村コード": 202, "所在地": "長崎県佐世保市卸本町３０－４１", "緯度": 33.152345, "経度": 129.771469, "url": "https://www.iryou.teikyouseido.mhlw.go.jp/znk-web/juminkanja/S2430/initialize?prefCd=42&kikanCd=4200000383&kikanKbn=5", "url2": "http://nodoka-p.com/", "内容": "のどか薬局【5:薬局】長崎県佐世保市卸本町３０－４１" }, "geometry": { "type": "Point", "coordinates": [ 129.771469, 33.152345 ] } },
{ "type": "Feature", "properties": { "ID": 4254200000384, "正式名称": "のどか薬局広田店", "機関区分": 5, "都道府県コード": 42, "市区町村コード": 202, "所在地": "長崎県佐世保市広田３－２４－９", "緯度": 33.12181, "経度": 129.801325, "url": "https://www.iryou.teikyouseido.mhlw.go.jp/znk-web/juminkanja/S2430/initialize?prefCd=42&kikanCd=4200000384&kikanKbn=5", "url2": "http://nodoka-p.com/", "内容": "のどか薬局広田店【5:薬局】長崎県佐世保市広田３－２４－９" }, "geometry": { "type": "Point", "coordinates": [ 129.801325, 33.12181 ] } },
{ "type": "Feature", "properties": { "ID": 4254200000385, "正式名称": "のどか薬局田原店", "機関区分": 5, "都道府県コード": 42, "市区町村コード": 202, "所在地": "長崎県佐世保市田原町１７－１２", "緯度": 33.207843, "経度": 129.720126, "url": "https://www.iryou.teikyouseido.mhlw.go.jp/znk-web/juminkanja/S2430/initialize?prefCd=42&kikanCd=4200000385&kikanKbn=5", "url2": "http://nodoka-p.com/", "内容": "のどか薬局田原店【5:薬局】長崎県佐世保市田原町１７－１２" }, "geometry": { "type": "Point", "coordinates": [ 129.720126, 33.207843 ] } },
{ "type": "Feature", "properties": { "ID": 4254200000386, "正式名称": "のどか薬局京坪店", "機関区分": 5, "都道府県コード": 42, "市区町村コード": 202, "所在地": "長崎県佐世保市京坪町４－１０", "緯度": 33.170543, "経度": 129.724767, "url": "https://www.iryou.teikyouseido.mhlw.go.jp/znk-web/juminkanja/S2430/initialize?prefCd=42&kikanCd=4200000386&kikanKbn=5", "url2": "http://nodoka-p.com/", "内容": "のどか薬局京坪店【5:薬局】長崎県佐世保市京坪町４－１０" }, "geometry": { "type": "Point", "coordinates": [ 129.724767, 33.170543 ] } },
{ "type": "Feature", "properties": { "ID": 4254200000389, "正式名称": "かまち薬局日宇店", "機関区分": 5, "都道府県コード": 42, "市区町村コード": 202, "所在地": "長崎県佐世保市日宇町６６１", "緯度": 33.157559, "経度": 129.757011, "url": "https://www.iryou.teikyouseido.mhlw.go.jp/znk-web/juminkanja/S2430/initialize?prefCd=42&kikanCd=4200000389&kikanKbn=5", "url2": null, "内容": "かまち薬局日宇店【5:薬局】長崎県佐世保市日宇町６６１" }, "geometry": { "type": "Point", "coordinates": [ 129.757011, 33.157559 ] } },
{ "type": "Feature", "properties": { "ID": 4254200000390, "正式名称": "ひの薬局", "機関区分": 5, "都道府県コード": 42, "市区町村コード": 202, "所在地": "長崎県佐世保市日野町１１８０―８", "緯度": 33.17247, "経度": 129.675249, "url": "https://www.iryou.teikyouseido.mhlw.go.jp/znk-web/juminkanja/S2430/initialize?prefCd=42&kikanCd=4200000390&kikanKbn=5", "url2": null, "内容": "ひの薬局【5:薬局】長崎県佐世保市日野町１１８０―８" }, "geometry": { "type": "Point", "coordinates": [ 129.675249, 33.17247 ] } },
{ "type": "Feature", "properties": { "ID": 4254200000391, "正式名称": "日野すまいる薬局", "機関区分": 5, "都道府県コード": 42, "市区町村コード": 202, "所在地": "長崎県佐世保市日野町１９０２－１", "緯度": 33.173982, "経度": 129.672559, "url": "https://www.iryou.teikyouseido.mhlw.go.jp/znk-web/juminkanja/S2430/initialize?prefCd=42&kikanCd=4200000391&kikanKbn=5", "url2": null, "内容": "日野すまいる薬局【5:薬局】長崎県佐世保市日野町１９０２－１" }, "geometry": { "type": "Point", "coordinates": [ 129.672559, 33.173982 ] } },
{ "type": "Feature", "properties": { "ID": 4254200000392, "正式名称": "有限会社日の出薬局", "機関区分": 5, "都道府県コード": 42, "市区町村コード": 202, "所在地": "長崎県佐世保市船越町１２４４－２", "緯度": 33.142945, "経度": 129.695426, "url": "https://www.iryou.teikyouseido.mhlw.go.jp/znk-web/juminkanja/S2430/initialize?prefCd=42&kikanCd=4200000392&kikanKbn=5", "url2": null, "内容": "有限会社日の出薬局【5:薬局】長崎県佐世保市船越町１２４４－２" }, "geometry": { "type": "Point", "coordinates": [ 129.695426, 33.142945 ] } },
{ "type": "Feature", "properties": { "ID": 4254200000393, "正式名称": "ひろた薬局", "機関区分": 5, "都道府県コード": 42, "市区町村コード": 202, "所在地": "長崎県佐世保市広田１－１０－８", "緯度": 33.128976, "経度": 129.800267, "url": "https://www.iryou.teikyouseido.mhlw.go.jp/znk-web/juminkanja/S2430/initialize?prefCd=42&kikanCd=4200000393&kikanKbn=5", "url2": "http://kawa-pha.com", "内容": "ひろた薬局【5:薬局】長崎県佐世保市広田１－１０－８" }, "geometry": { "type": "Point", "coordinates": [ 129.800267, 33.128976 ] } },
{ "type": "Feature", "properties": { "ID": 4254200000394, "正式名称": "フジヤ薬局戸尾店", "機関区分": 5, "都道府県コード": 42, "市区町村コード": 202, "所在地": "長崎県佐世保市戸尾町３－８", "緯度": 33.167443, "経度": 129.724514, "url": "https://www.iryou.teikyouseido.mhlw.go.jp/znk-web/juminkanja/S2430/initialize?prefCd=42&kikanCd=4200000394&kikanKbn=5", "url2": "https://fujiya-phamacy.jp/", "内容": "フジヤ薬局戸尾店【5:薬局】長崎県佐世保市戸尾町３－８" }, "geometry": { "type": "Point", "coordinates": [ 129.724514, 33.167443 ] } },
{ "type": "Feature", "properties": { "ID": 4254200000395, "正式名称": "センター調剤薬局", "機関区分": 5, "都道府県コード": 42, "市区町村コード": 202, "所在地": "長崎県佐世保市松浦町５－１１", "緯度": 33.174014, "経度": 129.716676, "url": "https://www.iryou.teikyouseido.mhlw.go.jp/znk-web/juminkanja/S2430/initialize?prefCd=42&kikanCd=4200000395&kikanKbn=5", "url2": "http://fujiya-pharmacy.jp/", "内容": "センター調剤薬局【5:薬局】長崎県佐世保市松浦町５－１１" }, "geometry": { "type": "Point", "coordinates": [ 129.716676, 33.174014 ] } },
{ "type": "Feature", "properties": { "ID": 4254200000396, "正式名称": "フジヤ薬局大潟店", "機関区分": 5, "都道府県コード": 42, "市区町村コード": 202, "所在地": "長崎県佐世保市大潟町", "緯度": 33.184185, "経度": 129.661861, "url": "https://www.iryou.teikyouseido.mhlw.go.jp/znk-web/juminkanja/S2430/initialize?prefCd=42&kikanCd=4200000396&kikanKbn=5", "url2": "http://fujiya-pharmacy.jp/", "内容": "フジヤ薬局大潟店【5:薬局】長崎県佐世保市大潟町" }, "geometry": { "type": "Point", "coordinates": [ 129.661861, 33.184185 ] } },
{ "type": "Feature", "properties": { "ID": 4254200000400, "正式名称": "有限会社まこと調剤薬局", "機関区分": 5, "都道府県コード": 42, "市区町村コード": 202, "所在地": "長崎県佐世保市俵町２－３", "緯度": 33.186051, "経度": 129.717875, "url": "https://www.iryou.teikyouseido.mhlw.go.jp/znk-web/juminkanja/S2430/initialize?prefCd=42&kikanCd=4200000400&kikanKbn=5", "url2": null, "内容": "有限会社まこと調剤薬局【5:薬局】長崎県佐世保市俵町２－３" }, "geometry": { "type": "Point", "coordinates": [ 129.717875, 33.186051 ] } },
{ "type": "Feature", "properties": { "ID": 4254200000401, "正式名称": "有限会社まつお薬局", "機関区分": 5, "都道府県コード": 42, "市区町村コード": 202, "所在地": "長崎県佐世保市宮田町", "緯度": 33.184593, "経度": 129.718055, "url": "https://www.iryou.teikyouseido.mhlw.go.jp/znk-web/juminkanja/S2430/initialize?prefCd=42&kikanCd=4200000401&kikanKbn=5", "url2": "http://matsuo-yatukyoku.s2.bindsite.jp/", "内容": "有限会社まつお薬局【5:薬局】長崎県佐世保市宮田町" }, "geometry": { "type": "Point", "coordinates": [ 129.718055, 33.184593 ] } },
{ "type": "Feature", "properties": { "ID": 4254200000404, "正式名称": "みつば薬局春日店", "機関区分": 5, "都道府県コード": 42, "市区町村コード": 202, "所在地": "長崎県佐世保市春日町２３－１０", "緯度": 33.19985, "経度": 129.721833, "url": "https://www.iryou.teikyouseido.mhlw.go.jp/znk-web/juminkanja/S2430/initialize?prefCd=42&kikanCd=4200000404&kikanKbn=5", "url2": null, "内容": "みつば薬局春日店【5:薬局】長崎県佐世保市春日町２３－１０" }, "geometry": { "type": "Point", "coordinates": [ 129.721833, 33.19985 ] } },
{ "type": "Feature", "properties": { "ID": 4254200000406, "正式名称": "みつば調剤薬局山祇店", "機関区分": 5, "都道府県コード": 42, "市区町村コード": 202, "所在地": "長崎県佐世保市山祇町１９－２０", "緯度": 33.167554, "経度": 129.734445, "url": "https://www.iryou.teikyouseido.mhlw.go.jp/znk-web/juminkanja/S2430/initialize?prefCd=42&kikanCd=4200000406&kikanKbn=5", "url2": null, "内容": "みつば調剤薬局山祇店【5:薬局】長崎県佐世保市山祇町１９－２０" }, "geometry": { "type": "Point", "coordinates": [ 129.734445, 33.167554 ] } },
{ "type": "Feature", "properties": { "ID": 4254200000408, "正式名称": "みやぞえ薬局", "機関区分": 5, "都道府県コード": 42, "市区町村コード": 202, "所在地": "長崎県佐世保市八幡町３－３", "緯度": 33.180648, "経度": 129.716075, "url": "https://www.iryou.teikyouseido.mhlw.go.jp/znk-web/juminkanja/S2430/initialize?prefCd=42&kikanCd=4200000408&kikanKbn=5", "url2": null, "内容": "みやぞえ薬局【5:薬局】長崎県佐世保市八幡町３－３" }, "geometry": { "type": "Point", "coordinates": [ 129.716075, 33.180648 ] } },
{ "type": "Feature", "properties": { "ID": 4254200000409, "正式名称": "美輪薬局木場田店", "機関区分": 5, "都道府県コード": 42, "市区町村コード": 202, "所在地": "長崎県佐世保市木場田町９－１８", "緯度": 33.180286, "経度": 129.714134, "url": "https://www.iryou.teikyouseido.mhlw.go.jp/znk-web/juminkanja/S2430/initialize?prefCd=42&kikanCd=4200000409&kikanKbn=5", "url2": null, "内容": "美輪薬局木場田店【5:薬局】長崎県佐世保市木場田町９－１８" }, "geometry": { "type": "Point", "coordinates": [ 129.714134, 33.180286 ] } },
{ "type": "Feature", "properties": { "ID": 4254200000410, "正式名称": "株式会社エム．エス．ファーマシーもとしま薬局", "機関区分": 5, "都道府県コード": 42, "市区町村コード": 202, "所在地": "長崎県佐世保市本島町３－１４", "緯度": 33.171042, "経度": 129.721542, "url": "https://www.iryou.teikyouseido.mhlw.go.jp/znk-web/juminkanja/S2430/initialize?prefCd=42&kikanCd=4200000410&kikanKbn=5", "url2": null, "内容": "株式会社エム．エス．ファーマシーもとしま薬局【5:薬局】長崎県佐世保市本島町３－１４" }, "geometry": { "type": "Point", "coordinates": [ 129.721542, 33.171042 ] } },
{ "type": "Feature", "properties": { "ID": 4254200000414, "正式名称": "合資会社山口薬局", "機関区分": 5, "都道府県コード": 42, "市区町村コード": 202, "所在地": "長崎県佐世保市早岐１－２－３", "緯度": 33.133622, "経度": 129.798298, "url": "https://www.iryou.teikyouseido.mhlw.go.jp/znk-web/juminkanja/S2430/initialize?prefCd=42&kikanCd=4200000414&kikanKbn=5", "url2": "http://www.yamaguchi-yakkyoku.com", "内容": "合資会社山口薬局【5:薬局】長崎県佐世保市早岐１－２－３" }, "geometry": { "type": "Point", "coordinates": [ 129.798298, 33.133622 ] } },
{ "type": "Feature", "properties": { "ID": 4254200000415, "正式名称": "大和調剤薬局", "機関区分": 5, "都道府県コード": 42, "市区町村コード": 202, "所在地": "長崎県佐世保市大和町４０７－３", "緯度": 33.158418, "経度": 129.751392, "url": "https://www.iryou.teikyouseido.mhlw.go.jp/znk-web/juminkanja/S2430/initialize?prefCd=42&kikanCd=4200000415&kikanKbn=5", "url2": null, "内容": "大和調剤薬局【5:薬局】長崎県佐世保市大和町４０７－３" }, "geometry": { "type": "Point", "coordinates": [ 129.751392, 33.158418 ] } },
{ "type": "Feature", "properties": { "ID": 4254200000417, "正式名称": "ゆうゆう薬局", "機関区分": 5, "都道府県コード": 42, "市区町村コード": 202, "所在地": "長崎県佐世保市大和町１５－２", "緯度": 33.157172, "経度": 129.74851, "url": "https://www.iryou.teikyouseido.mhlw.go.jp/znk-web/juminkanja/S2430/initialize?prefCd=42&kikanCd=4200000417&kikanKbn=5", "url2": "http://www.azuma-pharmacy.jp", "内容": "ゆうゆう薬局【5:薬局】長崎県佐世保市大和町１５－２" }, "geometry": { "type": "Point", "coordinates": [ 129.74851, 33.157172 ] } },
{ "type": "Feature", "properties": { "ID": 4254200000418, "正式名称": "ゆたか調剤薬局", "機関区分": 5, "都道府県コード": 42, "市区町村コード": 202, "所在地": "長崎県佐世保市本島町２－１６", "緯度": 33.171489, "経度": 129.722517, "url": "https://www.iryou.teikyouseido.mhlw.go.jp/znk-web/juminkanja/S2430/initialize?prefCd=42&kikanCd=4200000418&kikanKbn=5", "url2": "http://nodoka-p.com/", "内容": "ゆたか調剤薬局【5:薬局】長崎県佐世保市本島町２－１６" }, "geometry": { "type": "Point", "coordinates": [ 129.722517, 33.171489 ] } },
{ "type": "Feature", "properties": { "ID": 4254200000421, "正式名称": "有限会社吉牟田薬局大野店", "機関区分": 5, "都道府県コード": 42, "市区町村コード": 202, "所在地": "長崎県佐世保市田原町１５－５", "緯度": 33.207046, "経度": 129.720661, "url": "https://www.iryou.teikyouseido.mhlw.go.jp/znk-web/juminkanja/S2430/initialize?prefCd=42&kikanCd=4200000421&kikanKbn=5", "url2": "http://www.yoshimuta.com/", "内容": "有限会社吉牟田薬局大野店【5:薬局】長崎県佐世保市田原町１５－５" }, "geometry": { "type": "Point", "coordinates": [ 129.720661, 33.207046 ] } },
{ "type": "Feature", "properties": { "ID": 4254200000422, "正式名称": "有限会社吉牟田薬局泉福寺店", "機関区分": 5, "都道府県コード": 42, "市区町村コード": 202, "所在地": "長崎県佐世保市瀬戸越２－７－４", "緯度": 33.209397, "経度": 129.734904, "url": "https://www.iryou.teikyouseido.mhlw.go.jp/znk-web/juminkanja/S2430/initialize?prefCd=42&kikanCd=4200000422&kikanKbn=5", "url2": "http://www.yoshimuta.com/", "内容": "有限会社吉牟田薬局泉福寺店【5:薬局】長崎県佐世保市瀬戸越２－７－４" }, "geometry": { "type": "Point", "coordinates": [ 129.734904, 33.209397 ] } },
{ "type": "Feature", "properties": { "ID": 4254200000423, "正式名称": "有限会社吉牟田薬局日野店", "機関区分": 5, "都道府県コード": 42, "市区町村コード": 202, "所在地": "長崎県佐世保市椎木町１８０－５", "緯度": 33.175793, "経度": 129.66935, "url": "https://www.iryou.teikyouseido.mhlw.go.jp/znk-web/juminkanja/S2430/initialize?prefCd=42&kikanCd=4200000423&kikanKbn=5", "url2": "http://www.yoshimuta.com/", "内容": "有限会社吉牟田薬局日野店【5:薬局】長崎県佐世保市椎木町１８０－５" }, "geometry": { "type": "Point", "coordinates": [ 129.66935, 33.175793 ] } },
{ "type": "Feature", "properties": { "ID": 4254200000425, "正式名称": "有限会社吉牟田薬局相浦店", "機関区分": 5, "都道府県コード": 42, "市区町村コード": 202, "所在地": "長崎県佐世保市木宮町４－１０", "緯度": 33.195357, "経度": 129.667217, "url": "https://www.iryou.teikyouseido.mhlw.go.jp/znk-web/juminkanja/S2430/initialize?prefCd=42&kikanCd=4200000425&kikanKbn=5", "url2": "http://www.yoshimuta.com/", "内容": "有限会社吉牟田薬局相浦店【5:薬局】長崎県佐世保市木宮町４－１０" }, "geometry": { "type": "Point", "coordinates": [ 129.667217, 33.195357 ] } },
{ "type": "Feature", "properties": { "ID": 4254200000426, "正式名称": "株式会社力武薬局", "機関区分": 5, "都道府県コード": 42, "市区町村コード": 202, "所在地": "長崎県佐世保市下京町７－１８", "緯度": 33.169069, "経度": 129.722732, "url": "https://www.iryou.teikyouseido.mhlw.go.jp/znk-web/juminkanja/S2430/initialize?prefCd=42&kikanCd=4200000426&kikanKbn=5", "url2": null, "内容": "株式会社力武薬局【5:薬局】長崎県佐世保市下京町７－１８" }, "geometry": { "type": "Point", "coordinates": [ 129.722732, 33.169069 ] } },
{ "type": "Feature", "properties": { "ID": 4254200000427, "正式名称": "薬局リッキーファーマシー", "機関区分": 5, "都道府県コード": 42, "市区町村コード": 202, "所在地": "長崎県佐世保市上本山町", "緯度": 33.208274, "経度": 129.691751, "url": "https://www.iryou.teikyouseido.mhlw.go.jp/znk-web/juminkanja/S2430/initialize?prefCd=42&kikanCd=4200000427&kikanKbn=5", "url2": null, "内容": "薬局リッキーファーマシー【5:薬局】長崎県佐世保市上本山町" }, "geometry": { "type": "Point", "coordinates": [ 129.691751, 33.208274 ] } },
{ "type": "Feature", "properties": { "ID": 4254200000428, "正式名称": "わかば薬局", "機関区分": 5, "都道府県コード": 42, "市区町村コード": 202, "所在地": "長崎県佐世保市稲荷町２６－４", "緯度": 33.158818, "経度": 129.73481, "url": "https://www.iryou.teikyouseido.mhlw.go.jp/znk-web/juminkanja/S2430/initialize?prefCd=42&kikanCd=4200000428&kikanKbn=5", "url2": null, "内容": "わかば薬局【5:薬局】長崎県佐世保市稲荷町２６－４" }, "geometry": { "type": "Point", "coordinates": [ 129.73481, 33.158818 ] } },
{ "type": "Feature", "properties": { "ID": 4254200000430, "正式名称": "株式会社あおぞら薬局", "機関区分": 5, "都道府県コード": 42, "市区町村コード": 204, "所在地": "長崎県諫早市高城町９－５", "緯度": 32.845024, "経度": 130.054038, "url": "https://www.iryou.teikyouseido.mhlw.go.jp/znk-web/juminkanja/S2430/initialize?prefCd=42&kikanCd=4200000430&kikanKbn=5", "url2": null, "内容": "株式会社あおぞら薬局【5:薬局】長崎県諫早市高城町９－５" }, "geometry": { "type": "Point", "coordinates": [ 130.054038, 32.845024 ] } },
{ "type": "Feature", "properties": { "ID": 4254200000433, "正式名称": "岩松薬局", "機関区分": 5, "都道府県コード": 42, "市区町村コード": 204, "所在地": "長崎県諫早市高来町三部壱２９１－７", "緯度": 32.905853, "経度": 130.140751, "url": "https://www.iryou.teikyouseido.mhlw.go.jp/znk-web/juminkanja/S2430/initialize?prefCd=42&kikanCd=4200000433&kikanKbn=5", "url2": null, "内容": "岩松薬局【5:薬局】長崎県諫早市高来町三部壱２９１－７" }, "geometry": { "type": "Point", "coordinates": [ 130.140751, 32.905853 ] } },
{ "type": "Feature", "properties": { "ID": 4254200000435, "正式名称": "もろおか薬局幸町店", "機関区分": 5, "都道府県コード": 42, "市区町村コード": 204, "所在地": "長崎県諫早市幸町３０８－１", "緯度": 32.84239, "経度": 130.063172, "url": "https://www.iryou.teikyouseido.mhlw.go.jp/znk-web/juminkanja/S2430/initialize?prefCd=42&kikanCd=4200000435&kikanKbn=5", "url2": "http://morooka-yakuhin.jp/", "内容": "もろおか薬局幸町店【5:薬局】長崎県諫早市幸町３０８－１" }, "geometry": { "type": "Point", "coordinates": [ 130.063172, 32.84239 ] } },
{ "type": "Feature", "properties": { "ID": 4254200000437, "正式名称": "カサマツ薬局", "機関区分": 5, "都道府県コード": 42, "市区町村コード": 204, "所在地": "長崎県諫早市山川町１－５", "緯度": 32.846287, "経度": 130.024211, "url": "https://www.iryou.teikyouseido.mhlw.go.jp/znk-web/juminkanja/S2430/initialize?prefCd=42&kikanCd=4200000437&kikanKbn=5", "url2": null, "内容": "カサマツ薬局【5:薬局】長崎県諫早市山川町１－５" }, "geometry": { "type": "Point", "coordinates": [ 130.024211, 32.846287 ] } },
{ "type": "Feature", "properties": { "ID": 4254200000438, "正式名称": "かのはら薬局", "機関区分": 5, "都道府県コード": 42, "市区町村コード": 204, "所在地": "長崎県諫早市多良見町化屋１０５３番１２号", "緯度": 32.828712, "経度": 129.986078, "url": "https://www.iryou.teikyouseido.mhlw.go.jp/znk-web/juminkanja/S2430/initialize?prefCd=42&kikanCd=4200000438&kikanKbn=5", "url2": "https://www.pharmarise.com/company/store/store.php?store_id=791", "内容": "かのはら薬局【5:薬局】長崎県諫早市多良見町化屋１０５３番１２号" }, "geometry": { "type": "Point", "coordinates": [ 129.986078, 32.828712 ] } },
{ "type": "Feature", "properties": { "ID": 4254200000439, "正式名称": "かわはら薬局宇都店", "機関区分": 5, "都道府県コード": 42, "市区町村コード": 204, "所在地": "長崎県諫早市宇都町１６８－５", "緯度": 32.846432, "経度": 130.040892, "url": "https://www.iryou.teikyouseido.mhlw.go.jp/znk-web/juminkanja/S2430/initialize?prefCd=42&kikanCd=4200000439&kikanKbn=5", "url2": null, "内容": "かわはら薬局宇都店【5:薬局】長崎県諫早市宇都町１６８－５" }, "geometry": { "type": "Point", "coordinates": [ 130.040892, 32.846432 ] } },
{ "type": "Feature", "properties": { "ID": 4254200000444, "正式名称": "コスモス薬局", "機関区分": 5, "都道府県コード": 42, "市区町村コード": 204, "所在地": "長崎県諫早市東小路町４－２７", "緯度": 32.841821, "経度": 130.053714, "url": "https://www.iryou.teikyouseido.mhlw.go.jp/znk-web/juminkanja/S2430/initialize?prefCd=42&kikanCd=4200000444&kikanKbn=5", "url2": null, "内容": "コスモス薬局【5:薬局】長崎県諫早市東小路町４－２７" }, "geometry": { "type": "Point", "coordinates": [ 130.053714, 32.841821 ] } },
{ "type": "Feature", "properties": { "ID": 4254200000447, "正式名称": "有限会社コミット薬局", "機関区分": 5, "都道府県コード": 42, "市区町村コード": 204, "所在地": "長崎県諫早市小船越町８－７", "緯度": 32.849037, "経度": 130.03257, "url": "https://www.iryou.teikyouseido.mhlw.go.jp/znk-web/juminkanja/S2430/initialize?prefCd=42&kikanCd=4200000447&kikanKbn=5", "url2": null, "内容": "有限会社コミット薬局【5:薬局】長崎県諫早市小船越町８－７" }, "geometry": { "type": "Point", "coordinates": [ 130.03257, 32.849037 ] } },
{ "type": "Feature", "properties": { "ID": 4254200000451, "正式名称": "しろみ薬局", "機関区分": 5, "都道府県コード": 42, "市区町村コード": 204, "所在地": "長崎県諫早市城見町１３－５", "緯度": 32.84849, "経度": 130.047627, "url": "https://www.iryou.teikyouseido.mhlw.go.jp/znk-web/juminkanja/S2430/initialize?prefCd=42&kikanCd=4200000451&kikanKbn=5", "url2": "http://oneheart.co.jp", "内容": "しろみ薬局【5:薬局】長崎県諫早市城見町１３－５" }, "geometry": { "type": "Point", "coordinates": [ 130.047627, 32.84849 ] } },
{ "type": "Feature", "properties": { "ID": 4254200000452, "正式名称": "そうごう薬局小長井店", "機関区分": 5, "都道府県コード": 42, "市区町村コード": 204, "所在地": "長崎県諫早市小長井町井崎１００－６", "緯度": 32.931114, "経度": 130.197118, "url": "https://www.iryou.teikyouseido.mhlw.go.jp/znk-web/juminkanja/S2430/initialize?prefCd=42&kikanCd=4200000452&kikanKbn=5", "url2": "http://www.sogo-medical.co.jp", "内容": "そうごう薬局小長井店【5:薬局】長崎県諫早市小長井町井崎１００－６" }, "geometry": { "type": "Point", "coordinates": [ 130.197118, 32.931114 ] } },
{ "type": "Feature", "properties": { "ID": 4254200000455, "正式名称": "たらみタウン薬局", "機関区分": 5, "都道府県コード": 42, "市区町村コード": 204, "所在地": "長崎県諫早市多良見町化屋８１０－１", "緯度": 32.831185, "経度": 129.98561, "url": "https://www.iryou.teikyouseido.mhlw.go.jp/znk-web/juminkanja/S2430/initialize?prefCd=42&kikanCd=4200000455&kikanKbn=5", "url2": "http://morooka-yakuhin.jp/", "内容": "たらみタウン薬局【5:薬局】長崎県諫早市多良見町化屋８１０－１" }, "geometry": { "type": "Point", "coordinates": [ 129.98561, 32.831185 ] } },
{ "type": "Feature", "properties": { "ID": 4254200000456, "正式名称": "天満薬局", "機関区分": 5, "都道府県コード": 42, "市区町村コード": 204, "所在地": "長崎県諫早市天満町１２－２７", "緯度": 32.847246, "経度": 130.047029, "url": "https://www.iryou.teikyouseido.mhlw.go.jp/znk-web/juminkanja/S2430/initialize?prefCd=42&kikanCd=4200000456&kikanKbn=5", "url2": "http://oneherat.co.jp", "内容": "天満薬局【5:薬局】長崎県諫早市天満町１２－２７" }, "geometry": { "type": "Point", "coordinates": [ 130.047029, 32.847246 ] } },
{ "type": "Feature", "properties": { "ID": 4254200000457, "正式名称": "トーラサンベ薬局", "機関区分": 5, "都道府県コード": 42, "市区町村コード": 204, "所在地": "長崎県諫早市永昌東町２－１７", "緯度": 32.850986, "経度": 130.042562, "url": "https://www.iryou.teikyouseido.mhlw.go.jp/znk-web/juminkanja/S2430/initialize?prefCd=42&kikanCd=4200000457&kikanKbn=5", "url2": "http://www.shiranuhi.info/", "内容": "トーラサンベ薬局【5:薬局】長崎県諫早市永昌東町２－１７" }, "geometry": { "type": "Point", "coordinates": [ 130.042562, 32.850986 ] } },
{ "type": "Feature", "properties": { "ID": 4254200000458, "正式名称": "ながた薬局", "機関区分": 5, "都道府県コード": 42, "市区町村コード": 204, "所在地": "長崎県諫早市長田町２５５８－２", "緯度": 32.86332, "経度": 130.080607, "url": "https://www.iryou.teikyouseido.mhlw.go.jp/znk-web/juminkanja/S2430/initialize?prefCd=42&kikanCd=4200000458&kikanKbn=5", "url2": null, "内容": "ながた薬局【5:薬局】長崎県諫早市長田町２５５８－２" }, "geometry": { "type": "Point", "coordinates": [ 130.080607, 32.86332 ] } },
{ "type": "Feature", "properties": { "ID": 4254200000459, "正式名称": "なまず薬局", "機関区分": 5, "都道府県コード": 42, "市区町村コード": 204, "所在地": "長崎県諫早市多良見町化屋９４４－４", "緯度": 32.828779, "経度": 129.983552, "url": "https://www.iryou.teikyouseido.mhlw.go.jp/znk-web/juminkanja/S2430/initialize?prefCd=42&kikanCd=4200000459&kikanKbn=5", "url2": "https://www.pharmarise.com/company/store/store.php?store_id=794", "内容": "なまず薬局【5:薬局】長崎県諫早市多良見町化屋９４４－４" }, "geometry": { "type": "Point", "coordinates": [ 129.983552, 32.828779 ] } },
{ "type": "Feature", "properties": { "ID": 4254200000461, "正式名称": "西諫早薬局", "機関区分": 5, "都道府県コード": 42, "市区町村コード": 204, "所在地": "長崎県諫早市貝津町３０２３－１", "緯度": 32.837056, "経度": 130.020898, "url": "https://www.iryou.teikyouseido.mhlw.go.jp/znk-web/juminkanja/S2430/initialize?prefCd=42&kikanCd=4200000461&kikanKbn=5", "url2": "http://www.totasu.jp/", "内容": "西諫早薬局【5:薬局】長崎県諫早市貝津町３０２３－１" }, "geometry": { "type": "Point", "coordinates": [ 130.020898, 32.837056 ] } },
{ "type": "Feature", "properties": { "ID": 4254200000462, "正式名称": "日本調剤永昌薬局", "機関区分": 5, "都道府県コード": 42, "市区町村コード": 204, "所在地": "長崎県諫早市永昌東町２２－５", "緯度": 32.855357, "経度": 130.043191, "url": "https://www.iryou.teikyouseido.mhlw.go.jp/znk-web/juminkanja/S2430/initialize?prefCd=42&kikanCd=4200000462&kikanKbn=5", "url2": "https://www.nicho.co.jp/tenpo/eisyo/", "内容": "日本調剤永昌薬局【5:薬局】長崎県諫早市永昌東町２２－５" }, "geometry": { "type": "Point", "coordinates": [ 130.043191, 32.855357 ] } },
{ "type": "Feature", "properties": { "ID": 4254200000463, "正式名称": "ハート薬局", "機関区分": 5, "都道府県コード": 42, "市区町村コード": 204, "所在地": "長崎県諫早市飯盛町開１８２５－３", "緯度": 32.780051, "経度": 130.022143, "url": "https://www.iryou.teikyouseido.mhlw.go.jp/znk-web/juminkanja/S2430/initialize?prefCd=42&kikanCd=4200000463&kikanKbn=5", "url2": null, "内容": "ハート薬局【5:薬局】長崎県諫早市飯盛町開１８２５－３" }, "geometry": { "type": "Point", "coordinates": [ 130.022143, 32.780051 ] } },
{ "type": "Feature", "properties": { "ID": 4254200000464, "正式名称": "パサージュしらぬひ薬局", "機関区分": 5, "都道府県コード": 42, "市区町村コード": 204, "所在地": "長崎県諫早市永昌東町２４６", "緯度": 32.855339, "経度": 130.0431, "url": "https://www.iryou.teikyouseido.mhlw.go.jp/znk-web/juminkanja/S2430/initialize?prefCd=42&kikanCd=4200000464&kikanKbn=5", "url2": "http://www.shiranuhi.info/", "内容": "パサージュしらぬひ薬局【5:薬局】長崎県諫早市永昌東町２４６" }, "geometry": { "type": "Point", "coordinates": [ 130.0431, 32.855339 ] } },
{ "type": "Feature", "properties": { "ID": 4254200000465, "正式名称": "有限会社　はまさと薬局", "機関区分": 5, "都道府県コード": 42, "市区町村コード": 204, "所在地": "長崎県諫早市森山町下井牟田２４２７－１", "緯度": 32.832923, "経度": 130.115576, "url": "https://www.iryou.teikyouseido.mhlw.go.jp/znk-web/juminkanja/S2430/initialize?prefCd=42&kikanCd=4200000465&kikanKbn=5", "url2": null, "内容": "有限会社　はまさと薬局【5:薬局】長崎県諫早市森山町下井牟田２４２７－１" }, "geometry": { "type": "Point", "coordinates": [ 130.115576, 32.832923 ] } },
{ "type": "Feature", "properties": { "ID": 4254200000466, "正式名称": "原田薬局貝津店", "機関区分": 5, "都道府県コード": 42, "市区町村コード": 204, "所在地": "長崎県諫早市貝津町１７０３－１", "緯度": 32.835303, "経度": 130.014045, "url": "https://www.iryou.teikyouseido.mhlw.go.jp/znk-web/juminkanja/S2430/initialize?prefCd=42&kikanCd=4200000466&kikanKbn=5", "url2": null, "内容": "原田薬局貝津店【5:薬局】長崎県諫早市貝津町１７０３－１" }, "geometry": { "type": "Point", "coordinates": [ 130.014045, 32.835303 ] } },
{ "type": "Feature", "properties": { "ID": 4254200000471, "正式名称": "フラワー薬局", "機関区分": 5, "都道府県コード": 42, "市区町村コード": 204, "所在地": "長崎県諫早市永昌東町１３－６", "緯度": 32.852281, "経度": 130.043746, "url": "https://www.iryou.teikyouseido.mhlw.go.jp/znk-web/juminkanja/S2430/initialize?prefCd=42&kikanCd=4200000471&kikanKbn=5", "url2": null, "内容": "フラワー薬局【5:薬局】長崎県諫早市永昌東町１３－６" }, "geometry": { "type": "Point", "coordinates": [ 130.043746, 32.852281 ] } },
{ "type": "Feature", "properties": { "ID": 4254200000472, "正式名称": "ふれあい薬局", "機関区分": 5, "都道府県コード": 42, "市区町村コード": 204, "所在地": "長崎県諫早市栄田町３１－４８", "緯度": 32.855212, "経度": 130.038644, "url": "https://www.iryou.teikyouseido.mhlw.go.jp/znk-web/juminkanja/S2430/initialize?prefCd=42&kikanCd=4200000472&kikanKbn=5", "url2": null, "内容": "ふれあい薬局【5:薬局】長崎県諫早市栄田町３１－４８" }, "geometry": { "type": "Point", "coordinates": [ 130.038644, 32.855212 ] } },
{ "type": "Feature", "properties": { "ID": 4254200000474, "正式名称": "うえの町薬局", "機関区分": 5, "都道府県コード": 42, "市区町村コード": 204, "所在地": "長崎県諫早市上野町１０－１２", "緯度": 32.838478, "経度": 130.055978, "url": "https://www.iryou.teikyouseido.mhlw.go.jp/znk-web/juminkanja/S2430/initialize?prefCd=42&kikanCd=4200000474&kikanKbn=5", "url2": "https://www.pharmarise.com/company/store/store.php?store_id=795", "内容": "うえの町薬局【5:薬局】長崎県諫早市上野町１０－１２" }, "geometry": { "type": "Point", "coordinates": [ 130.055978, 32.838478 ] } },
{ "type": "Feature", "properties": { "ID": 4254200000475, "正式名称": "堀大師堂薬局", "機関区分": 5, "都道府県コード": 42, "市区町村コード": 204, "所在地": "長崎県諫早市八坂町４－２３", "緯度": 32.843265, "経度": 130.056732, "url": "https://www.iryou.teikyouseido.mhlw.go.jp/znk-web/juminkanja/S2430/initialize?prefCd=42&kikanCd=4200000475&kikanKbn=5", "url2": "https://oneheart.co.jp/tenpo/hori-taishido-yakkyoku/", "内容": "堀大師堂薬局【5:薬局】長崎県諫早市八坂町４－２３" }, "geometry": { "type": "Point", "coordinates": [ 130.056732, 32.843265 ] } },
{ "type": "Feature", "properties": { "ID": 4254200000476, "正式名称": "ますだ薬局", "機関区分": 5, "都道府県コード": 42, "市区町村コード": 204, "所在地": "長崎県諫早市永昌町４４－１６", "緯度": 32.848796, "経度": 130.038299, "url": "https://www.iryou.teikyouseido.mhlw.go.jp/znk-web/juminkanja/S2430/initialize?prefCd=42&kikanCd=4200000476&kikanKbn=5", "url2": null, "内容": "ますだ薬局【5:薬局】長崎県諫早市永昌町４４－１６" }, "geometry": { "type": "Point", "coordinates": [ 130.038299, 32.848796 ] } },
{ "type": "Feature", "properties": { "ID": 4254200000478, "正式名称": "みどり調剤薬局", "機関区分": 5, "都道府県コード": 42, "市区町村コード": 204, "所在地": "長崎県諫早市天満町３－６", "緯度": 32.850096, "経度": 130.044775, "url": "https://www.iryou.teikyouseido.mhlw.go.jp/znk-web/juminkanja/S2430/initialize?prefCd=42&kikanCd=4200000478&kikanKbn=5", "url2": "http://oneheart.co.jp", "内容": "みどり調剤薬局【5:薬局】長崎県諫早市天満町３－６" }, "geometry": { "type": "Point", "coordinates": [ 130.044775, 32.850096 ] } },
{ "type": "Feature", "properties": { "ID": 4254200000479, "正式名称": "むつごろう薬局", "機関区分": 5, "都道府県コード": 42, "市区町村コード": 204, "所在地": "長崎県諫早市白浜町２６１２－１１", "緯度": 32.87498, "経度": 130.096072, "url": "https://www.iryou.teikyouseido.mhlw.go.jp/znk-web/juminkanja/S2430/initialize?prefCd=42&kikanCd=4200000479&kikanKbn=5", "url2": "http://www.shiranuhi.info/", "内容": "むつごろう薬局【5:薬局】長崎県諫早市白浜町２６１２－１１" }, "geometry": { "type": "Point", "coordinates": [ 130.096072, 32.87498 ] } },
{ "type": "Feature", "properties": { "ID": 4254200000481, "正式名称": "有限会社モリタ薬局", "機関区分": 5, "都道府県コード": 42, "市区町村コード": 204, "所在地": "長崎県諫早市多良見町化屋７２３－４", "緯度": 32.829911, "経度": 129.986655, "url": "https://www.iryou.teikyouseido.mhlw.go.jp/znk-web/juminkanja/S2430/initialize?prefCd=42&kikanCd=4200000481&kikanKbn=5", "url2": null, "内容": "有限会社モリタ薬局【5:薬局】長崎県諫早市多良見町化屋７２３－４" }, "geometry": { "type": "Point", "coordinates": [ 129.986655, 32.829911 ] } },
{ "type": "Feature", "properties": { "ID": 4254200000482, "正式名称": "もろおかファミリー薬局", "機関区分": 5, "都道府県コード": 42, "市区町村コード": 204, "所在地": "長崎県諫早市多良見町化屋７４１ー１２　喜々津ビル１階", "緯度": 32.831236, "経度": 129.986623, "url": "https://www.iryou.teikyouseido.mhlw.go.jp/znk-web/juminkanja/S2430/initialize?prefCd=42&kikanCd=4200000482&kikanKbn=5", "url2": "http://morooka-yakuhin.jp", "内容": "もろおかファミリー薬局【5:薬局】長崎県諫早市多良見町化屋７４１ー１２　喜々津ビル１階" }, "geometry": { "type": "Point", "coordinates": [ 129.986623, 32.831236 ] } },
{ "type": "Feature", "properties": { "ID": 4254200000483, "正式名称": "八坂薬局", "機関区分": 5, "都道府県コード": 42, "市区町村コード": 204, "所在地": "長崎県諫早市八坂町５－２", "緯度": 32.843042, "経度": 130.055992, "url": "https://www.iryou.teikyouseido.mhlw.go.jp/znk-web/juminkanja/S2430/initialize?prefCd=42&kikanCd=4200000483&kikanKbn=5", "url2": null, "内容": "八坂薬局【5:薬局】長崎県諫早市八坂町５－２" }, "geometry": { "type": "Point", "coordinates": [ 130.055992, 32.843042 ] } },
{ "type": "Feature", "properties": { "ID": 4254200000485, "正式名称": "ゆきざわ薬局", "機関区分": 5, "都道府県コード": 42, "市区町村コード": 204, "所在地": "長崎県諫早市山川町３－４", "緯度": 32.84721, "経度": 130.024938, "url": "https://www.iryou.teikyouseido.mhlw.go.jp/znk-web/juminkanja/S2430/initialize?prefCd=42&kikanCd=4200000485&kikanKbn=5", "url2": null, "内容": "ゆきざわ薬局【5:薬局】長崎県諫早市山川町３－４" }, "geometry": { "type": "Point", "coordinates": [ 130.024938, 32.84721 ] } },
{ "type": "Feature", "properties": { "ID": 4254200000486, "正式名称": "ライオン薬局", "機関区分": 5, "都道府県コード": 42, "市区町村コード": 204, "所在地": "長崎県諫早市永昌東町１９－１３", "緯度": 32.853722, "経度": 130.042461, "url": "https://www.iryou.teikyouseido.mhlw.go.jp/znk-web/juminkanja/S2430/initialize?prefCd=42&kikanCd=4200000486&kikanKbn=5", "url2": "http://katsuyama-ph.co.jp/", "内容": "ライオン薬局【5:薬局】長崎県諫早市永昌東町１９－１３" }, "geometry": { "type": "Point", "coordinates": [ 130.042461, 32.853722 ] } },
{ "type": "Feature", "properties": { "ID": 4254200000487, "正式名称": "れもん薬局", "機関区分": 5, "都道府県コード": 42, "市区町村コード": 204, "所在地": "長崎県諫早市永昌町５－１３", "緯度": 32.84953, "経度": 130.040717, "url": "https://www.iryou.teikyouseido.mhlw.go.jp/znk-web/juminkanja/S2430/initialize?prefCd=42&kikanCd=4200000487&kikanKbn=5", "url2": null, "内容": "れもん薬局【5:薬局】長崎県諫早市永昌町５－１３" }, "geometry": { "type": "Point", "coordinates": [ 130.040717, 32.84953 ] } },
{ "type": "Feature", "properties": { "ID": 4254200000489, "正式名称": "あけぼの薬局", "機関区分": 5, "都道府県コード": 42, "市区町村コード": 214, "所在地": "長崎県南島原市布津町乙１８５６－１", "緯度": 32.693567, "経度": 130.352992, "url": "https://www.iryou.teikyouseido.mhlw.go.jp/znk-web/juminkanja/S2430/initialize?prefCd=42&kikanCd=4200000489&kikanKbn=5", "url2": null, "内容": "あけぼの薬局【5:薬局】長崎県南島原市布津町乙１８５６－１" }, "geometry": { "type": "Point", "coordinates": [ 130.352992, 32.693567 ] } },
{ "type": "Feature", "properties": { "ID": 4254200000491, "正式名称": "吾妻スマイル調剤薬局", "機関区分": 5, "都道府県コード": 42, "市区町村コード": 213, "所在地": "長崎県雲仙市吾妻町本村名２４８", "緯度": 32.8502, "経度": 130.2001, "url": "https://www.iryou.teikyouseido.mhlw.go.jp/znk-web/juminkanja/S2430/initialize?prefCd=42&kikanCd=4200000491&kikanKbn=5", "url2": null, "内容": "吾妻スマイル調剤薬局【5:薬局】長崎県雲仙市吾妻町本村名２４８" }, "geometry": { "type": "Point", "coordinates": [ 130.2001, 32.8502 ] } },
{ "type": "Feature", "properties": { "ID": 4254200000492, "正式名称": "吾妻ほのぼの薬局", "機関区分": 5, "都道府県コード": 42, "市区町村コード": 213, "所在地": "長崎県雲仙市吾妻町牛口名３４４－１", "緯度": 32.837914, "経度": 130.189677, "url": "https://www.iryou.teikyouseido.mhlw.go.jp/znk-web/juminkanja/S2430/initialize?prefCd=42&kikanCd=4200000492&kikanKbn=5", "url2": null, "内容": "吾妻ほのぼの薬局【5:薬局】長崎県雲仙市吾妻町牛口名３４４－１" }, "geometry": { "type": "Point", "coordinates": [ 130.189677, 32.837914 ] } },
{ "type": "Feature", "properties": { "ID": 4254200000493, "正式名称": "あやめ薬局", "機関区分": 5, "都道府県コード": 42, "市区町村コード": 203, "所在地": "長崎県島原市有明町大三東戊１３６４－３", "緯度": 32.848221, "経度": 130.338743, "url": "https://www.iryou.teikyouseido.mhlw.go.jp/znk-web/juminkanja/S2430/initialize?prefCd=42&kikanCd=4200000493&kikanKbn=5", "url2": null, "内容": "あやめ薬局【5:薬局】長崎県島原市有明町大三東戊１３６４－３" }, "geometry": { "type": "Point", "coordinates": [ 130.338743, 32.848221 ] } },
{ "type": "Feature", "properties": { "ID": 4254200000494, "正式名称": "あやめ薬局二番館", "機関区分": 5, "都道府県コード": 42, "市区町村コード": 203, "所在地": "長崎県島原市有明町大三東戊１３６１－１", "緯度": 32.847983, "経度": 130.338787, "url": "https://www.iryou.teikyouseido.mhlw.go.jp/znk-web/juminkanja/S2430/initialize?prefCd=42&kikanCd=4200000494&kikanKbn=5", "url2": null, "内容": "あやめ薬局二番館【5:薬局】長崎県島原市有明町大三東戊１３６１－１" }, "geometry": { "type": "Point", "coordinates": [ 130.338787, 32.847983 ] } },
{ "type": "Feature", "properties": { "ID": 4254200000496, "正式名称": "大三東調剤薬局", "機関区分": 5, "都道府県コード": 42, "市区町村コード": 203, "所在地": "長崎県島原市有明町大三東戊８１０－１", "緯度": 32.853372, "経度": 130.333191, "url": "https://www.iryou.teikyouseido.mhlw.go.jp/znk-web/juminkanja/S2430/initialize?prefCd=42&kikanCd=4200000496&kikanKbn=5", "url2": "https://www.kuwanomi-company.com/", "内容": "大三東調剤薬局【5:薬局】長崎県島原市有明町大三東戊８１０－１" }, "geometry": { "type": "Point", "coordinates": [ 130.333191, 32.853372 ] } },
{ "type": "Feature", "properties": { "ID": 4254200000497, "正式名称": "有限会社織田薬局", "機関区分": 5, "都道府県コード": 42, "市区町村コード": 203, "所在地": "長崎県島原市上の町８６１", "緯度": 32.788865, "経度": 130.369671, "url": "https://www.iryou.teikyouseido.mhlw.go.jp/znk-web/juminkanja/S2430/initialize?prefCd=42&kikanCd=4200000497&kikanKbn=5", "url2": null, "内容": "有限会社織田薬局【5:薬局】長崎県島原市上の町８６１" }, "geometry": { "type": "Point", "coordinates": [ 130.369671, 32.788865 ] } },
{ "type": "Feature", "properties": { "ID": 4254200000501, "正式名称": "虹の薬局", "機関区分": 5, "都道府県コード": 42, "市区町村コード": 203, "所在地": "長崎県島原市桜町９５３－１", "緯度": 32.786633, "経度": 130.368691, "url": "https://www.iryou.teikyouseido.mhlw.go.jp/znk-web/juminkanja/S2430/initialize?prefCd=42&kikanCd=4200000501&kikanKbn=5", "url2": "https://sky-nijip.com/", "内容": "虹の薬局【5:薬局】長崎県島原市桜町９５３－１" }, "geometry": { "type": "Point", "coordinates": [ 130.368691, 32.786633 ] } },
{ "type": "Feature", "properties": { "ID": 4254200000504, "正式名称": "キザキ薬局上石田店", "機関区分": 5, "都道府県コード": 42, "市区町村コード": 213, "所在地": "長崎県雲仙市千々石町甲６７５－１", "緯度": 32.784586, "経度": 130.194994, "url": "https://www.iryou.teikyouseido.mhlw.go.jp/znk-web/juminkanja/S2430/initialize?prefCd=42&kikanCd=4200000504&kikanKbn=5", "url2": null, "内容": "キザキ薬局上石田店【5:薬局】長崎県雲仙市千々石町甲６７５－１" }, "geometry": { "type": "Point", "coordinates": [ 130.194994, 32.784586 ] } },
{ "type": "Feature", "properties": { "ID": 4254200000505, "正式名称": "合資会社キザキ南光堂薬局", "機関区分": 5, "都道府県コード": 42, "市区町村コード": 213, "所在地": "長崎県雲仙市千々石町乙３－５", "緯度": 32.783326, "経度": 130.196781, "url": "https://www.iryou.teikyouseido.mhlw.go.jp/znk-web/juminkanja/S2430/initialize?prefCd=42&kikanCd=4200000505&kikanKbn=5", "url2": null, "内容": "合資会社キザキ南光堂薬局【5:薬局】長崎県雲仙市千々石町乙３－５" }, "geometry": { "type": "Point", "coordinates": [ 130.196781, 32.783326 ] } },
{ "type": "Feature", "properties": { "ID": 4254200000506, "正式名称": "木山調剤薬局", "機関区分": 5, "都道府県コード": 42, "市区町村コード": 214, "所在地": "長崎県南島原市口之津町甲１１９１－２", "緯度": 32.605136, "経度": 130.187528, "url": "https://www.iryou.teikyouseido.mhlw.go.jp/znk-web/juminkanja/S2430/initialize?prefCd=42&kikanCd=4200000506&kikanKbn=5", "url2": "http://www.kiyama-drug.com/", "内容": "木山調剤薬局【5:薬局】長崎県南島原市口之津町甲１１９１－２" }, "geometry": { "type": "Point", "coordinates": [ 130.187528, 32.605136 ] } },
{ "type": "Feature", "properties": { "ID": 4254200000507, "正式名称": "有限会社キリン堂薬局", "機関区分": 5, "都道府県コード": 42, "市区町村コード": 203, "所在地": "長崎県島原市片町６４１", "緯度": 32.790925, "経度": 130.369769, "url": "https://www.iryou.teikyouseido.mhlw.go.jp/znk-web/juminkanja/S2430/initialize?prefCd=42&kikanCd=4200000507&kikanKbn=5", "url2": null, "内容": "有限会社キリン堂薬局【5:薬局】長崎県島原市片町６４１" }, "geometry": { "type": "Point", "coordinates": [ 130.369769, 32.790925 ] } },
{ "type": "Feature", "properties": { "ID": 4254200000508, "正式名称": "国見調剤薬局", "機関区分": 5, "都道府県コード": 42, "市区町村コード": 213, "所在地": "長崎県雲仙市国見町神代乙２１４－３", "緯度": 32.873731, "経度": 130.272454, "url": "https://www.iryou.teikyouseido.mhlw.go.jp/znk-web/juminkanja/S2430/initialize?prefCd=42&kikanCd=4200000508&kikanKbn=5", "url2": null, "内容": "国見調剤薬局【5:薬局】長崎県雲仙市国見町神代乙２１４－３" }, "geometry": { "type": "Point", "coordinates": [ 130.272454, 32.873731 ] } },
{ "type": "Feature", "properties": { "ID": 4254200000511, "正式名称": "健康堂薬局ありえ店", "機関区分": 5, "都道府県コード": 42, "市区町村コード": 214, "所在地": "長崎県南島原市有家町蒲河４１６－２", "緯度": 32.664402, "経度": 130.312998, "url": "https://www.iryou.teikyouseido.mhlw.go.jp/znk-web/juminkanja/S2430/initialize?prefCd=42&kikanCd=4200000511&kikanKbn=5", "url2": "http://kenkoudo-group.com", "内容": "健康堂薬局ありえ店【5:薬局】長崎県南島原市有家町蒲河４１６－２" }, "geometry": { "type": "Point", "coordinates": [ 130.312998, 32.664402 ] } },
{ "type": "Feature", "properties": { "ID": 4254200000512, "正式名称": "健康堂薬局みずほ店", "機関区分": 5, "都道府県コード": 42, "市区町村コード": 213, "所在地": "長崎県雲仙市瑞穂町西郷辛１１７９", "緯度": 32.833185, "経度": 130.255914, "url": "https://www.iryou.teikyouseido.mhlw.go.jp/znk-web/juminkanja/S2430/initialize?prefCd=42&kikanCd=4200000512&kikanKbn=5", "url2": "http://kenkoudo-group.com", "内容": "健康堂薬局みずほ店【5:薬局】長崎県雲仙市瑞穂町西郷辛１１７９" }, "geometry": { "type": "Point", "coordinates": [ 130.255914, 32.833185 ] } },
{ "type": "Feature", "properties": { "ID": 4254200000513, "正式名称": "健康堂薬局", "機関区分": 5, "都道府県コード": 42, "市区町村コード": 214, "所在地": "長崎県南島原市深江町丁２３８１－２", "緯度": 32.717624, "経度": 130.351611, "url": "https://www.iryou.teikyouseido.mhlw.go.jp/znk-web/juminkanja/S2430/initialize?prefCd=42&kikanCd=4200000513&kikanKbn=5", "url2": "http://kenkoudo-group.net", "内容": "健康堂薬局【5:薬局】長崎県南島原市深江町丁２３８１－２" }, "geometry": { "type": "Point", "coordinates": [ 130.351611, 32.717624 ] } },
{ "type": "Feature", "properties": { "ID": 4254200000514, "正式名称": "アイン薬局　愛野店", "機関区分": 5, "都道府県コード": 42, "市区町村コード": 213, "所在地": "長崎県雲仙市愛野町甲３８４８－１０", "緯度": 32.819122, "経度": 130.157059, "url": "https://www.iryou.teikyouseido.mhlw.go.jp/znk-web/juminkanja/S2430/initialize?prefCd=42&kikanCd=4200000514&kikanKbn=5", "url2": "http://ainj.co.jp/", "内容": "アイン薬局　愛野店【5:薬局】長崎県雲仙市愛野町甲３８４８－１０" }, "geometry": { "type": "Point", "coordinates": [ 130.157059, 32.819122 ] } },
{ "type": "Feature", "properties": { "ID": 4254200000515, "正式名称": "小林薬局", "機関区分": 5, "都道府県コード": 42, "市区町村コード": 213, "所在地": "長崎県雲仙市国見町神代乙３８５", "緯度": 32.872839, "経度": 130.269941, "url": "https://www.iryou.teikyouseido.mhlw.go.jp/znk-web/juminkanja/S2430/initialize?prefCd=42&kikanCd=4200000515&kikanKbn=5", "url2": null, "内容": "小林薬局【5:薬局】長崎県雲仙市国見町神代乙３８５" }, "geometry": { "type": "Point", "coordinates": [ 130.269941, 32.872839 ] } },
{ "type": "Feature", "properties": { "ID": 4254200000517, "正式名称": "有限会社サン薬局", "機関区分": 5, "都道府県コード": 42, "市区町村コード": 213, "所在地": "長崎県雲仙市瑞穂町西郷辛１５１", "緯度": 32.828187, "経度": 130.262787, "url": "https://www.iryou.teikyouseido.mhlw.go.jp/znk-web/juminkanja/S2430/initialize?prefCd=42&kikanCd=4200000517&kikanKbn=5", "url2": null, "内容": "有限会社サン薬局【5:薬局】長崎県雲仙市瑞穂町西郷辛１５１" }, "geometry": { "type": "Point", "coordinates": [ 130.262787, 32.828187 ] } },
{ "type": "Feature", "properties": { "ID": 4254200000519, "正式名称": "しまばら薬局", "機関区分": 5, "都道府県コード": 42, "市区町村コード": 203, "所在地": "長崎県島原市広馬場町３３６", "緯度": 32.775101, "経度": 130.372655, "url": "https://www.iryou.teikyouseido.mhlw.go.jp/znk-web/juminkanja/S2430/initialize?prefCd=42&kikanCd=4200000519&kikanKbn=5", "url2": "www.kanpo-shimabara.com", "内容": "しまばら薬局【5:薬局】長崎県島原市広馬場町３３６" }, "geometry": { "type": "Point", "coordinates": [ 130.372655, 32.775101 ] } },
{ "type": "Feature", "properties": { "ID": 4254200000520, "正式名称": "島原薬剤師会薬局", "機関区分": 5, "都道府県コード": 42, "市区町村コード": 203, "所在地": "長崎県島原市下川尻町７９３２－８", "緯度": 32.768989, "経度": 130.370133, "url": "https://www.iryou.teikyouseido.mhlw.go.jp/znk-web/juminkanja/S2430/initialize?prefCd=42&kikanCd=4200000520&kikanKbn=5", "url2": null, "内容": "島原薬剤師会薬局【5:薬局】長崎県島原市下川尻町７９３２－８" }, "geometry": { "type": "Point", "coordinates": [ 130.370133, 32.768989 ] } },
{ "type": "Feature", "properties": { "ID": 4254200000521, "正式名称": "新生堂調剤薬局", "機関区分": 5, "都道府県コード": 42, "市区町村コード": 214, "所在地": "長崎県南島原市深江町丙３８１－１", "緯度": 32.712315, "経度": 130.34772, "url": "https://www.iryou.teikyouseido.mhlw.go.jp/znk-web/juminkanja/S2430/initialize?prefCd=42&kikanCd=4200000521&kikanKbn=5", "url2": "https://sinseido-co.jp/", "内容": "新生堂調剤薬局【5:薬局】長崎県南島原市深江町丙３８１－１" }, "geometry": { "type": "Point", "coordinates": [ 130.34772, 32.712315 ] } },
{ "type": "Feature", "properties": { "ID": 4254200000523, "正式名称": "そうごう薬局白土湖店", "機関区分": 5, "都道府県コード": 42, "市区町村コード": 203, "所在地": "長崎県島原市湖南町６８９６－１", "緯度": 32.778049, "経度": 130.36807, "url": "https://www.iryou.teikyouseido.mhlw.go.jp/znk-web/juminkanja/S2430/initialize?prefCd=42&kikanCd=4200000523&kikanKbn=5", "url2": "http://www.sogo-medical.co.jp", "内容": "そうごう薬局白土湖店【5:薬局】長崎県島原市湖南町６８９６－１" }, "geometry": { "type": "Point", "coordinates": [ 130.36807, 32.778049 ] } },
{ "type": "Feature", "properties": { "ID": 4254200000527, "正式名称": "たぐち薬局", "機関区分": 5, "都道府県コード": 42, "市区町村コード": 203, "所在地": "長崎県島原市江戸丁１８７３－６", "緯度": 32.788394, "経度": 130.365122, "url": "https://www.iryou.teikyouseido.mhlw.go.jp/znk-web/juminkanja/S2430/initialize?prefCd=42&kikanCd=4200000527&kikanKbn=5", "url2": "https://www.taguchi-pharmacy.jp/", "内容": "たぐち薬局【5:薬局】長崎県島原市江戸丁１８７３－６" }, "geometry": { "type": "Point", "coordinates": [ 130.365122, 32.788394 ] } },
{ "type": "Feature", "properties": { "ID": 4254200000528, "正式名称": "たぐち薬局津町店", "機関区分": 5, "都道府県コード": 42, "市区町村コード": 203, "所在地": "長崎県島原市津町４０９－１４", "緯度": 32.775562, "経度": 130.375181, "url": "https://www.iryou.teikyouseido.mhlw.go.jp/znk-web/juminkanja/S2430/initialize?prefCd=42&kikanCd=4200000528&kikanKbn=5", "url2": null, "内容": "たぐち薬局津町店【5:薬局】長崎県島原市津町４０９－１４" }, "geometry": { "type": "Point", "coordinates": [ 130.375181, 32.775562 ] } },
{ "type": "Feature", "properties": { "ID": 4254200000530, "正式名称": "合資会社中央薬局", "機関区分": 5, "都道府県コード": 42, "市区町村コード": 203, "所在地": "長崎県島原市中堀町６４", "緯度": 32.782536, "経度": 130.36999, "url": "https://www.iryou.teikyouseido.mhlw.go.jp/znk-web/juminkanja/S2430/initialize?prefCd=42&kikanCd=4200000530&kikanKbn=5", "url2": null, "内容": "合資会社中央薬局【5:薬局】長崎県島原市中堀町６４" }, "geometry": { "type": "Point", "coordinates": [ 130.36999, 32.782536 ] } },
{ "type": "Feature", "properties": { "ID": 4254200000532, "正式名称": "有限会社ハロー薬局島原店", "機関区分": 5, "都道府県コード": 42, "市区町村コード": 203, "所在地": "長崎県島原市弁天町２－７３８９－９", "緯度": 32.782346, "経度": 130.373528, "url": "https://www.iryou.teikyouseido.mhlw.go.jp/znk-web/juminkanja/S2430/initialize?prefCd=42&kikanCd=4200000532&kikanKbn=5", "url2": null, "内容": "有限会社ハロー薬局島原店【5:薬局】長崎県島原市弁天町２－７３８９－９" }, "geometry": { "type": "Point", "coordinates": [ 130.373528, 32.782346 ] } },
{ "type": "Feature", "properties": { "ID": 4254200000533, "正式名称": "ひよこ薬局", "機関区分": 5, "都道府県コード": 42, "市区町村コード": 203, "所在地": "長崎県島原市上の町９１７", "緯度": 32.788429, "経度": 130.369399, "url": "https://www.iryou.teikyouseido.mhlw.go.jp/znk-web/juminkanja/S2430/initialize?prefCd=42&kikanCd=4200000533&kikanKbn=5", "url2": null, "内容": "ひよこ薬局【5:薬局】長崎県島原市上の町９１７" }, "geometry": { "type": "Point", "coordinates": [ 130.369399, 32.788429 ] } },
{ "type": "Feature", "properties": { "ID": 4254200000536, "正式名称": "フラーワー調剤薬局", "機関区分": 5, "都道府県コード": 42, "市区町村コード": 203, "所在地": "長崎県島原市中堀町６２", "緯度": 32.782636, "経度": 130.369899, "url": "https://www.iryou.teikyouseido.mhlw.go.jp/znk-web/juminkanja/S2430/initialize?prefCd=42&kikanCd=4200000536&kikanKbn=5", "url2": "http://www.enburesu.com/stores/", "内容": "フラーワー調剤薬局【5:薬局】長崎県島原市中堀町６２" }, "geometry": { "type": "Point", "coordinates": [ 130.369899, 32.782636 ] } },
{ "type": "Feature", "properties": { "ID": 4254200000539, "正式名称": "まい調剤薬局", "機関区分": 5, "都道府県コード": 42, "市区町村コード": 203, "所在地": "長崎県島原市坂上町７５４３－３", "緯度": 32.778215, "経度": 130.371716, "url": "https://www.iryou.teikyouseido.mhlw.go.jp/znk-web/juminkanja/S2430/initialize?prefCd=42&kikanCd=4200000539&kikanKbn=5", "url2": null, "内容": "まい調剤薬局【5:薬局】長崎県島原市坂上町７５４３－３" }, "geometry": { "type": "Point", "coordinates": [ 130.371716, 32.778215 ] } },
{ "type": "Feature", "properties": { "ID": 4254200000540, "正式名称": "ミドリ薬局", "機関区分": 5, "都道府県コード": 42, "市区町村コード": 214, "所在地": "長崎県南島原市西有家町里坊１１７－２", "緯度": 32.661701, "経度": 130.299449, "url": "https://www.iryou.teikyouseido.mhlw.go.jp/znk-web/juminkanja/S2430/initialize?prefCd=42&kikanCd=4200000540&kikanKbn=5", "url2": "http://kenkoudo-group.com", "内容": "ミドリ薬局【5:薬局】長崎県南島原市西有家町里坊１１７－２" }, "geometry": { "type": "Point", "coordinates": [ 130.299449, 32.661701 ] } },
{ "type": "Feature", "properties": { "ID": 4254200000544, "正式名称": "森岳調剤薬局", "機関区分": 5, "都道府県コード": 42, "市区町村コード": 203, "所在地": "長崎県島原市中町８１０－３", "緯度": 32.789969, "経度": 130.369825, "url": "https://www.iryou.teikyouseido.mhlw.go.jp/znk-web/juminkanja/S2430/initialize?prefCd=42&kikanCd=4200000544&kikanKbn=5", "url2": "https://www.kuwanomicompany.com", "内容": "森岳調剤薬局【5:薬局】長崎県島原市中町８１０－３" }, "geometry": { "type": "Point", "coordinates": [ 130.369825, 32.789969 ] } },
{ "type": "Feature", "properties": { "ID": 4254200000547, "正式名称": "健康堂薬局くちのつ店", "機関区分": 5, "都道府県コード": 42, "市区町村コード": 214, "所在地": "長崎県南島原市口之津町丁５６２１－５", "緯度": 32.610361, "経度": 130.194476, "url": "https://www.iryou.teikyouseido.mhlw.go.jp/znk-web/juminkanja/S2430/initialize?prefCd=42&kikanCd=4200000547&kikanKbn=5", "url2": "http://kenkoudo-group.com", "内容": "健康堂薬局くちのつ店【5:薬局】長崎県南島原市口之津町丁５６２１－５" }, "geometry": { "type": "Point", "coordinates": [ 130.194476, 32.610361 ] } },
{ "type": "Feature", "properties": { "ID": 4254200000548, "正式名称": "あじさい薬局", "機関区分": 5, "都道府県コード": 42, "市区町村コード": 323, "所在地": "長崎県東彼杵郡波佐見町長野郷５１１", "緯度": 33.117003, "経度": 129.868923, "url": "https://www.iryou.teikyouseido.mhlw.go.jp/znk-web/juminkanja/S2430/initialize?prefCd=42&kikanCd=4200000548&kikanKbn=5", "url2": "hasami-azisai.com", "内容": "あじさい薬局【5:薬局】長崎県東彼杵郡波佐見町長野郷５１１" }, "geometry": { "type": "Point", "coordinates": [ 129.868923, 33.117003 ] } },
{ "type": "Feature", "properties": { "ID": 4254200000549, "正式名称": "石原薬局大村店", "機関区分": 5, "都道府県コード": 42, "市区町村コード": 205, "所在地": "長崎県大村市東三城町１４８－１", "緯度": 32.909195, "経度": 129.958782, "url": "https://www.iryou.teikyouseido.mhlw.go.jp/znk-web/juminkanja/S2430/initialize?prefCd=42&kikanCd=4200000549&kikanKbn=5", "url2": null, "内容": "石原薬局大村店【5:薬局】長崎県大村市東三城町１４８－１" }, "geometry": { "type": "Point", "coordinates": [ 129.958782, 32.909195 ] } },
{ "type": "Feature", "properties": { "ID": 4254200000552, "正式名称": "岩永薬局", "機関区分": 5, "都道府県コード": 42, "市区町村コード": 323, "所在地": "長崎県東彼杵郡波佐見町志折郷１９６９－１２", "緯度": 33.113654, "経度": 129.867891, "url": "https://www.iryou.teikyouseido.mhlw.go.jp/znk-web/juminkanja/S2430/initialize?prefCd=42&kikanCd=4200000552&kikanKbn=5", "url2": null, "内容": "岩永薬局【5:薬局】長崎県東彼杵郡波佐見町志折郷１９６９－１２" }, "geometry": { "type": "Point", "coordinates": [ 129.867891, 33.113654 ] } },
{ "type": "Feature", "properties": { "ID": 4254200000556, "正式名称": "おおしま薬局（諏訪店）", "機関区分": 5, "都道府県コード": 42, "市区町村コード": 205, "所在地": "長崎県大村市諏訪１－８７８－３", "緯度": 32.922589, "経度": 129.964799, "url": "https://www.iryou.teikyouseido.mhlw.go.jp/znk-web/juminkanja/S2430/initialize?prefCd=42&kikanCd=4200000556&kikanKbn=5", "url2": null, "内容": "おおしま薬局（諏訪店）【5:薬局】長崎県大村市諏訪１－８７８－３" }, "geometry": { "type": "Point", "coordinates": [ 129.964799, 32.922589 ] } },
{ "type": "Feature", "properties": { "ID": 4254200000557, "正式名称": "おおしま薬局（富の原店）", "機関区分": 5, "都道府県コード": 42, "市区町村コード": 205, "所在地": "長崎県大村市富の原２－２１５－１", "緯度": 32.943925, "経度": 129.940199, "url": "https://www.iryou.teikyouseido.mhlw.go.jp/znk-web/juminkanja/S2430/initialize?prefCd=42&kikanCd=4200000557&kikanKbn=5", "url2": "http://www.katsuyama-ph.co.jp", "内容": "おおしま薬局（富の原店）【5:薬局】長崎県大村市富の原２－２１５－１" }, "geometry": { "type": "Point", "coordinates": [ 129.940199, 32.943925 ] } },
{ "type": "Feature", "properties": { "ID": 4254200000559, "正式名称": "株式会社エム．エス．ファーマシー川棚薬局", "機関区分": 5, "都道府県コード": 42, "市区町村コード": 322, "所在地": "長崎県東彼杵郡川棚町下組郷３６５－１", "緯度": 33.066165, "経度": 129.854509, "url": "https://www.iryou.teikyouseido.mhlw.go.jp/znk-web/juminkanja/S2430/initialize?prefCd=42&kikanCd=4200000559&kikanKbn=5", "url2": null, "内容": "株式会社エム．エス．ファーマシー川棚薬局【5:薬局】長崎県東彼杵郡川棚町下組郷３６５－１" }, "geometry": { "type": "Point", "coordinates": [ 129.854509, 33.066165 ] } },
{ "type": "Feature", "properties": { "ID": 4254200000560, "正式名称": "株式会社エム．エス．ファーマシー川棚中央薬局", "機関区分": 5, "都道府県コード": 42, "市区町村コード": 322, "所在地": "長崎県東彼杵郡川棚町下組郷３８９－６", "緯度": 33.069714, "経度": 129.859104, "url": "https://www.iryou.teikyouseido.mhlw.go.jp/znk-web/juminkanja/S2430/initialize?prefCd=42&kikanCd=4200000560&kikanKbn=5", "url2": null, "内容": "株式会社エム．エス．ファーマシー川棚中央薬局【5:薬局】長崎県東彼杵郡川棚町下組郷３８９－６" }, "geometry": { "type": "Point", "coordinates": [ 129.859104, 33.069714 ] } },
{ "type": "Feature", "properties": { "ID": 4254200000561, "正式名称": "久原薬局", "機関区分": 5, "都道府県コード": 42, "市区町村コード": 205, "所在地": "長崎県大村市久原２－９９９－１１", "緯度": 32.897724, "経度": 129.972396, "url": "https://www.iryou.teikyouseido.mhlw.go.jp/znk-web/juminkanja/S2430/initialize?prefCd=42&kikanCd=4200000561&kikanKbn=5", "url2": null, "内容": "久原薬局【5:薬局】長崎県大村市久原２－９９９－１１" }, "geometry": { "type": "Point", "coordinates": [ 129.972396, 32.897724 ] } },
{ "type": "Feature", "properties": { "ID": 4254200000562, "正式名称": "こうの薬局", "機関区分": 5, "都道府県コード": 42, "市区町村コード": 201, "所在地": "長崎県長崎市平和町４－２６", "緯度": 32.775927, "経度": 129.865127, "url": "https://www.iryou.teikyouseido.mhlw.go.jp/znk-web/juminkanja/S2430/initialize?prefCd=42&kikanCd=4200000562&kikanKbn=5", "url2": null, "内容": "こうの薬局【5:薬局】長崎県長崎市平和町４－２６" }, "geometry": { "type": "Point", "coordinates": [ 129.865127, 32.775927 ] } },
{ "type": "Feature", "properties": { "ID": 4254200000563, "正式名称": "国立病院前薬局", "機関区分": 5, "都道府県コード": 42, "市区町村コード": 205, "所在地": "長崎県大村市久原２－１０３３－７", "緯度": 32.896781, "経度": 129.971262, "url": "https://www.iryou.teikyouseido.mhlw.go.jp/znk-web/juminkanja/S2430/initialize?prefCd=42&kikanCd=4200000563&kikanKbn=5", "url2": null, "内容": "国立病院前薬局【5:薬局】長崎県大村市久原２－１０３３－７" }, "geometry": { "type": "Point", "coordinates": [ 129.971262, 32.896781 ] } },
{ "type": "Feature", "properties": { "ID": 4254200000565, "正式名称": "有限会社サカイ保健薬局", "機関区分": 5, "都道府県コード": 42, "市区町村コード": 205, "所在地": "長崎県大村市古町２－５３３－１", "緯度": 32.920002, "経度": 129.957243, "url": "https://www.iryou.teikyouseido.mhlw.go.jp/znk-web/juminkanja/S2430/initialize?prefCd=42&kikanCd=4200000565&kikanKbn=5", "url2": null, "内容": "有限会社サカイ保健薬局【5:薬局】長崎県大村市古町２－５３３－１" }, "geometry": { "type": "Point", "coordinates": [ 129.957243, 32.920002 ] } },
{ "type": "Feature", "properties": { "ID": 4254200000566, "正式名称": "さくら薬局大村店", "機関区分": 5, "都道府県コード": 42, "市区町村コード": 205, "所在地": "長崎県大村市富の原２－２４２－５", "緯度": 32.94309, "経度": 129.942254, "url": "https://www.iryou.teikyouseido.mhlw.go.jp/znk-web/juminkanja/S2430/initialize?prefCd=42&kikanCd=4200000566&kikanKbn=5", "url2": "http://www.tms-inc.co.jp/", "内容": "さくら薬局大村店【5:薬局】長崎県大村市富の原２－２４２－５" }, "geometry": { "type": "Point", "coordinates": [ 129.942254, 32.94309 ] } },
{ "type": "Feature", "properties": { "ID": 4254200000568, "正式名称": "イオン薬局大村店", "機関区分": 5, "都道府県コード": 42, "市区町村コード": 205, "所在地": "長崎県大村市幸町２５－２００", "緯度": 32.901703, "経度": 129.954319, "url": "https://www.iryou.teikyouseido.mhlw.go.jp/znk-web/juminkanja/S2430/initialize?prefCd=42&kikanCd=4200000568&kikanKbn=5", "url2": null, "内容": "イオン薬局大村店【5:薬局】長崎県大村市幸町２５－２００" }, "geometry": { "type": "Point", "coordinates": [ 129.954319, 32.901703 ] } },
{ "type": "Feature", "properties": { "ID": 4254200000570, "正式名称": "諏訪薬局古賀島店", "機関区分": 5, "都道府県コード": 42, "市区町村コード": 205, "所在地": "長崎県大村市古賀島町１１０－６８", "緯度": 32.926936, "経度": 129.945092, "url": "https://www.iryou.teikyouseido.mhlw.go.jp/znk-web/juminkanja/S2430/initialize?prefCd=42&kikanCd=4200000570&kikanKbn=5", "url2": "https://www.suwa-pharmacy.jp/", "内容": "諏訪薬局古賀島店【5:薬局】長崎県大村市古賀島町１１０－６８" }, "geometry": { "type": "Point", "coordinates": [ 129.945092, 32.926936 ] } },
{ "type": "Feature", "properties": { "ID": 4254200000572, "正式名称": "諏訪薬局スワ店", "機関区分": 5, "都道府県コード": 42, "市区町村コード": 205, "所在地": "長崎県大村市諏訪２－６５８－２２", "緯度": 32.924851, "経度": 129.962076, "url": "https://www.iryou.teikyouseido.mhlw.go.jp/znk-web/juminkanja/S2430/initialize?prefCd=42&kikanCd=4200000572&kikanKbn=5", "url2": "https://www.suwa-pharmacy.jp/", "内容": "諏訪薬局スワ店【5:薬局】長崎県大村市諏訪２－６５８－２２" }, "geometry": { "type": "Point", "coordinates": [ 129.962076, 32.924851 ] } },
{ "type": "Feature", "properties": { "ID": 4254200000575, "正式名称": "誠真堂薬局杭出津店", "機関区分": 5, "都道府県コード": 42, "市区町村コード": 205, "所在地": "長崎県大村市杭出津２－５８２－２", "緯度": 32.915158, "経度": 129.956521, "url": "https://www.iryou.teikyouseido.mhlw.go.jp/znk-web/juminkanja/S2430/initialize?prefCd=42&kikanCd=4200000575&kikanKbn=5", "url2": null, "内容": "誠真堂薬局杭出津店【5:薬局】長崎県大村市杭出津２－５８２－２" }, "geometry": { "type": "Point", "coordinates": [ 129.956521, 32.915158 ] } },
{ "type": "Feature", "properties": { "ID": 4254200000576, "正式名称": "そうごう薬局大村駅前店", "機関区分": 5, "都道府県コード": 42, "市区町村コード": 205, "所在地": "長崎県大村市東本町１４３", "緯度": 32.910304, "経度": 129.961657, "url": "https://www.iryou.teikyouseido.mhlw.go.jp/znk-web/juminkanja/S2430/initialize?prefCd=42&kikanCd=4200000576&kikanKbn=5", "url2": "http://www.sogo-medical.co.jp", "内容": "そうごう薬局大村駅前店【5:薬局】長崎県大村市東本町１４３" }, "geometry": { "type": "Point", "coordinates": [ 129.961657, 32.910304 ] } },
{ "type": "Feature", "properties": { "ID": 4254200000577, "正式名称": "そうごう薬局大村東店", "機関区分": 5, "都道府県コード": 42, "市区町村コード": 205, "所在地": "長崎県大村市東本町５２４", "緯度": 32.907586, "経度": 129.96204, "url": "https://www.iryou.teikyouseido.mhlw.go.jp/znk-web/juminkanja/S2430/initialize?prefCd=42&kikanCd=4200000577&kikanKbn=5", "url2": "http://www.sogo-medical.co.jp", "内容": "そうごう薬局大村東店【5:薬局】長崎県大村市東本町５２４" }, "geometry": { "type": "Point", "coordinates": [ 129.96204, 32.907586 ] } },
{ "type": "Feature", "properties": { "ID": 4254200000578, "正式名称": "そうごう薬局大村店", "機関区分": 5, "都道府県コード": 42, "市区町村コード": 205, "所在地": "長崎県大村市西大村本町２１０－５", "緯度": 32.925257, "経度": 129.950969, "url": "https://www.iryou.teikyouseido.mhlw.go.jp/znk-web/juminkanja/S2430/initialize?prefCd=42&kikanCd=4200000578&kikanKbn=5", "url2": "http://sogo-medical.co.jp", "内容": "そうごう薬局大村店【5:薬局】長崎県大村市西大村本町２１０－５" }, "geometry": { "type": "Point", "coordinates": [ 129.950969, 32.925257 ] } },
{ "type": "Feature", "properties": { "ID": 4254200000579, "正式名称": "そえじま薬局", "機関区分": 5, "都道府県コード": 42, "市区町村コード": 205, "所在地": "長崎県大村市木場１－９４６－４", "緯度": 32.89953, "経度": 129.973479, "url": "https://www.iryou.teikyouseido.mhlw.go.jp/znk-web/juminkanja/S2430/initialize?prefCd=42&kikanCd=4200000579&kikanKbn=5", "url2": "https://soejima-yakkyoku.rdy.jp/", "内容": "そえじま薬局【5:薬局】長崎県大村市木場１－９４６－４" }, "geometry": { "type": "Point", "coordinates": [ 129.973479, 32.89953 ] } },
{ "type": "Feature", "properties": { "ID": 4254200000580, "正式名称": "そのぎ薬局", "機関区分": 5, "都道府県コード": 42, "市区町村コード": 321, "所在地": "長崎県東彼杵郡東彼杵町蔵本郷１７１６－７", "緯度": 33.039458, "経度": 129.913247, "url": "https://www.iryou.teikyouseido.mhlw.go.jp/znk-web/juminkanja/S2430/initialize?prefCd=42&kikanCd=4200000580&kikanKbn=5", "url2": null, "内容": "そのぎ薬局【5:薬局】長崎県東彼杵郡東彼杵町蔵本郷１７１６－７" }, "geometry": { "type": "Point", "coordinates": [ 129.913247, 33.039458 ] } },
{ "type": "Feature", "properties": { "ID": 4254200000581, "正式名称": "ちゅーりっぷ薬局大村店", "機関区分": 5, "都道府県コード": 42, "市区町村コード": 205, "所在地": "長崎県大村市上諏訪町１０９４－５", "緯度": 32.925837, "経度": 129.975972, "url": "https://www.iryou.teikyouseido.mhlw.go.jp/znk-web/juminkanja/S2430/initialize?prefCd=42&kikanCd=4200000581&kikanKbn=5", "url2": "https://www.nagasaki-tulip-pharmacy.com/", "内容": "ちゅーりっぷ薬局大村店【5:薬局】長崎県大村市上諏訪町１０９４－５" }, "geometry": { "type": "Point", "coordinates": [ 129.975972, 32.925837 ] } },
{ "type": "Feature", "properties": { "ID": 4254200000583, "正式名称": "トラスト調剤薬局", "機関区分": 5, "都道府県コード": 42, "市区町村コード": 323, "所在地": "長崎県東彼杵郡波佐見町井石郷２２３４－２", "緯度": 33.14052, "経度": 129.909763, "url": "https://www.iryou.teikyouseido.mhlw.go.jp/znk-web/juminkanja/S2430/initialize?prefCd=42&kikanCd=4200000583&kikanKbn=5", "url2": "http://www.ide-medicine.co.jp", "内容": "トラスト調剤薬局【5:薬局】長崎県東彼杵郡波佐見町井石郷２２３４－２" }, "geometry": { "type": "Point", "coordinates": [ 129.909763, 33.14052 ] } },
{ "type": "Feature", "properties": { "ID": 4254200000585, "正式名称": "長崎中央調剤薬局", "機関区分": 5, "都道府県コード": 42, "市区町村コード": 205, "所在地": "長崎県大村市久原２－１０６６－１７", "緯度": 32.896554, "経度": 129.971493, "url": "https://www.iryou.teikyouseido.mhlw.go.jp/znk-web/juminkanja/S2430/initialize?prefCd=42&kikanCd=4200000585&kikanKbn=5", "url2": "http://nagachu.net/", "内容": "長崎中央調剤薬局【5:薬局】長崎県大村市久原２－１０６６－１７" }, "geometry": { "type": "Point", "coordinates": [ 129.971493, 32.896554 ] } },
{ "type": "Feature", "properties": { "ID": 4254200000586, "正式名称": "中原調剤薬局", "機関区分": 5, "都道府県コード": 42, "市区町村コード": 323, "所在地": "長崎県東彼杵郡波佐見町長野郷２２４５－１", "緯度": 33.127181, "経度": 129.871348, "url": "https://www.iryou.teikyouseido.mhlw.go.jp/znk-web/juminkanja/S2430/initialize?prefCd=42&kikanCd=4200000586&kikanKbn=5", "url2": "nakahara-fc.com", "内容": "中原調剤薬局【5:薬局】長崎県東彼杵郡波佐見町長野郷２２４５－１" }, "geometry": { "type": "Point", "coordinates": [ 129.871348, 33.127181 ] } },
{ "type": "Feature", "properties": { "ID": 4254200000587, "正式名称": "ハーモニー薬局", "機関区分": 5, "都道府県コード": 42, "市区町村コード": 323, "所在地": "長崎県東彼杵郡波佐見町湯無田郷１２８－１３", "緯度": 33.143469, "経度": 129.911187, "url": "https://www.iryou.teikyouseido.mhlw.go.jp/znk-web/juminkanja/S2430/initialize?prefCd=42&kikanCd=4200000587&kikanKbn=5", "url2": "http://mt-harmony.com/", "内容": "ハーモニー薬局【5:薬局】長崎県東彼杵郡波佐見町湯無田郷１２８－１３" }, "geometry": { "type": "Point", "coordinates": [ 129.911187, 33.143469 ] } },
{ "type": "Feature", "properties": { "ID": 4254200000591, "正式名称": "オレンジ薬局大村店", "機関区分": 5, "都道府県コード": 42, "市区町村コード": 205, "所在地": "長崎県大村市松並２－１８４－２０", "緯度": 32.924433, "経度": 129.946906, "url": "https://www.iryou.teikyouseido.mhlw.go.jp/znk-web/juminkanja/S2430/initialize?prefCd=42&kikanCd=4200000591&kikanKbn=5", "url2": null, "内容": "オレンジ薬局大村店【5:薬局】長崎県大村市松並２－１８４－２０" }, "geometry": { "type": "Point", "coordinates": [ 129.946906, 32.924433 ] } },
{ "type": "Feature", "properties": { "ID": 4254200000593, "正式名称": "有限会社前川薬局", "機関区分": 5, "都道府県コード": 42, "市区町村コード": 205, "所在地": "長崎県大村市竹松本町１０４６", "緯度": 32.940166, "経度": 129.951788, "url": "https://www.iryou.teikyouseido.mhlw.go.jp/znk-web/juminkanja/S2430/initialize?prefCd=42&kikanCd=4200000593&kikanKbn=5", "url2": null, "内容": "有限会社前川薬局【5:薬局】長崎県大村市竹松本町１０４６" }, "geometry": { "type": "Point", "coordinates": [ 129.951788, 32.940166 ] } },
{ "type": "Feature", "properties": { "ID": 4254200000594, "正式名称": "まえかわ調剤薬局", "機関区分": 5, "都道府県コード": 42, "市区町村コード": 205, "所在地": "長崎県大村市竹松本町９３７－１１", "緯度": 32.938216, "経度": 129.94731, "url": "https://www.iryou.teikyouseido.mhlw.go.jp/znk-web/juminkanja/S2430/initialize?prefCd=42&kikanCd=4200000594&kikanKbn=5", "url2": null, "内容": "まえかわ調剤薬局【5:薬局】長崎県大村市竹松本町９３７－１１" }, "geometry": { "type": "Point", "coordinates": [ 129.94731, 32.938216 ] } },
{ "type": "Feature", "properties": { "ID": 4254200000595, "正式名称": "有限会社みつたけ薬局", "機関区分": 5, "都道府県コード": 42, "市区町村コード": 322, "所在地": "長崎県東彼杵郡川棚町白石郷７－１３０", "緯度": 33.064702, "経度": 129.853432, "url": "https://www.iryou.teikyouseido.mhlw.go.jp/znk-web/juminkanja/S2430/initialize?prefCd=42&kikanCd=4200000595&kikanKbn=5", "url2": "https://mitsutake-ph-83.com", "内容": "有限会社みつたけ薬局【5:薬局】長崎県東彼杵郡川棚町白石郷７－１３０" }, "geometry": { "type": "Point", "coordinates": [ 129.853432, 33.064702 ] } },
{ "type": "Feature", "properties": { "ID": 4254200000596, "正式名称": "むらおか薬局", "機関区分": 5, "都道府県コード": 42, "市区町村コード": 323, "所在地": "長崎県東彼杵郡波佐見町稗木場郷６６－１２", "緯度": 33.137606, "経度": 129.870175, "url": "https://www.iryou.teikyouseido.mhlw.go.jp/znk-web/juminkanja/S2430/initialize?prefCd=42&kikanCd=4200000596&kikanKbn=5", "url2": null, "内容": "むらおか薬局【5:薬局】長崎県東彼杵郡波佐見町稗木場郷６６－１２" }, "geometry": { "type": "Point", "coordinates": [ 129.870175, 33.137606 ] } },
{ "type": "Feature", "properties": { "ID": 4254200000599, "正式名称": "わかば薬局", "機関区分": 5, "都道府県コード": 42, "市区町村コード": 205, "所在地": "長崎県大村市池田１－１７５－３", "緯度": 32.929745, "経度": 129.96252, "url": "https://www.iryou.teikyouseido.mhlw.go.jp/znk-web/juminkanja/S2430/initialize?prefCd=42&kikanCd=4200000599&kikanKbn=5", "url2": null, "内容": "わかば薬局【5:薬局】長崎県大村市池田１－１７５－３" }, "geometry": { "type": "Point", "coordinates": [ 129.96252, 32.929745 ] } },
{ "type": "Feature", "properties": { "ID": 4254200000602, "正式名称": "有限会社あおやぎ薬局佐々店", "機関区分": 5, "都道府県コード": 42, "市区町村コード": 391, "所在地": "長崎県北松浦郡佐々町須崎免５０６－２", "緯度": 33.230342, "経度": 129.650229, "url": "https://www.iryou.teikyouseido.mhlw.go.jp/znk-web/juminkanja/S2430/initialize?prefCd=42&kikanCd=4200000602&kikanKbn=5", "url2": null, "内容": "有限会社あおやぎ薬局佐々店【5:薬局】長崎県北松浦郡佐々町須崎免５０６－２" }, "geometry": { "type": "Point", "coordinates": [ 129.650229, 33.230342 ] } },
{ "type": "Feature", "properties": { "ID": 4254200000604, "正式名称": "アップル調剤薬局", "機関区分": 5, "都道府県コード": 42, "市区町村コード": 207, "所在地": "長崎県平戸市草積町１１６７－１", "緯度": 33.285007, "経度": 129.466389, "url": "https://www.iryou.teikyouseido.mhlw.go.jp/znk-web/juminkanja/S2430/initialize?prefCd=42&kikanCd=4200000604&kikanKbn=5", "url2": null, "内容": "アップル調剤薬局【5:薬局】長崎県平戸市草積町１１６７－１" }, "geometry": { "type": "Point", "coordinates": [ 129.466389, 33.285007 ] } },
{ "type": "Feature", "properties": { "ID": 4254200000605, "正式名称": "生月調剤薬局", "機関区分": 5, "都道府県コード": 42, "市区町村コード": 207, "所在地": "長崎県平戸市生月町山田免３００９－１", "緯度": 33.380133, "経度": 129.423993, "url": "https://www.iryou.teikyouseido.mhlw.go.jp/znk-web/juminkanja/S2430/initialize?prefCd=42&kikanCd=4200000605&kikanKbn=5", "url2": null, "内容": "生月調剤薬局【5:薬局】長崎県平戸市生月町山田免３００９－１" }, "geometry": { "type": "Point", "coordinates": [ 129.423993, 33.380133 ] } },
{ "type": "Feature", "properties": { "ID": 4254200000607, "正式名称": "石橋調剤薬局", "機関区分": 5, "都道府県コード": 42, "市区町村コード": 207, "所在地": "長崎県平戸市田平町山内免６０９－８", "緯度": 33.363773, "経度": 129.576724, "url": "https://www.iryou.teikyouseido.mhlw.go.jp/znk-web/juminkanja/S2430/initialize?prefCd=42&kikanCd=4200000607&kikanKbn=5", "url2": null, "内容": "石橋調剤薬局【5:薬局】長崎県平戸市田平町山内免６０９－８" }, "geometry": { "type": "Point", "coordinates": [ 129.576724, 33.363773 ] } },
{ "type": "Feature", "properties": { "ID": 4254200000608, "正式名称": "株式会社エム．エス．ファーマシーいちば薬局", "機関区分": 5, "都道府県コード": 42, "市区町村コード": 391, "所在地": "長崎県北松浦郡佐々町市場免１５－４", "緯度": 33.23481, "経度": 129.647623, "url": "https://www.iryou.teikyouseido.mhlw.go.jp/znk-web/juminkanja/S2430/initialize?prefCd=42&kikanCd=4200000608&kikanKbn=5", "url2": null, "内容": "株式会社エム．エス．ファーマシーいちば薬局【5:薬局】長崎県北松浦郡佐々町市場免１５－４" }, "geometry": { "type": "Point", "coordinates": [ 129.647623, 33.23481 ] } },
{ "type": "Feature", "properties": { "ID": 4254200000611, "正式名称": "門谷薬局", "機関区分": 5, "都道府県コード": 42, "市区町村コード": 207, "所在地": "長崎県平戸市浦の町", "緯度": 33.372299, "経度": 129.552767, "url": "https://www.iryou.teikyouseido.mhlw.go.jp/znk-web/juminkanja/S2430/initialize?prefCd=42&kikanCd=4200000611&kikanKbn=5", "url2": null, "内容": "門谷薬局【5:薬局】長崎県平戸市浦の町" }, "geometry": { "type": "Point", "coordinates": [ 129.552767, 33.372299 ] } },
{ "type": "Feature", "properties": { "ID": 4254200000614, "正式名称": "きでら調剤薬局", "機関区分": 5, "都道府県コード": 42, "市区町村コード": 207, "所在地": "長崎県平戸市宮の町５８６－１", "緯度": 33.369051, "経度": 129.552323, "url": "https://www.iryou.teikyouseido.mhlw.go.jp/znk-web/juminkanja/S2430/initialize?prefCd=42&kikanCd=4200000614&kikanKbn=5", "url2": null, "内容": "きでら調剤薬局【5:薬局】長崎県平戸市宮の町５８６－１" }, "geometry": { "type": "Point", "coordinates": [ 129.552323, 33.369051 ] } },
{ "type": "Feature", "properties": { "ID": 4254200000616, "正式名称": "株式会社エム．エス．ファーマシー佐々調剤薬局", "機関区分": 5, "都道府県コード": 42, "市区町村コード": 391, "所在地": "長崎県北松浦郡佐々町市場免７－３", "緯度": 33.235436, "経度": 129.646975, "url": "https://www.iryou.teikyouseido.mhlw.go.jp/znk-web/juminkanja/S2430/initialize?prefCd=42&kikanCd=4200000616&kikanKbn=5", "url2": null, "内容": "株式会社エム．エス．ファーマシー佐々調剤薬局【5:薬局】長崎県北松浦郡佐々町市場免７－３" }, "geometry": { "type": "Point", "coordinates": [ 129.646975, 33.235436 ] } },
{ "type": "Feature", "properties": { "ID": 4254200000617, "正式名称": "有限会社志佐薬局", "機関区分": 5, "都道府県コード": 42, "市区町村コード": 208, "所在地": "長崎県松浦市志佐町浦免１３０２", "緯度": 33.34256, "経度": 129.706515, "url": "https://www.iryou.teikyouseido.mhlw.go.jp/znk-web/juminkanja/S2430/initialize?prefCd=42&kikanCd=4200000617&kikanKbn=5", "url2": "http://www.shisayakkyoku.com", "内容": "有限会社志佐薬局【5:薬局】長崎県松浦市志佐町浦免１３０２" }, "geometry": { "type": "Point", "coordinates": [ 129.706515, 33.34256 ] } },
{ "type": "Feature", "properties": { "ID": 4254200000618, "正式名称": "すまいる薬局", "機関区分": 5, "都道府県コード": 42, "市区町村コード": 391, "所在地": "長崎県北松浦郡佐々町本田原免", "緯度": 33.239585, "経度": 129.651504, "url": "https://www.iryou.teikyouseido.mhlw.go.jp/znk-web/juminkanja/S2430/initialize?prefCd=42&kikanCd=4200000618&kikanKbn=5", "url2": null, "内容": "すまいる薬局【5:薬局】長崎県北松浦郡佐々町本田原免" }, "geometry": { "type": "Point", "coordinates": [ 129.651504, 33.239585 ] } },
{ "type": "Feature", "properties": { "ID": 4254200000621, "正式名称": "そうごう薬局ミヤノ店", "機関区分": 5, "都道府県コード": 42, "市区町村コード": 207, "所在地": "長崎県平戸市宮の町６０６", "緯度": 33.369451, "経度": 129.55218, "url": "https://www.iryou.teikyouseido.mhlw.go.jp/znk-web/juminkanja/S2430/initialize?prefCd=42&kikanCd=4200000621&kikanKbn=5", "url2": null, "内容": "そうごう薬局ミヤノ店【5:薬局】長崎県平戸市宮の町６０６" }, "geometry": { "type": "Point", "coordinates": [ 129.55218, 33.369451 ] } },
{ "type": "Feature", "properties": { "ID": 4254200000623, "正式名称": "早田第一薬局", "機関区分": 5, "都道府県コード": 42, "市区町村コード": 208, "所在地": "長崎県松浦市今福町浦免４４３－２", "緯度": 33.353569, "経度": 129.7636, "url": "https://www.iryou.teikyouseido.mhlw.go.jp/znk-web/juminkanja/S2430/initialize?prefCd=42&kikanCd=4200000623&kikanKbn=5", "url2": null, "内容": "早田第一薬局【5:薬局】長崎県松浦市今福町浦免４４３－２" }, "geometry": { "type": "Point", "coordinates": [ 129.7636, 33.353569 ] } },
{ "type": "Feature", "properties": { "ID": 4254200000624, "正式名称": "有限会社みどり薬局田平薬局", "機関区分": 5, "都道府県コード": 42, "市区町村コード": 207, "所在地": "長崎県平戸市田平町山内免４１３", "緯度": 33.363343, "経度": 129.583103, "url": "https://www.iryou.teikyouseido.mhlw.go.jp/znk-web/juminkanja/S2430/initialize?prefCd=42&kikanCd=4200000624&kikanKbn=5", "url2": "https://www.midoriyakkyoku.com", "内容": "有限会社みどり薬局田平薬局【5:薬局】長崎県平戸市田平町山内免４１３" }, "geometry": { "type": "Point", "coordinates": [ 129.583103, 33.363343 ] } },
{ "type": "Feature", "properties": { "ID": 4254200000625, "正式名称": "有限会社志佐薬局タンポポ薬局", "機関区分": 5, "都道府県コード": 42, "市区町村コード": 208, "所在地": "長崎県松浦市御厨町里免７６９", "緯度": 33.36688, "経度": 129.668139, "url": "https://www.iryou.teikyouseido.mhlw.go.jp/znk-web/juminkanja/S2430/initialize?prefCd=42&kikanCd=4200000625&kikanKbn=5", "url2": null, "内容": "有限会社志佐薬局タンポポ薬局【5:薬局】長崎県松浦市御厨町里免７６９" }, "geometry": { "type": "Point", "coordinates": [ 129.668139, 33.36688 ] } },
{ "type": "Feature", "properties": { "ID": 4254200000629, "正式名称": "有限会社のぞみ薬局", "機関区分": 5, "都道府県コード": 42, "市区町村コード": 207, "所在地": "長崎県平戸市宮の町５８５", "緯度": 33.36903, "経度": 129.552448, "url": "https://www.iryou.teikyouseido.mhlw.go.jp/znk-web/juminkanja/S2430/initialize?prefCd=42&kikanCd=4200000629&kikanKbn=5", "url2": null, "内容": "有限会社のぞみ薬局【5:薬局】長崎県平戸市宮の町５８５" }, "geometry": { "type": "Point", "coordinates": [ 129.552448, 33.36903 ] } },
{ "type": "Feature", "properties": { "ID": 4254200000631, "正式名称": "株式会社エム．エス．ファーマシーはすわ薬局", "機関区分": 5, "都道府県コード": 42, "市区町村コード": 391, "所在地": "長崎県北松浦郡佐々町羽須和免８３４", "緯度": 33.235447, "経度": 129.649659, "url": "https://www.iryou.teikyouseido.mhlw.go.jp/znk-web/juminkanja/S2430/initialize?prefCd=42&kikanCd=4200000631&kikanKbn=5", "url2": null, "内容": "株式会社エム．エス．ファーマシーはすわ薬局【5:薬局】長崎県北松浦郡佐々町羽須和免８３４" }, "geometry": { "type": "Point", "coordinates": [ 129.649659, 33.235447 ] } },
{ "type": "Feature", "properties": { "ID": 4254200000632, "正式名称": "ひまわり薬局", "機関区分": 5, "都道府県コード": 42, "市区町村コード": 202, "所在地": "長崎県佐世保市江迎町赤坂２８５－４", "緯度": 33.295238, "経度": 129.641713, "url": "https://www.iryou.teikyouseido.mhlw.go.jp/znk-web/juminkanja/S2430/initialize?prefCd=42&kikanCd=4200000632&kikanKbn=5", "url2": null, "内容": "ひまわり薬局【5:薬局】長崎県佐世保市江迎町赤坂２８５－４" }, "geometry": { "type": "Point", "coordinates": [ 129.641713, 33.295238 ] } },
{ "type": "Feature", "properties": { "ID": 4254200000633, "正式名称": "株式会社エム．エス．ファーマシーひらど中央薬局", "機関区分": 5, "都道府県コード": 42, "市区町村コード": 207, "所在地": "長崎県平戸市草積町１１６６－１", "緯度": 33.285051, "経度": 129.466327, "url": "https://www.iryou.teikyouseido.mhlw.go.jp/znk-web/juminkanja/S2430/initialize?prefCd=42&kikanCd=4200000633&kikanKbn=5", "url2": null, "内容": "株式会社エム．エス．ファーマシーひらど中央薬局【5:薬局】長崎県平戸市草積町１１６６－１" }, "geometry": { "type": "Point", "coordinates": [ 129.466327, 33.285051 ] } },
{ "type": "Feature", "properties": { "ID": 4254200000634, "正式名称": "有限会社みどり　薬局平戸調剤薬局", "機関区分": 5, "都道府県コード": 42, "市区町村コード": 207, "所在地": "長崎県平戸市浦の町７４８", "緯度": 33.371795, "経度": 129.552702, "url": "https://www.iryou.teikyouseido.mhlw.go.jp/znk-web/juminkanja/S2430/initialize?prefCd=42&kikanCd=4200000634&kikanKbn=5", "url2": "https://www.midoriyakkyoku.com", "内容": "有限会社みどり　薬局平戸調剤薬局【5:薬局】長崎県平戸市浦の町７４８" }, "geometry": { "type": "Point", "coordinates": [ 129.552702, 33.371795 ] } },
{ "type": "Feature", "properties": { "ID": 4254200000635, "正式名称": "有限会社みくりや調剤薬局", "機関区分": 5, "都道府県コード": 42, "市区町村コード": 208, "所在地": "長崎県松浦市御厨町里免４０１", "緯度": 33.36667, "経度": 129.662934, "url": "https://www.iryou.teikyouseido.mhlw.go.jp/znk-web/juminkanja/S2430/initialize?prefCd=42&kikanCd=4200000635&kikanKbn=5", "url2": null, "内容": "有限会社みくりや調剤薬局【5:薬局】長崎県松浦市御厨町里免４０１" }, "geometry": { "type": "Point", "coordinates": [ 129.662934, 33.36667 ] } },
{ "type": "Feature", "properties": { "ID": 4254200000638, "正式名称": "有限会社あい調剤薬局", "機関区分": 5, "都道府県コード": 42, "市区町村コード": 211, "所在地": "長崎県五島市富江町狩立５３１", "緯度": 32.610745, "経度": 128.762226, "url": "https://www.iryou.teikyouseido.mhlw.go.jp/znk-web/juminkanja/S2430/initialize?prefCd=42&kikanCd=4200000638&kikanKbn=5", "url2": "http://www.ai-pharmacy.net", "内容": "有限会社あい調剤薬局【5:薬局】長崎県五島市富江町狩立５３１" }, "geometry": { "type": "Point", "coordinates": [ 128.762226, 32.610745 ] } },
{ "type": "Feature", "properties": { "ID": 4254200000639, "正式名称": "あおかた調剤薬局", "機関区分": 5, "都道府県コード": 42, "市区町村コード": 411, "所在地": "長崎県南松浦郡新上五島町青方郷１３７８－２６", "緯度": 32.982842, "経度": 129.068684, "url": "https://www.iryou.teikyouseido.mhlw.go.jp/znk-web/juminkanja/S2430/initialize?prefCd=42&kikanCd=4200000639&kikanKbn=5", "url2": "http://aokata-ph.com", "内容": "あおかた調剤薬局【5:薬局】長崎県南松浦郡新上五島町青方郷１３７８－２６" }, "geometry": { "type": "Point", "coordinates": [ 129.068684, 32.982842 ] } },
{ "type": "Feature", "properties": { "ID": 4254200000640, "正式名称": "あおぞら薬局", "機関区分": 5, "都道府県コード": 42, "市区町村コード": 211, "所在地": "長崎県五島市吉久木町６２６－１", "緯度": 32.690598, "経度": 128.818139, "url": "https://www.iryou.teikyouseido.mhlw.go.jp/znk-web/juminkanja/S2430/initialize?prefCd=42&kikanCd=4200000640&kikanKbn=5", "url2": "goto-aozora.com", "内容": "あおぞら薬局【5:薬局】長崎県五島市吉久木町６２６－１" }, "geometry": { "type": "Point", "coordinates": [ 128.818139, 32.690598 ] } },
{ "type": "Feature", "properties": { "ID": 4254200000641, "正式名称": "尼忠薬局", "機関区分": 5, "都道府県コード": 42, "市区町村コード": 211, "所在地": "長崎県五島市中央町１－３", "緯度": 32.695023, "経度": 128.845408, "url": "https://www.iryou.teikyouseido.mhlw.go.jp/znk-web/juminkanja/S2430/initialize?prefCd=42&kikanCd=4200000641&kikanKbn=5", "url2": null, "内容": "尼忠薬局【5:薬局】長崎県五島市中央町１－３" }, "geometry": { "type": "Point", "coordinates": [ 128.845408, 32.695023 ] } },
{ "type": "Feature", "properties": { "ID": 4254200000642, "正式名称": "尼忠薬局末広店", "機関区分": 5, "都道府県コード": 42, "市区町村コード": 211, "所在地": "長崎県五島市末広町１－５", "緯度": 32.695997, "経度": 128.843455, "url": "https://www.iryou.teikyouseido.mhlw.go.jp/znk-web/juminkanja/S2430/initialize?prefCd=42&kikanCd=4200000642&kikanKbn=5", "url2": null, "内容": "尼忠薬局末広店【5:薬局】長崎県五島市末広町１－５" }, "geometry": { "type": "Point", "coordinates": [ 128.843455, 32.695997 ] } },
{ "type": "Feature", "properties": { "ID": 4254200000643, "正式名称": "ありかわ調剤薬局", "機関区分": 5, "都道府県コード": 42, "市区町村コード": 411, "所在地": "長崎県南松浦郡新上五島町有川郷", "緯度": 32.980484, "経度": 129.116323, "url": "https://www.iryou.teikyouseido.mhlw.go.jp/znk-web/juminkanja/S2430/initialize?prefCd=42&kikanCd=4200000643&kikanKbn=5", "url2": null, "内容": "ありかわ調剤薬局【5:薬局】長崎県南松浦郡新上五島町有川郷" }, "geometry": { "type": "Point", "coordinates": [ 129.116323, 32.980484 ] } },
{ "type": "Feature", "properties": { "ID": 4254200000649, "正式名称": "有限会社鈴木薬局", "機関区分": 5, "都道府県コード": 42, "市区町村コード": 411, "所在地": "長崎県南松浦郡新上五島町有川郷７１６－２", "緯度": 32.983708, "経度": 129.116688, "url": "https://www.iryou.teikyouseido.mhlw.go.jp/znk-web/juminkanja/S2430/initialize?prefCd=42&kikanCd=4200000649&kikanKbn=5", "url2": null, "内容": "有限会社鈴木薬局【5:薬局】長崎県南松浦郡新上五島町有川郷７１６－２" }, "geometry": { "type": "Point", "coordinates": [ 129.116688, 32.983708 ] } },
{ "type": "Feature", "properties": { "ID": 4254200000650, "正式名称": "壮快堂薬局", "機関区分": 5, "都道府県コード": 42, "市区町村コード": 211, "所在地": "長崎県五島市福江町１４－１６", "緯度": 32.6959, "経度": 128.842306, "url": "https://www.iryou.teikyouseido.mhlw.go.jp/znk-web/juminkanja/S2430/initialize?prefCd=42&kikanCd=4200000650&kikanKbn=5", "url2": null, "内容": "壮快堂薬局【5:薬局】長崎県五島市福江町１４－１６" }, "geometry": { "type": "Point", "coordinates": [ 128.842306, 32.6959 ] } },
{ "type": "Feature", "properties": { "ID": 4254200000651, "正式名称": "そうごう薬局上五島店", "機関区分": 5, "都道府県コード": 42, "市区町村コード": 411, "所在地": "長崎県南松浦郡新上五島町青方郷１３７８－４", "緯度": 32.983732, "経度": 129.068945, "url": "https://www.iryou.teikyouseido.mhlw.go.jp/znk-web/juminkanja/S2430/initialize?prefCd=42&kikanCd=4200000651&kikanKbn=5", "url2": "http://www.sogo-medical.co.jp", "内容": "そうごう薬局上五島店【5:薬局】長崎県南松浦郡新上五島町青方郷１３７８－４" }, "geometry": { "type": "Point", "coordinates": [ 129.068945, 32.983732 ] } },
{ "type": "Feature", "properties": { "ID": 4254200000654, "正式名称": "富江薬局", "機関区分": 5, "都道府県コード": 42, "市区町村コード": 211, "所在地": "長崎県五島市富江町富江２９４", "緯度": 32.615634, "経度": 128.767804, "url": "https://www.iryou.teikyouseido.mhlw.go.jp/znk-web/juminkanja/S2430/initialize?prefCd=42&kikanCd=4200000654&kikanKbn=5", "url2": null, "内容": "富江薬局【5:薬局】長崎県五島市富江町富江２９４" }, "geometry": { "type": "Point", "coordinates": [ 128.767804, 32.615634 ] } },
{ "type": "Feature", "properties": { "ID": 4254200000655, "正式名称": "中村調剤薬局", "機関区分": 5, "都道府県コード": 42, "市区町村コード": 211, "所在地": "長崎県五島市錦町１－１５", "緯度": 32.692594, "経度": 128.841601, "url": "https://www.iryou.teikyouseido.mhlw.go.jp/znk-web/juminkanja/S2430/initialize?prefCd=42&kikanCd=4200000655&kikanKbn=5", "url2": null, "内容": "中村調剤薬局【5:薬局】長崎県五島市錦町１－１５" }, "geometry": { "type": "Point", "coordinates": [ 128.841601, 32.692594 ] } },
{ "type": "Feature", "properties": { "ID": 4254200000656, "正式名称": "中村調剤薬局吉久木店", "機関区分": 5, "都道府県コード": 42, "市区町村コード": 211, "所在地": "長崎県五島市吉久木町４４３－８、４４３－２", "緯度": 32.692196, "経度": 128.82736, "url": "https://www.iryou.teikyouseido.mhlw.go.jp/znk-web/juminkanja/S2430/initialize?prefCd=42&kikanCd=4200000656&kikanKbn=5", "url2": null, "内容": "中村調剤薬局吉久木店【5:薬局】長崎県五島市吉久木町４４３－８、４４３－２" }, "geometry": { "type": "Point", "coordinates": [ 128.82736, 32.692196 ] } },
{ "type": "Feature", "properties": { "ID": 4254200000657, "正式名称": "ニック調剤薬局ごとう店", "機関区分": 5, "都道府県コード": 42, "市区町村コード": 211, "所在地": "長崎県五島市吉久木町２０５－１", "緯度": 32.689902, "経度": 128.818871, "url": "https://www.iryou.teikyouseido.mhlw.go.jp/znk-web/juminkanja/S2430/initialize?prefCd=42&kikanCd=4200000657&kikanKbn=5", "url2": "http://www.n-i-c.co.jp/drugstore/drugstore_gotou.html", "内容": "ニック調剤薬局ごとう店【5:薬局】長崎県五島市吉久木町２０５－１" }, "geometry": { "type": "Point", "coordinates": [ 128.818871, 32.689902 ] } },
{ "type": "Feature", "properties": { "ID": 4254200000658, "正式名称": "ニック調剤薬局木場店", "機関区分": 5, "都道府県コード": 42, "市区町村コード": 211, "所在地": "長崎県五島市木場町", "緯度": 32.695021, "経度": 128.833669, "url": "https://www.iryou.teikyouseido.mhlw.go.jp/znk-web/juminkanja/S2430/initialize?prefCd=42&kikanCd=4200000658&kikanKbn=5", "url2": "http://www.n-i-c.co.jp/", "内容": "ニック調剤薬局木場店【5:薬局】長崎県五島市木場町" }, "geometry": { "type": "Point", "coordinates": [ 128.833669, 32.695021 ] } },
{ "type": "Feature", "properties": { "ID": 4254200000663, "正式名称": "株式会社マスヤ薬局", "機関区分": 5, "都道府県コード": 42, "市区町村コード": 411, "所在地": "長崎県南松浦郡新上五島町奈良尾郷字新港１００９", "緯度": 32.845526, "経度": 129.057969, "url": "https://www.iryou.teikyouseido.mhlw.go.jp/znk-web/juminkanja/S2430/initialize?prefCd=42&kikanCd=4200000663&kikanKbn=5", "url2": null, "内容": "株式会社マスヤ薬局【5:薬局】長崎県南松浦郡新上五島町奈良尾郷字新港１００９" }, "geometry": { "type": "Point", "coordinates": [ 129.057969, 32.845526 ] } },
{ "type": "Feature", "properties": { "ID": 4254200000665, "正式名称": "有限会社わかまつ薬局", "機関区分": 5, "都道府県コード": 42, "市区町村コード": 411, "所在地": "長崎県南松浦郡新上五島町若松郷２１８", "緯度": 32.889198, "経度": 129.021107, "url": "https://www.iryou.teikyouseido.mhlw.go.jp/znk-web/juminkanja/S2430/initialize?prefCd=42&kikanCd=4200000665&kikanKbn=5", "url2": null, "内容": "有限会社わかまつ薬局【5:薬局】長崎県南松浦郡新上五島町若松郷２１８" }, "geometry": { "type": "Point", "coordinates": [ 129.021107, 32.889198 ] } },
{ "type": "Feature", "properties": { "ID": 4254200000667, "正式名称": "いきいき調剤薬局瀬戸", "機関区分": 5, "都道府県コード": 42, "市区町村コード": 210, "所在地": "長崎県壱岐市芦辺町箱崎大左右触４９０－９", "緯度": 33.817779, "経度": 129.756964, "url": "https://www.iryou.teikyouseido.mhlw.go.jp/znk-web/juminkanja/S2430/initialize?prefCd=42&kikanCd=4200000667&kikanKbn=5", "url2": "http://sites.google.com/view/mris-iki-iki1997", "内容": "いきいき調剤薬局瀬戸【5:薬局】長崎県壱岐市芦辺町箱崎大左右触４９０－９" }, "geometry": { "type": "Point", "coordinates": [ 129.756964, 33.817779 ] } },
{ "type": "Feature", "properties": { "ID": 4254200000668, "正式名称": "いきいき調剤薬局芦辺", "機関区分": 5, "都道府県コード": 42, "市区町村コード": 210, "所在地": "長崎県壱岐市芦辺町箱崎大左右触５５０－１０", "緯度": 33.817462, "経度": 129.755739, "url": "https://www.iryou.teikyouseido.mhlw.go.jp/znk-web/juminkanja/S2430/initialize?prefCd=42&kikanCd=4200000668&kikanKbn=5", "url2": "http://sites.google.com/view/mris-iki-iki1997", "内容": "いきいき調剤薬局芦辺【5:薬局】長崎県壱岐市芦辺町箱崎大左右触５５０－１０" }, "geometry": { "type": "Point", "coordinates": [ 129.755739, 33.817462 ] } },
{ "type": "Feature", "properties": { "ID": 4254200000669, "正式名称": "いきいき調剤薬局壱岐", "機関区分": 5, "都道府県コード": 42, "市区町村コード": 210, "所在地": "長崎県壱岐市郷ノ浦町東触１３５６－１", "緯度": 33.755585, "経度": 129.708959, "url": "https://www.iryou.teikyouseido.mhlw.go.jp/znk-web/juminkanja/S2430/initialize?prefCd=42&kikanCd=4200000669&kikanKbn=5", "url2": "https://sites.google.com/view/mris-iki-iki1997", "内容": "いきいき調剤薬局壱岐【5:薬局】長崎県壱岐市郷ノ浦町東触１３５６－１" }, "geometry": { "type": "Point", "coordinates": [ 129.708959, 33.755585 ] } },
{ "type": "Feature", "properties": { "ID": 4254200000670, "正式名称": "いきいき調剤薬局", "機関区分": 5, "都道府県コード": 42, "市区町村コード": 210, "所在地": "長崎県壱岐市郷ノ浦町郷ノ浦５７ー１", "緯度": 33.747595, "経度": 129.691396, "url": "https://www.iryou.teikyouseido.mhlw.go.jp/znk-web/juminkanja/S2430/initialize?prefCd=42&kikanCd=4200000670&kikanKbn=5", "url2": "http://sites.google.com/view/mris-iki-iki1997", "内容": "いきいき調剤薬局【5:薬局】長崎県壱岐市郷ノ浦町郷ノ浦５７ー１" }, "geometry": { "type": "Point", "coordinates": [ 129.691396, 33.747595 ] } },
{ "type": "Feature", "properties": { "ID": 4254200000672, "正式名称": "有限会社大村調剤薬局", "機関区分": 5, "都道府県コード": 42, "市区町村コード": 210, "所在地": "長崎県壱岐市郷ノ浦町本村触字古若１０９－５", "緯度": 33.747714, "経度": 129.690453, "url": "https://www.iryou.teikyouseido.mhlw.go.jp/znk-web/juminkanja/S2430/initialize?prefCd=42&kikanCd=4200000672&kikanKbn=5", "url2": null, "内容": "有限会社大村調剤薬局【5:薬局】長崎県壱岐市郷ノ浦町本村触字古若１０９－５" }, "geometry": { "type": "Point", "coordinates": [ 129.690453, 33.747714 ] } },
{ "type": "Feature", "properties": { "ID": 4254200000674, "正式名称": "そうごう薬局壱岐店", "機関区分": 5, "都道府県コード": 42, "市区町村コード": 210, "所在地": "長崎県壱岐市郷ノ浦町志原西触２０－５", "緯度": 33.755687, "経度": 129.709651, "url": "https://www.iryou.teikyouseido.mhlw.go.jp/znk-web/juminkanja/S2430/initialize?prefCd=42&kikanCd=4200000674&kikanKbn=5", "url2": "http://www.sogo-medical.co.jp", "内容": "そうごう薬局壱岐店【5:薬局】長崎県壱岐市郷ノ浦町志原西触２０－５" }, "geometry": { "type": "Point", "coordinates": [ 129.709651, 33.755687 ] } },
{ "type": "Feature", "properties": { "ID": 4254200000675, "正式名称": "そうごう薬局郷ノ浦店", "機関区分": 5, "都道府県コード": 42, "市区町村コード": 210, "所在地": "長崎県壱岐市郷ノ浦町東触８１３－１", "緯度": 33.755339, "経度": 129.702445, "url": "https://www.iryou.teikyouseido.mhlw.go.jp/znk-web/juminkanja/S2430/initialize?prefCd=42&kikanCd=4200000675&kikanKbn=5", "url2": "http://www.sogo-medical.co.jp", "内容": "そうごう薬局郷ノ浦店【5:薬局】長崎県壱岐市郷ノ浦町東触８１３－１" }, "geometry": { "type": "Point", "coordinates": [ 129.702445, 33.755339 ] } },
{ "type": "Feature", "properties": { "ID": 4254200000677, "正式名称": "立石調剤薬局", "機関区分": 5, "都道府県コード": 42, "市区町村コード": 210, "所在地": "長崎県壱岐市勝本町西戸触字蔵谷１８２－１", "緯度": 33.849207, "経度": 129.693271, "url": "https://www.iryou.teikyouseido.mhlw.go.jp/znk-web/juminkanja/S2430/initialize?prefCd=42&kikanCd=4200000677&kikanKbn=5", "url2": null, "内容": "立石調剤薬局【5:薬局】長崎県壱岐市勝本町西戸触字蔵谷１８２－１" }, "geometry": { "type": "Point", "coordinates": [ 129.693271, 33.849207 ] } },
{ "type": "Feature", "properties": { "ID": 4254200000687, "正式名称": "そうごう薬局いづはら東里店", "機関区分": 5, "都道府県コード": 42, "市区町村コード": 209, "所在地": "長崎県対馬市厳原町東里２９０－６", "緯度": 34.198704, "経度": 129.295717, "url": "https://www.iryou.teikyouseido.mhlw.go.jp/znk-web/juminkanja/S2430/initialize?prefCd=42&kikanCd=4200000687&kikanKbn=5", "url2": null, "内容": "そうごう薬局いづはら東里店【5:薬局】長崎県対馬市厳原町東里２９０－６" }, "geometry": { "type": "Point", "coordinates": [ 129.295717, 34.198704 ] } },
{ "type": "Feature", "properties": { "ID": 4254200000688, "正式名称": "そうごう薬局いづはら田渕店", "機関区分": 5, "都道府県コード": 42, "市区町村コード": 209, "所在地": "長崎県対馬市厳原町田渕７９２", "緯度": 34.204064, "経度": 129.292384, "url": "https://www.iryou.teikyouseido.mhlw.go.jp/znk-web/juminkanja/S2430/initialize?prefCd=42&kikanCd=4200000688&kikanKbn=5", "url2": "http://www.sogo-medical.co.jp/", "内容": "そうごう薬局いづはら田渕店【5:薬局】長崎県対馬市厳原町田渕７９２" }, "geometry": { "type": "Point", "coordinates": [ 129.292384, 34.204064 ] } },
{ "type": "Feature", "properties": { "ID": 4254200000689, "正式名称": "そうごう薬局豊玉店", "機関区分": 5, "都道府県コード": 42, "市区町村コード": 209, "所在地": "長崎県対馬市豊玉町仁位１６６－６", "緯度": 34.3891, "経度": 129.31396, "url": "https://www.iryou.teikyouseido.mhlw.go.jp/znk-web/juminkanja/S2430/initialize?prefCd=42&kikanCd=4200000689&kikanKbn=5", "url2": "https://shop.sogo-pharmacy.jp/detail/192/", "内容": "そうごう薬局豊玉店【5:薬局】長崎県対馬市豊玉町仁位１６６－６" }, "geometry": { "type": "Point", "coordinates": [ 129.31396, 34.3891 ] } },
{ "type": "Feature", "properties": { "ID": 4254200000692, "正式名称": "有限会社永瀬永寿堂薬局", "機関区分": 5, "都道府県コード": 42, "市区町村コード": 209, "所在地": "長崎県対馬市厳原町今屋敷７４０", "緯度": 34.202915, "経度": 129.288673, "url": "https://www.iryou.teikyouseido.mhlw.go.jp/znk-web/juminkanja/S2430/initialize?prefCd=42&kikanCd=4200000692&kikanKbn=5", "url2": null, "内容": "有限会社永瀬永寿堂薬局【5:薬局】長崎県対馬市厳原町今屋敷７４０" }, "geometry": { "type": "Point", "coordinates": [ 129.288673, 34.202915 ] } },
{ "type": "Feature", "properties": { "ID": 4254200000694, "正式名称": "永野薬局", "機関区分": 5, "都道府県コード": 42, "市区町村コード": 209, "所在地": "長崎県対馬市上対馬町比田勝８４３", "緯度": 34.65471, "経度": 129.464908, "url": "https://www.iryou.teikyouseido.mhlw.go.jp/znk-web/juminkanja/S2430/initialize?prefCd=42&kikanCd=4200000694&kikanKbn=5", "url2": null, "内容": "永野薬局【5:薬局】長崎県対馬市上対馬町比田勝８４３" }, "geometry": { "type": "Point", "coordinates": [ 129.464908, 34.65471 ] } },
{ "type": "Feature", "properties": { "ID": 4254200000695, "正式名称": "ひとつばたご薬局", "機関区分": 5, "都道府県コード": 42, "市区町村コード": 209, "所在地": "長崎県対馬市上対馬町比田勝６２３－２", "緯度": 34.656172, "経度": 129.458446, "url": "https://www.iryou.teikyouseido.mhlw.go.jp/znk-web/juminkanja/S2430/initialize?prefCd=42&kikanCd=4200000695&kikanKbn=5", "url2": null, "内容": "ひとつばたご薬局【5:薬局】長崎県対馬市上対馬町比田勝６２３－２" }, "geometry": { "type": "Point", "coordinates": [ 129.458446, 34.656172 ] } },
{ "type": "Feature", "properties": { "ID": 4254200000699, "正式名称": "今泉薬局清水店", "機関区分": 5, "都道府県コード": 42, "市区町村コード": 202, "所在地": "長崎県佐世保市万徳町８－１６", "緯度": 33.182964, "経度": 129.715753, "url": "https://www.iryou.teikyouseido.mhlw.go.jp/znk-web/juminkanja/S2430/initialize?prefCd=42&kikanCd=4200000699&kikanKbn=5", "url2": "http://imapha.com", "内容": "今泉薬局清水店【5:薬局】長崎県佐世保市万徳町８－１６" }, "geometry": { "type": "Point", "coordinates": [ 129.715753, 33.182964 ] } },
{ "type": "Feature", "properties": { "ID": 4254200000701, "正式名称": "そうごう薬局西海大島店", "機関区分": 5, "都道府県コード": 42, "市区町村コード": 212, "所在地": "長崎県西海市大島町１８２５－１", "緯度": 33.038551, "経度": 129.621233, "url": "https://www.iryou.teikyouseido.mhlw.go.jp/znk-web/juminkanja/S2430/initialize?prefCd=42&kikanCd=4200000701&kikanKbn=5", "url2": "http://www.sogo-medical.co.jp/", "内容": "そうごう薬局西海大島店【5:薬局】長崎県西海市大島町１８２５－１" }, "geometry": { "type": "Point", "coordinates": [ 129.621233, 33.038551 ] } },
{ "type": "Feature", "properties": { "ID": 4254200000702, "正式名称": "メロディー薬局", "機関区分": 5, "都道府県コード": 42, "市区町村コード": 308, "所在地": "長崎県西彼杵郡時津町浜田郷３８－３エスポワール冬切１０２", "緯度": 32.831256, "経度": 129.851222, "url": "https://www.iryou.teikyouseido.mhlw.go.jp/znk-web/juminkanja/S2430/initialize?prefCd=42&kikanCd=4200000702&kikanKbn=5", "url2": "https://www.harmony-nagasaki.com", "内容": "メロディー薬局【5:薬局】長崎県西彼杵郡時津町浜田郷３８－３エスポワール冬切１０２" }, "geometry": { "type": "Point", "coordinates": [ 129.851222, 32.831256 ] } },
{ "type": "Feature", "properties": { "ID": 4254200000703, "正式名称": "日本調剤時津薬局", "機関区分": 5, "都道府県コード": 42, "市区町村コード": 308, "所在地": "長崎県西彼杵郡時津町元村郷８０７－１", "緯度": 32.821226, "経度": 129.848514, "url": "https://www.iryou.teikyouseido.mhlw.go.jp/znk-web/juminkanja/S2430/initialize?prefCd=42&kikanCd=4200000703&kikanKbn=5", "url2": "https://www.nicho.co.jp/tenpo/togitu/", "内容": "日本調剤時津薬局【5:薬局】長崎県西彼杵郡時津町元村郷８０７－１" }, "geometry": { "type": "Point", "coordinates": [ 129.848514, 32.821226 ] } },
{ "type": "Feature", "properties": { "ID": 4254200000704, "正式名称": "小松ふれあい薬局", "機関区分": 5, "都道府県コード": 42, "市区町村コード": 322, "所在地": "長崎県東彼杵郡川棚町下組郷３８０－１", "緯度": 33.068754, "経度": 129.857815, "url": "https://www.iryou.teikyouseido.mhlw.go.jp/znk-web/juminkanja/S2430/initialize?prefCd=42&kikanCd=4200000704&kikanKbn=5", "url2": null, "内容": "小松ふれあい薬局【5:薬局】長崎県東彼杵郡川棚町下組郷３８０－１" }, "geometry": { "type": "Point", "coordinates": [ 129.857815, 33.068754 ] } },
{ "type": "Feature", "properties": { "ID": 4254200000705, "正式名称": "中央薬局", "機関区分": 5, "都道府県コード": 42, "市区町村コード": 204, "所在地": "長崎県諫早市永昌東町１５－８", "緯度": 32.853133, "経度": 130.043887, "url": "https://www.iryou.teikyouseido.mhlw.go.jp/znk-web/juminkanja/S2430/initialize?prefCd=42&kikanCd=4200000705&kikanKbn=5", "url2": null, "内容": "中央薬局【5:薬局】長崎県諫早市永昌東町１５－８" }, "geometry": { "type": "Point", "coordinates": [ 130.043887, 32.853133 ] } },
{ "type": "Feature", "properties": { "ID": 4254200000707, "正式名称": "ココカラファイン薬局万屋町店", "機関区分": 5, "都道府県コード": 42, "市区町村コード": 201, "所在地": "長崎県長崎市万屋町６－５", "緯度": 32.745348, "経度": 129.879603, "url": "https://www.iryou.teikyouseido.mhlw.go.jp/znk-web/juminkanja/S2430/initialize?prefCd=42&kikanCd=4200000707&kikanKbn=5", "url2": "https://www.matsukiyococokara-online.com/map?kid=20001712", "内容": "ココカラファイン薬局万屋町店【5:薬局】長崎県長崎市万屋町６－５" }, "geometry": { "type": "Point", "coordinates": [ 129.879603, 32.745348 ] } },
{ "type": "Feature", "properties": { "ID": 4254200000709, "正式名称": "やすらぎ薬局", "機関区分": 5, "都道府県コード": 42, "市区町村コード": 201, "所在地": "長崎県長崎市恵美須町４－１", "緯度": 32.750563, "経度": 129.8756, "url": "https://www.iryou.teikyouseido.mhlw.go.jp/znk-web/juminkanja/S2430/initialize?prefCd=42&kikanCd=4200000709&kikanKbn=5", "url2": "https://www.e-classa.net/yasuragi", "内容": "やすらぎ薬局【5:薬局】長崎県長崎市恵美須町４－１" }, "geometry": { "type": "Point", "coordinates": [ 129.8756, 32.750563 ] } },
{ "type": "Feature", "properties": { "ID": 4254200000713, "正式名称": "はりお薬局", "機関区分": 5, "都道府県コード": 42, "市区町村コード": 202, "所在地": "長崎県佐世保市針尾東町２９－３", "緯度": 33.103392, "経度": 129.767171, "url": "https://www.iryou.teikyouseido.mhlw.go.jp/znk-web/juminkanja/S2430/initialize?prefCd=42&kikanCd=4200000713&kikanKbn=5", "url2": null, "内容": "はりお薬局【5:薬局】長崎県佐世保市針尾東町２９－３" }, "geometry": { "type": "Point", "coordinates": [ 129.767171, 33.103392 ] } },
{ "type": "Feature", "properties": { "ID": 4254200000714, "正式名称": "てんじん薬局", "機関区分": 5, "都道府県コード": 42, "市区町村コード": 202, "所在地": "長崎県佐世保市天神５－３３－１０", "緯度": 33.145721, "経度": 129.739097, "url": "https://www.iryou.teikyouseido.mhlw.go.jp/znk-web/juminkanja/S2430/initialize?prefCd=42&kikanCd=4200000714&kikanKbn=5", "url2": "https://www.tenjin-pharmacy.com/", "内容": "てんじん薬局【5:薬局】長崎県佐世保市天神５－３３－１０" }, "geometry": { "type": "Point", "coordinates": [ 129.739097, 33.145721 ] } },
{ "type": "Feature", "properties": { "ID": 4254200000715, "正式名称": "宿町薬局", "機関区分": 5, "都道府県コード": 42, "市区町村コード": 201, "所在地": "長崎県長崎市宿町", "緯度": 32.759306, "経度": 129.940696, "url": "https://www.iryou.teikyouseido.mhlw.go.jp/znk-web/juminkanja/S2430/initialize?prefCd=42&kikanCd=4200000715&kikanKbn=5", "url2": null, "内容": "宿町薬局【5:薬局】長崎県長崎市宿町" }, "geometry": { "type": "Point", "coordinates": [ 129.940696, 32.759306 ] } },
{ "type": "Feature", "properties": { "ID": 4254200000718, "正式名称": "ライン薬局", "機関区分": 5, "都道府県コード": 42, "市区町村コード": 201, "所在地": "長崎県長崎市花園町１－１６", "緯度": 32.771521, "経度": 129.852782, "url": "https://www.iryou.teikyouseido.mhlw.go.jp/znk-web/juminkanja/S2430/initialize?prefCd=42&kikanCd=4200000718&kikanKbn=5", "url2": null, "内容": "ライン薬局【5:薬局】長崎県長崎市花園町１－１６" }, "geometry": { "type": "Point", "coordinates": [ 129.852782, 32.771521 ] } },
{ "type": "Feature", "properties": { "ID": 4254200000719, "正式名称": "朱雀薬局", "機関区分": 5, "都道府県コード": 42, "市区町村コード": 201, "所在地": "長崎県長崎市滑石３－１９－２１　のぞみハイツ１０２号", "緯度": 32.808103, "経度": 129.834532, "url": "https://www.iryou.teikyouseido.mhlw.go.jp/znk-web/juminkanja/S2430/initialize?prefCd=42&kikanCd=4200000719&kikanKbn=5", "url2": "http://www.suzaku-kanpou.com/", "内容": "朱雀薬局【5:薬局】長崎県長崎市滑石３－１９－２１　のぞみハイツ１０２号" }, "geometry": { "type": "Point", "coordinates": [ 129.834532, 32.808103 ] } },
{ "type": "Feature", "properties": { "ID": 4254200000720, "正式名称": "アマチュー薬局", "機関区分": 5, "都道府県コード": 42, "市区町村コード": 201, "所在地": "長崎県長崎市畝刈町１６１３－３３", "緯度": 32.826009, "経度": 129.776295, "url": "https://www.iryou.teikyouseido.mhlw.go.jp/znk-web/juminkanja/S2430/initialize?prefCd=42&kikanCd=4200000720&kikanKbn=5", "url2": null, "内容": "アマチュー薬局【5:薬局】長崎県長崎市畝刈町１６１３－３３" }, "geometry": { "type": "Point", "coordinates": [ 129.776295, 32.826009 ] } },
{ "type": "Feature", "properties": { "ID": 4254200000721, "正式名称": "きりん堂薬局バス通り店", "機関区分": 5, "都道府県コード": 42, "市区町村コード": 201, "所在地": "長崎県長崎市滑石３－８－１", "緯度": 32.807632, "経度": 129.838552, "url": "https://www.iryou.teikyouseido.mhlw.go.jp/znk-web/juminkanja/S2430/initialize?prefCd=42&kikanCd=4200000721&kikanKbn=5", "url2": "https://sites.google.com/chuo-group.co.jp/pharmacy/cmspharmacies/cmspharmacy_bus_st", "内容": "きりん堂薬局バス通り店【5:薬局】長崎県長崎市滑石３－８－１" }, "geometry": { "type": "Point", "coordinates": [ 129.838552, 32.807632 ] } },
{ "type": "Feature", "properties": { "ID": 4254200000722, "正式名称": "すわの森薬局", "機関区分": 5, "都道府県コード": 42, "市区町村コード": 201, "所在地": "長崎県長崎市西山２－１－１６－１Ｆ", "緯度": 32.756729, "経度": 129.886664, "url": "https://www.iryou.teikyouseido.mhlw.go.jp/znk-web/juminkanja/S2430/initialize?prefCd=42&kikanCd=4200000722&kikanKbn=5", "url2": "http://www.yakushin-pg.co.jp", "内容": "すわの森薬局【5:薬局】長崎県長崎市西山２－１－１６－１Ｆ" }, "geometry": { "type": "Point", "coordinates": [ 129.886664, 32.756729 ] } },
{ "type": "Feature", "properties": { "ID": 4254200000725, "正式名称": "ローズマリー薬局", "機関区分": 5, "都道府県コード": 42, "市区町村コード": 204, "所在地": "長崎県諫早市多良見町市布５１６－１", "緯度": 32.818403, "経度": 129.964546, "url": "https://www.iryou.teikyouseido.mhlw.go.jp/znk-web/juminkanja/S2430/initialize?prefCd=42&kikanCd=4200000725&kikanKbn=5", "url2": null, "内容": "ローズマリー薬局【5:薬局】長崎県諫早市多良見町市布５１６－１" }, "geometry": { "type": "Point", "coordinates": [ 129.964546, 32.818403 ] } },
{ "type": "Feature", "properties": { "ID": 4254200000726, "正式名称": "ひびき薬局", "機関区分": 5, "都道府県コード": 42, "市区町村コード": 201, "所在地": "長崎県長崎市田中町１６５－３", "緯度": 32.761951, "経度": 129.948025, "url": "https://www.iryou.teikyouseido.mhlw.go.jp/znk-web/juminkanja/S2430/initialize?prefCd=42&kikanCd=4200000726&kikanKbn=5", "url2": null, "内容": "ひびき薬局【5:薬局】長崎県長崎市田中町１６５－３" }, "geometry": { "type": "Point", "coordinates": [ 129.948025, 32.761951 ] } },
{ "type": "Feature", "properties": { "ID": 4254200000727, "正式名称": "しめんばし薬局", "機関区分": 5, "都道府県コード": 42, "市区町村コード": 204, "所在地": "長崎県諫早市天満町５－６", "緯度": 32.848891, "経度": 130.044802, "url": "https://www.iryou.teikyouseido.mhlw.go.jp/znk-web/juminkanja/S2430/initialize?prefCd=42&kikanCd=4200000727&kikanKbn=5", "url2": null, "内容": "しめんばし薬局【5:薬局】長崎県諫早市天満町５－６" }, "geometry": { "type": "Point", "coordinates": [ 130.044802, 32.848891 ] } },
{ "type": "Feature", "properties": { "ID": 4254200000728, "正式名称": "ヤマカワ薬局", "機関区分": 5, "都道府県コード": 42, "市区町村コード": 204, "所在地": "長崎県諫早市山川町３－１", "緯度": 32.847653, "経度": 130.024693, "url": "https://www.iryou.teikyouseido.mhlw.go.jp/znk-web/juminkanja/S2430/initialize?prefCd=42&kikanCd=4200000728&kikanKbn=5", "url2": "http://www.totasu.jp/", "内容": "ヤマカワ薬局【5:薬局】長崎県諫早市山川町３－１" }, "geometry": { "type": "Point", "coordinates": [ 130.024693, 32.847653 ] } },
{ "type": "Feature", "properties": { "ID": 4254200000729, "正式名称": "日本調剤乾馬場薬局", "機関区分": 5, "都道府県コード": 42, "市区町村コード": 205, "所在地": "長崎県大村市乾馬場町８８４－１０", "緯度": 32.920962, "経度": 129.960079, "url": "https://www.iryou.teikyouseido.mhlw.go.jp/znk-web/juminkanja/S2430/initialize?prefCd=42&kikanCd=4200000729&kikanKbn=5", "url2": "http://www.nicho.co.jp/tenpo/inuibaba/", "内容": "日本調剤乾馬場薬局【5:薬局】長崎県大村市乾馬場町８８４－１０" }, "geometry": { "type": "Point", "coordinates": [ 129.960079, 32.920962 ] } },
{ "type": "Feature", "properties": { "ID": 4254200000730, "正式名称": "ドレミ薬局長崎駅前店", "機関区分": 5, "都道府県コード": 42, "市区町村コード": 201, "所在地": "長崎県長崎市大黒町１１－２１", "緯度": 32.75115, "経度": 129.872461, "url": "https://www.iryou.teikyouseido.mhlw.go.jp/znk-web/juminkanja/S2430/initialize?prefCd=42&kikanCd=4200000730&kikanKbn=5", "url2": null, "内容": "ドレミ薬局長崎駅前店【5:薬局】長崎県長崎市大黒町１１－２１" }, "geometry": { "type": "Point", "coordinates": [ 129.872461, 32.75115 ] } },
{ "type": "Feature", "properties": { "ID": 4254200000731, "正式名称": "木山調剤薬局諏訪店", "機関区分": 5, "都道府県コード": 42, "市区町村コード": 205, "所在地": "長崎県大村市諏訪３－２３０－２", "緯度": 32.923884, "経度": 129.958808, "url": "https://www.iryou.teikyouseido.mhlw.go.jp/znk-web/juminkanja/S2430/initialize?prefCd=42&kikanCd=4200000731&kikanKbn=5", "url2": "http://www.kiyama-drug.com/", "内容": "木山調剤薬局諏訪店【5:薬局】長崎県大村市諏訪３－２３０－２" }, "geometry": { "type": "Point", "coordinates": [ 129.958808, 32.923884 ] } },
{ "type": "Feature", "properties": { "ID": 4254200000735, "正式名称": "美南の丘薬局", "機関区分": 5, "都道府県コード": 42, "市区町村コード": 204, "所在地": "長崎県諫早市小川町４５３－１", "緯度": 32.82706, "経度": 130.064263, "url": "https://www.iryou.teikyouseido.mhlw.go.jp/znk-web/juminkanja/S2430/initialize?prefCd=42&kikanCd=4200000735&kikanKbn=5", "url2": null, "内容": "美南の丘薬局【5:薬局】長崎県諫早市小川町４５３－１" }, "geometry": { "type": "Point", "coordinates": [ 130.064263, 32.82706 ] } },
{ "type": "Feature", "properties": { "ID": 4254200000736, "正式名称": "らいふ薬局松浦店", "機関区分": 5, "都道府県コード": 42, "市区町村コード": 202, "所在地": "長崎県佐世保市松浦町２－２１九十九島ビル１階", "緯度": 33.175559, "経度": 129.718215, "url": "https://www.iryou.teikyouseido.mhlw.go.jp/znk-web/juminkanja/S2430/initialize?prefCd=42&kikanCd=4200000736&kikanKbn=5", "url2": "http://www.life-jp.com", "内容": "らいふ薬局松浦店【5:薬局】長崎県佐世保市松浦町２－２１九十九島ビル１階" }, "geometry": { "type": "Point", "coordinates": [ 129.718215, 33.175559 ] } },
{ "type": "Feature", "properties": { "ID": 4254200000737, "正式名称": "かわさき薬局湊町店", "機関区分": 5, "都道府県コード": 42, "市区町村コード": 202, "所在地": "長崎県佐世保市湊町２－８　石井ビル１Ｆ", "緯度": 33.171567, "経度": 129.718909, "url": "https://www.iryou.teikyouseido.mhlw.go.jp/znk-web/juminkanja/S2430/initialize?prefCd=42&kikanCd=4200000737&kikanKbn=5", "url2": null, "内容": "かわさき薬局湊町店【5:薬局】長崎県佐世保市湊町２－８　石井ビル１Ｆ" }, "geometry": { "type": "Point", "coordinates": [ 129.718909, 33.171567 ] } },
{ "type": "Feature", "properties": { "ID": 4254200000738, "正式名称": "フジヤ薬局駅前店", "機関区分": 5, "都道府県コード": 42, "市区町村コード": 202, "所在地": "長崎県佐世保市白南風町１－１３　ＪＲ九州佐世保ビル１０２", "緯度": 33.16351, "経度": 129.726993, "url": "https://www.iryou.teikyouseido.mhlw.go.jp/znk-web/juminkanja/S2430/initialize?prefCd=42&kikanCd=4200000738&kikanKbn=5", "url2": "http://fujiya-pharmacy.jp/", "内容": "フジヤ薬局駅前店【5:薬局】長崎県佐世保市白南風町１－１３　ＪＲ九州佐世保ビル１０２" }, "geometry": { "type": "Point", "coordinates": [ 129.726993, 33.16351 ] } },
{ "type": "Feature", "properties": { "ID": 4254200000742, "正式名称": "なおき薬局", "機関区分": 5, "都道府県コード": 42, "市区町村コード": 308, "所在地": "長崎県西彼杵郡時津町浦郷３９６－２９", "緯度": 32.830835, "経度": 129.849405, "url": "https://www.iryou.teikyouseido.mhlw.go.jp/znk-web/juminkanja/S2430/initialize?prefCd=42&kikanCd=4200000742&kikanKbn=5", "url2": null, "内容": "なおき薬局【5:薬局】長崎県西彼杵郡時津町浦郷３９６－２９" }, "geometry": { "type": "Point", "coordinates": [ 129.849405, 32.830835 ] } },
{ "type": "Feature", "properties": { "ID": 4254200000743, "正式名称": "もも薬局", "機関区分": 5, "都道府県コード": 42, "市区町村コード": 214, "所在地": "長崎県南島原市有家町中須川１９５－１", "緯度": 32.663192, "経度": 130.304654, "url": "https://www.iryou.teikyouseido.mhlw.go.jp/znk-web/juminkanja/S2430/initialize?prefCd=42&kikanCd=4200000743&kikanKbn=5", "url2": null, "内容": "もも薬局【5:薬局】長崎県南島原市有家町中須川１９５－１" }, "geometry": { "type": "Point", "coordinates": [ 130.304654, 32.663192 ] } },
{ "type": "Feature", "properties": { "ID": 4254200000744, "正式名称": "権常寺かわはら薬局", "機関区分": 5, "都道府県コード": 42, "市区町村コード": 202, "所在地": "長崎県佐世保市権常寺町１４９１－９", "緯度": 33.131843, "経度": 129.802187, "url": "https://www.iryou.teikyouseido.mhlw.go.jp/znk-web/juminkanja/S2430/initialize?prefCd=42&kikanCd=4200000744&kikanKbn=5", "url2": "http://kawa-pha.com", "内容": "権常寺かわはら薬局【5:薬局】長崎県佐世保市権常寺町１４９１－９" }, "geometry": { "type": "Point", "coordinates": [ 129.802187, 33.131843 ] } },
{ "type": "Feature", "properties": { "ID": 4254200000747, "正式名称": "日本調剤築町薬局", "機関区分": 5, "都道府県コード": 42, "市区町村コード": 201, "所在地": "長崎県長崎市銅座町３－２４", "緯度": 32.742675, "経度": 129.87542, "url": "https://www.iryou.teikyouseido.mhlw.go.jp/znk-web/juminkanja/S2430/initialize?prefCd=42&kikanCd=4200000747&kikanKbn=5", "url2": "https://nicho.co.jp/tenpo/tukimati/", "内容": "日本調剤築町薬局【5:薬局】長崎県長崎市銅座町３－２４" }, "geometry": { "type": "Point", "coordinates": [ 129.87542, 32.742675 ] } },
{ "type": "Feature", "properties": { "ID": 4254200000749, "正式名称": "アイビー薬局", "機関区分": 5, "都道府県コード": 42, "市区町村コード": 201, "所在地": "長崎県長崎市本原町１２－１１", "緯度": 32.782561, "経度": 129.870237, "url": "https://www.iryou.teikyouseido.mhlw.go.jp/znk-web/juminkanja/S2430/initialize?prefCd=42&kikanCd=4200000749&kikanKbn=5", "url2": "oneders-group.com", "内容": "アイビー薬局【5:薬局】長崎県長崎市本原町１２－１１" }, "geometry": { "type": "Point", "coordinates": [ 129.870237, 32.782561 ] } },
{ "type": "Feature", "properties": { "ID": 4254200000750, "正式名称": "なかぐみ薬局", "機関区分": 5, "都道府県コード": 42, "市区町村コード": 322, "所在地": "長崎県東彼杵郡川棚町中組郷１４８９－６", "緯度": 33.071294, "経度": 129.85462, "url": "https://www.iryou.teikyouseido.mhlw.go.jp/znk-web/juminkanja/S2430/initialize?prefCd=42&kikanCd=4200000750&kikanKbn=5", "url2": null, "内容": "なかぐみ薬局【5:薬局】長崎県東彼杵郡川棚町中組郷１４８９－６" }, "geometry": { "type": "Point", "coordinates": [ 129.85462, 33.071294 ] } },
{ "type": "Feature", "properties": { "ID": 4254200000751, "正式名称": "フレンド薬局", "機関区分": 5, "都道府県コード": 42, "市区町村コード": 201, "所在地": "長崎県長崎市滑石６－３－７２", "緯度": 32.802283, "経度": 129.82794, "url": "https://www.iryou.teikyouseido.mhlw.go.jp/znk-web/juminkanja/S2430/initialize?prefCd=42&kikanCd=4200000751&kikanKbn=5", "url2": null, "内容": "フレンド薬局【5:薬局】長崎県長崎市滑石６－３－７２" }, "geometry": { "type": "Point", "coordinates": [ 129.82794, 32.802283 ] } },
{ "type": "Feature", "properties": { "ID": 4254200000752, "正式名称": "若草薬局", "機関区分": 5, "都道府県コード": 42, "市区町村コード": 201, "所在地": "長崎県長崎市若草町４－２８", "緯度": 32.776226, "経度": 129.853228, "url": "https://www.iryou.teikyouseido.mhlw.go.jp/znk-web/juminkanja/S2430/initialize?prefCd=42&kikanCd=4200000752&kikanKbn=5", "url2": null, "内容": "若草薬局【5:薬局】長崎県長崎市若草町４－２８" }, "geometry": { "type": "Point", "coordinates": [ 129.853228, 32.776226 ] } },
{ "type": "Feature", "properties": { "ID": 4254200000753, "正式名称": "みつば調剤薬局矢峰店", "機関区分": 5, "都道府県コード": 42, "市区町村コード": 202, "所在地": "長崎県佐世保市矢峰町８９－４", "緯度": 33.211401, "経度": 129.745633, "url": "https://www.iryou.teikyouseido.mhlw.go.jp/znk-web/juminkanja/S2430/initialize?prefCd=42&kikanCd=4200000753&kikanKbn=5", "url2": null, "内容": "みつば調剤薬局矢峰店【5:薬局】長崎県佐世保市矢峰町８９－４" }, "geometry": { "type": "Point", "coordinates": [ 129.745633, 33.211401 ] } },
{ "type": "Feature", "properties": { "ID": 4254200000755, "正式名称": "ふじの薬局", "機関区分": 5, "都道府県コード": 42, "市区町村コード": 307, "所在地": "長崎県西彼杵郡長与町高田郷３", "緯度": 32.805547, "経度": 129.851056, "url": "https://www.iryou.teikyouseido.mhlw.go.jp/znk-web/juminkanja/S2430/initialize?prefCd=42&kikanCd=4200000755&kikanKbn=5", "url2": null, "内容": "ふじの薬局【5:薬局】長崎県西彼杵郡長与町高田郷３" }, "geometry": { "type": "Point", "coordinates": [ 129.851056, 32.805547 ] } },
{ "type": "Feature", "properties": { "ID": 4254200000756, "正式名称": "溝上薬局　北門町店", "機関区分": 5, "都道府県コード": 42, "市区町村コード": 203, "所在地": "長崎県島原市北門町１０３－７", "緯度": 32.801098, "経度": 130.364532, "url": "https://www.iryou.teikyouseido.mhlw.go.jp/znk-web/juminkanja/S2430/initialize?prefCd=42&kikanCd=4200000756&kikanKbn=5", "url2": "http://www.miz-pharmacy.co.jp", "内容": "溝上薬局　北門町店【5:薬局】長崎県島原市北門町１０３－７" }, "geometry": { "type": "Point", "coordinates": [ 130.364532, 32.801098 ] } },
{ "type": "Feature", "properties": { "ID": 4254200000758, "正式名称": "勝山薬局（茂里町店）", "機関区分": 5, "都道府県コード": 42, "市区町村コード": 201, "所在地": "長崎県長崎市茂里町３－２０", "緯度": 32.765982, "経度": 129.862457, "url": "https://www.iryou.teikyouseido.mhlw.go.jp/znk-web/juminkanja/S2430/initialize?prefCd=42&kikanCd=4200000758&kikanKbn=5", "url2": "http://www.katsuyama-ph.co.jp", "内容": "勝山薬局（茂里町店）【5:薬局】長崎県長崎市茂里町３－２０" }, "geometry": { "type": "Point", "coordinates": [ 129.862457, 32.765982 ] } },
{ "type": "Feature", "properties": { "ID": 4254200000759, "正式名称": "ひとみ薬局", "機関区分": 5, "都道府県コード": 42, "市区町村コード": 201, "所在地": "長崎県長崎市浜町７－１５", "緯度": 32.743517, "経度": 129.879524, "url": "https://www.iryou.teikyouseido.mhlw.go.jp/znk-web/juminkanja/S2430/initialize?prefCd=42&kikanCd=4200000759&kikanKbn=5", "url2": "https://www.kusurinomadoguchi.com/nagasaki/s1000089767", "内容": "ひとみ薬局【5:薬局】長崎県長崎市浜町７－１５" }, "geometry": { "type": "Point", "coordinates": [ 129.879524, 32.743517 ] } },
{ "type": "Feature", "properties": { "ID": 4254200000762, "正式名称": "三井所薬局", "機関区分": 5, "都道府県コード": 42, "市区町村コード": 210, "所在地": "長崎県壱岐市郷ノ浦町東触１３０９－２", "緯度": 33.755216, "経度": 129.706837, "url": "https://www.iryou.teikyouseido.mhlw.go.jp/znk-web/juminkanja/S2430/initialize?prefCd=42&kikanCd=4200000762&kikanKbn=5", "url2": null, "内容": "三井所薬局【5:薬局】長崎県壱岐市郷ノ浦町東触１３０９－２" }, "geometry": { "type": "Point", "coordinates": [ 129.706837, 33.755216 ] } },
{ "type": "Feature", "properties": { "ID": 4254200000763, "正式名称": "株式会社福江薬局長崎アップル店", "機関区分": 5, "都道府県コード": 42, "市区町村コード": 201, "所在地": "長崎県長崎市江川町３２８", "緯度": 32.684835, "経度": 129.840256, "url": "https://www.iryou.teikyouseido.mhlw.go.jp/znk-web/juminkanja/S2430/initialize?prefCd=42&kikanCd=4200000763&kikanKbn=5", "url2": null, "内容": "株式会社福江薬局長崎アップル店【5:薬局】長崎県長崎市江川町３２８" }, "geometry": { "type": "Point", "coordinates": [ 129.840256, 32.684835 ] } },
{ "type": "Feature", "properties": { "ID": 4254200000765, "正式名称": "うさぎ薬局", "機関区分": 5, "都道府県コード": 42, "市区町村コード": 201, "所在地": "長崎県長崎市白鳥町７番１９号", "緯度": 32.787919, "経度": 129.855659, "url": "https://www.iryou.teikyouseido.mhlw.go.jp/znk-web/juminkanja/S2430/initialize?prefCd=42&kikanCd=4200000765&kikanKbn=5", "url2": null, "内容": "うさぎ薬局【5:薬局】長崎県長崎市白鳥町７番１９号" }, "geometry": { "type": "Point", "coordinates": [ 129.855659, 32.787919 ] } },
{ "type": "Feature", "properties": { "ID": 4254200000766, "正式名称": "セレケア薬局", "機関区分": 5, "都道府県コード": 42, "市区町村コード": 202, "所在地": "長崎県佐世保市もみじが丘町４０－１６", "緯度": 33.160421, "経度": 129.779137, "url": "https://www.iryou.teikyouseido.mhlw.go.jp/znk-web/juminkanja/S2430/initialize?prefCd=42&kikanCd=4200000766&kikanKbn=5", "url2": null, "内容": "セレケア薬局【5:薬局】長崎県佐世保市もみじが丘町４０－１６" }, "geometry": { "type": "Point", "coordinates": [ 129.779137, 33.160421 ] } },
{ "type": "Feature", "properties": { "ID": 4254200000767, "正式名称": "あいりす薬局", "機関区分": 5, "都道府県コード": 42, "市区町村コード": 202, "所在地": "長崎県佐世保市日宇町６７８－４", "緯度": 33.158143, "経度": 129.758436, "url": "https://www.iryou.teikyouseido.mhlw.go.jp/znk-web/juminkanja/S2430/initialize?prefCd=42&kikanCd=4200000767&kikanKbn=5", "url2": "http://www.totasu.jp", "内容": "あいりす薬局【5:薬局】長崎県佐世保市日宇町６７８－４" }, "geometry": { "type": "Point", "coordinates": [ 129.758436, 33.158143 ] } },
{ "type": "Feature", "properties": { "ID": 4254200000768, "正式名称": "いずみ薬局", "機関区分": 5, "都道府県コード": 42, "市区町村コード": 204, "所在地": "長崎県諫早市泉町１７－１６", "緯度": 32.847119, "経度": 130.05609, "url": "https://www.iryou.teikyouseido.mhlw.go.jp/znk-web/juminkanja/S2430/initialize?prefCd=42&kikanCd=4200000768&kikanKbn=5", "url2": null, "内容": "いずみ薬局【5:薬局】長崎県諫早市泉町１７－１６" }, "geometry": { "type": "Point", "coordinates": [ 130.05609, 32.847119 ] } },
{ "type": "Feature", "properties": { "ID": 4254200000769, "正式名称": "開生薬局百合野店", "機関区分": 5, "都道府県コード": 42, "市区町村コード": 307, "所在地": "長崎県西彼杵郡長与町高田郷２４９３－２", "緯度": 32.814369, "経度": 129.849975, "url": "https://www.iryou.teikyouseido.mhlw.go.jp/znk-web/juminkanja/S2430/initialize?prefCd=42&kikanCd=4200000769&kikanKbn=5", "url2": "http://www1.cncm.ne.jp/~kaisei-p/", "内容": "開生薬局百合野店【5:薬局】長崎県西彼杵郡長与町高田郷２４９３－２" }, "geometry": { "type": "Point", "coordinates": [ 129.849975, 32.814369 ] } },
{ "type": "Feature", "properties": { "ID": 4254200000770, "正式名称": "川上薬局田中町店", "機関区分": 5, "都道府県コード": 42, "市区町村コード": 201, "所在地": "長崎県長崎市田中町１０２７－４８", "緯度": 32.76815, "経度": 129.951564, "url": "https://www.iryou.teikyouseido.mhlw.go.jp/znk-web/juminkanja/S2430/initialize?prefCd=42&kikanCd=4200000770&kikanKbn=5", "url2": null, "内容": "川上薬局田中町店【5:薬局】長崎県長崎市田中町１０２７－４８" }, "geometry": { "type": "Point", "coordinates": [ 129.951564, 32.76815 ] } },
{ "type": "Feature", "properties": { "ID": 4254200000771, "正式名称": "さわやか薬局", "機関区分": 5, "都道府県コード": 42, "市区町村コード": 202, "所在地": "長崎県佐世保市もみじが丘町４０－３７", "緯度": 33.15985, "経度": 129.778182, "url": "https://www.iryou.teikyouseido.mhlw.go.jp/znk-web/juminkanja/S2430/initialize?prefCd=42&kikanCd=4200000771&kikanKbn=5", "url2": null, "内容": "さわやか薬局【5:薬局】長崎県佐世保市もみじが丘町４０－３７" }, "geometry": { "type": "Point", "coordinates": [ 129.778182, 33.15985 ] } },
{ "type": "Feature", "properties": { "ID": 4254200000774, "正式名称": "いちのせ薬局", "機関区分": 5, "都道府県コード": 42, "市区町村コード": 201, "所在地": "長崎県長崎市小江原２－３５－１７", "緯度": 32.780735, "経度": 129.837764, "url": "https://www.iryou.teikyouseido.mhlw.go.jp/znk-web/juminkanja/S2430/initialize?prefCd=42&kikanCd=4200000774&kikanKbn=5", "url2": null, "内容": "いちのせ薬局【5:薬局】長崎県長崎市小江原２－３５－１７" }, "geometry": { "type": "Point", "coordinates": [ 129.837764, 32.780735 ] } },
{ "type": "Feature", "properties": { "ID": 4254200000775, "正式名称": "いろは薬局", "機関区分": 5, "都道府県コード": 42, "市区町村コード": 201, "所在地": "長崎県長崎市万屋町６－１５　アイキッズビル１Ｆ", "緯度": 32.744949, "経度": 129.880162, "url": "https://www.iryou.teikyouseido.mhlw.go.jp/znk-web/juminkanja/S2430/initialize?prefCd=42&kikanCd=4200000775&kikanKbn=5", "url2": null, "内容": "いろは薬局【5:薬局】長崎県長崎市万屋町６－１５　アイキッズビル１Ｆ" }, "geometry": { "type": "Point", "coordinates": [ 129.880162, 32.744949 ] } },
{ "type": "Feature", "properties": { "ID": 4254200000776, "正式名称": "こだま薬局", "機関区分": 5, "都道府県コード": 42, "市区町村コード": 201, "所在地": "長崎県長崎市興善町４－５－１０２", "緯度": 32.747988, "経度": 129.87624, "url": "https://www.iryou.teikyouseido.mhlw.go.jp/znk-web/juminkanja/S2430/initialize?prefCd=42&kikanCd=4200000776&kikanKbn=5", "url2": null, "内容": "こだま薬局【5:薬局】長崎県長崎市興善町４－５－１０２" }, "geometry": { "type": "Point", "coordinates": [ 129.87624, 32.747988 ] } },
{ "type": "Feature", "properties": { "ID": 4254200000778, "正式名称": "かなや調剤薬局", "機関区分": 5, "都道府県コード": 42, "市区町村コード": 204, "所在地": "長崎県諫早市金谷町１１－１７", "緯度": 32.84802, "経度": 130.051599, "url": "https://www.iryou.teikyouseido.mhlw.go.jp/znk-web/juminkanja/S2430/initialize?prefCd=42&kikanCd=4200000778&kikanKbn=5", "url2": null, "内容": "かなや調剤薬局【5:薬局】長崎県諫早市金谷町１１－１７" }, "geometry": { "type": "Point", "coordinates": [ 130.051599, 32.84802 ] } },
{ "type": "Feature", "properties": { "ID": 4254200000780, "正式名称": "日本調剤長崎住吉薬局", "機関区分": 5, "都道府県コード": 42, "市区町村コード": 201, "所在地": "長崎県長崎市住吉町２－２０", "緯度": 32.790991, "経度": 129.861976, "url": "https://www.iryou.teikyouseido.mhlw.go.jp/znk-web/juminkanja/S2430/initialize?prefCd=42&kikanCd=4200000780&kikanKbn=5", "url2": "http://www.nicho.co.jp", "内容": "日本調剤長崎住吉薬局【5:薬局】長崎県長崎市住吉町２－２０" }, "geometry": { "type": "Point", "coordinates": [ 129.861976, 32.790991 ] } },
{ "type": "Feature", "properties": { "ID": 4254200000781, "正式名称": "日本調剤桜馬場薬局", "機関区分": 5, "都道府県コード": 42, "市区町村コード": 201, "所在地": "長崎県長崎市桜馬場１－２－４", "緯度": 32.752861, "経度": 129.887396, "url": "https://www.iryou.teikyouseido.mhlw.go.jp/znk-web/juminkanja/S2430/initialize?prefCd=42&kikanCd=4200000781&kikanKbn=5", "url2": "http://www.nicho.co.jp", "内容": "日本調剤桜馬場薬局【5:薬局】長崎県長崎市桜馬場１－２－４" }, "geometry": { "type": "Point", "coordinates": [ 129.887396, 32.752861 ] } },
{ "type": "Feature", "properties": { "ID": 4254200000782, "正式名称": "長崎調剤薬局富の原店", "機関区分": 5, "都道府県コード": 42, "市区町村コード": 205, "所在地": "長崎県大村市富の原２－７４８－１", "緯度": 32.942487, "経度": 129.936903, "url": "https://www.iryou.teikyouseido.mhlw.go.jp/znk-web/juminkanja/S2430/initialize?prefCd=42&kikanCd=4200000782&kikanKbn=5", "url2": "http://www.kiyama-drug.com/", "内容": "長崎調剤薬局富の原店【5:薬局】長崎県大村市富の原２－７４８－１" }, "geometry": { "type": "Point", "coordinates": [ 129.936903, 32.942487 ] } },
{ "type": "Feature", "properties": { "ID": 4254200000783, "正式名称": "よつば調剤薬局", "機関区分": 5, "都道府県コード": 42, "市区町村コード": 202, "所在地": "長崎県佐世保市高天町５－１５", "緯度": 33.172274, "経度": 129.725925, "url": "https://www.iryou.teikyouseido.mhlw.go.jp/znk-web/juminkanja/S2430/initialize?prefCd=42&kikanCd=4200000783&kikanKbn=5", "url2": "http://www.kusurinomadoguchi.com/nagasaki/s77033", "内容": "よつば調剤薬局【5:薬局】長崎県佐世保市高天町５－１５" }, "geometry": { "type": "Point", "coordinates": [ 129.725925, 33.172274 ] } },
{ "type": "Feature", "properties": { "ID": 4254200000784, "正式名称": "溝上薬局中安徳店", "機関区分": 5, "都道府県コード": 42, "市区町村コード": 203, "所在地": "長崎県島原市中安徳町４３６６－１", "緯度": 32.743603, "経度": 130.368704, "url": "https://www.iryou.teikyouseido.mhlw.go.jp/znk-web/juminkanja/S2430/initialize?prefCd=42&kikanCd=4200000784&kikanKbn=5", "url2": "http://www.miz-pharmacy.co.jp", "内容": "溝上薬局中安徳店【5:薬局】長崎県島原市中安徳町４３６６－１" }, "geometry": { "type": "Point", "coordinates": [ 130.368704, 32.743603 ] } },
{ "type": "Feature", "properties": { "ID": 4254200000785, "正式名称": "日本調剤ニュータウン薬局", "機関区分": 5, "都道府県コード": 42, "市区町村コード": 204, "所在地": "長崎県諫早市山川町４－２", "緯度": 32.846374, "経度": 130.025376, "url": "https://www.iryou.teikyouseido.mhlw.go.jp/znk-web/juminkanja/S2430/initialize?prefCd=42&kikanCd=4200000785&kikanKbn=5", "url2": "http://www.nicho.co.jp/tenpo/nyuutaun/", "内容": "日本調剤ニュータウン薬局【5:薬局】長崎県諫早市山川町４－２" }, "geometry": { "type": "Point", "coordinates": [ 130.025376, 32.846374 ] } },
{ "type": "Feature", "properties": { "ID": 4254200000787, "正式名称": "ことひら薬局", "機関区分": 5, "都道府県コード": 42, "市区町村コード": 202, "所在地": "長崎県佐世保市御船町５－３０", "緯度": 33.169217, "経度": 129.705749, "url": "https://www.iryou.teikyouseido.mhlw.go.jp/znk-web/juminkanja/S2430/initialize?prefCd=42&kikanCd=4200000787&kikanKbn=5", "url2": "http://www.azuma-pharmacy.jp", "内容": "ことひら薬局【5:薬局】長崎県佐世保市御船町５－３０" }, "geometry": { "type": "Point", "coordinates": [ 129.705749, 33.169217 ] } },
{ "type": "Feature", "properties": { "ID": 4254200000789, "正式名称": "井手薬局京町店", "機関区分": 5, "都道府県コード": 42, "市区町村コード": 202, "所在地": "長崎県佐世保市下京町９－１９", "緯度": 33.169099, "経度": 129.723471, "url": "https://www.iryou.teikyouseido.mhlw.go.jp/znk-web/juminkanja/S2430/initialize?prefCd=42&kikanCd=4200000789&kikanKbn=5", "url2": "http://www.ide-medicine.co.jp", "内容": "井手薬局京町店【5:薬局】長崎県佐世保市下京町９－１９" }, "geometry": { "type": "Point", "coordinates": [ 129.723471, 33.169099 ] } },
{ "type": "Feature", "properties": { "ID": 4254200000791, "正式名称": "平山台薬局", "機関区分": 5, "都道府県コード": 42, "市区町村コード": 201, "所在地": "長崎県長崎市平山台１丁目１－１３", "緯度": 32.662298, "経度": 129.834612, "url": "https://www.iryou.teikyouseido.mhlw.go.jp/znk-web/juminkanja/S2430/initialize?prefCd=42&kikanCd=4200000791&kikanKbn=5", "url2": null, "内容": "平山台薬局【5:薬局】長崎県長崎市平山台１丁目１－１３" }, "geometry": { "type": "Point", "coordinates": [ 129.834612, 32.662298 ] } },
{ "type": "Feature", "properties": { "ID": 4254200000792, "正式名称": "うおのめ薬局", "機関区分": 5, "都道府県コード": 42, "市区町村コード": 411, "所在地": "長崎県南松浦郡新上五島町榎津郷２１５", "緯度": 32.996183, "経度": 129.091895, "url": "https://www.iryou.teikyouseido.mhlw.go.jp/znk-web/juminkanja/S2430/initialize?prefCd=42&kikanCd=4200000792&kikanKbn=5", "url2": null, "内容": "うおのめ薬局【5:薬局】長崎県南松浦郡新上五島町榎津郷２１５" }, "geometry": { "type": "Point", "coordinates": [ 129.091895, 32.996183 ] } },
{ "type": "Feature", "properties": { "ID": 4254200000794, "正式名称": "東小路薬局", "機関区分": 5, "都道府県コード": 42, "市区町村コード": 204, "所在地": "長崎県諫早市東小路町１２－７", "緯度": 32.842005, "経度": 130.054831, "url": "https://www.iryou.teikyouseido.mhlw.go.jp/znk-web/juminkanja/S2430/initialize?prefCd=42&kikanCd=4200000794&kikanKbn=5", "url2": "http://www.totasu.jp", "内容": "東小路薬局【5:薬局】長崎県諫早市東小路町１２－７" }, "geometry": { "type": "Point", "coordinates": [ 130.054831, 32.842005 ] } },
{ "type": "Feature", "properties": { "ID": 4254200000795, "正式名称": "小阪薬局浜田町店", "機関区分": 5, "都道府県コード": 42, "市区町村コード": 202, "所在地": "長崎県佐世保市浜田町２－５", "緯度": 33.175406, "経度": 129.716923, "url": "https://www.iryou.teikyouseido.mhlw.go.jp/znk-web/juminkanja/S2430/initialize?prefCd=42&kikanCd=4200000795&kikanKbn=5", "url2": "kosakapharmacy.com", "内容": "小阪薬局浜田町店【5:薬局】長崎県佐世保市浜田町２－５" }, "geometry": { "type": "Point", "coordinates": [ 129.716923, 33.175406 ] } },
{ "type": "Feature", "properties": { "ID": 4254200000796, "正式名称": "松村らんらん薬局", "機関区分": 5, "都道府県コード": 42, "市区町村コード": 411, "所在地": "長崎県南松浦郡新上五島町奈良尾郷１０１９", "緯度": 32.846253, "経度": 129.056872, "url": "https://www.iryou.teikyouseido.mhlw.go.jp/znk-web/juminkanja/S2430/initialize?prefCd=42&kikanCd=4200000796&kikanKbn=5", "url2": null, "内容": "松村らんらん薬局【5:薬局】長崎県南松浦郡新上五島町奈良尾郷１０１９" }, "geometry": { "type": "Point", "coordinates": [ 129.056872, 32.846253 ] } },
{ "type": "Feature", "properties": { "ID": 4254200000797, "正式名称": "久山台薬局", "機関区分": 5, "都道府県コード": 42, "市区町村コード": 204, "所在地": "長崎県諫早市久山台４４－１", "緯度": 32.827756, "経度": 129.996622, "url": "https://www.iryou.teikyouseido.mhlw.go.jp/znk-web/juminkanja/S2430/initialize?prefCd=42&kikanCd=4200000797&kikanKbn=5", "url2": null, "内容": "久山台薬局【5:薬局】長崎県諫早市久山台４４－１" }, "geometry": { "type": "Point", "coordinates": [ 129.996622, 32.827756 ] } },
{ "type": "Feature", "properties": { "ID": 4254200000799, "正式名称": "新生堂調剤薬局ミナトパーク店", "機関区分": 5, "都道府県コード": 42, "市区町村コード": 201, "所在地": "長崎県長崎市新地町８－１６", "緯度": 32.741239, "経度": 129.874554, "url": "https://www.iryou.teikyouseido.mhlw.go.jp/znk-web/juminkanja/S2430/initialize?prefCd=42&kikanCd=4200000799&kikanKbn=5", "url2": "https://sinseido-co.jp/", "内容": "新生堂調剤薬局ミナトパーク店【5:薬局】長崎県長崎市新地町８－１６" }, "geometry": { "type": "Point", "coordinates": [ 129.874554, 32.741239 ] } },
{ "type": "Feature", "properties": { "ID": 4254200000800, "正式名称": "有限会社あすなろ薬局ためし店", "機関区分": 5, "都道府県コード": 42, "市区町村コード": 201, "所在地": "長崎県長崎市為石町２５２７－５", "緯度": 32.642942, "経度": 129.834955, "url": "https://www.iryou.teikyouseido.mhlw.go.jp/znk-web/juminkanja/S2430/initialize?prefCd=42&kikanCd=4200000800&kikanKbn=5", "url2": null, "内容": "有限会社あすなろ薬局ためし店【5:薬局】長崎県長崎市為石町２５２７－５" }, "geometry": { "type": "Point", "coordinates": [ 129.834955, 32.642942 ] } },
{ "type": "Feature", "properties": { "ID": 4254200000801, "正式名称": "新生堂調剤薬局有家店", "機関区分": 5, "都道府県コード": 42, "市区町村コード": 214, "所在地": "長崎県南島原市有家町久保２１－３", "緯度": 32.666132, "経度": 130.304256, "url": "https://www.iryou.teikyouseido.mhlw.go.jp/znk-web/juminkanja/S2430/initialize?prefCd=42&kikanCd=4200000801&kikanKbn=5", "url2": "https://sinseido-co.jp", "内容": "新生堂調剤薬局有家店【5:薬局】長崎県南島原市有家町久保２１－３" }, "geometry": { "type": "Point", "coordinates": [ 130.304256, 32.666132 ] } },
{ "type": "Feature", "properties": { "ID": 4254200000802, "正式名称": "さわせ薬局", "機関区分": 5, "都道府県コード": 42, "市区町村コード": 201, "所在地": "長崎県長崎市岩屋町２３－１０", "緯度": 32.802648, "経度": 129.851836, "url": "https://www.iryou.teikyouseido.mhlw.go.jp/znk-web/juminkanja/S2430/initialize?prefCd=42&kikanCd=4200000802&kikanKbn=5", "url2": null, "内容": "さわせ薬局【5:薬局】長崎県長崎市岩屋町２３－１０" }, "geometry": { "type": "Point", "coordinates": [ 129.851836, 32.802648 ] } },
{ "type": "Feature", "properties": { "ID": 4254200000804, "正式名称": "あいの薬局", "機関区分": 5, "都道府県コード": 42, "市区町村コード": 213, "所在地": "長崎県雲仙市愛野町甲３８３５－４", "緯度": 32.818775, "経度": 130.156895, "url": "https://www.iryou.teikyouseido.mhlw.go.jp/znk-web/juminkanja/S2430/initialize?prefCd=42&kikanCd=4200000804&kikanKbn=5", "url2": "http://www.totasu.jp", "内容": "あいの薬局【5:薬局】長崎県雲仙市愛野町甲３８３５－４" }, "geometry": { "type": "Point", "coordinates": [ 130.156895, 32.818775 ] } },
{ "type": "Feature", "properties": { "ID": 4254200000806, "正式名称": "ひとみ薬局愛野店", "機関区分": 5, "都道府県コード": 42, "市区町村コード": 213, "所在地": "長崎県雲仙市愛野町乙５７２－３", "緯度": 32.816435, "経度": 130.152723, "url": "https://www.iryou.teikyouseido.mhlw.go.jp/znk-web/juminkanja/S2430/initialize?prefCd=42&kikanCd=4200000806&kikanKbn=5", "url2": null, "内容": "ひとみ薬局愛野店【5:薬局】長崎県雲仙市愛野町乙５７２－３" }, "geometry": { "type": "Point", "coordinates": [ 130.152723, 32.816435 ] } },
{ "type": "Feature", "properties": { "ID": 4254200000807, "正式名称": "ほんまち薬局", "機関区分": 5, "都道府県コード": 42, "市区町村コード": 213, "所在地": "長崎県雲仙市愛野町甲３８７３－５", "緯度": 32.818788, "経度": 130.156268, "url": "https://www.iryou.teikyouseido.mhlw.go.jp/znk-web/juminkanja/S2430/initialize?prefCd=42&kikanCd=4200000807&kikanKbn=5", "url2": null, "内容": "ほんまち薬局【5:薬局】長崎県雲仙市愛野町甲３８７３－５" }, "geometry": { "type": "Point", "coordinates": [ 130.156268, 32.818788 ] } },
{ "type": "Feature", "properties": { "ID": 4254200000808, "正式名称": "健康堂薬局女の都店", "機関区分": 5, "都道府県コード": 42, "市区町村コード": 307, "所在地": "長崎県西彼杵郡長与町高田郷８５８－７５", "緯度": 32.807034, "経度": 129.879005, "url": "https://www.iryou.teikyouseido.mhlw.go.jp/znk-web/juminkanja/S2430/initialize?prefCd=42&kikanCd=4200000808&kikanKbn=5", "url2": "https://kenkoudo-group.com/", "内容": "健康堂薬局女の都店【5:薬局】長崎県西彼杵郡長与町高田郷８５８－７５" }, "geometry": { "type": "Point", "coordinates": [ 129.879005, 32.807034 ] } },
{ "type": "Feature", "properties": { "ID": 4254200000810, "正式名称": "クオール薬局よろずや町店", "機関区分": 5, "都道府県コード": 42, "市区町村コード": 201, "所在地": "長崎県長崎市万屋町６－２", "緯度": 32.745259, "経度": 129.879336, "url": "https://www.iryou.teikyouseido.mhlw.go.jp/znk-web/juminkanja/S2430/initialize?prefCd=42&kikanCd=4200000810&kikanKbn=5", "url2": "http://www.qol-net.co.jp", "内容": "クオール薬局よろずや町店【5:薬局】長崎県長崎市万屋町６－２" }, "geometry": { "type": "Point", "coordinates": [ 129.879336, 32.745259 ] } },
{ "type": "Feature", "properties": { "ID": 4254200000811, "正式名称": "みやぞえ薬局八幡ビル店", "機関区分": 5, "都道府県コード": 42, "市区町村コード": 202, "所在地": "長崎県佐世保市八幡町４－３－１０５", "緯度": 33.179605, "経度": 129.716136, "url": "https://www.iryou.teikyouseido.mhlw.go.jp/znk-web/juminkanja/S2430/initialize?prefCd=42&kikanCd=4200000811&kikanKbn=5", "url2": null, "内容": "みやぞえ薬局八幡ビル店【5:薬局】長崎県佐世保市八幡町４－３－１０５" }, "geometry": { "type": "Point", "coordinates": [ 129.716136, 33.179605 ] } },
{ "type": "Feature", "properties": { "ID": 4254200000812, "正式名称": "なでしこ薬局", "機関区分": 5, "都道府県コード": 42, "市区町村コード": 201, "所在地": "長崎県長崎市弁天町１４番１４号", "緯度": 32.753249, "経度": 129.862108, "url": "https://www.iryou.teikyouseido.mhlw.go.jp/znk-web/juminkanja/S2430/initialize?prefCd=42&kikanCd=4200000812&kikanKbn=5", "url2": null, "内容": "なでしこ薬局【5:薬局】長崎県長崎市弁天町１４番１４号" }, "geometry": { "type": "Point", "coordinates": [ 129.862108, 32.753249 ] } },
{ "type": "Feature", "properties": { "ID": 4254200000813, "正式名称": "アイ薬局", "機関区分": 5, "都道府県コード": 42, "市区町村コード": 201, "所在地": "長崎県長崎市深堀町１－１１－１０８", "緯度": 32.685502, "経度": 129.834124, "url": "https://www.iryou.teikyouseido.mhlw.go.jp/znk-web/juminkanja/S2430/initialize?prefCd=42&kikanCd=4200000813&kikanKbn=5", "url2": null, "内容": "アイ薬局【5:薬局】長崎県長崎市深堀町１－１１－１０８" }, "geometry": { "type": "Point", "coordinates": [ 129.834124, 32.685502 ] } },
{ "type": "Feature", "properties": { "ID": 4254200000814, "正式名称": "げんき堂薬局おおせと店", "機関区分": 5, "都道府県コード": 42, "市区町村コード": 212, "所在地": "長崎県西海市大瀬戸町瀬戸樫浦郷１６３", "緯度": 32.93936, "経度": 129.639674, "url": "https://www.iryou.teikyouseido.mhlw.go.jp/znk-web/juminkanja/S2430/initialize?prefCd=42&kikanCd=4200000814&kikanKbn=5", "url2": "http://www.genkido-ph.jp", "内容": "げんき堂薬局おおせと店【5:薬局】長崎県西海市大瀬戸町瀬戸樫浦郷１６３" }, "geometry": { "type": "Point", "coordinates": [ 129.639674, 32.93936 ] } },
{ "type": "Feature", "properties": { "ID": 4254200000815, "正式名称": "三城薬局", "機関区分": 5, "都道府県コード": 42, "市区町村コード": 205, "所在地": "長崎県大村市三城町６２９－１", "緯度": 32.914782, "経度": 129.966196, "url": "https://www.iryou.teikyouseido.mhlw.go.jp/znk-web/juminkanja/S2430/initialize?prefCd=42&kikanCd=4200000815&kikanKbn=5", "url2": null, "内容": "三城薬局【5:薬局】長崎県大村市三城町６２９－１" }, "geometry": { "type": "Point", "coordinates": [ 129.966196, 32.914782 ] } },
{ "type": "Feature", "properties": { "ID": 4254200000816, "正式名称": "東町薬局", "機関区分": 5, "都道府県コード": 42, "市区町村コード": 201, "所在地": "長崎県長崎市東町１９１８番地３", "緯度": 32.778905, "経度": 129.954849, "url": "https://www.iryou.teikyouseido.mhlw.go.jp/znk-web/juminkanja/S2430/initialize?prefCd=42&kikanCd=4200000816&kikanKbn=5", "url2": "http://inkikaku.net", "内容": "東町薬局【5:薬局】長崎県長崎市東町１９１８番地３" }, "geometry": { "type": "Point", "coordinates": [ 129.954849, 32.778905 ] } },
{ "type": "Feature", "properties": { "ID": 4254200000817, "正式名称": "溝上薬局記念病院前店", "機関区分": 5, "都道府県コード": 42, "市区町村コード": 201, "所在地": "長崎県長崎市深堀町１丁目１１番８２号", "緯度": 32.685669, "経度": 129.833906, "url": "https://www.iryou.teikyouseido.mhlw.go.jp/znk-web/juminkanja/S2430/initialize?prefCd=42&kikanCd=4200000817&kikanKbn=5", "url2": "http://www.miz-pharmacy.co.jp/miz-nagasaki", "内容": "溝上薬局記念病院前店【5:薬局】長崎県長崎市深堀町１丁目１１番８２号" }, "geometry": { "type": "Point", "coordinates": [ 129.833906, 32.685669 ] } },
{ "type": "Feature", "properties": { "ID": 4254200000818, "正式名称": "溝上薬局深堀店", "機関区分": 5, "都道府県コード": 42, "市区町村コード": 201, "所在地": "長崎県長崎市深堀町１丁目１１番１１５号", "緯度": 32.685949, "経度": 129.83247, "url": "https://www.iryou.teikyouseido.mhlw.go.jp/znk-web/juminkanja/S2430/initialize?prefCd=42&kikanCd=4200000818&kikanKbn=5", "url2": "http://www.miz-pharmacy.co.jp/miz-nagasaki", "内容": "溝上薬局深堀店【5:薬局】長崎県長崎市深堀町１丁目１１番１１５号" }, "geometry": { "type": "Point", "coordinates": [ 129.83247, 32.685949 ] } },
{ "type": "Feature", "properties": { "ID": 4254200000819, "正式名称": "アイン薬局田上店", "機関区分": 5, "都道府県コード": 42, "市区町村コード": 201, "所在地": "長崎県長崎市田上３－４－３　１Ｆ", "緯度": 32.725431, "経度": 129.887549, "url": "https://www.iryou.teikyouseido.mhlw.go.jp/znk-web/juminkanja/S2430/initialize?prefCd=42&kikanCd=4200000819&kikanKbn=5", "url2": "http://www.ainj.co.jp/", "内容": "アイン薬局田上店【5:薬局】長崎県長崎市田上３－４－３　１Ｆ" }, "geometry": { "type": "Point", "coordinates": [ 129.887549, 32.725431 ] } },
{ "type": "Feature", "properties": { "ID": 4254200000820, "正式名称": "セレケア薬局大岳台支店", "機関区分": 5, "都道府県コード": 42, "市区町村コード": 202, "所在地": "長崎県佐世保市大岳台町２１－１", "緯度": 33.149111, "経度": 129.76327, "url": "https://www.iryou.teikyouseido.mhlw.go.jp/znk-web/juminkanja/S2430/initialize?prefCd=42&kikanCd=4200000820&kikanKbn=5", "url2": null, "内容": "セレケア薬局大岳台支店【5:薬局】長崎県佐世保市大岳台町２１－１" }, "geometry": { "type": "Point", "coordinates": [ 129.76327, 33.149111 ] } },
{ "type": "Feature", "properties": { "ID": 4254200000821, "正式名称": "そうごう薬局大村幸町店", "機関区分": 5, "都道府県コード": 42, "市区町村コード": 205, "所在地": "長崎県大村市幸町２５－７２", "緯度": 32.902988, "経度": 129.955118, "url": "https://www.iryou.teikyouseido.mhlw.go.jp/znk-web/juminkanja/S2430/initialize?prefCd=42&kikanCd=4200000821&kikanKbn=5", "url2": "http://www.sogo-medical.co.jp", "内容": "そうごう薬局大村幸町店【5:薬局】長崎県大村市幸町２５－７２" }, "geometry": { "type": "Point", "coordinates": [ 129.955118, 32.902988 ] } },
{ "type": "Feature", "properties": { "ID": 4254200000822, "正式名称": "波佐見たけべた薬局", "機関区分": 5, "都道府県コード": 42, "市区町村コード": 323, "所在地": "長崎県東彼杵郡波佐見町岳辺田郷１４１－４", "緯度": 33.105431, "経度": 129.872818, "url": "https://www.iryou.teikyouseido.mhlw.go.jp/znk-web/juminkanja/S2430/initialize?prefCd=42&kikanCd=4200000822&kikanKbn=5", "url2": "https://www.kusurinomadoguchi.com/nagasaki/s1000090155", "内容": "波佐見たけべた薬局【5:薬局】長崎県東彼杵郡波佐見町岳辺田郷１４１－４" }, "geometry": { "type": "Point", "coordinates": [ 129.872818, 33.105431 ] } },
{ "type": "Feature", "properties": { "ID": 4254200000823, "正式名称": "げんき堂薬局大塔店", "機関区分": 5, "都道府県コード": 42, "市区町村コード": 202, "所在地": "長崎県佐世保市大塔町１９－１７", "緯度": 33.150773, "経度": 129.77957, "url": "https://www.iryou.teikyouseido.mhlw.go.jp/znk-web/juminkanja/S2430/initialize?prefCd=42&kikanCd=4200000823&kikanKbn=5", "url2": "http://www.genkido-ph.jp", "内容": "げんき堂薬局大塔店【5:薬局】長崎県佐世保市大塔町１９－１７" }, "geometry": { "type": "Point", "coordinates": [ 129.77957, 33.150773 ] } },
{ "type": "Feature", "properties": { "ID": 4254200000824, "正式名称": "井手薬局松浦店", "機関区分": 5, "都道府県コード": 42, "市区町村コード": 202, "所在地": "長崎県佐世保市松浦町２－９", "緯度": 33.174681, "経度": 129.718332, "url": "https://www.iryou.teikyouseido.mhlw.go.jp/znk-web/juminkanja/S2430/initialize?prefCd=42&kikanCd=4200000824&kikanKbn=5", "url2": "http://www.ide-medicine.co.jp", "内容": "井手薬局松浦店【5:薬局】長崎県佐世保市松浦町２－９" }, "geometry": { "type": "Point", "coordinates": [ 129.718332, 33.174681 ] } },
{ "type": "Feature", "properties": { "ID": 4254200000825, "正式名称": "赤迫薬局", "機関区分": 5, "都道府県コード": 42, "市区町村コード": 201, "所在地": "長崎県長崎市中園町２２－２８", "緯度": 32.793144, "経度": 129.857527, "url": "https://www.iryou.teikyouseido.mhlw.go.jp/znk-web/juminkanja/S2430/initialize?prefCd=42&kikanCd=4200000825&kikanKbn=5", "url2": "http://pharmacy-akasako.business.site", "内容": "赤迫薬局【5:薬局】長崎県長崎市中園町２２－２８" }, "geometry": { "type": "Point", "coordinates": [ 129.857527, 32.793144 ] } },
{ "type": "Feature", "properties": { "ID": 4254200000826, "正式名称": "やました薬局", "機関区分": 5, "都道府県コード": 42, "市区町村コード": 204, "所在地": "長崎県諫早市福田町２４０５－３", "緯度": 32.862311, "経度": 130.055631, "url": "https://www.iryou.teikyouseido.mhlw.go.jp/znk-web/juminkanja/S2430/initialize?prefCd=42&kikanCd=4200000826&kikanKbn=5", "url2": null, "内容": "やました薬局【5:薬局】長崎県諫早市福田町２４０５－３" }, "geometry": { "type": "Point", "coordinates": [ 130.055631, 32.862311 ] } },
{ "type": "Feature", "properties": { "ID": 4254200000827, "正式名称": "そうごう薬局大村古賀島町店", "機関区分": 5, "都道府県コード": 42, "市区町村コード": 205, "所在地": "長崎県大村市古賀島町１７７７－１", "緯度": 32.93071, "経度": 129.937512, "url": "https://www.iryou.teikyouseido.mhlw.go.jp/znk-web/juminkanja/S2430/initialize?prefCd=42&kikanCd=4200000827&kikanKbn=5", "url2": "http://www.sogo-medical.co.jp", "内容": "そうごう薬局大村古賀島町店【5:薬局】長崎県大村市古賀島町１７７７－１" }, "geometry": { "type": "Point", "coordinates": [ 129.937512, 32.93071 ] } },
{ "type": "Feature", "properties": { "ID": 4254200000828, "正式名称": "おおて町薬局", "機関区分": 5, "都道府県コード": 42, "市区町村コード": 201, "所在地": "長崎県長崎市大手１－２８－１５", "緯度": 32.78924, "経度": 129.875266, "url": "https://www.iryou.teikyouseido.mhlw.go.jp/znk-web/juminkanja/S2430/initialize?prefCd=42&kikanCd=4200000828&kikanKbn=5", "url2": "http://capsule-design.net", "内容": "おおて町薬局【5:薬局】長崎県長崎市大手１－２８－１５" }, "geometry": { "type": "Point", "coordinates": [ 129.875266, 32.78924 ] } },
{ "type": "Feature", "properties": { "ID": 4254200000829, "正式名称": "はまゆう薬局", "機関区分": 5, "都道府県コード": 42, "市区町村コード": 308, "所在地": "長崎県西彼杵郡時津町浜田郷７５６－２", "緯度": 32.830715, "経度": 129.862613, "url": "https://www.iryou.teikyouseido.mhlw.go.jp/znk-web/juminkanja/S2430/initialize?prefCd=42&kikanCd=4200000829&kikanKbn=5", "url2": null, "内容": "はまゆう薬局【5:薬局】長崎県西彼杵郡時津町浜田郷７５６－２" }, "geometry": { "type": "Point", "coordinates": [ 129.862613, 32.830715 ] } },
{ "type": "Feature", "properties": { "ID": 4254200000830, "正式名称": "有限会社竹の久保調剤薬局元船店", "機関区分": 5, "都道府県コード": 42, "市区町村コード": 201, "所在地": "長崎県長崎市元船町７－１３元船ビル１階", "緯度": 32.747111, "経度": 129.87211, "url": "https://www.iryou.teikyouseido.mhlw.go.jp/znk-web/juminkanja/S2430/initialize?prefCd=42&kikanCd=4200000830&kikanKbn=5", "url2": "https://takenokubo16pharmacy.wixsite.com/takenokubo", "内容": "有限会社竹の久保調剤薬局元船店【5:薬局】長崎県長崎市元船町７－１３元船ビル１階" }, "geometry": { "type": "Point", "coordinates": [ 129.87211, 32.747111 ] } },
{ "type": "Feature", "properties": { "ID": 4254200000831, "正式名称": "にこにこ薬局", "機関区分": 5, "都道府県コード": 42, "市区町村コード": 201, "所在地": "長崎県長崎市大浦町８－３０", "緯度": 32.735922, "経度": 129.871444, "url": "https://www.iryou.teikyouseido.mhlw.go.jp/znk-web/juminkanja/S2430/initialize?prefCd=42&kikanCd=4200000831&kikanKbn=5", "url2": null, "内容": "にこにこ薬局【5:薬局】長崎県長崎市大浦町８－３０" }, "geometry": { "type": "Point", "coordinates": [ 129.871444, 32.735922 ] } },
{ "type": "Feature", "properties": { "ID": 4254200000832, "正式名称": "諏訪薬局峯の平店", "機関区分": 5, "都道府県コード": 42, "市区町村コード": 205, "所在地": "長崎県大村市上諏訪町８３８－１", "緯度": 32.921963, "経度": 129.965271, "url": "https://www.iryou.teikyouseido.mhlw.go.jp/znk-web/juminkanja/S2430/initialize?prefCd=42&kikanCd=4200000832&kikanKbn=5", "url2": "https://www.suwa-pharmacy.jp/", "内容": "諏訪薬局峯の平店【5:薬局】長崎県大村市上諏訪町８３８－１" }, "geometry": { "type": "Point", "coordinates": [ 129.965271, 32.921963 ] } },
{ "type": "Feature", "properties": { "ID": 4254200000833, "正式名称": "はくあい堂薬局", "機関区分": 5, "都道府県コード": 42, "市区町村コード": 203, "所在地": "長崎県島原市新湊１－４２", "緯度": 32.762515, "経度": 130.369557, "url": "https://www.iryou.teikyouseido.mhlw.go.jp/znk-web/juminkanja/S2430/initialize?prefCd=42&kikanCd=4200000833&kikanKbn=5", "url2": "http://www.hakuaido-p.co.jp", "内容": "はくあい堂薬局【5:薬局】長崎県島原市新湊１－４２" }, "geometry": { "type": "Point", "coordinates": [ 130.369557, 32.762515 ] } },
{ "type": "Feature", "properties": { "ID": 4254200000834, "正式名称": "小野島薬局", "機関区分": 5, "都道府県コード": 42, "市区町村コード": 204, "所在地": "長崎県諫早市小野島町１３２－１", "緯度": 32.837478, "経度": 130.093349, "url": "https://www.iryou.teikyouseido.mhlw.go.jp/znk-web/juminkanja/S2430/initialize?prefCd=42&kikanCd=4200000834&kikanKbn=5", "url2": "http://www.marinegroup.jp", "内容": "小野島薬局【5:薬局】長崎県諫早市小野島町１３２－１" }, "geometry": { "type": "Point", "coordinates": [ 130.093349, 32.837478 ] } },
{ "type": "Feature", "properties": { "ID": 4254200000835, "正式名称": "有限会社吉牟田薬局光町店", "機関区分": 5, "都道府県コード": 42, "市区町村コード": 202, "所在地": "長崎県佐世保市光町１－５", "緯度": 33.207265, "経度": 129.651715, "url": "https://www.iryou.teikyouseido.mhlw.go.jp/znk-web/juminkanja/S2430/initialize?prefCd=42&kikanCd=4200000835&kikanKbn=5", "url2": "http://www.yoshimuta.com/", "内容": "有限会社吉牟田薬局光町店【5:薬局】長崎県佐世保市光町１－５" }, "geometry": { "type": "Point", "coordinates": [ 129.651715, 33.207265 ] } },
{ "type": "Feature", "properties": { "ID": 4254200000836, "正式名称": "そうごう薬局諫早小野町店", "機関区分": 5, "都道府県コード": 42, "市区町村コード": 204, "所在地": "長崎県諫早市小野町３３２－１", "緯度": 32.835493, "経度": 130.094751, "url": "https://www.iryou.teikyouseido.mhlw.go.jp/znk-web/juminkanja/S2430/initialize?prefCd=42&kikanCd=4200000836&kikanKbn=5", "url2": "http://sogo-medical.co.jp", "内容": "そうごう薬局諫早小野町店【5:薬局】長崎県諫早市小野町３３２－１" }, "geometry": { "type": "Point", "coordinates": [ 130.094751, 32.835493 ] } },
{ "type": "Feature", "properties": { "ID": 4254200000837, "正式名称": "ニック調剤薬局本山店", "機関区分": 5, "都道府県コード": 42, "市区町村コード": 202, "所在地": "長崎県佐世保市下本山町１３１４－１", "緯度": 33.206037, "経度": 129.681942, "url": "https://www.iryou.teikyouseido.mhlw.go.jp/znk-web/juminkanja/S2430/initialize?prefCd=42&kikanCd=4200000837&kikanKbn=5", "url2": "http://www.n-i-c.co.jp/drugstore-motoyama.html", "内容": "ニック調剤薬局本山店【5:薬局】長崎県佐世保市下本山町１３１４－１" }, "geometry": { "type": "Point", "coordinates": [ 129.681942, 33.206037 ] } },
{ "type": "Feature", "properties": { "ID": 4254200000838, "正式名称": "アイン薬局長崎中央店", "機関区分": 5, "都道府県コード": 42, "市区町村コード": 201, "所在地": "長崎県長崎市東山手町１－１１", "緯度": 32.73938, "経度": 129.87299, "url": "https://www.iryou.teikyouseido.mhlw.go.jp/znk-web/juminkanja/S2430/initialize?prefCd=42&kikanCd=4200000838&kikanKbn=5", "url2": "http://ainj.co.jp/", "内容": "アイン薬局長崎中央店【5:薬局】長崎県長崎市東山手町１－１１" }, "geometry": { "type": "Point", "coordinates": [ 129.87299, 32.73938 ] } },
{ "type": "Feature", "properties": { "ID": 4254200000839, "正式名称": "日本調剤長崎薬局", "機関区分": 5, "都道府県コード": 42, "市区町村コード": 201, "所在地": "長崎県長崎市東山手町１－９ホークヒルズ東山手１Ｆ", "緯度": 32.73934, "経度": 129.872856, "url": "https://www.iryou.teikyouseido.mhlw.go.jp/znk-web/juminkanja/S2430/initialize?prefCd=42&kikanCd=4200000839&kikanKbn=5", "url2": "https://www.nicho.co.jp/tenpo/nagasaki/", "内容": "日本調剤長崎薬局【5:薬局】長崎県長崎市東山手町１－９ホークヒルズ東山手１Ｆ" }, "geometry": { "type": "Point", "coordinates": [ 129.872856, 32.73934 ] } },
{ "type": "Feature", "properties": { "ID": 4254200000840, "正式名称": "奈留薬局", "機関区分": 5, "都道府県コード": 42, "市区町村コード": 211, "所在地": "長崎県五島市奈留町浦", "緯度": 32.832104, "経度": 128.933967, "url": "https://www.iryou.teikyouseido.mhlw.go.jp/znk-web/juminkanja/S2430/initialize?prefCd=42&kikanCd=4200000840&kikanKbn=5", "url2": "https://emiplus.life/", "内容": "奈留薬局【5:薬局】長崎県五島市奈留町浦" }, "geometry": { "type": "Point", "coordinates": [ 128.933967, 32.832104 ] } },
{ "type": "Feature", "properties": { "ID": 4254200000841, "正式名称": "ヤクシン薬局御館山店", "機関区分": 5, "都道府県コード": 42, "市区町村コード": 204, "所在地": "長崎県諫早市永昌町４３－１９", "緯度": 32.848344, "経度": 130.038118, "url": "https://www.iryou.teikyouseido.mhlw.go.jp/znk-web/juminkanja/S2430/initialize?prefCd=42&kikanCd=4200000841&kikanKbn=5", "url2": "http://www.yakushin-pg.co.jp", "内容": "ヤクシン薬局御館山店【5:薬局】長崎県諫早市永昌町４３－１９" }, "geometry": { "type": "Point", "coordinates": [ 130.038118, 32.848344 ] } },
{ "type": "Feature", "properties": { "ID": 4254200000842, "正式名称": "のどか薬局指方店", "機関区分": 5, "都道府県コード": 42, "市区町村コード": 202, "所在地": "長崎県佐世保市指方町２２２０－５", "緯度": 33.106851, "経度": 129.784855, "url": "https://www.iryou.teikyouseido.mhlw.go.jp/znk-web/juminkanja/S2430/initialize?prefCd=42&kikanCd=4200000842&kikanKbn=5", "url2": "http://nodoka-p.com/", "内容": "のどか薬局指方店【5:薬局】長崎県佐世保市指方町２２２０－５" }, "geometry": { "type": "Point", "coordinates": [ 129.784855, 33.106851 ] } },
{ "type": "Feature", "properties": { "ID": 4254200000843, "正式名称": "長崎調剤薬局宮小路店", "機関区分": 5, "都道府県コード": 42, "市区町村コード": 205, "所在地": "長崎県大村市宮小路３－１３３４－６", "緯度": 32.953564, "経度": 129.943386, "url": "https://www.iryou.teikyouseido.mhlw.go.jp/znk-web/juminkanja/S2430/initialize?prefCd=42&kikanCd=4200000843&kikanKbn=5", "url2": "http://www.kiyama-drug.com/", "内容": "長崎調剤薬局宮小路店【5:薬局】長崎県大村市宮小路３－１３３４－６" }, "geometry": { "type": "Point", "coordinates": [ 129.943386, 32.953564 ] } },
{ "type": "Feature", "properties": { "ID": 4254200000844, "正式名称": "くやま薬局", "機関区分": 5, "都道府県コード": 42, "市区町村コード": 204, "所在地": "長崎県諫早市久山町２１７７－１", "緯度": 32.831208, "経度": 130.002115, "url": "https://www.iryou.teikyouseido.mhlw.go.jp/znk-web/juminkanja/S2430/initialize?prefCd=42&kikanCd=4200000844&kikanKbn=5", "url2": "http://oneheart.co.jp/", "内容": "くやま薬局【5:薬局】長崎県諫早市久山町２１７７－１" }, "geometry": { "type": "Point", "coordinates": [ 130.002115, 32.831208 ] } },
{ "type": "Feature", "properties": { "ID": 4254200000845, "正式名称": "そうごう薬局芦辺店", "機関区分": 5, "都道府県コード": 42, "市区町村コード": 210, "所在地": "長崎県壱岐市芦辺町芦辺浦６０６－１", "緯度": 33.801369, "経度": 129.761641, "url": "https://www.iryou.teikyouseido.mhlw.go.jp/znk-web/juminkanja/S2430/initialize?prefCd=42&kikanCd=4200000845&kikanKbn=5", "url2": "http://sogo-medical.co.jp", "内容": "そうごう薬局芦辺店【5:薬局】長崎県壱岐市芦辺町芦辺浦６０６－１" }, "geometry": { "type": "Point", "coordinates": [ 129.761641, 33.801369 ] } },
{ "type": "Feature", "properties": { "ID": 4254200000846, "正式名称": "そうごう薬局対馬広域センター店", "機関区分": 5, "都道府県コード": 42, "市区町村コード": 209, "所在地": "長崎県対馬市美津島町鶏知乙５２０－１６", "緯度": 34.272083, "経度": 129.318636, "url": "https://www.iryou.teikyouseido.mhlw.go.jp/znk-web/juminkanja/S2430/initialize?prefCd=42&kikanCd=4200000846&kikanKbn=5", "url2": null, "内容": "そうごう薬局対馬広域センター店【5:薬局】長崎県対馬市美津島町鶏知乙５２０－１６" }, "geometry": { "type": "Point", "coordinates": [ 129.318636, 34.272083 ] } },
{ "type": "Feature", "properties": { "ID": 4254200000847, "正式名称": "あさひ調剤薬局", "機関区分": 5, "都道府県コード": 42, "市区町村コード": 213, "所在地": "長崎県雲仙市国見町神代己２５６－１", "緯度": 32.875219, "経度": 130.282591, "url": "https://www.iryou.teikyouseido.mhlw.go.jp/znk-web/juminkanja/S2430/initialize?prefCd=42&kikanCd=4200000847&kikanKbn=5", "url2": "https://www.kunimipharmacy.com/", "内容": "あさひ調剤薬局【5:薬局】長崎県雲仙市国見町神代己２５６－１" }, "geometry": { "type": "Point", "coordinates": [ 130.282591, 32.875219 ] } },
{ "type": "Feature", "properties": { "ID": 4254200000851, "正式名称": "クオール薬局佐世保天神店", "機関区分": 5, "都道府県コード": 42, "市区町村コード": 202, "所在地": "長崎県佐世保市天神５－１７－１４", "緯度": 33.151004, "経度": 129.738791, "url": "https://www.iryou.teikyouseido.mhlw.go.jp/znk-web/juminkanja/S2430/initialize?prefCd=42&kikanCd=4200000851&kikanKbn=5", "url2": "http://www.qol-net.co.jp/pharmacy/map/detail.php?id=584", "内容": "クオール薬局佐世保天神店【5:薬局】長崎県佐世保市天神５－１７－１４" }, "geometry": { "type": "Point", "coordinates": [ 129.738791, 33.151004 ] } },
{ "type": "Feature", "properties": { "ID": 4254200000852, "正式名称": "ふじわら薬局", "機関区分": 5, "都道府県コード": 42, "市区町村コード": 202, "所在地": "長崎県佐世保市藤原町３９－１", "緯度": 33.161649, "経度": 129.740387, "url": "https://www.iryou.teikyouseido.mhlw.go.jp/znk-web/juminkanja/S2430/initialize?prefCd=42&kikanCd=4200000852&kikanKbn=5", "url2": "http://www.azuma-pharmacy.jp", "内容": "ふじわら薬局【5:薬局】長崎県佐世保市藤原町３９－１" }, "geometry": { "type": "Point", "coordinates": [ 129.740387, 33.161649 ] } },
{ "type": "Feature", "properties": { "ID": 4254200000853, "正式名称": "友愛薬局サンクル店", "機関区分": 5, "都道府県コード": 42, "市区町村コード": 202, "所在地": "長崎県佐世保市栄町５－９－２Ｆ", "緯度": 33.17325, "経度": 129.719689, "url": "https://www.iryou.teikyouseido.mhlw.go.jp/znk-web/juminkanja/S2430/initialize?prefCd=42&kikanCd=4200000853&kikanKbn=5", "url2": "https://www.e-classa.net/you-i/index.html", "内容": "友愛薬局サンクル店【5:薬局】長崎県佐世保市栄町５－９－２Ｆ" }, "geometry": { "type": "Point", "coordinates": [ 129.719689, 33.17325 ] } },
{ "type": "Feature", "properties": { "ID": 4254200000854, "正式名称": "中通り薬局", "機関区分": 5, "都道府県コード": 42, "市区町村コード": 308, "所在地": "長崎県西彼杵郡時津町浦郷２７４－４", "緯度": 32.829473, "経度": 129.848296, "url": "https://www.iryou.teikyouseido.mhlw.go.jp/znk-web/juminkanja/S2430/initialize?prefCd=42&kikanCd=4200000854&kikanKbn=5", "url2": null, "内容": "中通り薬局【5:薬局】長崎県西彼杵郡時津町浦郷２７４－４" }, "geometry": { "type": "Point", "coordinates": [ 129.848296, 32.829473 ] } },
{ "type": "Feature", "properties": { "ID": 4254200000855, "正式名称": "ハーモニー薬局川棚店", "機関区分": 5, "都道府県コード": 42, "市区町村コード": 322, "所在地": "長崎県東彼杵郡川棚町下組郷３７５－３", "緯度": 33.066997, "経度": 129.858302, "url": "https://www.iryou.teikyouseido.mhlw.go.jp/znk-web/juminkanja/S2430/initialize?prefCd=42&kikanCd=4200000855&kikanKbn=5", "url2": null, "内容": "ハーモニー薬局川棚店【5:薬局】長崎県東彼杵郡川棚町下組郷３７５－３" }, "geometry": { "type": "Point", "coordinates": [ 129.858302, 33.066997 ] } },
{ "type": "Feature", "properties": { "ID": 4254200000856, "正式名称": "ヤクシン薬局ぎんれい店", "機関区分": 5, "都道府県コード": 42, "市区町村コード": 201, "所在地": "長崎県長崎市鍛冶屋町２－１１銀嶺ビル１Ｆ", "緯度": 32.744219, "経度": 129.88092, "url": "https://www.iryou.teikyouseido.mhlw.go.jp/znk-web/juminkanja/S2430/initialize?prefCd=42&kikanCd=4200000856&kikanKbn=5", "url2": "http://www.yakushin-pg.co.jp/", "内容": "ヤクシン薬局ぎんれい店【5:薬局】長崎県長崎市鍛冶屋町２－１１銀嶺ビル１Ｆ" }, "geometry": { "type": "Point", "coordinates": [ 129.88092, 32.744219 ] } },
{ "type": "Feature", "properties": { "ID": 4254200000857, "正式名称": "日本調剤佐世保中央薬局", "機関区分": 5, "都道府県コード": 42, "市区町村コード": 202, "所在地": "長崎県佐世保市島瀬町９－７", "緯度": 33.171288, "経度": 129.720629, "url": "https://www.iryou.teikyouseido.mhlw.go.jp/znk-web/juminkanja/S2430/initialize?prefCd=42&kikanCd=4200000857&kikanKbn=5", "url2": "http://www.nicho.co.jp", "内容": "日本調剤佐世保中央薬局【5:薬局】長崎県佐世保市島瀬町９－７" }, "geometry": { "type": "Point", "coordinates": [ 129.720629, 33.171288 ] } },
{ "type": "Feature", "properties": { "ID": 4254200000858, "正式名称": "ゆうとく薬局大荒店", "機関区分": 5, "都道府県コード": 42, "市区町村コード": 211, "所在地": "長崎県五島市大荒町７４－２", "緯度": 32.695822, "経度": 128.838575, "url": "https://www.iryou.teikyouseido.mhlw.go.jp/znk-web/juminkanja/S2430/initialize?prefCd=42&kikanCd=4200000858&kikanKbn=5", "url2": null, "内容": "ゆうとく薬局大荒店【5:薬局】長崎県五島市大荒町７４－２" }, "geometry": { "type": "Point", "coordinates": [ 128.838575, 32.695822 ] } },
{ "type": "Feature", "properties": { "ID": 4254200000859, "正式名称": "二丁目調剤薬局", "機関区分": 5, "都道府県コード": 42, "市区町村コード": 202, "所在地": "長崎県佐世保市天神２丁目１３－５０", "緯度": 33.148671, "経度": 129.740478, "url": "https://www.iryou.teikyouseido.mhlw.go.jp/znk-web/juminkanja/S2430/initialize?prefCd=42&kikanCd=4200000859&kikanKbn=5", "url2": null, "内容": "二丁目調剤薬局【5:薬局】長崎県佐世保市天神２丁目１３－５０" }, "geometry": { "type": "Point", "coordinates": [ 129.740478, 33.148671 ] } },
{ "type": "Feature", "properties": { "ID": 4254200000861, "正式名称": "西脇金星堂薬局", "機関区分": 5, "都道府県コード": 42, "市区町村コード": 201, "所在地": "長崎県長崎市築町４－２５", "緯度": 32.745077, "経度": 129.87609, "url": "https://www.iryou.teikyouseido.mhlw.go.jp/znk-web/juminkanja/S2430/initialize?prefCd=42&kikanCd=4200000861&kikanKbn=5", "url2": null, "内容": "西脇金星堂薬局【5:薬局】長崎県長崎市築町４－２５" }, "geometry": { "type": "Point", "coordinates": [ 129.87609, 32.745077 ] } },
{ "type": "Feature", "properties": { "ID": 4254200000863, "正式名称": "そうごう薬局対馬中央店", "機関区分": 5, "都道府県コード": 42, "市区町村コード": 209, "所在地": "長崎県対馬市美津島町鶏知乙１１７０", "緯度": 34.285489, "経度": 129.318113, "url": "https://www.iryou.teikyouseido.mhlw.go.jp/znk-web/juminkanja/S2430/initialize?prefCd=42&kikanCd=4200000863&kikanKbn=5", "url2": "http://www.sogo-medical.co.jp/", "内容": "そうごう薬局対馬中央店【5:薬局】長崎県対馬市美津島町鶏知乙１１７０" }, "geometry": { "type": "Point", "coordinates": [ 129.318113, 34.285489 ] } },
{ "type": "Feature", "properties": { "ID": 4254200000865, "正式名称": "はーとふる薬局", "機関区分": 5, "都道府県コード": 42, "市区町村コード": 204, "所在地": "長崎県諫早市金谷町３－２９　光楓ビル１階", "緯度": 32.848453, "経度": 130.05037, "url": "https://www.iryou.teikyouseido.mhlw.go.jp/znk-web/juminkanja/S2430/initialize?prefCd=42&kikanCd=4200000865&kikanKbn=5", "url2": "http://oneheart.co.jp", "内容": "はーとふる薬局【5:薬局】長崎県諫早市金谷町３－２９　光楓ビル１階" }, "geometry": { "type": "Point", "coordinates": [ 130.05037, 32.848453 ] } },
{ "type": "Feature", "properties": { "ID": 4254200000866, "正式名称": "こながい薬局", "機関区分": 5, "都道府県コード": 42, "市区町村コード": 204, "所在地": "長崎県諫早市小長井町小川原浦６５４－５", "緯度": 32.926891, "経度": 130.188337, "url": "https://www.iryou.teikyouseido.mhlw.go.jp/znk-web/juminkanja/S2430/initialize?prefCd=42&kikanCd=4200000866&kikanKbn=5", "url2": "https://konagai0601.com", "内容": "こながい薬局【5:薬局】長崎県諫早市小長井町小川原浦６５４－５" }, "geometry": { "type": "Point", "coordinates": [ 130.188337, 32.926891 ] } },
{ "type": "Feature", "properties": { "ID": 4254200000868, "正式名称": "新大村薬局", "機関区分": 5, "都道府県コード": 42, "市区町村コード": 205, "所在地": "長崎県大村市小路口町２４４－６", "緯度": 32.938624, "経度": 129.958315, "url": "https://www.iryou.teikyouseido.mhlw.go.jp/znk-web/juminkanja/S2430/initialize?prefCd=42&kikanCd=4200000868&kikanKbn=5", "url2": "https://shin-omura.com", "内容": "新大村薬局【5:薬局】長崎県大村市小路口町２４４－６" }, "geometry": { "type": "Point", "coordinates": [ 129.958315, 32.938624 ] } },
{ "type": "Feature", "properties": { "ID": 4254200000870, "正式名称": "はくあい堂新田薬局", "機関区分": 5, "都道府県コード": 42, "市区町村コード": 203, "所在地": "長崎県島原市新田町５８７－１３", "緯度": 32.789398, "経度": 130.371749, "url": "https://www.iryou.teikyouseido.mhlw.go.jp/znk-web/juminkanja/S2430/initialize?prefCd=42&kikanCd=4200000870&kikanKbn=5", "url2": "http://www.hakuaido-p.co.jp", "内容": "はくあい堂新田薬局【5:薬局】長崎県島原市新田町５８７－１３" }, "geometry": { "type": "Point", "coordinates": [ 130.371749, 32.789398 ] } },
{ "type": "Feature", "properties": { "ID": 4254200000872, "正式名称": "コスモス薬局", "機関区分": 5, "都道府県コード": 42, "市区町村コード": 201, "所在地": "長崎県長崎市松が枝町３－１９", "緯度": 32.734974, "経度": 129.871386, "url": "https://www.iryou.teikyouseido.mhlw.go.jp/znk-web/juminkanja/S2430/initialize?prefCd=42&kikanCd=4200000872&kikanKbn=5", "url2": null, "内容": "コスモス薬局【5:薬局】長崎県長崎市松が枝町３－１９" }, "geometry": { "type": "Point", "coordinates": [ 129.871386, 32.734974 ] } },
{ "type": "Feature", "properties": { "ID": 4254200000873, "正式名称": "アイン薬局桜木町店", "機関区分": 5, "都道府県コード": 42, "市区町村コード": 201, "所在地": "長崎県長崎市桜木町２－１９", "緯度": 32.730301, "経度": 129.890051, "url": "https://www.iryou.teikyouseido.mhlw.go.jp/znk-web/juminkanja/S2430/initialize?prefCd=42&kikanCd=4200000873&kikanKbn=5", "url2": "http://www.ainj.co.jp", "内容": "アイン薬局桜木町店【5:薬局】長崎県長崎市桜木町２－１９" }, "geometry": { "type": "Point", "coordinates": [ 129.890051, 32.730301 ] } },
{ "type": "Feature", "properties": { "ID": 4254200000874, "正式名称": "そうごう薬局長崎昭和町店", "機関区分": 5, "都道府県コード": 42, "市区町村コード": 201, "所在地": "長崎県長崎市文教町７－１１－１０１", "緯度": 32.790156, "経度": 129.870518, "url": "https://www.iryou.teikyouseido.mhlw.go.jp/znk-web/juminkanja/S2430/initialize?prefCd=42&kikanCd=4200000874&kikanKbn=5", "url2": null, "内容": "そうごう薬局長崎昭和町店【5:薬局】長崎県長崎市文教町７－１１－１０１" }, "geometry": { "type": "Point", "coordinates": [ 129.870518, 32.790156 ] } },
{ "type": "Feature", "properties": { "ID": 4254200000875, "正式名称": "ひまわり薬局時津店", "機関区分": 5, "都道府県コード": 42, "市区町村コード": 308, "所在地": "長崎県西彼杵郡時津町浜田郷字長田６９５－６", "緯度": 32.831862, "経度": 129.860614, "url": "https://www.iryou.teikyouseido.mhlw.go.jp/znk-web/juminkanja/S2430/initialize?prefCd=42&kikanCd=4200000875&kikanKbn=5", "url2": null, "内容": "ひまわり薬局時津店【5:薬局】長崎県西彼杵郡時津町浜田郷字長田６９５－６" }, "geometry": { "type": "Point", "coordinates": [ 129.860614, 32.831862 ] } },
{ "type": "Feature", "properties": { "ID": 4254200000876, "正式名称": "わかくさ薬局", "機関区分": 5, "都道府県コード": 42, "市区町村コード": 208, "所在地": "長崎県松浦市志佐町高野免１２０－１７", "緯度": 33.332566, "経度": 129.712339, "url": "https://www.iryou.teikyouseido.mhlw.go.jp/znk-web/juminkanja/S2430/initialize?prefCd=42&kikanCd=4200000876&kikanKbn=5", "url2": null, "内容": "わかくさ薬局【5:薬局】長崎県松浦市志佐町高野免１２０－１７" }, "geometry": { "type": "Point", "coordinates": [ 129.712339, 33.332566 ] } },
{ "type": "Feature", "properties": { "ID": 4254200000877, "正式名称": "よしむた薬局", "機関区分": 5, "都道府県コード": 42, "市区町村コード": 307, "所在地": "長崎県西彼杵郡長与町吉無田郷２０２３－１", "緯度": 32.818363, "経度": 129.87923, "url": "https://www.iryou.teikyouseido.mhlw.go.jp/znk-web/juminkanja/S2430/initialize?prefCd=42&kikanCd=4200000877&kikanKbn=5", "url2": null, "内容": "よしむた薬局【5:薬局】長崎県西彼杵郡長与町吉無田郷２０２３－１" }, "geometry": { "type": "Point", "coordinates": [ 129.87923, 32.818363 ] } },
{ "type": "Feature", "properties": { "ID": 4254200000882, "正式名称": "小浜マリーナ薬局", "機関区分": 5, "都道府県コード": 42, "市区町村コード": 213, "所在地": "長崎県雲仙市小浜町マリーナ９", "緯度": 32.723668, "経度": 130.203715, "url": "https://www.iryou.teikyouseido.mhlw.go.jp/znk-web/juminkanja/S2430/initialize?prefCd=42&kikanCd=4200000882&kikanKbn=5", "url2": "https://n-pharmacy.com/", "内容": "小浜マリーナ薬局【5:薬局】長崎県雲仙市小浜町マリーナ９" }, "geometry": { "type": "Point", "coordinates": [ 130.203715, 32.723668 ] } },
{ "type": "Feature", "properties": { "ID": 4254200000883, "正式名称": "ヤマト薬局", "機関区分": 5, "都道府県コード": 42, "市区町村コード": 213, "所在地": "長崎県雲仙市南串山町甲２２２４－６", "緯度": 32.685561, "経度": 130.159144, "url": "https://www.iryou.teikyouseido.mhlw.go.jp/znk-web/juminkanja/S2430/initialize?prefCd=42&kikanCd=4200000883&kikanKbn=5", "url2": "https://yamato-yakkyoku.com", "内容": "ヤマト薬局【5:薬局】長崎県雲仙市南串山町甲２２２４－６" }, "geometry": { "type": "Point", "coordinates": [ 130.159144, 32.685561 ] } },
{ "type": "Feature", "properties": { "ID": 4254200000886, "正式名称": "矢上町薬局", "機関区分": 5, "都道府県コード": 42, "市区町村コード": 201, "所在地": "長崎県長崎市矢上町２５番地１", "緯度": 32.772234, "経度": 129.950562, "url": "https://www.iryou.teikyouseido.mhlw.go.jp/znk-web/juminkanja/S2430/initialize?prefCd=42&kikanCd=4200000886&kikanKbn=5", "url2": null, "内容": "矢上町薬局【5:薬局】長崎県長崎市矢上町２５番地１" }, "geometry": { "type": "Point", "coordinates": [ 129.950562, 32.772234 ] } },
{ "type": "Feature", "properties": { "ID": 4254200000887, "正式名称": "株式会社おおぞら薬局", "機関区分": 5, "都道府県コード": 42, "市区町村コード": 205, "所在地": "長崎県大村市坂口町３７３－５", "緯度": 32.93627, "経度": 129.962512, "url": "https://www.iryou.teikyouseido.mhlw.go.jp/znk-web/juminkanja/S2430/initialize?prefCd=42&kikanCd=4200000887&kikanKbn=5", "url2": null, "内容": "株式会社おおぞら薬局【5:薬局】長崎県大村市坂口町３７３－５" }, "geometry": { "type": "Point", "coordinates": [ 129.962512, 32.93627 ] } },
{ "type": "Feature", "properties": { "ID": 4254200000889, "正式名称": "中里薬局", "機関区分": 5, "都道府県コード": 42, "市区町村コード": 201, "所在地": "長崎県長崎市中里町１０２８－８", "緯度": 32.80109, "経度": 129.963577, "url": "https://www.iryou.teikyouseido.mhlw.go.jp/znk-web/juminkanja/S2430/initialize?prefCd=42&kikanCd=4200000889&kikanKbn=5", "url2": null, "内容": "中里薬局【5:薬局】長崎県長崎市中里町１０２８－８" }, "geometry": { "type": "Point", "coordinates": [ 129.963577, 32.80109 ] } },
{ "type": "Feature", "properties": { "ID": 4254200000891, "正式名称": "ヤクシン薬局イオンタウン長与店", "機関区分": 5, "都道府県コード": 42, "市区町村コード": 307, "所在地": "長崎県西彼杵郡長与町北陽台１－２－１", "緯度": 32.825179, "経度": 129.875047, "url": "https://www.iryou.teikyouseido.mhlw.go.jp/znk-web/juminkanja/S2430/initialize?prefCd=42&kikanCd=4200000891&kikanKbn=5", "url2": "http://www.yakushin-pg.co.jp", "内容": "ヤクシン薬局イオンタウン長与店【5:薬局】長崎県西彼杵郡長与町北陽台１－２－１" }, "geometry": { "type": "Point", "coordinates": [ 129.875047, 32.825179 ] } },
{ "type": "Feature", "properties": { "ID": 4254200000892, "正式名称": "こまち薬局", "機関区分": 5, "都道府県コード": 42, "市区町村コード": 204, "所在地": "長崎県諫早市小野町２８５－６", "緯度": 32.835442, "経度": 130.094254, "url": "https://www.iryou.teikyouseido.mhlw.go.jp/znk-web/juminkanja/S2430/initialize?prefCd=42&kikanCd=4200000892&kikanKbn=5", "url2": "http://oneheart.co.jp", "内容": "こまち薬局【5:薬局】長崎県諫早市小野町２８５－６" }, "geometry": { "type": "Point", "coordinates": [ 130.094254, 32.835442 ] } },
{ "type": "Feature", "properties": { "ID": 4254200000893, "正式名称": "もろおか幸盛堂薬局", "機関区分": 5, "都道府県コード": 42, "市区町村コード": 204, "所在地": "長崎県諫早市本町６－６　ランドアーク本町１０１", "緯度": 32.844047, "経度": 130.055393, "url": "https://www.iryou.teikyouseido.mhlw.go.jp/znk-web/juminkanja/S2430/initialize?prefCd=42&kikanCd=4200000893&kikanKbn=5", "url2": "http://morooka-yakuhin.jp", "内容": "もろおか幸盛堂薬局【5:薬局】長崎県諫早市本町６－６　ランドアーク本町１０１" }, "geometry": { "type": "Point", "coordinates": [ 130.055393, 32.844047 ] } },
{ "type": "Feature", "properties": { "ID": 4254200000895, "正式名称": "こはく堂薬局", "機関区分": 5, "都道府県コード": 42, "市区町村コード": 204, "所在地": "長崎県諫早市東小路町１０－１６", "緯度": 32.84131, "経度": 130.054363, "url": "https://www.iryou.teikyouseido.mhlw.go.jp/znk-web/juminkanja/S2430/initialize?prefCd=42&kikanCd=4200000895&kikanKbn=5", "url2": "http://kohakudo589.com", "内容": "こはく堂薬局【5:薬局】長崎県諫早市東小路町１０－１６" }, "geometry": { "type": "Point", "coordinates": [ 130.054363, 32.84131 ] } },
{ "type": "Feature", "properties": { "ID": 4254200000896, "正式名称": "湯のまち薬局", "機関区分": 5, "都道府県コード": 42, "市区町村コード": 213, "所在地": "長崎県雲仙市小浜町北本町２７－８", "緯度": 32.7315, "経度": 130.207622, "url": "https://www.iryou.teikyouseido.mhlw.go.jp/znk-web/juminkanja/S2430/initialize?prefCd=42&kikanCd=4200000896&kikanKbn=5", "url2": null, "内容": "湯のまち薬局【5:薬局】長崎県雲仙市小浜町北本町２７－８" }, "geometry": { "type": "Point", "coordinates": [ 130.207622, 32.7315 ] } },
{ "type": "Feature", "properties": { "ID": 4254200000897, "正式名称": "原田薬局西栄田店", "機関区分": 5, "都道府県コード": 42, "市区町村コード": 204, "所在地": "長崎県諫早市西栄田町６６２－５", "緯度": 32.85825, "経度": 130.028139, "url": "https://www.iryou.teikyouseido.mhlw.go.jp/znk-web/juminkanja/S2430/initialize?prefCd=42&kikanCd=4200000897&kikanKbn=5", "url2": null, "内容": "原田薬局西栄田店【5:薬局】長崎県諫早市西栄田町６６２－５" }, "geometry": { "type": "Point", "coordinates": [ 130.028139, 32.85825 ] } },
{ "type": "Feature", "properties": { "ID": 4254200000900, "正式名称": "せせらぎ薬局", "機関区分": 5, "都道府県コード": 42, "市区町村コード": 201, "所在地": "長崎県長崎市矢上町４７－２", "緯度": 32.780265, "経度": 129.950913, "url": "https://www.iryou.teikyouseido.mhlw.go.jp/znk-web/juminkanja/S2430/initialize?prefCd=42&kikanCd=4200000900&kikanKbn=5", "url2": null, "内容": "せせらぎ薬局【5:薬局】長崎県長崎市矢上町４７－２" }, "geometry": { "type": "Point", "coordinates": [ 129.950913, 32.780265 ] } },
{ "type": "Feature", "properties": { "ID": 4254200000901, "正式名称": "花しょうぶ薬局", "機関区分": 5, "都道府県コード": 42, "市区町村コード": 205, "所在地": "長崎県大村市大川田町３６３－１", "緯度": 32.944396, "経度": 129.947833, "url": "https://www.iryou.teikyouseido.mhlw.go.jp/znk-web/juminkanja/S2430/initialize?prefCd=42&kikanCd=4200000901&kikanKbn=5", "url2": null, "内容": "花しょうぶ薬局【5:薬局】長崎県大村市大川田町３６３－１" }, "geometry": { "type": "Point", "coordinates": [ 129.947833, 32.944396 ] } },
{ "type": "Feature", "properties": { "ID": 4254200000902, "正式名称": "あおぞら調剤薬局田中町店", "機関区分": 5, "都道府県コード": 42, "市区町村コード": 201, "所在地": "長崎県長崎市田中町２４７", "緯度": 32.764692, "経度": 129.949809, "url": "https://www.iryou.teikyouseido.mhlw.go.jp/znk-web/juminkanja/S2430/initialize?prefCd=42&kikanCd=4200000902&kikanKbn=5", "url2": "oneders-group.com", "内容": "あおぞら調剤薬局田中町店【5:薬局】長崎県長崎市田中町２４７" }, "geometry": { "type": "Point", "coordinates": [ 129.949809, 32.764692 ] } },
{ "type": "Feature", "properties": { "ID": 4254200000906, "正式名称": "宇都薬局", "機関区分": 5, "都道府県コード": 42, "市区町村コード": 204, "所在地": "長崎県諫早市宇都町１８０－１", "緯度": 32.845871, "経度": 130.042015, "url": "https://www.iryou.teikyouseido.mhlw.go.jp/znk-web/juminkanja/S2430/initialize?prefCd=42&kikanCd=4200000906&kikanKbn=5", "url2": null, "内容": "宇都薬局【5:薬局】長崎県諫早市宇都町１８０－１" }, "geometry": { "type": "Point", "coordinates": [ 130.042015, 32.845871 ] } },
{ "type": "Feature", "properties": { "ID": 4254200000907, "正式名称": "トキツ調剤薬局", "機関区分": 5, "都道府県コード": 42, "市区町村コード": 308, "所在地": "長崎県西彼杵郡時津町浦郷２７７－１６", "緯度": 32.829332, "経度": 129.848838, "url": "https://www.iryou.teikyouseido.mhlw.go.jp/znk-web/juminkanja/S2430/initialize?prefCd=42&kikanCd=4200000907&kikanKbn=5", "url2": null, "内容": "トキツ調剤薬局【5:薬局】長崎県西彼杵郡時津町浦郷２７７－１６" }, "geometry": { "type": "Point", "coordinates": [ 129.848838, 32.829332 ] } },
{ "type": "Feature", "properties": { "ID": 4254200000908, "正式名称": "チトセ調剤薬局", "機関区分": 5, "都道府県コード": 42, "市区町村コード": 201, "所在地": "長崎県長崎市千歳町２－７", "緯度": 32.789648, "経度": 129.861248, "url": "https://www.iryou.teikyouseido.mhlw.go.jp/znk-web/juminkanja/S2430/initialize?prefCd=42&kikanCd=4200000908&kikanKbn=5", "url2": null, "内容": "チトセ調剤薬局【5:薬局】長崎県長崎市千歳町２－７" }, "geometry": { "type": "Point", "coordinates": [ 129.861248, 32.789648 ] } },
{ "type": "Feature", "properties": { "ID": 4254200000909, "正式名称": "そうごう薬局　大洋堂店", "機関区分": 5, "都道府県コード": 42, "市区町村コード": 411, "所在地": "長崎県南松浦郡新上五島町青方郷２３２４", "緯度": 32.982547, "経度": 129.067655, "url": "https://www.iryou.teikyouseido.mhlw.go.jp/znk-web/juminkanja/S2430/initialize?prefCd=42&kikanCd=4200000909&kikanKbn=5", "url2": "http://www.sogo-medical.co.jp", "内容": "そうごう薬局　大洋堂店【5:薬局】長崎県南松浦郡新上五島町青方郷２３２４" }, "geometry": { "type": "Point", "coordinates": [ 129.067655, 32.982547 ] } },
{ "type": "Feature", "properties": { "ID": 4254200000910, "正式名称": "かなで薬局", "機関区分": 5, "都道府県コード": 42, "市区町村コード": 205, "所在地": "長崎県大村市小路口町２４４－１１", "緯度": 32.938768, "経度": 129.958517, "url": "https://www.iryou.teikyouseido.mhlw.go.jp/znk-web/juminkanja/S2430/initialize?prefCd=42&kikanCd=4200000910&kikanKbn=5", "url2": "https://harmony-nagasaki.com/", "内容": "かなで薬局【5:薬局】長崎県大村市小路口町２４４－１１" }, "geometry": { "type": "Point", "coordinates": [ 129.958517, 32.938768 ] } },
{ "type": "Feature", "properties": { "ID": 4254200000911, "正式名称": "在宅療養支援つむぎ薬局", "機関区分": 5, "都道府県コード": 42, "市区町村コード": 202, "所在地": "長崎県佐世保市野中町８５－８", "緯度": 33.212568, "経度": 129.705672, "url": "https://www.iryou.teikyouseido.mhlw.go.jp/znk-web/juminkanja/S2430/initialize?prefCd=42&kikanCd=4200000911&kikanKbn=5", "url2": null, "内容": "在宅療養支援つむぎ薬局【5:薬局】長崎県佐世保市野中町８５－８" }, "geometry": { "type": "Point", "coordinates": [ 129.705672, 33.212568 ] } },
{ "type": "Feature", "properties": { "ID": 4254200000912, "正式名称": "東本町薬局", "機関区分": 5, "都道府県コード": 42, "市区町村コード": 204, "所在地": "長崎県諫早市東本町２－１０", "緯度": 32.844241, "経度": 130.056512, "url": "https://www.iryou.teikyouseido.mhlw.go.jp/znk-web/juminkanja/S2430/initialize?prefCd=42&kikanCd=4200000912&kikanKbn=5", "url2": null, "内容": "東本町薬局【5:薬局】長崎県諫早市東本町２－１０" }, "geometry": { "type": "Point", "coordinates": [ 130.056512, 32.844241 ] } },
{ "type": "Feature", "properties": { "ID": 4254200000914, "正式名称": "にこにこ薬局新戸町店", "機関区分": 5, "都道府県コード": 42, "市区町村コード": 201, "所在地": "長崎県長崎市新戸町３－２４－２", "緯度": 32.70995, "経度": 129.864747, "url": "https://www.iryou.teikyouseido.mhlw.go.jp/znk-web/juminkanja/S2430/initialize?prefCd=42&kikanCd=4200000914&kikanKbn=5", "url2": null, "内容": "にこにこ薬局新戸町店【5:薬局】長崎県長崎市新戸町３－２４－２" }, "geometry": { "type": "Point", "coordinates": [ 129.864747, 32.70995 ] } },
{ "type": "Feature", "properties": { "ID": 4254200000916, "正式名称": "しらぬひ薬局", "機関区分": 5, "都道府県コード": 42, "市区町村コード": 204, "所在地": "長崎県諫早市永昌東町９－２３", "緯度": 32.851359, "経度": 130.042845, "url": "https://www.iryou.teikyouseido.mhlw.go.jp/znk-web/juminkanja/S2430/initialize?prefCd=42&kikanCd=4200000916&kikanKbn=5", "url2": "http://www.shiranuhi.info/", "内容": "しらぬひ薬局【5:薬局】長崎県諫早市永昌東町９－２３" }, "geometry": { "type": "Point", "coordinates": [ 130.042845, 32.851359 ] } },
{ "type": "Feature", "properties": { "ID": 4254200000917, "正式名称": "順天堂調剤薬局富士見店", "機関区分": 5, "都道府県コード": 42, "市区町村コード": 201, "所在地": "長崎県長崎市富士見町１－７ハイツ山口１０１", "緯度": 32.770292, "経度": 129.856485, "url": "https://www.iryou.teikyouseido.mhlw.go.jp/znk-web/juminkanja/S2430/initialize?prefCd=42&kikanCd=4200000917&kikanKbn=5", "url2": null, "内容": "順天堂調剤薬局富士見店【5:薬局】長崎県長崎市富士見町１－７ハイツ山口１０１" }, "geometry": { "type": "Point", "coordinates": [ 129.856485, 32.770292 ] } },
{ "type": "Feature", "properties": { "ID": 4254200000918, "正式名称": "しのだ薬局小川町店", "機関区分": 5, "都道府県コード": 42, "市区町村コード": 204, "所在地": "長崎県諫早市小川町１２６３－１", "緯度": 32.832178, "経度": 130.053959, "url": "https://www.iryou.teikyouseido.mhlw.go.jp/znk-web/juminkanja/S2430/initialize?prefCd=42&kikanCd=4200000918&kikanKbn=5", "url2": "http://shinoda-ph.com", "内容": "しのだ薬局小川町店【5:薬局】長崎県諫早市小川町１２６３－１" }, "geometry": { "type": "Point", "coordinates": [ 130.053959, 32.832178 ] } },
{ "type": "Feature", "properties": { "ID": 4254200000919, "正式名称": "株式会社ミヤケファーマシー時津みなみ薬局", "機関区分": 5, "都道府県コード": 42, "市区町村コード": 308, "所在地": "長崎県西彼杵郡時津町元村郷９０８－１５－１０２", "緯度": 32.828888, "経度": 129.848536, "url": "https://www.iryou.teikyouseido.mhlw.go.jp/znk-web/juminkanja/S2430/initialize?prefCd=42&kikanCd=4200000919&kikanKbn=5", "url2": "miyake-pharmacy.com", "内容": "株式会社ミヤケファーマシー時津みなみ薬局【5:薬局】長崎県西彼杵郡時津町元村郷９０８－１５－１０２" }, "geometry": { "type": "Point", "coordinates": [ 129.848536, 32.828888 ] } },
{ "type": "Feature", "properties": { "ID": 4254200000921, "正式名称": "有限会社あい調剤薬局南町店", "機関区分": 5, "都道府県コード": 42, "市区町村コード": 211, "所在地": "長崎県五島市池田町５－２８", "緯度": 32.692252, "経度": 128.845804, "url": "https://www.iryou.teikyouseido.mhlw.go.jp/znk-web/juminkanja/S2430/initialize?prefCd=42&kikanCd=4200000921&kikanKbn=5", "url2": "https://www.ai-pharmacy.net", "内容": "有限会社あい調剤薬局南町店【5:薬局】長崎県五島市池田町５－２８" }, "geometry": { "type": "Point", "coordinates": [ 128.845804, 32.692252 ] } },
{ "type": "Feature", "properties": { "ID": 4254200000922, "正式名称": "はさみ薬局", "機関区分": 5, "都道府県コード": 42, "市区町村コード": 323, "所在地": "長崎県東彼杵郡波佐見町折敷瀬郷１７０６－２", "緯度": 33.139598, "経度": 129.900109, "url": "https://www.iryou.teikyouseido.mhlw.go.jp/znk-web/juminkanja/S2430/initialize?prefCd=42&kikanCd=4200000922&kikanKbn=5", "url2": null, "内容": "はさみ薬局【5:薬局】長崎県東彼杵郡波佐見町折敷瀬郷１７０６－２" }, "geometry": { "type": "Point", "coordinates": [ 129.900109, 33.139598 ] } },
{ "type": "Feature", "properties": { "ID": 4254200000923, "正式名称": "りんご薬局", "機関区分": 5, "都道府県コード": 42, "市区町村コード": 201, "所在地": "長崎県長崎市小峰町３－１２", "緯度": 32.782557, "経度": 129.871031, "url": "https://www.iryou.teikyouseido.mhlw.go.jp/znk-web/juminkanja/S2430/initialize?prefCd=42&kikanCd=4200000923&kikanKbn=5", "url2": null, "内容": "りんご薬局【5:薬局】長崎県長崎市小峰町３－１２" }, "geometry": { "type": "Point", "coordinates": [ 129.871031, 32.782557 ] } },
{ "type": "Feature", "properties": { "ID": 4254200000924, "正式名称": "さわせ薬局道ノ尾駅前店", "機関区分": 5, "都道府県コード": 42, "市区町村コード": 307, "所在地": "長崎県西彼杵郡長与町高田郷８－３４", "緯度": 32.804782, "経度": 129.852186, "url": "https://www.iryou.teikyouseido.mhlw.go.jp/znk-web/juminkanja/S2430/initialize?prefCd=42&kikanCd=4200000924&kikanKbn=5", "url2": "www.e-classa.net>sawase-pharmacy", "内容": "さわせ薬局道ノ尾駅前店【5:薬局】長崎県西彼杵郡長与町高田郷８－３４" }, "geometry": { "type": "Point", "coordinates": [ 129.852186, 32.804782 ] } },
{ "type": "Feature", "properties": { "ID": 4254200000926, "正式名称": "あい薬局", "機関区分": 5, "都道府県コード": 42, "市区町村コード": 202, "所在地": "長崎県佐世保市松川町４－４", "緯度": 33.171302, "経度": 129.725973, "url": "https://www.iryou.teikyouseido.mhlw.go.jp/znk-web/juminkanja/S2430/initialize?prefCd=42&kikanCd=4200000926&kikanKbn=5", "url2": null, "内容": "あい薬局【5:薬局】長崎県佐世保市松川町４－４" }, "geometry": { "type": "Point", "coordinates": [ 129.725973, 33.171302 ] } },
{ "type": "Feature", "properties": { "ID": 4254200000927, "正式名称": "野のはな薬局", "機関区分": 5, "都道府県コード": 42, "市区町村コード": 204, "所在地": "長崎県諫早市高来町峰", "緯度": 32.888624, "経度": 130.113155, "url": "https://www.iryou.teikyouseido.mhlw.go.jp/znk-web/juminkanja/S2430/initialize?prefCd=42&kikanCd=4200000927&kikanKbn=5", "url2": "https://n-pharmacy.com/", "内容": "野のはな薬局【5:薬局】長崎県諫早市高来町峰" }, "geometry": { "type": "Point", "coordinates": [ 130.113155, 32.888624 ] } },
{ "type": "Feature", "properties": { "ID": 4254200000929, "正式名称": "ばんしょ橋薬局", "機関区分": 5, "都道府県コード": 42, "市区町村コード": 201, "所在地": "長崎県長崎市矢上町３－１１", "緯度": 32.771743, "経度": 129.949741, "url": "https://www.iryou.teikyouseido.mhlw.go.jp/znk-web/juminkanja/S2430/initialize?prefCd=42&kikanCd=4200000929&kikanKbn=5", "url2": null, "内容": "ばんしょ橋薬局【5:薬局】長崎県長崎市矢上町３－１１" }, "geometry": { "type": "Point", "coordinates": [ 129.949741, 32.771743 ] } },
{ "type": "Feature", "properties": { "ID": 4254200000930, "正式名称": "新港薬局", "機関区分": 5, "都道府県コード": 42, "市区町村コード": 202, "所在地": "長崎県佐世保市塩浜町６－２２　Ｓビル１階", "緯度": 33.166614, "経度": 129.721489, "url": "https://www.iryou.teikyouseido.mhlw.go.jp/znk-web/juminkanja/S2430/initialize?prefCd=42&kikanCd=4200000930&kikanKbn=5", "url2": null, "内容": "新港薬局【5:薬局】長崎県佐世保市塩浜町６－２２　Ｓビル１階" }, "geometry": { "type": "Point", "coordinates": [ 129.721489, 33.166614 ] } },
{ "type": "Feature", "properties": { "ID": 4254200000931, "正式名称": "みなと薬局", "機関区分": 5, "都道府県コード": 42, "市区町村コード": 201, "所在地": "長崎県長崎市畝刈町１６１３－１１３山下ビル１０２号", "緯度": 32.825107, "経度": 129.777155, "url": "https://www.iryou.teikyouseido.mhlw.go.jp/znk-web/juminkanja/S2430/initialize?prefCd=42&kikanCd=4200000931&kikanKbn=5", "url2": null, "内容": "みなと薬局【5:薬局】長崎県長崎市畝刈町１６１３－１１３山下ビル１０２号" }, "geometry": { "type": "Point", "coordinates": [ 129.777155, 32.825107 ] } },
{ "type": "Feature", "properties": { "ID": 4254200000932, "正式名称": "漢方薬局キンカン健康館", "機関区分": 5, "都道府県コード": 42, "市区町村コード": 201, "所在地": "長崎県長崎市江里町２ー１２　田中ビル１Ｂ", "緯度": 32.778904, "経度": 129.857579, "url": "https://www.iryou.teikyouseido.mhlw.go.jp/znk-web/juminkanja/S2430/initialize?prefCd=42&kikanCd=4200000932&kikanKbn=5", "url2": "https://www/kinkan-kenkokan.com", "内容": "漢方薬局キンカン健康館【5:薬局】長崎県長崎市江里町２ー１２　田中ビル１Ｂ" }, "geometry": { "type": "Point", "coordinates": [ 129.857579, 32.778904 ] } },
{ "type": "Feature", "properties": { "ID": 4254200000934, "正式名称": "やすらぎ薬局浜町店", "機関区分": 5, "都道府県コード": 42, "市区町村コード": 201, "所在地": "長崎県長崎市浜町３－２０浜町くまビル１Ｆ", "緯度": 32.744808, "経度": 129.878067, "url": "https://www.iryou.teikyouseido.mhlw.go.jp/znk-web/juminkanja/S2430/initialize?prefCd=42&kikanCd=4200000934&kikanKbn=5", "url2": null, "内容": "やすらぎ薬局浜町店【5:薬局】長崎県長崎市浜町３－２０浜町くまビル１Ｆ" }, "geometry": { "type": "Point", "coordinates": [ 129.878067, 32.744808 ] } },
{ "type": "Feature", "properties": { "ID": 4254200000935, "正式名称": "はいき１丁目薬局", "機関区分": 5, "都道府県コード": 42, "市区町村コード": 202, "所在地": "長崎県佐世保市早岐１－１－２０", "緯度": 33.132424, "経度": 129.798268, "url": "https://www.iryou.teikyouseido.mhlw.go.jp/znk-web/juminkanja/S2430/initialize?prefCd=42&kikanCd=4200000935&kikanKbn=5", "url2": null, "内容": "はいき１丁目薬局【5:薬局】長崎県佐世保市早岐１－１－２０" }, "geometry": { "type": "Point", "coordinates": [ 129.798268, 33.132424 ] } },
{ "type": "Feature", "properties": { "ID": 4254200000938, "正式名称": "２１薬局", "機関区分": 5, "都道府県コード": 42, "市区町村コード": 201, "所在地": "長崎県長崎市新大工町１－５　大野ビル１Ｆ", "緯度": 32.752809, "経度": 129.884614, "url": "https://www.iryou.teikyouseido.mhlw.go.jp/znk-web/juminkanja/S2430/initialize?prefCd=42&kikanCd=4200000938&kikanKbn=5", "url2": null, "内容": "２１薬局【5:薬局】長崎県長崎市新大工町１－５　大野ビル１Ｆ" }, "geometry": { "type": "Point", "coordinates": [ 129.884614, 32.752809 ] } },
{ "type": "Feature", "properties": { "ID": 4254200000939, "正式名称": "海岸通り薬局", "機関区分": 5, "都道府県コード": 42, "市区町村コード": 308, "所在地": "長崎県西彼杵郡時津町久留里郷１４４７－２", "緯度": 32.841896, "経度": 129.836591, "url": "https://www.iryou.teikyouseido.mhlw.go.jp/znk-web/juminkanja/S2430/initialize?prefCd=42&kikanCd=4200000939&kikanKbn=5", "url2": null, "内容": "海岸通り薬局【5:薬局】長崎県西彼杵郡時津町久留里郷１４４７－２" }, "geometry": { "type": "Point", "coordinates": [ 129.836591, 32.841896 ] } },
{ "type": "Feature", "properties": { "ID": 4254200000940, "正式名称": "亀山薬局並木通り店", "機関区分": 5, "都道府県コード": 42, "市区町村コード": 214, "所在地": "長崎県南島原市西有家町須川１６６６－３", "緯度": 32.660116, "経度": 130.291886, "url": "https://www.iryou.teikyouseido.mhlw.go.jp/znk-web/juminkanja/S2430/initialize?prefCd=42&kikanCd=4200000940&kikanKbn=5", "url2": "https://kameyaku.com/", "内容": "亀山薬局並木通り店【5:薬局】長崎県南島原市西有家町須川１６６６－３" }, "geometry": { "type": "Point", "coordinates": [ 130.291886, 32.660116 ] } },
{ "type": "Feature", "properties": { "ID": 4254200000941, "正式名称": "まゆ薬局", "機関区分": 5, "都道府県コード": 42, "市区町村コード": 201, "所在地": "長崎県長崎市滑石３－１９－５", "緯度": 32.80978, "経度": 129.836067, "url": "https://www.iryou.teikyouseido.mhlw.go.jp/znk-web/juminkanja/S2430/initialize?prefCd=42&kikanCd=4200000941&kikanKbn=5", "url2": null, "内容": "まゆ薬局【5:薬局】長崎県長崎市滑石３－１９－５" }, "geometry": { "type": "Point", "coordinates": [ 129.836067, 32.80978 ] } },
{ "type": "Feature", "properties": { "ID": 4254200000942, "正式名称": "やまうち薬局", "機関区分": 5, "都道府県コード": 42, "市区町村コード": 211, "所在地": "長崎県五島市岐宿町中嶽１０８０", "緯度": 32.68628, "経度": 128.736247, "url": "https://www.iryou.teikyouseido.mhlw.go.jp/znk-web/juminkanja/S2430/initialize?prefCd=42&kikanCd=4200000942&kikanKbn=5", "url2": null, "内容": "やまうち薬局【5:薬局】長崎県五島市岐宿町中嶽１０８０" }, "geometry": { "type": "Point", "coordinates": [ 128.736247, 32.68628 ] } },
{ "type": "Feature", "properties": { "ID": 4254200000943, "正式名称": "井手薬局あいのうら", "機関区分": 5, "都道府県コード": 42, "市区町村コード": 202, "所在地": "長崎県佐世保市相浦町２６３－１", "緯度": 33.194974, "経度": 129.665752, "url": "https://www.iryou.teikyouseido.mhlw.go.jp/znk-web/juminkanja/S2430/initialize?prefCd=42&kikanCd=4200000943&kikanKbn=5", "url2": "http://www.ide-medicine.co.jp", "内容": "井手薬局あいのうら【5:薬局】長崎県佐世保市相浦町２６３－１" }, "geometry": { "type": "Point", "coordinates": [ 129.665752, 33.194974 ] } },
{ "type": "Feature", "properties": { "ID": 4254200000945, "正式名称": "西時津調剤薬局", "機関区分": 5, "都道府県コード": 42, "市区町村コード": 308, "所在地": "長崎県西彼杵郡時津町西時津郷１８１－７", "緯度": 32.724556, "経度": 129.861429, "url": "https://www.iryou.teikyouseido.mhlw.go.jp/znk-web/juminkanja/S2430/initialize?prefCd=42&kikanCd=4200000945&kikanKbn=5", "url2": "http://kindhealthsupport.com", "内容": "西時津調剤薬局【5:薬局】長崎県西彼杵郡時津町西時津郷１８１－７" }, "geometry": { "type": "Point", "coordinates": [ 129.861429, 32.724556 ] } },
{ "type": "Feature", "properties": { "ID": 4254200000946, "正式名称": "ミチノオ駅前薬局", "機関区分": 5, "都道府県コード": 42, "市区町村コード": 307, "所在地": "長崎県西彼杵郡長与町高田郷１３－１１", "緯度": 32.804622, "経度": 129.852301, "url": "https://www.iryou.teikyouseido.mhlw.go.jp/znk-web/juminkanja/S2430/initialize?prefCd=42&kikanCd=4200000946&kikanKbn=5", "url2": "https://inkikaku.net", "内容": "ミチノオ駅前薬局【5:薬局】長崎県西彼杵郡長与町高田郷１３－１１" }, "geometry": { "type": "Point", "coordinates": [ 129.852301, 32.804622 ] } },
{ "type": "Feature", "properties": { "ID": 4254200000948, "正式名称": "小路口町薬局", "機関区分": 5, "都道府県コード": 42, "市区町村コード": 205, "所在地": "長崎県大村市小路口町２５８－３", "緯度": 32.936447, "経度": 129.956847, "url": "https://www.iryou.teikyouseido.mhlw.go.jp/znk-web/juminkanja/S2430/initialize?prefCd=42&kikanCd=4200000948&kikanKbn=5", "url2": null, "内容": "小路口町薬局【5:薬局】長崎県大村市小路口町２５８－３" }, "geometry": { "type": "Point", "coordinates": [ 129.956847, 32.936447 ] } },
{ "type": "Feature", "properties": { "ID": 4254200000949, "正式名称": "ことのは薬局", "機関区分": 5, "都道府県コード": 42, "市区町村コード": 204, "所在地": "長崎県諫早市永昌町１２－１　スイトービル１階", "緯度": 32.851748, "経度": 130.040451, "url": "https://www.iryou.teikyouseido.mhlw.go.jp/znk-web/juminkanja/S2430/initialize?prefCd=42&kikanCd=4200000949&kikanKbn=5", "url2": "http://oneheart.co.jp/", "内容": "ことのは薬局【5:薬局】長崎県諫早市永昌町１２－１　スイトービル１階" }, "geometry": { "type": "Point", "coordinates": [ 130.040451, 32.851748 ] } },
{ "type": "Feature", "properties": { "ID": 4254200000951, "正式名称": "ほんだ薬局", "機関区分": 5, "都道府県コード": 42, "市区町村コード": 202, "所在地": "長崎県佐世保市大塔町２０１５－１", "緯度": 33.156493, "経度": 129.774893, "url": "https://www.iryou.teikyouseido.mhlw.go.jp/znk-web/juminkanja/S2430/initialize?prefCd=42&kikanCd=4200000951&kikanKbn=5", "url2": null, "内容": "ほんだ薬局【5:薬局】長崎県佐世保市大塔町２０１５－１" }, "geometry": { "type": "Point", "coordinates": [ 129.774893, 33.156493 ] } },
{ "type": "Feature", "properties": { "ID": 4254200000952, "正式名称": "すずや薬局", "機関区分": 5, "都道府県コード": 42, "市区町村コード": 202, "所在地": "長崎県佐世保市広田１－６－１", "緯度": 33.129926, "経度": 129.800492, "url": "https://www.iryou.teikyouseido.mhlw.go.jp/znk-web/juminkanja/S2430/initialize?prefCd=42&kikanCd=4200000952&kikanKbn=5", "url2": null, "内容": "すずや薬局【5:薬局】長崎県佐世保市広田１－６－１" }, "geometry": { "type": "Point", "coordinates": [ 129.800492, 33.129926 ] } },
{ "type": "Feature", "properties": { "ID": 4254200000953, "正式名称": "日之出調剤薬局", "機関区分": 5, "都道府県コード": 42, "市区町村コード": 201, "所在地": "長崎県長崎市城栄町１４－７", "緯度": 32.774448, "経度": 129.855601, "url": "https://www.iryou.teikyouseido.mhlw.go.jp/znk-web/juminkanja/S2430/initialize?prefCd=42&kikanCd=4200000953&kikanKbn=5", "url2": null, "内容": "日之出調剤薬局【5:薬局】長崎県長崎市城栄町１４－７" }, "geometry": { "type": "Point", "coordinates": [ 129.855601, 32.774448 ] } },
{ "type": "Feature", "properties": { "ID": 4254200000954, "正式名称": "ゆうわ薬局", "機関区分": 5, "都道府県コード": 42, "市区町村コード": 202, "所在地": "長崎県佐世保市広田１－４－９", "緯度": 33.13007, "経度": 129.800078, "url": "https://www.iryou.teikyouseido.mhlw.go.jp/znk-web/juminkanja/S2430/initialize?prefCd=42&kikanCd=4200000954&kikanKbn=5", "url2": "http://www.azuma-pharmacy.jp/", "内容": "ゆうわ薬局【5:薬局】長崎県佐世保市広田１－４－９" }, "geometry": { "type": "Point", "coordinates": [ 129.800078, 33.13007 ] } },
{ "type": "Feature", "properties": { "ID": 4254200000955, "正式名称": "サニー薬局", "機関区分": 5, "都道府県コード": 42, "市区町村コード": 307, "所在地": "長崎県西彼杵郡長与町嬉里郷３７７－１０", "緯度": 32.82433, "経度": 129.874413, "url": "https://www.iryou.teikyouseido.mhlw.go.jp/znk-web/juminkanja/S2430/initialize?prefCd=42&kikanCd=4200000955&kikanKbn=5", "url2": null, "内容": "サニー薬局【5:薬局】長崎県西彼杵郡長与町嬉里郷３７７－１０" }, "geometry": { "type": "Point", "coordinates": [ 129.874413, 32.82433 ] } },
{ "type": "Feature", "properties": { "ID": 4254200000956, "正式名称": "塩塚薬局", "機関区分": 5, "都道府県コード": 42, "市区町村コード": 201, "所在地": "長崎県長崎市柳谷町５－１３", "緯度": 32.793791, "経度": 129.856274, "url": "https://www.iryou.teikyouseido.mhlw.go.jp/znk-web/juminkanja/S2430/initialize?prefCd=42&kikanCd=4200000956&kikanKbn=5", "url2": null, "内容": "塩塚薬局【5:薬局】長崎県長崎市柳谷町５－１３" }, "geometry": { "type": "Point", "coordinates": [ 129.856274, 32.793791 ] } },
{ "type": "Feature", "properties": { "ID": 4254200000957, "正式名称": "うれり薬局", "機関区分": 5, "都道府県コード": 42, "市区町村コード": 307, "所在地": "長崎県西彼杵郡長与町嬉里郷６６５", "緯度": 32.827443, "経度": 129.874235, "url": "https://www.iryou.teikyouseido.mhlw.go.jp/znk-web/juminkanja/S2430/initialize?prefCd=42&kikanCd=4200000957&kikanKbn=5", "url2": null, "内容": "うれり薬局【5:薬局】長崎県西彼杵郡長与町嬉里郷６６５" }, "geometry": { "type": "Point", "coordinates": [ 129.874235, 32.827443 ] } },
{ "type": "Feature", "properties": { "ID": 4254200000959, "正式名称": "すみれ薬局", "機関区分": 5, "都道府県コード": 42, "市区町村コード": 214, "所在地": "長崎県南島原市深江町丁２２３５", "緯度": 32.718391, "経度": 130.351782, "url": "https://www.iryou.teikyouseido.mhlw.go.jp/znk-web/juminkanja/S2430/initialize?prefCd=42&kikanCd=4200000959&kikanKbn=5", "url2": "http://www.qol-net.co.jp", "内容": "すみれ薬局【5:薬局】長崎県南島原市深江町丁２２３５" }, "geometry": { "type": "Point", "coordinates": [ 130.351782, 32.718391 ] } },
{ "type": "Feature", "properties": { "ID": 4254200000960, "正式名称": "ミツバチ薬局", "機関区分": 5, "都道府県コード": 42, "市区町村コード": 205, "所在地": "長崎県大村市古賀島町５９３－２", "緯度": 32.926943, "経度": 129.941529, "url": "https://www.iryou.teikyouseido.mhlw.go.jp/znk-web/juminkanja/S2430/initialize?prefCd=42&kikanCd=4200000960&kikanKbn=5", "url2": null, "内容": "ミツバチ薬局【5:薬局】長崎県大村市古賀島町５９３－２" }, "geometry": { "type": "Point", "coordinates": [ 129.941529, 32.926943 ] } },
{ "type": "Feature", "properties": { "ID": 4254200000961, "正式名称": "わかば薬局", "機関区分": 5, "都道府県コード": 42, "市区町村コード": 201, "所在地": "長崎県長崎市若葉町１６番１８号", "緯度": 32.790322, "経度": 129.86015, "url": "https://www.iryou.teikyouseido.mhlw.go.jp/znk-web/juminkanja/S2430/initialize?prefCd=42&kikanCd=4200000961&kikanKbn=5", "url2": null, "内容": "わかば薬局【5:薬局】長崎県長崎市若葉町１６番１８号" }, "geometry": { "type": "Point", "coordinates": [ 129.86015, 32.790322 ] } },
{ "type": "Feature", "properties": { "ID": 4254200000962, "正式名称": "うちだ調剤薬局", "機関区分": 5, "都道府県コード": 42, "市区町村コード": 205, "所在地": "長崎県大村市東本町５７８", "緯度": 32.908672, "経度": 129.960646, "url": "https://www.iryou.teikyouseido.mhlw.go.jp/znk-web/juminkanja/S2430/initialize?prefCd=42&kikanCd=4200000962&kikanKbn=5", "url2": null, "内容": "うちだ調剤薬局【5:薬局】長崎県大村市東本町５７８" }, "geometry": { "type": "Point", "coordinates": [ 129.960646, 32.908672 ] } },
{ "type": "Feature", "properties": { "ID": 4254200000963, "正式名称": "クオール薬局小浜店", "機関区分": 5, "都道府県コード": 42, "市区町村コード": 213, "所在地": "長崎県雲仙市小浜町マリーナ３－２", "緯度": 32.723487, "経度": 130.202197, "url": "https://www.iryou.teikyouseido.mhlw.go.jp/znk-web/juminkanja/S2430/initialize?prefCd=42&kikanCd=4200000963&kikanKbn=5", "url2": "http://www.qol-net.co.jp", "内容": "クオール薬局小浜店【5:薬局】長崎県雲仙市小浜町マリーナ３－２" }, "geometry": { "type": "Point", "coordinates": [ 130.202197, 32.723487 ] } },
{ "type": "Feature", "properties": { "ID": 4254200000964, "正式名称": "さわせ薬局松浦公園店", "機関区分": 5, "都道府県コード": 42, "市区町村コード": 202, "所在地": "長崎県佐世保市常盤町１－１３－１階", "緯度": 33.174201, "経度": 129.718355, "url": "https://www.iryou.teikyouseido.mhlw.go.jp/znk-web/juminkanja/S2430/initialize?prefCd=42&kikanCd=4200000964&kikanKbn=5", "url2": "https://sawase-pharmacy.com/", "内容": "さわせ薬局松浦公園店【5:薬局】長崎県佐世保市常盤町１－１３－１階" }, "geometry": { "type": "Point", "coordinates": [ 129.718355, 33.174201 ] } },
{ "type": "Feature", "properties": { "ID": 4254200000965, "正式名称": "こおり薬局", "機関区分": 5, "都道府県コード": 42, "市区町村コード": 205, "所在地": "長崎県大村市皆同町１６２－５", "緯度": 32.964041, "経度": 129.946576, "url": "https://www.iryou.teikyouseido.mhlw.go.jp/znk-web/juminkanja/S2430/initialize?prefCd=42&kikanCd=4200000965&kikanKbn=5", "url2": null, "内容": "こおり薬局【5:薬局】長崎県大村市皆同町１６２－５" }, "geometry": { "type": "Point", "coordinates": [ 129.946576, 32.964041 ] } },
{ "type": "Feature", "properties": { "ID": 4254200000966, "正式名称": "宮の町薬局", "機関区分": 5, "都道府県コード": 42, "市区町村コード": 203, "所在地": "長崎県島原市宮の町６８７", "緯度": 32.79214, "経度": 130.369598, "url": "https://www.iryou.teikyouseido.mhlw.go.jp/znk-web/juminkanja/S2430/initialize?prefCd=42&kikanCd=4200000966&kikanKbn=5", "url2": null, "内容": "宮の町薬局【5:薬局】長崎県島原市宮の町６８７" }, "geometry": { "type": "Point", "coordinates": [ 130.369598, 32.79214 ] } },
{ "type": "Feature", "properties": { "ID": 4254200000968, "正式名称": "きらら薬局", "機関区分": 5, "都道府県コード": 42, "市区町村コード": 205, "所在地": "長崎県大村市富の原２－２４９－２", "緯度": 32.943133, "経度": 129.9432, "url": "https://www.iryou.teikyouseido.mhlw.go.jp/znk-web/juminkanja/S2430/initialize?prefCd=42&kikanCd=4200000968&kikanKbn=5", "url2": null, "内容": "きらら薬局【5:薬局】長崎県大村市富の原２－２４９－２" }, "geometry": { "type": "Point", "coordinates": [ 129.9432, 32.943133 ] } },
{ "type": "Feature", "properties": { "ID": 4254200000969, "正式名称": "有限会社竹の久保調剤薬局平和町店", "機関区分": 5, "都道府県コード": 42, "市区町村コード": 201, "所在地": "長崎県長崎市平和町８－６", "緯度": 32.775438, "経度": 129.8674, "url": "https://www.iryou.teikyouseido.mhlw.go.jp/znk-web/juminkanja/S2430/initialize?prefCd=42&kikanCd=4200000969&kikanKbn=5", "url2": "http://takenokubo16pharmacy.wixsite.com/takenokubo", "内容": "有限会社竹の久保調剤薬局平和町店【5:薬局】長崎県長崎市平和町８－６" }, "geometry": { "type": "Point", "coordinates": [ 129.8674, 32.775438 ] } },
{ "type": "Feature", "properties": { "ID": 4254200000970, "正式名称": "ヤクシン薬局大村駅前店", "機関区分": 5, "都道府県コード": 42, "市区町村コード": 205, "所在地": "長崎県大村市東三城町８－７", "緯度": 32.911494, "経度": 129.96129, "url": "https://www.iryou.teikyouseido.mhlw.go.jp/znk-web/juminkanja/S2430/initialize?prefCd=42&kikanCd=4200000970&kikanKbn=5", "url2": "http://www.yakushin-pg.co.jp", "内容": "ヤクシン薬局大村駅前店【5:薬局】長崎県大村市東三城町８－７" }, "geometry": { "type": "Point", "coordinates": [ 129.96129, 32.911494 ] } },
{ "type": "Feature", "properties": { "ID": 4254200000971, "正式名称": "あずさ薬局水の浦店", "機関区分": 5, "都道府県コード": 42, "市区町村コード": 201, "所在地": "長崎県長崎市大谷町２番１号", "緯度": 32.7451, "経度": 129.85863, "url": "https://www.iryou.teikyouseido.mhlw.go.jp/znk-web/juminkanja/S2430/initialize?prefCd=42&kikanCd=4200000971&kikanKbn=5", "url2": null, "内容": "あずさ薬局水の浦店【5:薬局】長崎県長崎市大谷町２番１号" }, "geometry": { "type": "Point", "coordinates": [ 129.85863, 32.7451 ] } },
{ "type": "Feature", "properties": { "ID": 4254200000972, "正式名称": "ながよ駅前薬局", "機関区分": 5, "都道府県コード": 42, "市区町村コード": 307, "所在地": "長崎県西彼杵郡長与町吉無田郷２０２６－３", "緯度": 32.819385, "経度": 129.88006, "url": "https://www.iryou.teikyouseido.mhlw.go.jp/znk-web/juminkanja/S2430/initialize?prefCd=42&kikanCd=4200000972&kikanKbn=5", "url2": "https://nagayoekimae-pharmacy.jimdofree.com/", "内容": "ながよ駅前薬局【5:薬局】長崎県西彼杵郡長与町吉無田郷２０２６－３" }, "geometry": { "type": "Point", "coordinates": [ 129.88006, 32.819385 ] } },
{ "type": "Feature", "properties": { "ID": 4254200000973, "正式名称": "おぢか薬局", "機関区分": 5, "都道府県コード": 42, "市区町村コード": 383, "所在地": "長崎県北松浦郡小値賀町笛吹郷１７６０－１", "緯度": 33.190568, "経度": 129.059503, "url": "https://www.iryou.teikyouseido.mhlw.go.jp/znk-web/juminkanja/S2430/initialize?prefCd=42&kikanCd=4200000973&kikanKbn=5", "url2": null, "内容": "おぢか薬局【5:薬局】長崎県北松浦郡小値賀町笛吹郷１７６０－１" }, "geometry": { "type": "Point", "coordinates": [ 129.059503, 33.190568 ] } },
{ "type": "Feature", "properties": { "ID": 4254200000974, "正式名称": "みかん薬局", "機関区分": 5, "都道府県コード": 42, "市区町村コード": 201, "所在地": "長崎県長崎市網場町４８８", "緯度": 32.755241, "経度": 129.945917, "url": "https://www.iryou.teikyouseido.mhlw.go.jp/znk-web/juminkanja/S2430/initialize?prefCd=42&kikanCd=4200000974&kikanKbn=5", "url2": "https://oneders-group.com/store/558/", "内容": "みかん薬局【5:薬局】長崎県長崎市網場町４８８" }, "geometry": { "type": "Point", "coordinates": [ 129.945917, 32.755241 ] } },
{ "type": "Feature", "properties": { "ID": 4254200000975, "正式名称": "はくあい堂くちのつ薬局", "機関区分": 5, "都道府県コード": 42, "市区町村コード": 214, "所在地": "長崎県南島原市口之津町甲２１５９－１５", "緯度": 32.608752, "経度": 130.184992, "url": "https://www.iryou.teikyouseido.mhlw.go.jp/znk-web/juminkanja/S2430/initialize?prefCd=42&kikanCd=4200000975&kikanKbn=5", "url2": "http://www.hakuaido-p.co.jp", "内容": "はくあい堂くちのつ薬局【5:薬局】長崎県南島原市口之津町甲２１５９－１５" }, "geometry": { "type": "Point", "coordinates": [ 130.184992, 32.608752 ] } },
{ "type": "Feature", "properties": { "ID": 4254200000976, "正式名称": "ココカラファイン薬局銅座町店", "機関区分": 5, "都道府県コード": 42, "市区町村コード": 201, "所在地": "長崎県長崎市銅座町３ー１２　１Ｆ", "緯度": 32.742893, "経度": 129.876322, "url": "https://www.iryou.teikyouseido.mhlw.go.jp/znk-web/juminkanja/S2430/initialize?prefCd=42&kikanCd=4200000976&kikanKbn=5", "url2": "https://www.cocokarafine.co.jp", "内容": "ココカラファイン薬局銅座町店【5:薬局】長崎県長崎市銅座町３ー１２　１Ｆ" }, "geometry": { "type": "Point", "coordinates": [ 129.876322, 32.742893 ] } },
{ "type": "Feature", "properties": { "ID": 4254200000977, "正式名称": "まなび野調剤薬局", "機関区分": 5, "都道府県コード": 42, "市区町村コード": 307, "所在地": "長崎県西彼杵郡長与町まなび野２－２－１", "緯度": 32.809897, "経度": 129.873512, "url": "https://www.iryou.teikyouseido.mhlw.go.jp/znk-web/juminkanja/S2430/initialize?prefCd=42&kikanCd=4200000977&kikanKbn=5", "url2": null, "内容": "まなび野調剤薬局【5:薬局】長崎県西彼杵郡長与町まなび野２－２－１" }, "geometry": { "type": "Point", "coordinates": [ 129.873512, 32.809897 ] } },
{ "type": "Feature", "properties": { "ID": 4254200000978, "正式名称": "めぐみ調剤薬局住吉店", "機関区分": 5, "都道府県コード": 42, "市区町村コード": 201, "所在地": "長崎県長崎市住吉町３－１１サンシャイン住吉１０２号", "緯度": 32.791437, "経度": 129.861532, "url": "https://www.iryou.teikyouseido.mhlw.go.jp/znk-web/juminkanja/S2430/initialize?prefCd=42&kikanCd=4200000978&kikanKbn=5", "url2": "http://www.agape21.jp", "内容": "めぐみ調剤薬局住吉店【5:薬局】長崎県長崎市住吉町３－１１サンシャイン住吉１０２号" }, "geometry": { "type": "Point", "coordinates": [ 129.861532, 32.791437 ] } },
{ "type": "Feature", "properties": { "ID": 4254200000979, "正式名称": "すぎやま薬局佐々店", "機関区分": 5, "都道府県コード": 42, "市区町村コード": 391, "所在地": "長崎県北松浦郡佐々町口石免３６６－１", "緯度": 33.229861, "経度": 129.650721, "url": "https://www.iryou.teikyouseido.mhlw.go.jp/znk-web/juminkanja/S2430/initialize?prefCd=42&kikanCd=4200000979&kikanKbn=5", "url2": "https://sugiyama-p.com", "内容": "すぎやま薬局佐々店【5:薬局】長崎県北松浦郡佐々町口石免３６６－１" }, "geometry": { "type": "Point", "coordinates": [ 129.650721, 33.229861 ] } },
{ "type": "Feature", "properties": { "ID": 4254200000980, "正式名称": "はくあい堂しんわ薬局", "機関区分": 5, "都道府県コード": 42, "市区町村コード": 203, "所在地": "長崎県島原市親和町丁３５６５－８", "緯度": 32.761781, "経度": 130.367224, "url": "https://www.iryou.teikyouseido.mhlw.go.jp/znk-web/juminkanja/S2430/initialize?prefCd=42&kikanCd=4200000980&kikanKbn=5", "url2": "http://www.hakuaido-p.co.jp/", "内容": "はくあい堂しんわ薬局【5:薬局】長崎県島原市親和町丁３５６５－８" }, "geometry": { "type": "Point", "coordinates": [ 130.367224, 32.761781 ] } },
{ "type": "Feature", "properties": { "ID": 4254200000981, "正式名称": "そよかぜ薬局時津店", "機関区分": 5, "都道府県コード": 42, "市区町村コード": 308, "所在地": "長崎県西彼杵郡時津町浦郷２７０－１２", "緯度": 32.828607, "経度": 129.847965, "url": "https://www.iryou.teikyouseido.mhlw.go.jp/znk-web/juminkanja/S2430/initialize?prefCd=42&kikanCd=4200000981&kikanKbn=5", "url2": "http://www.nanashima.co.jp", "内容": "そよかぜ薬局時津店【5:薬局】長崎県西彼杵郡時津町浦郷２７０－１２" }, "geometry": { "type": "Point", "coordinates": [ 129.847965, 32.828607 ] } },
{ "type": "Feature", "properties": { "ID": 4254200000982, "正式名称": "はやま薬局", "機関区分": 5, "都道府県コード": 42, "市区町村コード": 201, "所在地": "長崎県長崎市葉山１丁目６－１道ノ尾クリニックビル１階", "緯度": 32.804579, "経度": 129.850537, "url": "https://www.iryou.teikyouseido.mhlw.go.jp/znk-web/juminkanja/S2430/initialize?prefCd=42&kikanCd=4200000982&kikanKbn=5", "url2": null, "内容": "はやま薬局【5:薬局】長崎県長崎市葉山１丁目６－１道ノ尾クリニックビル１階" }, "geometry": { "type": "Point", "coordinates": [ 129.850537, 32.804579 ] } },
{ "type": "Feature", "properties": { "ID": 4254200000985, "正式名称": "ユウアイ薬局大村店", "機関区分": 5, "都道府県コード": 42, "市区町村コード": 205, "所在地": "長崎県大村市杭出津２－１４４８", "緯度": 32.914696, "経度": 129.955135, "url": "https://www.iryou.teikyouseido.mhlw.go.jp/znk-web/juminkanja/S2430/initialize?prefCd=42&kikanCd=4200000985&kikanKbn=5", "url2": null, "内容": "ユウアイ薬局大村店【5:薬局】長崎県大村市杭出津２－１４４８" }, "geometry": { "type": "Point", "coordinates": [ 129.955135, 32.914696 ] } },
{ "type": "Feature", "properties": { "ID": 4254200000986, "正式名称": "にこにこ薬局ひなみ店", "機関区分": 5, "都道府県コード": 42, "市区町村コード": 308, "所在地": "長崎県西彼杵郡時津町日並郷１３０３－７", "緯度": 32.849852, "経度": 129.825573, "url": "https://www.iryou.teikyouseido.mhlw.go.jp/znk-web/juminkanja/S2430/initialize?prefCd=42&kikanCd=4200000986&kikanKbn=5", "url2": null, "内容": "にこにこ薬局ひなみ店【5:薬局】長崎県西彼杵郡時津町日並郷１３０３－７" }, "geometry": { "type": "Point", "coordinates": [ 129.825573, 32.849852 ] } },
{ "type": "Feature", "properties": { "ID": 4254200000987, "正式名称": "よつば薬局", "機関区分": 5, "都道府県コード": 42, "市区町村コード": 204, "所在地": "長崎県諫早市小船越町１１４９－２", "緯度": 32.841016, "経度": 130.031366, "url": "https://www.iryou.teikyouseido.mhlw.go.jp/znk-web/juminkanja/S2430/initialize?prefCd=42&kikanCd=4200000987&kikanKbn=5", "url2": "https://n-pharmacy.com", "内容": "よつば薬局【5:薬局】長崎県諫早市小船越町１１４９－２" }, "geometry": { "type": "Point", "coordinates": [ 130.031366, 32.841016 ] } },
{ "type": "Feature", "properties": { "ID": 4254200000988, "正式名称": "うらのさき薬局", "機関区分": 5, "都道府県コード": 42, "市区町村コード": 208, "所在地": "長崎県松浦市志佐町浦免１３８６－１", "緯度": 33.342743, "経度": 129.708461, "url": "https://www.iryou.teikyouseido.mhlw.go.jp/znk-web/juminkanja/S2430/initialize?prefCd=42&kikanCd=4200000988&kikanKbn=5", "url2": null, "内容": "うらのさき薬局【5:薬局】長崎県松浦市志佐町浦免１３８６－１" }, "geometry": { "type": "Point", "coordinates": [ 129.708461, 33.342743 ] } },
{ "type": "Feature", "properties": { "ID": 4254200000989, "正式名称": "さわせ薬局大村店", "機関区分": 5, "都道府県コード": 42, "市区町村コード": 205, "所在地": "長崎県大村市植松３－６０７－５４", "緯度": 32.934041, "経度": 129.952473, "url": "https://www.iryou.teikyouseido.mhlw.go.jp/znk-web/juminkanja/S2430/initialize?prefCd=42&kikanCd=4200000989&kikanKbn=5", "url2": "https://sawase-pharmacy.com", "内容": "さわせ薬局大村店【5:薬局】長崎県大村市植松３－６０７－５４" }, "geometry": { "type": "Point", "coordinates": [ 129.952473, 32.934041 ] } },
{ "type": "Feature", "properties": { "ID": 4254200000990, "正式名称": "はやし薬局", "機関区分": 5, "都道府県コード": 42, "市区町村コード": 202, "所在地": "長崎県佐世保市柚木町２１８０－１", "緯度": 33.208768, "経度": 129.76454, "url": "https://www.iryou.teikyouseido.mhlw.go.jp/znk-web/juminkanja/S2430/initialize?prefCd=42&kikanCd=4200000990&kikanKbn=5", "url2": null, "内容": "はやし薬局【5:薬局】長崎県佐世保市柚木町２１８０－１" }, "geometry": { "type": "Point", "coordinates": [ 129.76454, 33.208768 ] } },
{ "type": "Feature", "properties": { "ID": 4254200000991, "正式名称": "ふたば調剤薬局", "機関区分": 5, "都道府県コード": 42, "市区町村コード": 213, "所在地": "長崎県雲仙市国見町多比良乙４１３", "緯度": 32.871624, "経度": 130.30645, "url": "https://www.iryou.teikyouseido.mhlw.go.jp/znk-web/juminkanja/S2430/initialize?prefCd=42&kikanCd=4200000991&kikanKbn=5", "url2": "https://www.kunimipharmacy.com/", "内容": "ふたば調剤薬局【5:薬局】長崎県雲仙市国見町多比良乙４１３" }, "geometry": { "type": "Point", "coordinates": [ 130.30645, 32.871624 ] } },
{ "type": "Feature", "properties": { "ID": 4254200000992, "正式名称": "させぼ薬局田原店", "機関区分": 5, "都道府県コード": 42, "市区町村コード": 202, "所在地": "長崎県佐世保市田原町１３－７", "緯度": 33.207995, "経度": 129.720616, "url": "https://www.iryou.teikyouseido.mhlw.go.jp/znk-web/juminkanja/S2430/initialize?prefCd=42&kikanCd=4200000992&kikanKbn=5", "url2": null, "内容": "させぼ薬局田原店【5:薬局】長崎県佐世保市田原町１３－７" }, "geometry": { "type": "Point", "coordinates": [ 129.720616, 33.207995 ] } },
{ "type": "Feature", "properties": { "ID": 4254200000996, "正式名称": "さくら薬局　長崎大浜店", "機関区分": 5, "都道府県コード": 42, "市区町村コード": 201, "所在地": "長崎県長崎市大浜町１５４６－６", "緯度": 32.746126, "経度": 129.831293, "url": "https://www.iryou.teikyouseido.mhlw.go.jp/znk-web/juminkanja/S2430/initialize?prefCd=42&kikanCd=4200000996&kikanKbn=5", "url2": "http://www.kraft-net.co.jp/sakura/store/4218/", "内容": "さくら薬局　長崎大浜店【5:薬局】長崎県長崎市大浜町１５４６－６" }, "geometry": { "type": "Point", "coordinates": [ 129.831293, 32.746126 ] } },
{ "type": "Feature", "properties": { "ID": 4254200000997, "正式名称": "八木原薬局", "機関区分": 5, "都道府県コード": 42, "市区町村コード": 212, "所在地": "長崎県西海市西彼町八木原郷１５２６－３", "緯度": 33.025357, "経度": 129.726606, "url": "https://www.iryou.teikyouseido.mhlw.go.jp/znk-web/juminkanja/S2430/initialize?prefCd=42&kikanCd=4200000997&kikanKbn=5", "url2": null, "内容": "八木原薬局【5:薬局】長崎県西海市西彼町八木原郷１５２６－３" }, "geometry": { "type": "Point", "coordinates": [ 129.726606, 33.025357 ] } },
{ "type": "Feature", "properties": { "ID": 4254200000998, "正式名称": "あしべ薬局", "機関区分": 5, "都道府県コード": 42, "市区町村コード": 210, "所在地": "長崎県壱岐市芦辺町諸吉仲触３－６", "緯度": 33.792902, "経度": 129.757698, "url": "https://www.iryou.teikyouseido.mhlw.go.jp/znk-web/juminkanja/S2430/initialize?prefCd=42&kikanCd=4200000998&kikanKbn=5", "url2": null, "内容": "あしべ薬局【5:薬局】長崎県壱岐市芦辺町諸吉仲触３－６" }, "geometry": { "type": "Point", "coordinates": [ 129.757698, 33.792902 ] } },
{ "type": "Feature", "properties": { "ID": 4254200000999, "正式名称": "いしばし薬局", "機関区分": 5, "都道府県コード": 42, "市区町村コード": 411, "所在地": "長崎県南松浦郡新上五島町有川郷６１６番地", "緯度": 32.984448, "経度": 129.115387, "url": "https://www.iryou.teikyouseido.mhlw.go.jp/znk-web/juminkanja/S2430/initialize?prefCd=42&kikanCd=4200000999&kikanKbn=5", "url2": "https://emiplus.life/", "内容": "いしばし薬局【5:薬局】長崎県南松浦郡新上五島町有川郷６１６番地" }, "geometry": { "type": "Point", "coordinates": [ 129.115387, 32.984448 ] } },
{ "type": "Feature", "properties": { "ID": 4254200001000, "正式名称": "三川内薬局", "機関区分": 5, "都道府県コード": 42, "市区町村コード": 202, "所在地": "長崎県佐世保市三川内本町２９２－６", "緯度": 33.150892, "経度": 129.829124, "url": "https://www.iryou.teikyouseido.mhlw.go.jp/znk-web/juminkanja/S2430/initialize?prefCd=42&kikanCd=4200001000&kikanKbn=5", "url2": "http://www.azuma-pharmacy.jp", "内容": "三川内薬局【5:薬局】長崎県佐世保市三川内本町２９２－６" }, "geometry": { "type": "Point", "coordinates": [ 129.829124, 33.150892 ] } },
{ "type": "Feature", "properties": { "ID": 4254200001001, "正式名称": "福石薬局", "機関区分": 5, "都道府県コード": 42, "市区町村コード": 202, "所在地": "長崎県佐世保市福石町１７－３２", "緯度": 33.159908, "経度": 129.730229, "url": "https://www.iryou.teikyouseido.mhlw.go.jp/znk-web/juminkanja/S2430/initialize?prefCd=42&kikanCd=4200001001&kikanKbn=5", "url2": "http://www.azuma-pharmacy.jp", "内容": "福石薬局【5:薬局】長崎県佐世保市福石町１７－３２" }, "geometry": { "type": "Point", "coordinates": [ 129.730229, 33.159908 ] } },
{ "type": "Feature", "properties": { "ID": 4254200001002, "正式名称": "潜竜薬局", "機関区分": 5, "都道府県コード": 42, "市区町村コード": 202, "所在地": "長崎県佐世保市江迎町田ノ元４６９", "緯度": 33.281668, "経度": 129.682721, "url": "https://www.iryou.teikyouseido.mhlw.go.jp/znk-web/juminkanja/S2430/initialize?prefCd=42&kikanCd=4200001002&kikanKbn=5", "url2": "http://www.azuma-pharmacy.jp", "内容": "潜竜薬局【5:薬局】長崎県佐世保市江迎町田ノ元４６９" }, "geometry": { "type": "Point", "coordinates": [ 129.682721, 33.281668 ] } },
{ "type": "Feature", "properties": { "ID": 4254200001003, "正式名称": "なごみ薬局", "機関区分": 5, "都道府県コード": 42, "市区町村コード": 201, "所在地": "長崎県長崎市小江原２丁目１番１８号", "緯度": 32.782422, "経度": 129.841223, "url": "https://www.iryou.teikyouseido.mhlw.go.jp/znk-web/juminkanja/S2430/initialize?prefCd=42&kikanCd=4200001003&kikanKbn=5", "url2": "https://www.azuma-pharmacy.jp/", "内容": "なごみ薬局【5:薬局】長崎県長崎市小江原２丁目１番１８号" }, "geometry": { "type": "Point", "coordinates": [ 129.841223, 32.782422 ] } },
{ "type": "Feature", "properties": { "ID": 4254200001005, "正式名称": "株式会社ミヤケファーマシーくいでつ薬局", "機関区分": 5, "都道府県コード": 42, "市区町村コード": 205, "所在地": "長崎県大村市杭出津１丁目８２６―８", "緯度": 32.911792, "経度": 129.949674, "url": "https://www.iryou.teikyouseido.mhlw.go.jp/znk-web/juminkanja/S2430/initialize?prefCd=42&kikanCd=4200001005&kikanKbn=5", "url2": null, "内容": "株式会社ミヤケファーマシーくいでつ薬局【5:薬局】長崎県大村市杭出津１丁目８２６―８" }, "geometry": { "type": "Point", "coordinates": [ 129.949674, 32.911792 ] } },
{ "type": "Feature", "properties": { "ID": 4254200001006, "正式名称": "諫早駅前薬局", "機関区分": 5, "都道府県コード": 42, "市区町村コード": 204, "所在地": "長崎県諫早市永昌東町１－２　ライオンズ諫早ステーションスクエア１０２", "緯度": 32.85319, "経度": 130.041321, "url": "https://www.iryou.teikyouseido.mhlw.go.jp/znk-web/juminkanja/S2430/initialize?prefCd=42&kikanCd=4200001006&kikanKbn=5", "url2": null, "内容": "諫早駅前薬局【5:薬局】長崎県諫早市永昌東町１－２　ライオンズ諫早ステーションスクエア１０２" }, "geometry": { "type": "Point", "coordinates": [ 130.041321, 32.85319 ] } },
{ "type": "Feature", "properties": { "ID": 4254200001007, "正式名称": "亀山薬局みなとテラス店", "機関区分": 5, "都道府県コード": 42, "市区町村コード": 203, "所在地": "長崎県島原市新湊２丁目丁２５３７－１２", "緯度": 34.867183, "経度": 136.450646, "url": "https://www.iryou.teikyouseido.mhlw.go.jp/znk-web/juminkanja/S2430/initialize?prefCd=42&kikanCd=4200001007&kikanKbn=5", "url2": null, "内容": "亀山薬局みなとテラス店【5:薬局】長崎県島原市新湊２丁目丁２５３７－１２" }, "geometry": { "type": "Point", "coordinates": [ 136.450646, 34.867183 ] } },
{ "type": "Feature", "properties": { "ID": 4254200001009, "正式名称": "日本調剤原爆病院前薬局", "機関区分": 5, "都道府県コード": 42, "市区町村コード": 201, "所在地": "長崎県長崎市茂里町３－１６", "緯度": 32.765319, "経度": 129.86294, "url": "https://www.iryou.teikyouseido.mhlw.go.jp/znk-web/juminkanja/S2430/initialize?prefCd=42&kikanCd=4200001009&kikanKbn=5", "url2": "http://www.nicho.co.jp/", "内容": "日本調剤原爆病院前薬局【5:薬局】長崎県長崎市茂里町３－１６" }, "geometry": { "type": "Point", "coordinates": [ 129.86294, 32.765319 ] } },
{ "type": "Feature", "properties": { "ID": 4254200001010, "正式名称": "セレケア薬局吉岡支店", "機関区分": 5, "都道府県コード": 42, "市区町村コード": 202, "所在地": "長崎県佐世保市吉岡町１７４５－２", "緯度": 33.205681, "経度": 129.700827, "url": "https://www.iryou.teikyouseido.mhlw.go.jp/znk-web/juminkanja/S2430/initialize?prefCd=42&kikanCd=4200001010&kikanKbn=5", "url2": null, "内容": "セレケア薬局吉岡支店【5:薬局】長崎県佐世保市吉岡町１７４５－２" }, "geometry": { "type": "Point", "coordinates": [ 129.700827, 33.205681 ] } },
{ "type": "Feature", "properties": { "ID": 4254200001011, "正式名称": "かつとみ薬局", "機関区分": 5, "都道府県コード": 42, "市区町村コード": 202, "所在地": "長崎県佐世保市勝富町４－１７", "緯度": 33.174584, "経度": 129.729097, "url": "https://www.iryou.teikyouseido.mhlw.go.jp/znk-web/juminkanja/S2430/initialize?prefCd=42&kikanCd=4200001011&kikanKbn=5", "url2": null, "内容": "かつとみ薬局【5:薬局】長崎県佐世保市勝富町４－１７" }, "geometry": { "type": "Point", "coordinates": [ 129.729097, 33.174584 ] } },
{ "type": "Feature", "properties": { "ID": 4254200001013, "正式名称": "アイン薬局長崎虹が丘店", "機関区分": 5, "都道府県コード": 42, "市区町村コード": 201, "所在地": "長崎県長崎市虹が丘町１－１", "緯度": 32.79861, "経度": 129.84631, "url": "https://www.iryou.teikyouseido.mhlw.go.jp/znk-web/juminkanja/S2430/initialize?prefCd=42&kikanCd=4200001013&kikanKbn=5", "url2": "http://ainj.co.jp", "内容": "アイン薬局長崎虹が丘店【5:薬局】長崎県長崎市虹が丘町１－１" }, "geometry": { "type": "Point", "coordinates": [ 129.84631, 32.79861 ] } },
{ "type": "Feature", "properties": { "ID": 4254200001014, "正式名称": "亀山薬局アリーナ店", "機関区分": 5, "都道府県コード": 42, "市区町村コード": 203, "所在地": "長崎県島原市中安徳町４３０９", "緯度": 32.74582, "経度": 130.3697, "url": "https://www.iryou.teikyouseido.mhlw.go.jp/znk-web/juminkanja/S2430/initialize?prefCd=42&kikanCd=4200001014&kikanKbn=5", "url2": "https://kameyaku.com", "内容": "亀山薬局アリーナ店【5:薬局】長崎県島原市中安徳町４３０９" }, "geometry": { "type": "Point", "coordinates": [ 130.3697, 32.74582 ] } },
{ "type": "Feature", "properties": { "ID": 4254200001016, "正式名称": "のどか薬局小迎店", "機関区分": 5, "都道府県コード": 42, "市区町村コード": 212, "所在地": "長崎県西海市西彼町小迎郷２５５０－３", "緯度": 33.04513, "経度": 129.74253, "url": "https://www.iryou.teikyouseido.mhlw.go.jp/znk-web/juminkanja/S2430/initialize?prefCd=42&kikanCd=4200001016&kikanKbn=5", "url2": "http://nodoka-p.com/", "内容": "のどか薬局小迎店【5:薬局】長崎県西海市西彼町小迎郷２５５０－３" }, "geometry": { "type": "Point", "coordinates": [ 129.74253, 33.04513 ] } },
{ "type": "Feature", "properties": { "ID": 4254200001017, "正式名称": "クニマル薬局", "機関区分": 5, "都道府県コード": 42, "市区町村コード": 411, "所在地": "長崎県南松浦郡新上五島町浦桑郷１３６０", "緯度": 32.9804, "経度": 129.11657, "url": "https://www.iryou.teikyouseido.mhlw.go.jp/znk-web/juminkanja/S2430/initialize?prefCd=42&kikanCd=4200001017&kikanKbn=5", "url2": null, "内容": "クニマル薬局【5:薬局】長崎県南松浦郡新上五島町浦桑郷１３６０" }, "geometry": { "type": "Point", "coordinates": [ 129.11657, 32.9804 ] } },
{ "type": "Feature", "properties": { "ID": 4254200001018, "正式名称": "ココカラファイン薬局プラットモール長崎店", "機関区分": 5, "都道府県コード": 42, "市区町村コード": 201, "所在地": "長崎県長崎市川口町１２－３９プラットモール長崎１Ｆ", "緯度": 32.77039, "経度": 129.86371, "url": "https://www.iryou.teikyouseido.mhlw.go.jp/znk-web/juminkanja/S2430/initialize?prefCd=42&kikanCd=4200001018&kikanKbn=5", "url2": "https://corp.cocokarafine.co.jp/", "内容": "ココカラファイン薬局プラットモール長崎店【5:薬局】長崎県長崎市川口町１２－３９プラットモール長崎１Ｆ" }, "geometry": { "type": "Point", "coordinates": [ 129.86371, 32.77039 ] } },
{ "type": "Feature", "properties": { "ID": 4254200001019, "正式名称": "ココカラファイン薬局十善会病院店", "機関区分": 5, "都道府県コード": 42, "市区町村コード": 201, "所在地": "長崎県長崎市淵町２０番５号", "緯度": 32.76088, "経度": 129.85889, "url": "https://www.iryou.teikyouseido.mhlw.go.jp/znk-web/juminkanja/S2430/initialize?prefCd=42&kikanCd=4200001019&kikanKbn=5", "url2": "https://www.matsukiyococokara-online.com/map?kid=20002510", "内容": "ココカラファイン薬局十善会病院店【5:薬局】長崎県長崎市淵町２０番５号" }, "geometry": { "type": "Point", "coordinates": [ 129.85889, 32.76088 ] } },
{ "type": "Feature", "properties": { "ID": 4254200001021, "正式名称": "リエール薬局", "機関区分": 5, "都道府県コード": 42, "市区町村コード": 201, "所在地": "長崎県長崎市新地町１２番８号", "緯度": 32.740932, "経度": 129.875497, "url": "https://www.iryou.teikyouseido.mhlw.go.jp/znk-web/juminkanja/S2430/initialize?prefCd=42&kikanCd=4200001021&kikanKbn=5", "url2": null, "内容": "リエール薬局【5:薬局】長崎県長崎市新地町１２番８号" }, "geometry": { "type": "Point", "coordinates": [ 129.875497, 32.740932 ] } },
{ "type": "Feature", "properties": { "ID": 4254200001022, "正式名称": "すずらん薬局", "機関区分": 5, "都道府県コード": 42, "市区町村コード": 205, "所在地": "長崎県大村市桜馬場２－４５５－３", "緯度": 32.929974, "経度": 129.947318, "url": "https://www.iryou.teikyouseido.mhlw.go.jp/znk-web/juminkanja/S2430/initialize?prefCd=42&kikanCd=4200001022&kikanKbn=5", "url2": "https://www.earthpharmacy.jp", "内容": "すずらん薬局【5:薬局】長崎県大村市桜馬場２－４５５－３" }, "geometry": { "type": "Point", "coordinates": [ 129.947318, 32.929974 ] } },
{ "type": "Feature", "properties": { "ID": 4254200001023, "正式名称": "もろおか薬局　昭和通り店", "機関区分": 5, "都道府県コード": 42, "市区町村コード": 204, "所在地": "長崎県諫早市厚生町６－４", "緯度": 32.840672, "経度": 130.0581, "url": "https://www.iryou.teikyouseido.mhlw.go.jp/znk-web/juminkanja/S2430/initialize?prefCd=42&kikanCd=4200001023&kikanKbn=5", "url2": "http://morooka-yakuhin.jp/", "内容": "もろおか薬局　昭和通り店【5:薬局】長崎県諫早市厚生町６－４" }, "geometry": { "type": "Point", "coordinates": [ 130.0581, 32.840672 ] } },
{ "type": "Feature", "properties": { "ID": 4254200001024, "正式名称": "新生堂薬局重工記念長崎病院前店", "機関区分": 5, "都道府県コード": 42, "市区町村コード": 201, "所在地": "長崎県長崎市大谷町１－１", "緯度": 32.745304, "経度": 129.858621, "url": "https://www.iryou.teikyouseido.mhlw.go.jp/znk-web/juminkanja/S2430/initialize?prefCd=42&kikanCd=4200001024&kikanKbn=5", "url2": "https://shinseido-co.jp/", "内容": "新生堂薬局重工記念長崎病院前店【5:薬局】長崎県長崎市大谷町１－１" }, "geometry": { "type": "Point", "coordinates": [ 129.858621, 32.745304 ] } },
{ "type": "Feature", "properties": { "ID": 4254200001025, "正式名称": "健康堂薬局かしわの店", "機関区分": 5, "都道府県コード": 42, "市区町村コード": 203, "所在地": "長崎県島原市柏野町１４７３－１", "緯度": 32.798593, "経度": 130.356024, "url": "https://www.iryou.teikyouseido.mhlw.go.jp/znk-web/juminkanja/S2430/initialize?prefCd=42&kikanCd=4200001025&kikanKbn=5", "url2": "https://kenkoudo-group.com", "内容": "健康堂薬局かしわの店【5:薬局】長崎県島原市柏野町１４７３－１" }, "geometry": { "type": "Point", "coordinates": [ 130.356024, 32.798593 ] } },
{ "type": "Feature", "properties": { "ID": 4254200001027, "正式名称": "いきいき調剤薬局石田", "機関区分": 5, "都道府県コード": 42, "市区町村コード": 210, "所在地": "長崎県壱岐市石田町印通寺浦３０８－４", "緯度": 33.744443, "経度": 129.75386, "url": "https://www.iryou.teikyouseido.mhlw.go.jp/znk-web/juminkanja/S2430/initialize?prefCd=42&kikanCd=4200001027&kikanKbn=5", "url2": "https://sites.google.com/view/mris-iki-iki1997", "内容": "いきいき調剤薬局石田【5:薬局】長崎県壱岐市石田町印通寺浦３０８－４" }, "geometry": { "type": "Point", "coordinates": [ 129.75386, 33.744443 ] } },
{ "type": "Feature", "properties": { "ID": 4254200001028, "正式名称": "健康堂薬局ふつ店", "機関区分": 5, "都道府県コード": 42, "市区町村コード": 214, "所在地": "長崎県南島原市布津町乙", "緯度": 32.717655, "経度": 130.351597, "url": "https://www.iryou.teikyouseido.mhlw.go.jp/znk-web/juminkanja/S2430/initialize?prefCd=42&kikanCd=4200001028&kikanKbn=5", "url2": "https://kenkoudo-group.com", "内容": "健康堂薬局ふつ店【5:薬局】長崎県南島原市布津町乙" }, "geometry": { "type": "Point", "coordinates": [ 130.351597, 32.717655 ] } },
{ "type": "Feature", "properties": { "ID": 4254200001029, "正式名称": "かわさき薬局田平店", "機関区分": 5, "都道府県コード": 42, "市区町村コード": 207, "所在地": "長崎県平戸市田平町小手田免９５１－１", "緯度": 33.357759, "経度": 129.578194, "url": "https://www.iryou.teikyouseido.mhlw.go.jp/znk-web/juminkanja/S2430/initialize?prefCd=42&kikanCd=4200001029&kikanKbn=5", "url2": null, "内容": "かわさき薬局田平店【5:薬局】長崎県平戸市田平町小手田免９５１－１" }, "geometry": { "type": "Point", "coordinates": [ 129.578194, 33.357759 ] } },
{ "type": "Feature", "properties": { "ID": 4254200001032, "正式名称": "はくあい堂諫早かわとこ薬局", "機関区分": 5, "都道府県コード": 42, "市区町村コード": 204, "所在地": "長崎県諫早市川床町３７６－１", "緯度": 32.829806, "経度": 130.069534, "url": "https://www.iryou.teikyouseido.mhlw.go.jp/znk-web/juminkanja/S2430/initialize?prefCd=42&kikanCd=4200001032&kikanKbn=5", "url2": "http://www.hakuaido-p.co.jp", "内容": "はくあい堂諫早かわとこ薬局【5:薬局】長崎県諫早市川床町３７６－１" }, "geometry": { "type": "Point", "coordinates": [ 130.069534, 32.829806 ] } },
{ "type": "Feature", "properties": { "ID": 4254200001033, "正式名称": "ＡＧ薬局", "機関区分": 5, "都道府県コード": 42, "市区町村コード": 201, "所在地": "長崎県長崎市京泊３丁目３１－６", "緯度": 32.824139, "経度": 129.772841, "url": "https://www.iryou.teikyouseido.mhlw.go.jp/znk-web/juminkanja/S2430/initialize?prefCd=42&kikanCd=4200001033&kikanKbn=5", "url2": null, "内容": "ＡＧ薬局【5:薬局】長崎県長崎市京泊３丁目３１－６" }, "geometry": { "type": "Point", "coordinates": [ 129.772841, 32.824139 ] } },
{ "type": "Feature", "properties": { "ID": 4254200001034, "正式名称": "健康堂薬局くしま店", "機関区分": 5, "都道府県コード": 42, "市区町村コード": 205, "所在地": "長崎県大村市玖島１－１２６－４", "緯度": 32.898692, "経度": 129.961365, "url": "https://www.iryou.teikyouseido.mhlw.go.jp/znk-web/juminkanja/S2430/initialize?prefCd=42&kikanCd=4200001034&kikanKbn=5", "url2": "https://kenkoudo-group.com/", "内容": "健康堂薬局くしま店【5:薬局】長崎県大村市玖島１－１２６－４" }, "geometry": { "type": "Point", "coordinates": [ 129.961365, 32.898692 ] } },
{ "type": "Feature", "properties": { "ID": 4254200001035, "正式名称": "新大村薬局Ｐｌｕｓ", "機関区分": 5, "都道府県コード": 42, "市区町村コード": 205, "所在地": "長崎県大村市小路口本町６７７－１３", "緯度": 32.93817, "経度": 129.95442, "url": "https://www.iryou.teikyouseido.mhlw.go.jp/znk-web/juminkanja/S2430/initialize?prefCd=42&kikanCd=4200001035&kikanKbn=5", "url2": "https://shin-omura.com/", "内容": "新大村薬局Ｐｌｕｓ【5:薬局】長崎県大村市小路口本町６７７－１３" }, "geometry": { "type": "Point", "coordinates": [ 129.95442, 32.93817 ] } },
{ "type": "Feature", "properties": { "ID": 4254200001036, "正式名称": "ニコニコ調剤薬局", "機関区分": 5, "都道府県コード": 42, "市区町村コード": 204, "所在地": "長崎県諫早市東小路町", "緯度": 32.843307, "経度": 130.054027, "url": "https://www.iryou.teikyouseido.mhlw.go.jp/znk-web/juminkanja/S2430/initialize?prefCd=42&kikanCd=4200001036&kikanKbn=5", "url2": "shiranuhi info", "内容": "ニコニコ調剤薬局【5:薬局】長崎県諫早市東小路町" }, "geometry": { "type": "Point", "coordinates": [ 130.054027, 32.843307 ] } },
{ "type": "Feature", "properties": { "ID": 4254200001037, "正式名称": "三気堂薬局松浦店", "機関区分": 5, "都道府県コード": 42, "市区町村コード": 208, "所在地": "長崎県松浦市志佐町浦免１７２９－５", "緯度": 33.3408, "経度": 129.705225, "url": "https://www.iryou.teikyouseido.mhlw.go.jp/znk-web/juminkanja/S2430/initialize?prefCd=42&kikanCd=4200001037&kikanKbn=5", "url2": "http://www.met-g.co.jp", "内容": "三気堂薬局松浦店【5:薬局】長崎県松浦市志佐町浦免１７２９－５" }, "geometry": { "type": "Point", "coordinates": [ 129.705225, 33.3408 ] } },
{ "type": "Feature", "properties": { "ID": 4254200001038, "正式名称": "ウエルシア薬局イオン島原店", "機関区分": 5, "都道府県コード": 42, "市区町村コード": 203, "所在地": "長崎県島原市弁天町１－７０８０－１", "緯度": 32.783954, "経度": 130.372334, "url": "https://www.iryou.teikyouseido.mhlw.go.jp/znk-web/juminkanja/S2430/initialize?prefCd=42&kikanCd=4200001038&kikanKbn=5", "url2": "http://stores.weicia.co.jp/3772D", "内容": "ウエルシア薬局イオン島原店【5:薬局】長崎県島原市弁天町１－７０８０－１" }, "geometry": { "type": "Point", "coordinates": [ 130.372334, 32.783954 ] } },
{ "type": "Feature", "properties": { "ID": 4254200001039, "正式名称": "須山薬局", "機関区分": 5, "都道府県コード": 42, "市区町村コード": 201, "所在地": "長崎県長崎市川口町８－１８　オーヴィジョン大学病院前１Ｆ", "緯度": 32.768176, "経度": 129.86312, "url": "https://www.iryou.teikyouseido.mhlw.go.jp/znk-web/juminkanja/S2430/initialize?prefCd=42&kikanCd=4200001039&kikanKbn=5", "url2": null, "内容": "須山薬局【5:薬局】長崎県長崎市川口町８－１８　オーヴィジョン大学病院前１Ｆ" }, "geometry": { "type": "Point", "coordinates": [ 129.86312, 32.768176 ] } },
{ "type": "Feature", "properties": { "ID": 4254200001040, "正式名称": "桜町調剤薬局三井楽店", "機関区分": 5, "都道府県コード": 42, "市区町村コード": 211, "所在地": "長崎県五島市三井楽町濱ノ畔１０５０－１７", "緯度": 32.747113, "経度": 128.691988, "url": "https://www.iryou.teikyouseido.mhlw.go.jp/znk-web/juminkanja/S2430/initialize?prefCd=42&kikanCd=4200001040&kikanKbn=5", "url2": null, "内容": "桜町調剤薬局三井楽店【5:薬局】長崎県五島市三井楽町濱ノ畔１０５０－１７" }, "geometry": { "type": "Point", "coordinates": [ 128.691988, 32.747113 ] } },
{ "type": "Feature", "properties": { "ID": 4254200001041, "正式名称": "クローバー薬局", "機関区分": 5, "都道府県コード": 42, "市区町村コード": 201, "所在地": "長崎県長崎市三原１丁目７－３３", "緯度": 32.781361, "経度": 129.876639, "url": "https://www.iryou.teikyouseido.mhlw.go.jp/znk-web/juminkanja/S2430/initialize?prefCd=42&kikanCd=4200001041&kikanKbn=5", "url2": null, "内容": "クローバー薬局【5:薬局】長崎県長崎市三原１丁目７－３３" }, "geometry": { "type": "Point", "coordinates": [ 129.876639, 32.781361 ] } },
{ "type": "Feature", "properties": { "ID": 4254200001042, "正式名称": "みふね薬局", "機関区分": 5, "都道府県コード": 42, "市区町村コード": 202, "所在地": "長崎県佐世保市神島町１－４", "緯度": 33.168068, "経度": 129.704271, "url": "https://www.iryou.teikyouseido.mhlw.go.jp/znk-web/juminkanja/S2430/initialize?prefCd=42&kikanCd=4200001042&kikanKbn=5", "url2": "http://www.szuma-pharmacy.jp", "内容": "みふね薬局【5:薬局】長崎県佐世保市神島町１－４" }, "geometry": { "type": "Point", "coordinates": [ 129.704271, 33.168068 ] } },
{ "type": "Feature", "properties": { "ID": 4254200001043, "正式名称": "ヤクシン薬局大波止店", "機関区分": 5, "都道府県コード": 42, "市区町村コード": 201, "所在地": "長崎県長崎市樺島町６－１８", "緯度": 32.746407, "経度": 129.872596, "url": "https://www.iryou.teikyouseido.mhlw.go.jp/znk-web/juminkanja/S2430/initialize?prefCd=42&kikanCd=4200001043&kikanKbn=5", "url2": null, "内容": "ヤクシン薬局大波止店【5:薬局】長崎県長崎市樺島町６－１８" }, "geometry": { "type": "Point", "coordinates": [ 129.872596, 32.746407 ] } },
{ "type": "Feature", "properties": { "ID": 4254200001044, "正式名称": "長崎駅前薬局", "機関区分": 5, "都道府県コード": 42, "市区町村コード": 201, "所在地": "長崎県長崎市尾上町８－４４　酒井ビル１階", "緯度": 32.75382, "経度": 129.870331, "url": "https://www.iryou.teikyouseido.mhlw.go.jp/znk-web/juminkanja/S2430/initialize?prefCd=42&kikanCd=4200001044&kikanKbn=5", "url2": "https://inkikaku.net", "内容": "長崎駅前薬局【5:薬局】長崎県長崎市尾上町８－４４　酒井ビル１階" }, "geometry": { "type": "Point", "coordinates": [ 129.870331, 32.75382 ] } },
{ "type": "Feature", "properties": { "ID": 4254200001045, "正式名称": "奈留薬局葉山店", "機関区分": 5, "都道府県コード": 42, "市区町村コード": 201, "所在地": "長崎県長崎市葉山１－２８－１５", "緯度": 32.805198, "経度": 129.84915, "url": "https://www.iryou.teikyouseido.mhlw.go.jp/znk-web/juminkanja/S2430/initialize?prefCd=42&kikanCd=4200001045&kikanKbn=5", "url2": "https://emiplus.life/", "内容": "奈留薬局葉山店【5:薬局】長崎県長崎市葉山１－２８－１５" }, "geometry": { "type": "Point", "coordinates": [ 129.84915, 32.805198 ] } },
{ "type": "Feature", "properties": { "ID": 4254200001046, "正式名称": "代官坂薬局", "機関区分": 5, "都道府県コード": 42, "市区町村コード": 201, "所在地": "長崎県長崎市桶屋町５０", "緯度": 32.749585, "経度": 129.881238, "url": "https://www.iryou.teikyouseido.mhlw.go.jp/znk-web/juminkanja/S2430/initialize?prefCd=42&kikanCd=4200001046&kikanKbn=5", "url2": null, "内容": "代官坂薬局【5:薬局】長崎県長崎市桶屋町５０" }, "geometry": { "type": "Point", "coordinates": [ 129.881238, 32.749585 ] } },
{ "type": "Feature", "properties": { "ID": 4254200001047, "正式名称": "はるかぜ薬局", "機関区分": 5, "都道府県コード": 42, "市区町村コード": 204, "所在地": "長崎県諫早市真崎町８９７－５", "緯度": 32.854455, "経度": 130.024447, "url": "https://www.iryou.teikyouseido.mhlw.go.jp/znk-web/juminkanja/S2430/initialize?prefCd=42&kikanCd=4200001047&kikanKbn=5", "url2": null, "内容": "はるかぜ薬局【5:薬局】長崎県諫早市真崎町８９７－５" }, "geometry": { "type": "Point", "coordinates": [ 130.024447, 32.854455 ] } },
{ "type": "Feature", "properties": { "ID": 4254200001048, "正式名称": "ほんだ薬局", "機関区分": 5, "都道府県コード": 42, "市区町村コード": 210, "所在地": "長崎県壱岐市郷ノ浦町東触７５８番地１", "緯度": 33.756946, "経度": 129.702035, "url": "https://www.iryou.teikyouseido.mhlw.go.jp/znk-web/juminkanja/S2430/initialize?prefCd=42&kikanCd=4200001048&kikanKbn=5", "url2": null, "内容": "ほんだ薬局【5:薬局】長崎県壱岐市郷ノ浦町東触７５８番地１" }, "geometry": { "type": "Point", "coordinates": [ 129.702035, 33.756946 ] } },
{ "type": "Feature", "properties": { "ID": 4254200001049, "正式名称": "日本調剤樺島薬局", "機関区分": 5, "都道府県コード": 42, "市区町村コード": 201, "所在地": "長崎県長崎市樺島町６－１９", "緯度": 32.746454, "経度": 129.872525, "url": "https://www.iryou.teikyouseido.mhlw.go.jp/znk-web/juminkanja/S2430/initialize?prefCd=42&kikanCd=4200001049&kikanKbn=5", "url2": "http://www.nicho.co.jp/", "内容": "日本調剤樺島薬局【5:薬局】長崎県長崎市樺島町６－１９" }, "geometry": { "type": "Point", "coordinates": [ 129.872525, 32.746454 ] } },
{ "type": "Feature", "properties": { "ID": 4254200001050, "正式名称": "こぐま薬局", "機関区分": 5, "都道府県コード": 42, "市区町村コード": 204, "所在地": "長崎県諫早市西里町２４－８", "緯度": 32.85814, "経度": 130.074843, "url": "https://www.iryou.teikyouseido.mhlw.go.jp/znk-web/juminkanja/S2430/initialize?prefCd=42&kikanCd=4200001050&kikanKbn=5", "url2": null, "内容": "こぐま薬局【5:薬局】長崎県諫早市西里町２４－８" }, "geometry": { "type": "Point", "coordinates": [ 130.074843, 32.85814 ] } },
{ "type": "Feature", "properties": { "ID": 4254200001051, "正式名称": "水の浦薬局", "機関区分": 5, "都道府県コード": 42, "市区町村コード": 201, "所在地": "長崎県長崎市飽の浦町１－１", "緯度": 32.745135, "経度": 129.859347, "url": "https://www.iryou.teikyouseido.mhlw.go.jp/znk-web/juminkanja/S2430/initialize?prefCd=42&kikanCd=4200001051&kikanKbn=5", "url2": "http://katsuyama-ph.co.jp", "内容": "水の浦薬局【5:薬局】長崎県長崎市飽の浦町１－１" }, "geometry": { "type": "Point", "coordinates": [ 129.859347, 32.745135 ] } },
{ "type": "Feature", "properties": { "ID": 4254200001052, "正式名称": "こはる薬局", "機関区分": 5, "都道府県コード": 42, "市区町村コード": 201, "所在地": "長崎県長崎市滑石３丁目２５ー２０", "緯度": 32.808467, "経度": 129.832973, "url": "https://www.iryou.teikyouseido.mhlw.go.jp/znk-web/juminkanja/S2430/initialize?prefCd=42&kikanCd=4200001052&kikanKbn=5", "url2": null, "内容": "こはる薬局【5:薬局】長崎県長崎市滑石３丁目２５ー２０" }, "geometry": { "type": "Point", "coordinates": [ 129.832973, 32.808467 ] } },
{ "type": "Feature", "properties": { "ID": 4254200001054, "正式名称": "ウエルネス薬局", "機関区分": 5, "都道府県コード": 42, "市区町村コード": 201, "所在地": "長崎県長崎市栄町３番１１号", "緯度": 32.748025, "経度": 129.878799, "url": "https://www.iryou.teikyouseido.mhlw.go.jp/znk-web/juminkanja/S2430/initialize?prefCd=42&kikanCd=4200001054&kikanKbn=5", "url2": null, "内容": "ウエルネス薬局【5:薬局】長崎県長崎市栄町３番１１号" }, "geometry": { "type": "Point", "coordinates": [ 129.878799, 32.748025 ] } },
{ "type": "Feature", "properties": { "ID": 4254200001055, "正式名称": "カインド薬局", "機関区分": 5, "都道府県コード": 42, "市区町村コード": 308, "所在地": "長崎県西彼杵郡時津町西時津郷８４７－１", "緯度": 32.835491, "経度": 129.857459, "url": "https://www.iryou.teikyouseido.mhlw.go.jp/znk-web/juminkanja/S2430/initialize?prefCd=42&kikanCd=4200001055&kikanKbn=5", "url2": "https://kindhealthsupport.com/kaind/", "内容": "カインド薬局【5:薬局】長崎県西彼杵郡時津町西時津郷８４７－１" }, "geometry": { "type": "Point", "coordinates": [ 129.857459, 32.835491 ] } },
{ "type": "Feature", "properties": { "ID": 4254200001056, "正式名称": "かもめ調剤薬局", "機関区分": 5, "都道府県コード": 42, "市区町村コード": 201, "所在地": "長崎県長崎市万屋町６－１７", "緯度": 32.744728, "経度": 129.88032, "url": "https://www.iryou.teikyouseido.mhlw.go.jp/znk-web/juminkanja/S2430/initialize?prefCd=42&kikanCd=4200001056&kikanKbn=5", "url2": null, "内容": "かもめ調剤薬局【5:薬局】長崎県長崎市万屋町６－１７" }, "geometry": { "type": "Point", "coordinates": [ 129.88032, 32.744728 ] } },
{ "type": "Feature", "properties": { "ID": 4254200001057, "正式名称": "薬局マツモトキヨシ浜の町店", "機関区分": 5, "都道府県コード": 42, "市区町村コード": 201, "所在地": "長崎県長崎市浜町４ー９", "緯度": 32.744102, "経度": 129.87819, "url": "https://www.iryou.teikyouseido.mhlw.go.jp/znk-web/juminkanja/S2430/initialize?prefCd=42&kikanCd=4200001057&kikanKbn=5", "url2": null, "内容": "薬局マツモトキヨシ浜の町店【5:薬局】長崎県長崎市浜町４ー９" }, "geometry": { "type": "Point", "coordinates": [ 129.87819, 32.744102 ] } },
{ "type": "Feature", "properties": { "ID": 4254200001058, "正式名称": "薬局マツモトキヨシララプレイス愛宕店", "機関区分": 5, "都道府県コード": 42, "市区町村コード": 201, "所在地": "長崎県長崎市愛宕４ー１８ー２０", "緯度": 32.73494, "経度": 129.89122, "url": "https://www.iryou.teikyouseido.mhlw.go.jp/znk-web/juminkanja/S2430/initialize?prefCd=42&kikanCd=4200001058&kikanKbn=5", "url2": null, "内容": "薬局マツモトキヨシララプレイス愛宕店【5:薬局】長崎県長崎市愛宕４ー１８ー２０" }, "geometry": { "type": "Point", "coordinates": [ 129.89122, 32.73494 ] } },
{ "type": "Feature", "properties": { "ID": 4254200001059, "正式名称": "ニック調剤薬局　高砂店", "機関区分": 5, "都道府県コード": 42, "市区町村コード": 202, "所在地": "長崎県佐世保市高砂町４番９号", "緯度": 33.178971, "経度": 129.715586, "url": "https://www.iryou.teikyouseido.mhlw.go.jp/znk-web/juminkanja/S2430/initialize?prefCd=42&kikanCd=4200001059&kikanKbn=5", "url2": null, "内容": "ニック調剤薬局　高砂店【5:薬局】長崎県佐世保市高砂町４番９号" }, "geometry": { "type": "Point", "coordinates": [ 129.715586, 33.178971 ] } },
{ "type": "Feature", "properties": { "ID": 4254200001060, "正式名称": "宇久島薬局", "機関区分": 5, "都道府県コード": 42, "市区町村コード": 202, "所在地": "長崎県佐世保市宇久町平２１９８－５", "緯度": 33.264736, "経度": 129.132025, "url": "https://www.iryou.teikyouseido.mhlw.go.jp/znk-web/juminkanja/S2430/initialize?prefCd=42&kikanCd=4200001060&kikanKbn=5", "url2": null, "内容": "宇久島薬局【5:薬局】長崎県佐世保市宇久町平２１９８－５" }, "geometry": { "type": "Point", "coordinates": [ 129.132025, 33.264736 ] } },
{ "type": "Feature", "properties": { "ID": 4254200001061, "正式名称": "株式会社メトリー　野母崎薬局", "機関区分": 5, "都道府県コード": 42, "市区町村コード": 201, "所在地": "長崎県長崎市野母町２３１０", "緯度": 32.57984, "経度": 129.752478, "url": "https://www.iryou.teikyouseido.mhlw.go.jp/znk-web/juminkanja/S2430/initialize?prefCd=42&kikanCd=4200001061&kikanKbn=5", "url2": null, "内容": "株式会社メトリー　野母崎薬局【5:薬局】長崎県長崎市野母町２３１０" }, "geometry": { "type": "Point", "coordinates": [ 129.752478, 32.57984 ] } },
{ "type": "Feature", "properties": { "ID": 4254200001063, "正式名称": "白鳥町薬局", "機関区分": 5, "都道府県コード": 42, "市区町村コード": 201, "所在地": "長崎県長崎市白鳥町２番１号", "緯度": 32.784678, "経度": 129.856967, "url": "https://www.iryou.teikyouseido.mhlw.go.jp/znk-web/juminkanja/S2430/initialize?prefCd=42&kikanCd=4200001063&kikanKbn=5", "url2": null, "内容": "白鳥町薬局【5:薬局】長崎県長崎市白鳥町２番１号" }, "geometry": { "type": "Point", "coordinates": [ 129.856967, 32.784678 ] } },
{ "type": "Feature", "properties": { "ID": 4254200001064, "正式名称": "アイビー薬局　昭和町店", "機関区分": 5, "都道府県コード": 42, "市区町村コード": 201, "所在地": "長崎県長崎市昭和３－２－４", "緯度": 32.791976, "経度": 129.875147, "url": "https://www.iryou.teikyouseido.mhlw.go.jp/znk-web/juminkanja/S2430/initialize?prefCd=42&kikanCd=4200001064&kikanKbn=5", "url2": "www.oneders-group.com", "内容": "アイビー薬局　昭和町店【5:薬局】長崎県長崎市昭和３－２－４" }, "geometry": { "type": "Point", "coordinates": [ 129.875147, 32.791976 ] } },
{ "type": "Feature", "properties": { "ID": 4254200001065, "正式名称": "なつめ薬局", "機関区分": 5, "都道府県コード": 42, "市区町村コード": 201, "所在地": "長崎県長崎市葉山１丁目３番１３号", "緯度": 32.80383, "経度": 129.851652, "url": "https://www.iryou.teikyouseido.mhlw.go.jp/znk-web/juminkanja/S2430/initialize?prefCd=42&kikanCd=4200001065&kikanKbn=5", "url2": null, "内容": "なつめ薬局【5:薬局】長崎県長崎市葉山１丁目３番１３号" }, "geometry": { "type": "Point", "coordinates": [ 129.851652, 32.80383 ] } },
{ "type": "Feature", "properties": { "ID": 4254200001066, "正式名称": "福江薬局本店", "機関区分": 5, "都道府県コード": 42, "市区町村コード": 211, "所在地": "長崎県五島市中央町５－１６", "緯度": 32.695711, "経度": 128.843701, "url": "https://www.iryou.teikyouseido.mhlw.go.jp/znk-web/juminkanja/S2430/initialize?prefCd=42&kikanCd=4200001066&kikanKbn=5", "url2": null, "内容": "福江薬局本店【5:薬局】長崎県五島市中央町５－１６" }, "geometry": { "type": "Point", "coordinates": [ 128.843701, 32.695711 ] } },
{ "type": "Feature", "properties": { "ID": 4254200001067, "正式名称": "福江薬局濠前店", "機関区分": 5, "都道府県コード": 42, "市区町村コード": 211, "所在地": "長崎県五島市武家屋敷１－１－３２", "緯度": 32.692799, "経度": 128.843757, "url": "https://www.iryou.teikyouseido.mhlw.go.jp/znk-web/juminkanja/S2430/initialize?prefCd=42&kikanCd=4200001067&kikanKbn=5", "url2": null, "内容": "福江薬局濠前店【5:薬局】長崎県五島市武家屋敷１－１－３２" }, "geometry": { "type": "Point", "coordinates": [ 128.843757, 32.692799 ] } },
{ "type": "Feature", "properties": { "ID": 4254200001069, "正式名称": "福江薬局松山店", "機関区分": 5, "都道府県コード": 42, "市区町村コード": 211, "所在地": "長崎県五島市松山町１０４ー１", "緯度": 32.700072, "経度": 128.842714, "url": "https://www.iryou.teikyouseido.mhlw.go.jp/znk-web/juminkanja/S2430/initialize?prefCd=42&kikanCd=4200001069&kikanKbn=5", "url2": "https://shop.tsuruha-g.com/4868", "内容": "福江薬局松山店【5:薬局】長崎県五島市松山町１０４ー１" }, "geometry": { "type": "Point", "coordinates": [ 128.842714, 32.700072 ] } },
{ "type": "Feature", "properties": { "ID": 4254200001070, "正式名称": "吉井調剤薬局", "機関区分": 5, "都道府県コード": 42, "市区町村コード": 202, "所在地": "長崎県佐世保市吉井町立石４５４－３", "緯度": 33.268858, "経度": 129.686134, "url": "https://www.iryou.teikyouseido.mhlw.go.jp/znk-web/juminkanja/S2430/initialize?prefCd=42&kikanCd=4200001070&kikanKbn=5", "url2": null, "内容": "吉井調剤薬局【5:薬局】長崎県佐世保市吉井町立石４５４－３" }, "geometry": { "type": "Point", "coordinates": [ 129.686134, 33.268858 ] } },
{ "type": "Feature", "properties": { "ID": 4254200001071, "正式名称": "健康堂薬局　えびす店", "機関区分": 5, "都道府県コード": 42, "市区町村コード": 203, "所在地": "長崎県島原市広馬場町３７５－３", "緯度": 32.775355, "経度": 130.373379, "url": "https://www.iryou.teikyouseido.mhlw.go.jp/znk-web/juminkanja/S2430/initialize?prefCd=42&kikanCd=4200001071&kikanKbn=5", "url2": "https://kenkoudo-group.com/", "内容": "健康堂薬局　えびす店【5:薬局】長崎県島原市広馬場町３７５－３" }, "geometry": { "type": "Point", "coordinates": [ 130.373379, 32.775355 ] } },
{ "type": "Feature", "properties": { "ID": 4254200001073, "正式名称": "セレケア薬局　京坪支店", "機関区分": 5, "都道府県コード": 42, "市区町村コード": 202, "所在地": "長崎県佐世保市京坪町８番４号ソフィアビル１Ｆ", "緯度": 33.170768, "経度": 129.724816, "url": "https://www.iryou.teikyouseido.mhlw.go.jp/znk-web/juminkanja/S2430/initialize?prefCd=42&kikanCd=4200001073&kikanKbn=5", "url2": null, "内容": "セレケア薬局　京坪支店【5:薬局】長崎県佐世保市京坪町８番４号ソフィアビル１Ｆ" }, "geometry": { "type": "Point", "coordinates": [ 129.724816, 33.170768 ] } },
{ "type": "Feature", "properties": { "ID": 4254200001074, "正式名称": "けん央薬局", "機関区分": 5, "都道府県コード": 42, "市区町村コード": 205, "所在地": "長崎県大村市松原１丁目４７５－１", "緯度": 32.974927, "経度": 129.949516, "url": "https://www.iryou.teikyouseido.mhlw.go.jp/znk-web/juminkanja/S2430/initialize?prefCd=42&kikanCd=4200001074&kikanKbn=5", "url2": null, "内容": "けん央薬局【5:薬局】長崎県大村市松原１丁目４７５－１" }, "geometry": { "type": "Point", "coordinates": [ 129.949516, 32.974927 ] } },
{ "type": "Feature", "properties": { "ID": 4254200001075, "正式名称": "なのはな薬局", "機関区分": 5, "都道府県コード": 42, "市区町村コード": 202, "所在地": "長崎県佐世保市木宮町５−３０", "緯度": 33.196343, "経度": 129.668507, "url": "https://www.iryou.teikyouseido.mhlw.go.jp/znk-web/juminkanja/S2430/initialize?prefCd=42&kikanCd=4200001075&kikanKbn=5", "url2": null, "内容": "なのはな薬局【5:薬局】長崎県佐世保市木宮町５−３０" }, "geometry": { "type": "Point", "coordinates": [ 129.668507, 33.196343 ] } },
{ "type": "Feature", "properties": { "ID": 4254200001076, "正式名称": "長与北薬局", "機関区分": 5, "都道府県コード": 42, "市区町村コード": 307, "所在地": "長崎県西彼杵郡長与町嬉里郷１０９６番地　ＡＳＫビル１階", "緯度": 32.832192, "経度": 129.871319, "url": "https://www.iryou.teikyouseido.mhlw.go.jp/znk-web/juminkanja/S2430/initialize?prefCd=42&kikanCd=4200001076&kikanKbn=5", "url2": null, "内容": "長与北薬局【5:薬局】長崎県西彼杵郡長与町嬉里郷１０９６番地　ＡＳＫビル１階" }, "geometry": { "type": "Point", "coordinates": [ 129.871319, 32.832192 ] } },
{ "type": "Feature", "properties": { "ID": 4254200001077, "正式名称": "ふれあい薬局", "機関区分": 5, "都道府県コード": 42, "市区町村コード": 201, "所在地": "長崎県長崎市琴海形上町", "緯度": 32.944789, "経度": 129.782396, "url": "https://www.iryou.teikyouseido.mhlw.go.jp/znk-web/juminkanja/S2430/initialize?prefCd=42&kikanCd=4200001077&kikanKbn=5", "url2": null, "内容": "ふれあい薬局【5:薬局】長崎県長崎市琴海形上町" }, "geometry": { "type": "Point", "coordinates": [ 129.782396, 32.944789 ] } },
{ "type": "Feature", "properties": { "ID": 4254200001078, "正式名称": "ニック調剤薬局長崎労災前店", "機関区分": 5, "都道府県コード": 42, "市区町村コード": 202, "所在地": "長崎県佐世保市瀬戸越３丁目２－２２", "緯度": 33.209069, "経度": 129.731073, "url": "https://www.iryou.teikyouseido.mhlw.go.jp/znk-web/juminkanja/S2430/initialize?prefCd=42&kikanCd=4200001078&kikanKbn=5", "url2": "https://n-i-c.co.jp", "内容": "ニック調剤薬局長崎労災前店【5:薬局】長崎県佐世保市瀬戸越３丁目２－２２" }, "geometry": { "type": "Point", "coordinates": [ 129.731073, 33.209069 ] } },
{ "type": "Feature", "properties": { "ID": 4254200001079, "正式名称": "虹の薬局　みえ店", "機関区分": 5, "都道府県コード": 42, "市区町村コード": 203, "所在地": "長崎県島原市御手水町甲２３０３－１", "緯度": 32.816072, "経度": 130.356046, "url": "https://www.iryou.teikyouseido.mhlw.go.jp/znk-web/juminkanja/S2430/initialize?prefCd=42&kikanCd=4200001079&kikanKbn=5", "url2": "https://sky-nijip.com/", "内容": "虹の薬局　みえ店【5:薬局】長崎県島原市御手水町甲２３０３－１" }, "geometry": { "type": "Point", "coordinates": [ 130.356046, 32.816072 ] } },
{ "type": "Feature", "properties": { "ID": 4254200001080, "正式名称": "長崎調剤薬局　久原店", "機関区分": 5, "都道府県コード": 42, "市区町村コード": 205, "所在地": "長崎県大村市久原２丁目８９９－１０", "緯度": 32.895922, "経度": 129.966754, "url": "https://www.iryou.teikyouseido.mhlw.go.jp/znk-web/juminkanja/S2430/initialize?prefCd=42&kikanCd=4200001080&kikanKbn=5", "url2": "http://www.kiyama-drug.com/", "内容": "長崎調剤薬局　久原店【5:薬局】長崎県大村市久原２丁目８９９－１０" }, "geometry": { "type": "Point", "coordinates": [ 129.966754, 32.895922 ] } },
{ "type": "Feature", "properties": { "ID": 4254200001081, "正式名称": "はぴねす薬局", "機関区分": 5, "都道府県コード": 42, "市区町村コード": 201, "所在地": "長崎県長崎市ダイヤランド２丁目２０－３", "緯度": 32.70307, "経度": 129.859702, "url": "https://www.iryou.teikyouseido.mhlw.go.jp/znk-web/juminkanja/S2430/initialize?prefCd=42&kikanCd=4200001081&kikanKbn=5", "url2": null, "内容": "はぴねす薬局【5:薬局】長崎県長崎市ダイヤランド２丁目２０－３" }, "geometry": { "type": "Point", "coordinates": [ 129.859702, 32.70307 ] } },
{ "type": "Feature", "properties": { "ID": 4254200001082, "正式名称": "ヤッキョクｆｕｎ", "機関区分": 5, "都道府県コード": 42, "市区町村コード": 205, "所在地": "長崎県大村市植松３丁目６２番地", "緯度": 32.934202, "経度": 129.959759, "url": "https://www.iryou.teikyouseido.mhlw.go.jp/znk-web/juminkanja/S2430/initialize?prefCd=42&kikanCd=4200001082&kikanKbn=5", "url2": "https://shin-omura.com", "内容": "ヤッキョクｆｕｎ【5:薬局】長崎県大村市植松３丁目６２番地" }, "geometry": { "type": "Point", "coordinates": [ 129.959759, 32.934202 ] } },
{ "type": "Feature", "properties": { "ID": 4254200001083, "正式名称": "ゆの薬局", "機関区分": 5, "都道府県コード": 42, "市区町村コード": 204, "所在地": "長崎県諫早市八坂町５－１", "緯度": 32.843031, "経度": 130.0559, "url": "https://www.iryou.teikyouseido.mhlw.go.jp/znk-web/juminkanja/S2430/initialize?prefCd=42&kikanCd=4200001083&kikanKbn=5", "url2": null, "内容": "ゆの薬局【5:薬局】長崎県諫早市八坂町５－１" }, "geometry": { "type": "Point", "coordinates": [ 130.0559, 32.843031 ] } },
{ "type": "Feature", "properties": { "ID": 4254200001084, "正式名称": "諏訪薬局東三城店", "機関区分": 5, "都道府県コード": 42, "市区町村コード": 205, "所在地": "長崎県大村市東三城町１９０－３", "緯度": 32.910856, "経度": 129.956618, "url": "https://www.iryou.teikyouseido.mhlw.go.jp/znk-web/juminkanja/S2430/initialize?prefCd=42&kikanCd=4200001084&kikanKbn=5", "url2": "https://www.suwa-pharmacy.jp/", "内容": "諏訪薬局東三城店【5:薬局】長崎県大村市東三城町１９０－３" }, "geometry": { "type": "Point", "coordinates": [ 129.956618, 32.910856 ] } },
{ "type": "Feature", "properties": { "ID": 4254200001085, "正式名称": "しいの木薬局", "機関区分": 5, "都道府県コード": 42, "市区町村コード": 202, "所在地": "長崎県佐世保市椎木町３０８－４", "緯度": 33.17482, "経度": 129.67288, "url": "https://www.iryou.teikyouseido.mhlw.go.jp/znk-web/juminkanja/S2430/initialize?prefCd=42&kikanCd=4200001085&kikanKbn=5", "url2": null, "内容": "しいの木薬局【5:薬局】長崎県佐世保市椎木町３０８－４" }, "geometry": { "type": "Point", "coordinates": [ 129.67288, 33.17482 ] } },
{ "type": "Feature", "properties": { "ID": 4254200001087, "正式名称": "ミソラ薬局", "機関区分": 5, "都道府県コード": 42, "市区町村コード": 205, "所在地": "長崎県大村市諏訪１丁目６２５−４", "緯度": 32.924614, "経度": 129.963801, "url": "https://www.iryou.teikyouseido.mhlw.go.jp/znk-web/juminkanja/S2430/initialize?prefCd=42&kikanCd=4200001087&kikanKbn=5", "url2": null, "内容": "ミソラ薬局【5:薬局】長崎県大村市諏訪１丁目６２５−４" }, "geometry": { "type": "Point", "coordinates": [ 129.963801, 32.924614 ] } },
{ "type": "Feature", "properties": { "ID": 4254200001088, "正式名称": "ヤクシン薬局浦上駅店", "機関区分": 5, "都道府県コード": 42, "市区町村コード": 201, "所在地": "長崎県長崎市川口町１－４９", "緯度": 32.765804, "経度": 129.863551, "url": "https://www.iryou.teikyouseido.mhlw.go.jp/znk-web/juminkanja/S2430/initialize?prefCd=42&kikanCd=4200001088&kikanKbn=5", "url2": "http://www.yakushin-pg.co.jp", "内容": "ヤクシン薬局浦上駅店【5:薬局】長崎県長崎市川口町１－４９" }, "geometry": { "type": "Point", "coordinates": [ 129.863551, 32.765804 ] } },
{ "type": "Feature", "properties": { "ID": 4254200001089, "正式名称": "松浦薬局", "機関区分": 5, "都道府県コード": 42, "市区町村コード": 201, "所在地": "長崎県長崎市新大工町５－１７", "緯度": 32.752852, "経度": 129.886823, "url": "https://www.iryou.teikyouseido.mhlw.go.jp/znk-web/juminkanja/S2430/initialize?prefCd=42&kikanCd=4200001089&kikanKbn=5", "url2": null, "内容": "松浦薬局【5:薬局】長崎県長崎市新大工町５－１７" }, "geometry": { "type": "Point", "coordinates": [ 129.886823, 32.752852 ] } },
{ "type": "Feature", "properties": { "ID": 4254200001091, "正式名称": "みなとまち薬局", "機関区分": 5, "都道府県コード": 42, "市区町村コード": 202, "所在地": "長崎県佐世保市湊町４－１３", "緯度": 33.172932, "経度": 129.718449, "url": "https://www.iryou.teikyouseido.mhlw.go.jp/znk-web/juminkanja/S2430/initialize?prefCd=42&kikanCd=4200001091&kikanKbn=5", "url2": null, "内容": "みなとまち薬局【5:薬局】長崎県佐世保市湊町４－１３" }, "geometry": { "type": "Point", "coordinates": [ 129.718449, 33.172932 ] } },
{ "type": "Feature", "properties": { "ID": 4254200001092, "正式名称": "サンドラッグＣＡＲＥＲ浜町薬局", "機関区分": 5, "都道府県コード": 42, "市区町村コード": 201, "所在地": "長崎県長崎市浜町２ー３４　１Ｆ", "緯度": 32.74503, "経度": 129.877358, "url": "https://www.iryou.teikyouseido.mhlw.go.jp/znk-web/juminkanja/S2430/initialize?prefCd=42&kikanCd=4200001092&kikanKbn=5", "url2": "https://sundrug-online.com/blogs/search-store/2907", "内容": "サンドラッグＣＡＲＥＲ浜町薬局【5:薬局】長崎県長崎市浜町２ー３４　１Ｆ" }, "geometry": { "type": "Point", "coordinates": [ 129.877358, 32.74503 ] } },
{ "type": "Feature", "properties": { "ID": 4254200001093, "正式名称": "サンドラッグ諫早薬局", "機関区分": 5, "都道府県コード": 42, "市区町村コード": 204, "所在地": "長崎県諫早市永昌町１１－１６", "緯度": 32.852496, "経度": 130.039652, "url": "https://www.iryou.teikyouseido.mhlw.go.jp/znk-web/juminkanja/S2430/initialize?prefCd=42&kikanCd=4200001093&kikanKbn=5", "url2": "https://sundrug-online.com/blogs/search-store/2906", "内容": "サンドラッグ諫早薬局【5:薬局】長崎県諫早市永昌町１１－１６" }, "geometry": { "type": "Point", "coordinates": [ 130.039652, 32.852496 ] } },
{ "type": "Feature", "properties": { "ID": 4254200001094, "正式名称": "あじさい薬局", "機関区分": 5, "都道府県コード": 42, "市区町村コード": 201, "所在地": "長崎県長崎市下黒崎町１４３８－６", "緯度": 32.835244, "経度": 129.715503, "url": "https://www.iryou.teikyouseido.mhlw.go.jp/znk-web/juminkanja/S2430/initialize?prefCd=42&kikanCd=4200001094&kikanKbn=5", "url2": "http://www.totasu.jp", "内容": "あじさい薬局【5:薬局】長崎県長崎市下黒崎町１４３８－６" }, "geometry": { "type": "Point", "coordinates": [ 129.715503, 32.835244 ] } },
{ "type": "Feature", "properties": { "ID": 4254200001095, "正式名称": "エール薬局", "機関区分": 5, "都道府県コード": 42, "市区町村コード": 201, "所在地": "長崎県長崎市宝町", "緯度": 32.758697, "経度": 129.868265, "url": "https://www.iryou.teikyouseido.mhlw.go.jp/znk-web/juminkanja/S2430/initialize?prefCd=42&kikanCd=4200001095&kikanKbn=5", "url2": null, "内容": "エール薬局【5:薬局】長崎県長崎市宝町" }, "geometry": { "type": "Point", "coordinates": [ 129.868265, 32.758697 ] } },
{ "type": "Feature", "properties": { "ID": 4254200001096, "正式名称": "えにし薬局", "機関区分": 5, "都道府県コード": 42, "市区町村コード": 212, "所在地": "長崎県西海市西海町木場郷５３１－１", "緯度": 33.04526, "経度": 129.698539, "url": "https://www.iryou.teikyouseido.mhlw.go.jp/znk-web/juminkanja/S2430/initialize?prefCd=42&kikanCd=4200001096&kikanKbn=5", "url2": null, "内容": "えにし薬局【5:薬局】長崎県西海市西海町木場郷５３１－１" }, "geometry": { "type": "Point", "coordinates": [ 129.698539, 33.04526 ] } },
{ "type": "Feature", "properties": { "ID": 4254200001098, "正式名称": "株式会社ウィーズ　あさがお薬局", "機関区分": 5, "都道府県コード": 42, "市区町村コード": 201, "所在地": "長崎県長崎市新戸町２－２－３０", "緯度": 32.712633, "経度": 129.866567, "url": "https://www.iryou.teikyouseido.mhlw.go.jp/znk-web/juminkanja/S2430/initialize?prefCd=42&kikanCd=4200001098&kikanKbn=5", "url2": "https://e-bond.info/withs/", "内容": "株式会社ウィーズ　あさがお薬局【5:薬局】長崎県長崎市新戸町２－２－３０" }, "geometry": { "type": "Point", "coordinates": [ 129.866567, 32.712633 ] } },
{ "type": "Feature", "properties": { "ID": 4254200001100, "正式名称": "みどり薬局", "機関区分": 5, "都道府県コード": 42, "市区町村コード": 201, "所在地": "長崎県長崎市滑石５丁目２０－５", "緯度": 32.8033, "経度": 129.83185, "url": "https://www.iryou.teikyouseido.mhlw.go.jp/znk-web/juminkanja/S2430/initialize?prefCd=42&kikanCd=4200001100&kikanKbn=5", "url2": null, "内容": "みどり薬局【5:薬局】長崎県長崎市滑石５丁目２０－５" }, "geometry": { "type": "Point", "coordinates": [ 129.83185, 32.8033 ] } },
{ "type": "Feature", "properties": { "ID": 4254200001102, "正式名称": "おおむら中央薬局", "機関区分": 5, "都道府県コード": 42, "市区町村コード": 205, "所在地": "長崎県大村市池田２丁目２９９－１", "緯度": 32.933585, "経度": 129.963525, "url": "https://www.iryou.teikyouseido.mhlw.go.jp/znk-web/juminkanja/S2430/initialize?prefCd=42&kikanCd=4200001102&kikanKbn=5", "url2": null, "内容": "おおむら中央薬局【5:薬局】長崎県大村市池田２丁目２９９－１" }, "geometry": { "type": "Point", "coordinates": [ 129.963525, 32.933585 ] } },
{ "type": "Feature", "properties": { "ID": 4254200001108, "正式名称": "株式会社エム．エス．ファーマシーみなと薬局", "機関区分": 5, "都道府県コード": 42, "市区町村コード": 208, "所在地": "長崎県松浦市志佐町浦免８７２－２", "緯度": 33.342281, "経度": 129.708968, "url": "https://www.iryou.teikyouseido.mhlw.go.jp/znk-web/juminkanja/S2430/initialize?prefCd=42&kikanCd=4200001108&kikanKbn=5", "url2": null, "内容": "株式会社エム．エス．ファーマシーみなと薬局【5:薬局】長崎県松浦市志佐町浦免８７２－２" }, "geometry": { "type": "Point", "coordinates": [ 129.708968, 33.342281 ] } }
]
}
