{
"type": "FeatureCollection",
"name": "geo_42_訪問介護",
"crs": { "type": "name", "properties": { "name": "urn:ogc:def:crs:OGC:1.3:CRS84" } },
"features": [
{ "type": "Feature", "properties": { "内容": "ポポロ【訪問介護】長崎県長崎市横尾１丁目１番5号プレジデント横尾104", "url": "https://www.kaigokensaku.mhlw.go.jp/42/index.php?action_kouhyou_detail_004_kani=true&JigyosyoCd=4270107255-00&ServiceCd=110&Type=search", "url2": null }, "geometry": { "type": "Point", "coordinates": [ 129.837334100000021, 32.8107119 ] } },
{ "type": "Feature", "properties": { "内容": "かしの樹ヘルパーステーション【訪問介護】長崎県長崎市琴海戸根町3100-1", "url": "https://www.kaigokensaku.mhlw.go.jp/42/index.php?action_kouhyou_detail_004_kani=true&JigyosyoCd=4270135942-00&ServiceCd=110&Type=search", "url2": null }, "geometry": { "type": "Point", "coordinates": [ 129.7704063, 32.8925516 ] } },
{ "type": "Feature", "properties": { "内容": "社会福祉法人朋永会　指定訪問介護事業所びわの園【訪問介護】長崎県長崎市茂木町2222番地", "url": "https://www.kaigokensaku.mhlw.go.jp/42/index.php?action_kouhyou_detail_004_kani=true&JigyosyoCd=4270100904-00&ServiceCd=110&Type=search", "url2": "http://biwanosono.com" }, "geometry": { "type": "Point", "coordinates": [ 129.912710699999934, 32.6995432 ] } },
{ "type": "Feature", "properties": { "内容": "指定訪問介護事業者　女の都山荘【訪問介護】長崎県長崎市女の都１丁目1597番地", "url": "https://www.kaigokensaku.mhlw.go.jp/42/index.php?action_kouhyou_detail_004_kani=true&JigyosyoCd=4270101159-00&ServiceCd=110&Type=search", "url2": "http://www.rakuroukai.or.jp" }, "geometry": { "type": "Point", "coordinates": [ 129.879843, 32.8009247 ] } },
{ "type": "Feature", "properties": { "内容": "指定訪問介護事業所ひまわり【訪問介護】長崎県長崎市小菅町１番３７号２Ｆ", "url": "https://www.kaigokensaku.mhlw.go.jp/42/index.php?action_kouhyou_detail_004_kani=true&JigyosyoCd=4270103593-00&ServiceCd=110&Type=search", "url2": "http://www.nanbusogo.sakura.ne.jp/kaigo.html" }, "geometry": { "type": "Point", "coordinates": [ 129.861846199999945, 32.7277372 ] } },
{ "type": "Feature", "properties": { "内容": "有限会社新里ソーシャルサービス　ヘルパーステーション新里城栄【訪問介護】長崎県長崎市城栄町18番23号ヒガシビル202号室", "url": "https://www.kaigokensaku.mhlw.go.jp/42/index.php?action_kouhyou_detail_004_kani=true&JigyosyoCd=4270107552-00&ServiceCd=110&Type=search", "url2": "http://www.shinzato.or.jp" }, "geometry": { "type": "Point", "coordinates": [ 129.857901467372386, 32.775237224156378 ] } },
{ "type": "Feature", "properties": { "内容": "訪問介護　グラバー【訪問介護】長崎県長崎市上小島4-14-3", "url": "https://www.kaigokensaku.mhlw.go.jp/42/index.php?action_kouhyou_detail_004_kani=true&JigyosyoCd=4270108873-00&ServiceCd=110&Type=search", "url2": "http://kanoncreate.com/" }, "geometry": { "type": "Point", "coordinates": [ 129.884808600000042, 32.7316792 ] } },
{ "type": "Feature", "properties": { "内容": "ヘルパーステーションハートぽっぽ【訪問介護】長崎県長崎市恵美須町4-2平野ビル2Ｆ", "url": "https://www.kaigokensaku.mhlw.go.jp/42/index.php?action_kouhyou_detail_004_kani=true&JigyosyoCd=4270110374-00&ServiceCd=110&Type=search", "url2": "http://heart-create.com/" }, "geometry": { "type": "Point", "coordinates": [ 129.875711599999931, 32.7505467 ] } },
{ "type": "Feature", "properties": { "内容": "長崎ケアハートガーデン　ヘルパーステーション南長崎【訪問介護】長崎市竿浦町754番地1", "url": "https://www.kaigokensaku.mhlw.go.jp/42/index.php?action_kouhyou_detail_004_kani=true&JigyosyoCd=4270110523-00&ServiceCd=110&Type=search", "url2": "http://www.mdlife.co.jp/" }, "geometry": { "type": "Point", "coordinates": [ 129.83941502645871, 32.675815750201473 ] } },
{ "type": "Feature", "properties": { "内容": "株式会社あん【訪問介護】界２丁目29-2８ヘルパーステーションあん", "url": "https://www.kaigokensaku.mhlw.go.jp/42/index.php?action_kouhyou_detail_004_kani=true&JigyosyoCd=4270111349-00&ServiceCd=110&Type=search", "url2": null }, "geometry": { "type": "Point", "coordinates": [ 129.9412586, 32.75716 ] } },
{ "type": "Feature", "properties": { "内容": "訪問介護事業所はまゆう【訪問介護】長崎県長崎市田中町８４５－１", "url": "https://www.kaigokensaku.mhlw.go.jp/42/index.php?action_kouhyou_detail_004_kani=true&JigyosyoCd=4270112297-00&ServiceCd=110&Type=search", "url2": null }, "geometry": { "type": "Point", "coordinates": [ 129.9511899, 32.7694327 ] } },
{ "type": "Feature", "properties": { "内容": "訪問介護事業所モック【訪問介護】長崎県長崎市旭町６番１号タワーコート３０３", "url": "https://www.kaigokensaku.mhlw.go.jp/42/index.php?action_kouhyou_detail_004_kani=true&JigyosyoCd=4270135819-00&ServiceCd=110&Type=search", "url2": null }, "geometry": { "type": "Point", "coordinates": [ 129.8650782, 32.7502221 ] } },
{ "type": "Feature", "properties": { "内容": "リンク【訪問介護】長崎県長崎市田中町4786番地2", "url": "https://www.kaigokensaku.mhlw.go.jp/42/index.php?action_kouhyou_detail_004_kani=true&JigyosyoCd=4270136262-00&ServiceCd=110&Type=search", "url2": null }, "geometry": { "type": "Point", "coordinates": [ 129.931223800000026, 32.7708692 ] } },
{ "type": "Feature", "properties": { "内容": "訪問介護事業所うぇるずらいふ大手【訪問介護】長崎県長崎市大手1丁目29番6号", "url": "https://www.kaigokensaku.mhlw.go.jp/42/index.php?action_kouhyou_detail_004_kani=true&JigyosyoCd=4270136304-00&ServiceCd=110&Type=search", "url2": "https://www.wellslife.jp/" }, "geometry": { "type": "Point", "coordinates": [ 129.876224, 32.7899401 ] } },
{ "type": "Feature", "properties": { "内容": "ヘルパーステーションマーガレット【訪問介護】長崎県長崎市網場町４８５番地１", "url": "https://www.kaigokensaku.mhlw.go.jp/42/index.php?action_kouhyou_detail_004_kani=true&JigyosyoCd=4270136312-00&ServiceCd=110&Type=search", "url2": "http://imamura-group.co.jp/marguerite/" }, "geometry": { "type": "Point", "coordinates": [ 129.946705900000012, 32.7544638 ] } },
{ "type": "Feature", "properties": { "内容": "ヘルパーステーション　ねこ【訪問介護】長崎県長崎市星取1丁目9番2号", "url": "https://www.kaigokensaku.mhlw.go.jp/42/index.php?action_kouhyou_detail_004_kani=true&JigyosyoCd=4270107511-00&ServiceCd=110&Type=search", "url2": null }, "geometry": { "type": "Point", "coordinates": [ 129.88016798518251, 32.722209103743999 ] } },
{ "type": "Feature", "properties": { "内容": "長崎ダイヤモンドスタッフ株式会社　在宅介護サービスセンターヘルパーステーション野母崎【訪問介護】長崎県長崎市高浜町3265-48", "url": "https://www.kaigokensaku.mhlw.go.jp/42/index.php?action_kouhyou_detail_004_kani=true&JigyosyoCd=4270111695-00&ServiceCd=110&Type=search", "url2": "https://www.diamondstaff.co.jp/" }, "geometry": { "type": "Point", "coordinates": [ 129.78627670000003, 32.6054209 ] } },
{ "type": "Feature", "properties": { "内容": "長崎ダイヤモンドスタッフ株式会社　在宅介護サービスセンター【訪問介護】長崎県長崎市淵町2番25号", "url": "https://www.kaigokensaku.mhlw.go.jp/42/index.php?action_kouhyou_detail_004_kani=true&JigyosyoCd=4270111687-00&ServiceCd=110&Type=search", "url2": "https://www.diamondstaff.co.jp/" }, "geometry": { "type": "Point", "coordinates": [ 129.859973800000034, 32.7601203 ] } },
{ "type": "Feature", "properties": { "内容": "長崎ダイヤモンドスタッフ株式会社　在宅介護サービスセンター　ヘルパーステーション深堀【訪問介護】長崎県長崎市末石町370番地55", "url": "https://www.kaigokensaku.mhlw.go.jp/42/index.php?action_kouhyou_detail_004_kani=true&JigyosyoCd=4270111703-00&ServiceCd=110&Type=search", "url2": "https://www.diamondstaff.co.jp/" }, "geometry": { "type": "Point", "coordinates": [ 129.838158967385368, 32.685514416688008 ] } },
{ "type": "Feature", "properties": { "内容": "あなぶきケアサービス長崎訪問介護事業所【訪問介護】長崎県長崎市勝山町41", "url": "https://www.kaigokensaku.mhlw.go.jp/42/index.php?action_kouhyou_detail_004_kani=true&JigyosyoCd=4270110226-00&ServiceCd=110&Type=search", "url2": "http://www.anabuki-medical.jp/" }, "geometry": { "type": "Point", "coordinates": [ 129.8806667, 32.7516634 ] } },
{ "type": "Feature", "properties": { "内容": "訪問介護事業所あすか【訪問介護】滑石1丁目1番9号滑石七福ビル503", "url": "https://www.kaigokensaku.mhlw.go.jp/42/index.php?action_kouhyou_detail_004_kani=true&JigyosyoCd=4270111612-00&ServiceCd=110&Type=search", "url2": "well-asuka.com" }, "geometry": { "type": "Point", "coordinates": [ 129.849920890143608, 32.805896274014884 ] } },
{ "type": "Feature", "properties": { "内容": "セントケア長崎【訪問介護】長崎県長崎市中川2丁目1-10井手口ビル２階2F号室", "url": "https://www.kaigokensaku.mhlw.go.jp/42/index.php?action_kouhyou_detail_004_kani=true&JigyosyoCd=4270108345-00&ServiceCd=110&Type=search", "url2": "http://www.saint-care.com/index.html" }, "geometry": { "type": "Point", "coordinates": [ 129.883735900000033, 32.7530939 ] } },
{ "type": "Feature", "properties": { "内容": "ヘルパーステーション　イーズ【訪問介護】長崎県長崎市下黒崎町１３４２番地６", "url": "https://www.kaigokensaku.mhlw.go.jp/42/index.php?action_kouhyou_detail_004_kani=true&JigyosyoCd=4270107347-00&ServiceCd=110&Type=search", "url2": null }, "geometry": { "type": "Point", "coordinates": [ 129.714345500000036, 32.8361796 ] } },
{ "type": "Feature", "properties": { "内容": "あおぞら介護センター【訪問介護】長崎県長崎市新戸町1丁目18番1号星子医院2階", "url": "https://www.kaigokensaku.mhlw.go.jp/42/index.php?action_kouhyou_detail_004_kani=true&JigyosyoCd=4270103262-00&ServiceCd=110&Type=search", "url2": null }, "geometry": { "type": "Point", "coordinates": [ 129.8648382, 32.712822 ] } },
{ "type": "Feature", "properties": { "内容": "ヘルパーステーション本原一丁目【訪問介護】長崎県長崎市本原町１３－５", "url": "https://www.kaigokensaku.mhlw.go.jp/42/index.php?action_kouhyou_detail_004_kani=true&JigyosyoCd=4270106299-00&ServiceCd=110&Type=search", "url2": "http://kiyohararyu-naika.com" }, "geometry": { "type": "Point", "coordinates": [ 129.869455600000038, 32.7825182 ] } },
{ "type": "Feature", "properties": { "内容": "医療法人友愛会ヘルパーステーションにしき【訪問介護】長崎県長崎市錦２丁目１番１号", "url": "https://www.kaigokensaku.mhlw.go.jp/42/index.php?action_kouhyou_detail_004_kani=true&JigyosyoCd=4270101563-00&ServiceCd=110&Type=search", "url2": null }, "geometry": { "type": "Point", "coordinates": [ 129.855620199999947, 32.7884088 ] } },
{ "type": "Feature", "properties": { "内容": "指定訪問介護事業所　ヘルパーステーション三原の園【訪問介護】長崎県長崎市三原１丁目８番３５号", "url": "https://www.kaigokensaku.mhlw.go.jp/42/index.php?action_kouhyou_detail_004_kani=true&JigyosyoCd=4270101258-00&ServiceCd=110&Type=search", "url2": "http://www.miharadai.or.jp/" }, "geometry": { "type": "Point", "coordinates": [ 129.876052399999907, 32.7816269 ] } },
{ "type": "Feature", "properties": { "内容": "医療法人　恵会　訪問介護事業者　マザリーホーム光風台【訪問介護】長崎県長崎市鳴見台２丁目４５-２０", "url": "https://www.kaigokensaku.mhlw.go.jp/42/index.php?action_kouhyou_detail_004_kani=true&JigyosyoCd=4270109244-00&ServiceCd=110&Type=search", "url2": "http://www.kfdh.org/motherly/" }, "geometry": { "type": "Point", "coordinates": [ 129.806799899999987, 32.8236769 ] } },
{ "type": "Feature", "properties": { "内容": "ヘルパーステーション　にじいろ【訪問介護】長崎県長崎市虹が丘町1番1号", "url": "https://www.kaigokensaku.mhlw.go.jp/42/index.php?action_kouhyou_detail_004_kani=true&JigyosyoCd=4270109632-00&ServiceCd=110&Type=search", "url2": "http://nijiiro-n.com" }, "geometry": { "type": "Point", "coordinates": [ 129.844998311116257, 32.798082208738244 ] } },
{ "type": "Feature", "properties": { "内容": "医療法人社団健昌会　ヘルパーステーション新里浦上【訪問介護】長崎県長崎市城栄町１１番２号新里メディケア城栄", "url": "https://www.kaigokensaku.mhlw.go.jp/42/index.php?action_kouhyou_detail_004_kani=true&JigyosyoCd=4270107529-00&ServiceCd=110&Type=search", "url2": "https://shinzato.jp" }, "geometry": { "type": "Point", "coordinates": [ 129.85822406159005, 32.774957354312647 ] } },
{ "type": "Feature", "properties": { "内容": "医療法人社団　春秋会　ヘルパーステーション　ライフケア【訪問介護】長崎県長崎市松ヶ枝町3番20号", "url": "https://www.kaigokensaku.mhlw.go.jp/42/index.php?action_kouhyou_detail_004_kani=true&JigyosyoCd=4270135249-00&ServiceCd=110&Type=search", "url2": "http://www.syunjyu-kai.or.jp/" }, "geometry": { "type": "Point", "coordinates": [ 129.871427450926149, 32.734932725641194 ] } },
{ "type": "Feature", "properties": { "内容": "医療法人昭和会昭和会病院　指定訪問介護事業所【訪問介護】長崎県長崎市大浦町10番40号", "url": "https://www.kaigokensaku.mhlw.go.jp/42/index.php?action_kouhyou_detail_004_kani=true&JigyosyoCd=4270101100-00&ServiceCd=110&Type=search", "url2": "http://www.showakai-hp.jp/" }, "geometry": { "type": "Point", "coordinates": [ 129.87273807724614, 32.73643400867072 ] } },
{ "type": "Feature", "properties": { "内容": "医療法人有葵会のぼる内科　ヘルパーステーション【訪問介護】長崎県長崎市中園町10-5", "url": "https://www.kaigokensaku.mhlw.go.jp/42/index.php?action_kouhyou_detail_004_kani=true&JigyosyoCd=4270109087-00&ServiceCd=110&Type=search", "url2": "http://noborunaika.jp/" }, "geometry": { "type": "Point", "coordinates": [ 129.859175400000026, 32.7917835 ] } },
{ "type": "Feature", "properties": { "内容": "たおやかに・訪問介護ステーション【訪問介護】長崎県長崎市上黒崎町777番地", "url": "https://www.kaigokensaku.mhlw.go.jp/42/index.php?action_kouhyou_detail_004_kani=true&JigyosyoCd=4270106695-00&ServiceCd=110&Type=search", "url2": "http://www.itidoutaoyakani.com" }, "geometry": { "type": "Point", "coordinates": [ 129.718159269311514, 32.844086834381443 ] } },
{ "type": "Feature", "properties": { "内容": "ヘルパーステーション　サンテ【訪問介護】長崎県長崎市川平町1223番地3", "url": "https://www.kaigokensaku.mhlw.go.jp/42/index.php?action_kouhyou_detail_004_kani=true&JigyosyoCd=4270111976-00&ServiceCd=110&Type=search", "url2": null }, "geometry": { "type": "Point", "coordinates": [ 129.88013100674587, 32.794322355825557 ] } },
{ "type": "Feature", "properties": { "内容": "ヘルパーステーションならの木【訪問介護】長崎県長崎市南山手町12番43号ならの木　南山手", "url": "https://www.kaigokensaku.mhlw.go.jp/42/index.php?action_kouhyou_detail_004_kani=true&JigyosyoCd=4270111208-00&ServiceCd=110&Type=search", "url2": "http://www.naranoki.org" }, "geometry": { "type": "Point", "coordinates": [ 129.866637500000024, 32.7326758 ] } },
{ "type": "Feature", "properties": { "内容": "フロムハート【訪問介護】長崎県長崎市大橋町２４－１５古田ビル１階", "url": "https://www.kaigokensaku.mhlw.go.jp/42/index.php?action_kouhyou_detail_004_kani=true&JigyosyoCd=4270110291-00&ServiceCd=110&Type=search", "url2": null }, "geometry": { "type": "Point", "coordinates": [ 129.864210500000013, 32.7821567 ] } },
{ "type": "Feature", "properties": { "内容": "ヘルパーステーションツツジ【訪問介護】つつじが丘5丁目５番１３号", "url": "https://www.kaigokensaku.mhlw.go.jp/42/index.php?action_kouhyou_detail_004_kani=true&JigyosyoCd=4270135785-00&ServiceCd=110&Type=search", "url2": null }, "geometry": { "type": "Point", "coordinates": [ 135.3626798, 34.887316 ] } },
{ "type": "Feature", "properties": { "内容": "訪問介護愛【訪問介護】長崎県長崎市以下宿町2885", "url": "https://www.kaigokensaku.mhlw.go.jp/42/index.php?action_kouhyou_detail_004_kani=true&JigyosyoCd=4270135835-00&ServiceCd=110&Type=search", "url2": "http://f-taxi-ai.com" }, "geometry": { "type": "Point", "coordinates": [ 129.7912686, 32.6148942 ] } },
{ "type": "Feature", "properties": { "内容": "ヘルパーステーションコム【訪問介護】長崎市旭町6-1タワーコート３０３B", "url": "https://www.kaigokensaku.mhlw.go.jp/42/index.php?action_kouhyou_detail_004_kani=true&JigyosyoCd=4270112131-00&ServiceCd=110&Type=search", "url2": null }, "geometry": { "type": "Point", "coordinates": [ 129.865019100000012, 32.7502505 ] } },
{ "type": "Feature", "properties": { "内容": "ヘルパーセンター　グランマ【訪問介護】長崎県長崎市賑町5-21", "url": "https://www.kaigokensaku.mhlw.go.jp/42/index.php?action_kouhyou_detail_004_kani=true&JigyosyoCd=4270109285-00&ServiceCd=110&Type=search", "url2": null }, "geometry": { "type": "Point", "coordinates": [ 129.876662931878712, 32.746925399768635 ] } },
{ "type": "Feature", "properties": { "内容": "ヘルパーステーションれんげそう【訪問介護】長崎県長崎市大井手町９番地1田園ビル２階", "url": "https://www.kaigokensaku.mhlw.go.jp/42/index.php?action_kouhyou_detail_004_kani=true&JigyosyoCd=4270107875-00&ServiceCd=110&Type=search", "url2": null }, "geometry": { "type": "Point", "coordinates": [ 129.8820926, 32.7514693 ] } },
{ "type": "Feature", "properties": { "内容": "アネスト長崎訪問介護サービス【訪問介護】長崎県長崎市高尾町44-17コーポレピュート201号", "url": "https://www.kaigokensaku.mhlw.go.jp/42/index.php?action_kouhyou_detail_004_kani=true&JigyosyoCd=4270135918-00&ServiceCd=110&Type=search", "url2": null }, "geometry": { "type": "Point", "coordinates": [ 129.87545, 32.7798385 ] } },
{ "type": "Feature", "properties": { "内容": "株式会社ケアリング長崎【訪問介護】長崎県長崎市桶屋町３７番地ＡＶＥＮＩＲめがね橋1Ｆ", "url": "https://www.kaigokensaku.mhlw.go.jp/42/index.php?action_kouhyou_detail_004_kani=true&JigyosyoCd=4270102165-00&ServiceCd=110&Type=search", "url2": null }, "geometry": { "type": "Point", "coordinates": [ 129.881825099999986, 32.7489831 ] } },
{ "type": "Feature", "properties": { "内容": "指定訪問介護事業所　コスモ【訪問介護】長崎県長崎市かき道6丁目1-1東長崎コスモマンション", "url": "https://www.kaigokensaku.mhlw.go.jp/42/index.php?action_kouhyou_detail_004_kani=true&JigyosyoCd=4270108816-00&ServiceCd=110&Type=search", "url2": "http://www.kaigomansion.org/" }, "geometry": { "type": "Point", "coordinates": [ 129.959932699999968, 32.7653718 ] } },
{ "type": "Feature", "properties": { "内容": "訪問介護花椿矢の平【訪問介護】矢の平４丁目9-22", "url": "https://www.kaigokensaku.mhlw.go.jp/42/index.php?action_kouhyou_detail_004_kani=true&JigyosyoCd=4270112099-00&ServiceCd=110&Type=search", "url2": "https://smilecs.jp/news/" }, "geometry": { "type": "Point", "coordinates": [ 129.894810600000028, 32.741379 ] } },
{ "type": "Feature", "properties": { "内容": "ヘルパーステーション　ほっと【訪問介護】長崎県長崎市滑石5丁目5番24号", "url": "https://www.kaigokensaku.mhlw.go.jp/42/index.php?action_kouhyou_detail_004_kani=true&JigyosyoCd=4270107370-00&ServiceCd=110&Type=search", "url2": "http://hothouse-nameshi.jp/" }, "geometry": { "type": "Point", "coordinates": [ 129.833934499999941, 32.805654 ] } },
{ "type": "Feature", "properties": { "内容": "ニチイケアセンター長崎【訪問介護】長崎県長崎市桜馬場1丁目2番4号グリーンビル3Ｆ", "url": "https://www.kaigokensaku.mhlw.go.jp/42/index.php?action_kouhyou_detail_004_kani=true&JigyosyoCd=4270100656-00&ServiceCd=110&Type=search", "url2": "http://www.nichiigakkan.co.jp/" }, "geometry": { "type": "Point", "coordinates": [ 129.8884134, 32.7527524 ] } },
{ "type": "Feature", "properties": { "内容": "ニチイケアセンター東長崎【訪問介護】長崎県長崎市矢上町23-6", "url": "https://www.kaigokensaku.mhlw.go.jp/42/index.php?action_kouhyou_detail_004_kani=true&JigyosyoCd=4270107834-00&ServiceCd=110&Type=search", "url2": "http://www.nichiigakkan.co.jp" }, "geometry": { "type": "Point", "coordinates": [ 129.9517773, 32.7760957 ] } },
{ "type": "Feature", "properties": { "内容": "ヘルパーステーション赤とんぼ【訪問介護】長崎県長崎市田中町３８５番地４", "url": "https://www.kaigokensaku.mhlw.go.jp/42/index.php?action_kouhyou_detail_004_kani=true&JigyosyoCd=4270107081-00&ServiceCd=110&Type=search", "url2": null }, "geometry": { "type": "Point", "coordinates": [ 129.9477362, 32.7662548 ] } },
{ "type": "Feature", "properties": { "内容": "ヘルパーステーション十三番館【訪問介護】長崎県長崎市大浦町3番21号大浦十三番館", "url": "https://www.kaigokensaku.mhlw.go.jp/42/index.php?action_kouhyou_detail_004_kani=true&JigyosyoCd=4270105531-00&ServiceCd=110&Type=search", "url2": "http://www.ooura13.com" }, "geometry": { "type": "Point", "coordinates": [ 129.871271882803285, 32.736259375433605 ] } },
{ "type": "Feature", "properties": { "内容": "うららヘルパーステーション【訪問介護】長崎市昭和1丁目6番27号", "url": "https://www.kaigokensaku.mhlw.go.jp/42/index.php?action_kouhyou_detail_004_kani=true&JigyosyoCd=4270136064-00&ServiceCd=110&Type=search", "url2": "www.rayl-nagasaki.net" }, "geometry": { "type": "Point", "coordinates": [ 129.868302225131231, 32.790304317119194 ] } },
{ "type": "Feature", "properties": { "内容": "ヘルパーステーション　花いちもんめ【訪問介護】長崎県長崎市布巻町５３４番地１サービス付き高齢者向け住宅　ラピナスの園", "url": "https://www.kaigokensaku.mhlw.go.jp/42/index.php?action_kouhyou_detail_004_kani=true&JigyosyoCd=4270111000-00&ServiceCd=110&Type=search", "url2": "http://www.hanaichi-monme.com" }, "geometry": { "type": "Point", "coordinates": [ 129.834953011674088, 32.654434771084674 ] } },
{ "type": "Feature", "properties": { "内容": "訪問介護事業所すこやか【訪問介護】長崎県長崎市西北町35番6号", "url": "https://www.kaigokensaku.mhlw.go.jp/42/index.php?action_kouhyou_detail_004_kani=true&JigyosyoCd=4270108311-00&ServiceCd=110&Type=search", "url2": null }, "geometry": { "type": "Point", "coordinates": [ 129.849928399999953, 32.7967661 ] } },
{ "type": "Feature", "properties": { "内容": "㈱長崎共済企画指定訪問介護事業所エバーグリーン【訪問介護】長崎県長崎市出島町11-12", "url": "https://www.kaigokensaku.mhlw.go.jp/42/index.php?action_kouhyou_detail_004_kani=true&JigyosyoCd=4270100110-00&ServiceCd=110&Type=search", "url2": null }, "geometry": { "type": "Point", "coordinates": [ 129.873661800000036, 32.742539 ] } },
{ "type": "Feature", "properties": { "内容": "ヘルパーステーション　グリーンピース【訪問介護】長崎県長崎市下西山町13番22号", "url": "https://www.kaigokensaku.mhlw.go.jp/42/index.php?action_kouhyou_detail_004_kani=true&JigyosyoCd=4270105739-00&ServiceCd=110&Type=search", "url2": "http://fukushimori.co.jp/" }, "geometry": { "type": "Point", "coordinates": [ 129.886355099999946, 32.7573214 ] } },
{ "type": "Feature", "properties": { "内容": "ヘルパーステーションそら【訪問介護】長崎市芒塚町153－3　ユースコーポI　　102号", "url": "https://www.kaigokensaku.mhlw.go.jp/42/index.php?action_kouhyou_detail_004_kani=true&JigyosyoCd=4270111158-00&ServiceCd=110&Type=search", "url2": null }, "geometry": { "type": "Point", "coordinates": [ 129.933409400616824, 32.757179333108155 ] } },
{ "type": "Feature", "properties": { "内容": "エフ・ステージ訪問介護【訪問介護】長崎県長崎市白木町4番3号", "url": "https://www.kaigokensaku.mhlw.go.jp/42/index.php?action_kouhyou_detail_004_kani=true&JigyosyoCd=4270135686-00&ServiceCd=110&Type=search", "url2": "https://entowa.co.jp/" }, "geometry": { "type": "Point", "coordinates": [ 129.8943057, 32.739367200000011 ] } },
{ "type": "Feature", "properties": { "内容": "ヘルパーステーションさとり【訪問介護】長崎県長崎市花丘町１８番２号横田ビル２０１", "url": "https://www.kaigokensaku.mhlw.go.jp/42/index.php?action_kouhyou_detail_004_kani=true&JigyosyoCd=4270136007-00&ServiceCd=110&Type=search", "url2": "http://hp.kaipoke.biz/gzk/" }, "geometry": { "type": "Point", "coordinates": [ 129.865173129247751, 32.791736684423782 ] } },
{ "type": "Feature", "properties": { "内容": "訪問介護事業所　長崎たんぽぽ【訪問介護】長崎県長崎市新小が倉1丁目1番7号", "url": "https://www.kaigokensaku.mhlw.go.jp/42/index.php?action_kouhyou_detail_004_kani=true&JigyosyoCd=4270112313-00&ServiceCd=110&Type=search", "url2": "http://musashi.link" }, "geometry": { "type": "Point", "coordinates": [ 129.86219136988305, 32.708883469962686 ] } },
{ "type": "Feature", "properties": { "内容": "はーとふる長崎【訪問介護】長崎県長崎市福田本町１８５番２", "url": "https://www.kaigokensaku.mhlw.go.jp/42/index.php?action_kouhyou_detail_004_kani=true&JigyosyoCd=4270107099-00&ServiceCd=110&Type=search", "url2": "http://www.ufinitia.com/" }, "geometry": { "type": "Point", "coordinates": [ 129.818829221457435, 32.746663992813886 ] } },
{ "type": "Feature", "properties": { "内容": "ヘルパーステーションさつき【訪問介護】長崎県長崎市古賀町１１０番地１", "url": "https://www.kaigokensaku.mhlw.go.jp/42/index.php?action_kouhyou_detail_004_kani=true&JigyosyoCd=4270105945-00&ServiceCd=110&Type=search", "url2": null }, "geometry": { "type": "Point", "coordinates": [ 129.952585099999965, 32.7933636 ] } },
{ "type": "Feature", "properties": { "内容": "介護のすけさん【訪問介護】長崎県長崎市花園町1－18", "url": "https://www.kaigokensaku.mhlw.go.jp/42/index.php?action_kouhyou_detail_004_kani=true&JigyosyoCd=4270109616-00&ServiceCd=110&Type=search", "url2": null }, "geometry": { "type": "Point", "coordinates": [ 129.858608499999946, 32.7961218 ] } },
{ "type": "Feature", "properties": { "内容": "ヘルパーステーションあすなろ【訪問介護】長崎県長崎市西山4丁目474番6アラシン7", "url": "https://www.kaigokensaku.mhlw.go.jp/42/index.php?action_kouhyou_detail_004_kani=true&JigyosyoCd=4270136270-00&ServiceCd=110&Type=search", "url2": "https://www.truness-nagasaki.com/" }, "geometry": { "type": "Point", "coordinates": [ 129.888946800000014, 32.7787443 ] } },
{ "type": "Feature", "properties": { "内容": "ニチイケアセンター城山【訪問介護】城山町4-13スマイルビル103号", "url": "https://www.kaigokensaku.mhlw.go.jp/42/index.php?action_kouhyou_detail_004_kani=true&JigyosyoCd=4270112115-00&ServiceCd=110&Type=search", "url2": "http://www.nichiigakkan.co.jp/" }, "geometry": { "type": "Point", "coordinates": [ 129.8592768, 32.7738104 ] } },
{ "type": "Feature", "properties": { "内容": "株式会社フマニ　ケアステーションフマニ【訪問介護】長崎県長崎市浜平1丁目1番3号シニアハウスひこばえ１階", "url": "https://www.kaigokensaku.mhlw.go.jp/42/index.php?action_kouhyou_detail_004_kani=true&JigyosyoCd=4270106497-00&ServiceCd=110&Type=search", "url2": null }, "geometry": { "type": "Point", "coordinates": [ 129.870247400000039, 32.7620051 ] } },
{ "type": "Feature", "properties": { "内容": "株式会社　桜ケア【訪問介護】長崎県長崎市宝栄町18番7号", "url": "https://www.kaigokensaku.mhlw.go.jp/42/index.php?action_kouhyou_detail_004_kani=true&JigyosyoCd=4270109400-00&ServiceCd=110&Type=search", "url2": null }, "geometry": { "type": "Point", "coordinates": [ 129.857957299999953, 32.7699277 ] } },
{ "type": "Feature", "properties": { "内容": "公益社団法人長崎県看護協会ヘルパーステーションゆう【訪問介護】長崎県長崎市恵美須町4-5　NBC3RDビル9階", "url": "https://www.kaigokensaku.mhlw.go.jp/42/index.php?action_kouhyou_detail_004_kani=true&JigyosyoCd=4270101282-00&ServiceCd=110&Type=search", "url2": "http://www.nagasaki-nurse.or.jp" }, "geometry": { "type": "Point", "coordinates": [ 129.875689641108693, 32.750556198719615 ] } },
{ "type": "Feature", "properties": { "内容": "augurio訪問介護【訪問介護】長崎県長崎市旭町9番12号杉元ビル2階", "url": "https://www.kaigokensaku.mhlw.go.jp/42/index.php?action_kouhyou_detail_004_kani=true&JigyosyoCd=4270136098-00&ServiceCd=110&Type=search", "url2": "http://augurio-kaigo.com/" }, "geometry": { "type": "Point", "coordinates": [ 129.8639063, 32.7488182 ] } },
{ "type": "Feature", "properties": { "内容": "わんぴーすヘルパーステーション【訪問介護】長崎県長崎市かき道1-32-22林田アパート203", "url": "https://www.kaigokensaku.mhlw.go.jp/42/index.php?action_kouhyou_detail_004_kani=true&JigyosyoCd=4270107644-00&ServiceCd=110&Type=search", "url2": null }, "geometry": { "type": "Point", "coordinates": [ 129.95339319294024, 32.771387321633682 ] } },
{ "type": "Feature", "properties": { "内容": "ヘルパーステーション菜の花【訪問介護】長崎県長崎市相生町3番2号", "url": "https://www.kaigokensaku.mhlw.go.jp/42/index.php?action_kouhyou_detail_004_kani=true&JigyosyoCd=4270107883-00&ServiceCd=110&Type=search", "url2": null }, "geometry": { "type": "Point", "coordinates": [ 129.8726815, 32.7337259 ] } },
{ "type": "Feature", "properties": { "内容": "ヘルパーステーション茉莉花【訪問介護】長崎県長崎市新戸町3丁目17-27中山ビル1階", "url": "https://www.kaigokensaku.mhlw.go.jp/42/index.php?action_kouhyou_detail_004_kani=true&JigyosyoCd=4270111489-00&ServiceCd=110&Type=search", "url2": "https://dreamconnect-jasmine.jp/" }, "geometry": { "type": "Point", "coordinates": [ 129.86696448403589, 32.712468758827917 ] } },
{ "type": "Feature", "properties": { "内容": "ヘルパーステーション介護屋【訪問介護】長崎県長崎市古賀町830番地　松本アパート101", "url": "https://www.kaigokensaku.mhlw.go.jp/42/index.php?action_kouhyou_detail_004_kani=true&JigyosyoCd=4270110929-00&ServiceCd=110&Type=search", "url2": "https://www.kaigoya-nagasaki.com/" }, "geometry": { "type": "Point", "coordinates": [ 129.961440499999981, 32.7993518 ] } },
{ "type": "Feature", "properties": { "内容": "ヘルパーステーション　えがお【訪問介護】長崎県長崎市田中町８５４番地", "url": "https://www.kaigokensaku.mhlw.go.jp/42/index.php?action_kouhyou_detail_004_kani=true&JigyosyoCd=4270109343-00&ServiceCd=110&Type=search", "url2": null }, "geometry": { "type": "Point", "coordinates": [ 129.948308499999939, 32.7617829 ] } },
{ "type": "Feature", "properties": { "内容": "ヘルパーステーション　竹の子【訪問介護】長崎県長崎市油木町250(中川貸家)", "url": "https://www.kaigokensaku.mhlw.go.jp/42/index.php?action_kouhyou_detail_004_kani=true&JigyosyoCd=4270108980-00&ServiceCd=110&Type=search", "url2": null }, "geometry": { "type": "Point", "coordinates": [ 129.84993472395729, 32.781886059485835 ] } },
{ "type": "Feature", "properties": { "内容": "訪問介護事業所　まごのて【訪問介護】長崎県長崎市豊洋台2丁目17番4号", "url": "https://www.kaigokensaku.mhlw.go.jp/42/index.php?action_kouhyou_detail_004_kani=true&JigyosyoCd=4270136213-00&ServiceCd=110&Type=search", "url2": null }, "geometry": { "type": "Point", "coordinates": [ 129.793056116008017, 32.826646058349937 ] } },
{ "type": "Feature", "properties": { "内容": "ヘルパーステーション　花【訪問介護】長崎県長崎市琴海村松町1591", "url": "https://www.kaigokensaku.mhlw.go.jp/42/index.php?action_kouhyou_detail_004_kani=true&JigyosyoCd=4270109459-00&ServiceCd=110&Type=search", "url2": "https://www.flower-court.com/" }, "geometry": { "type": "Point", "coordinates": [ 129.811257399999931, 32.7608692 ] } },
{ "type": "Feature", "properties": { "内容": "ウェルネスケアステーションローカル【訪問介護】長崎県長崎市為石町2314番地", "url": "https://www.kaigokensaku.mhlw.go.jp/42/index.php?action_kouhyou_detail_004_kani=true&JigyosyoCd=4270135637-00&ServiceCd=110&Type=search", "url2": "http://hp.kaipoke.biz/2h4/" }, "geometry": { "type": "Point", "coordinates": [ 129.8374039, 32.6414592 ] } },
{ "type": "Feature", "properties": { "内容": "健友会ヘルパ－ステ－ション【訪問介護】長崎県長崎市大浦町9番30号", "url": "https://www.kaigokensaku.mhlw.go.jp/42/index.php?action_kouhyou_detail_004_kani=true&JigyosyoCd=4270100219-00&ServiceCd=110&Type=search", "url2": "https://kenyukai-kaigo.com/service/helper/" }, "geometry": { "type": "Point", "coordinates": [ 129.872179215041797, 32.734989798123465 ] } },
{ "type": "Feature", "properties": { "内容": "ヘルパーステーションめざめ【訪問介護】長崎県長崎市葉山１丁目28-15S&Bショッピングプラザ5FS＆B葉山ショッピングプラザ５階", "url": "https://www.kaigokensaku.mhlw.go.jp/42/index.php?action_kouhyou_detail_004_kani=true&JigyosyoCd=4270110952-00&ServiceCd=110&Type=search", "url2": "hhp//www.syunkaikai.jp" }, "geometry": { "type": "Point", "coordinates": [ 129.8490984, 32.8051298 ] } },
{ "type": "Feature", "properties": { "内容": "ケアステーションさくらの里【訪問介護】長崎県長崎市畝刈町1613番地85ニューポートメディカルビル１F", "url": "https://www.kaigokensaku.mhlw.go.jp/42/index.php?action_kouhyou_detail_004_kani=true&JigyosyoCd=4270135611-00&ServiceCd=110&Type=search", "url2": "http://www.sakuranosato.or.jp" }, "geometry": { "type": "Point", "coordinates": [ 129.7769554, 32.8255175 ] } },
{ "type": "Feature", "properties": { "内容": "ヘルパーステーションふたば【訪問介護】長崎市西海町3261-2", "url": "https://www.kaigokensaku.mhlw.go.jp/42/index.php?action_kouhyou_detail_004_kani=true&JigyosyoCd=4270136163-00&ServiceCd=110&Type=search", "url2": "https://www.triples-nagasaki.com/" }, "geometry": { "type": "Point", "coordinates": [ 129.783063700000014, 32.8534105 ] } },
{ "type": "Feature", "properties": { "内容": "ヘルパーステーションひまわり【訪問介護】長崎県長崎市木鉢町1丁目4番地6", "url": "https://www.kaigokensaku.mhlw.go.jp/42/index.php?action_kouhyou_detail_004_kani=true&JigyosyoCd=4270135983-00&ServiceCd=110&Type=search", "url2": "https://syahuku-himawari.com/" }, "geometry": { "type": "Point", "coordinates": [ 129.8409112, 32.7256101 ] } },
{ "type": "Feature", "properties": { "内容": "訪問介護事業所　あいぎ荘【訪問介護】長崎県長崎市布巻町1490", "url": "https://www.kaigokensaku.mhlw.go.jp/42/index.php?action_kouhyou_detail_004_kani=true&JigyosyoCd=4270105929-00&ServiceCd=110&Type=search", "url2": null }, "geometry": { "type": "Point", "coordinates": [ 129.836994247017742, 32.660593150144145 ] } },
{ "type": "Feature", "properties": { "内容": "訪問介護センターかもめ【訪問介護】長崎県長崎市大浜町８４６－２２ケアハウス大浜", "url": "https://www.kaigokensaku.mhlw.go.jp/42/index.php?action_kouhyou_detail_004_kani=true&JigyosyoCd=4270108485-00&ServiceCd=110&Type=search", "url2": "http://oohama50.sakura.ne.jp/co/top" }, "geometry": { "type": "Point", "coordinates": [ 129.832020493548413, 32.74552752265042 ] } },
{ "type": "Feature", "properties": { "内容": "訪問介護事業所　琴の浦荘【訪問介護】長崎県長崎市琴海戸根町743番地47", "url": "https://www.kaigokensaku.mhlw.go.jp/42/index.php?action_kouhyou_detail_004_kani=true&JigyosyoCd=4270107974-00&ServiceCd=110&Type=search", "url2": "http://www.gounkai.or.jp/" }, "geometry": { "type": "Point", "coordinates": [ 129.792038300000058, 32.8886095 ] } },
{ "type": "Feature", "properties": { "内容": "社会福祉法人　幸和会　ヘルパーステーション　なごみ【訪問介護】長崎県長崎市香焼町563番地17", "url": "https://www.kaigokensaku.mhlw.go.jp/42/index.php?action_kouhyou_detail_004_kani=true&JigyosyoCd=4270135868-00&ServiceCd=110&Type=search", "url2": null }, "geometry": { "type": "Point", "coordinates": [ 129.8122023, 32.6871488 ] } },
{ "type": "Feature", "properties": { "内容": "社会福祉法人　純心聖母会　ヘルパーステーション「恵の丘」【訪問介護】長崎県長崎市三ツ山町139-2", "url": "https://www.kaigokensaku.mhlw.go.jp/42/index.php?action_kouhyou_detail_004_kani=true&JigyosyoCd=4270105408-00&ServiceCd=110&Type=search", "url2": "http://junshin-seibo.or.jp" }, "geometry": { "type": "Point", "coordinates": [ 129.909066142991634, 32.803941612087321 ] } },
{ "type": "Feature", "properties": { "内容": "ヘルパーステーション夕陽が丘【訪問介護】長崎市住吉町２１－７", "url": "https://www.kaigokensaku.mhlw.go.jp/42/index.php?action_kouhyou_detail_004_kani=true&JigyosyoCd=4270111935-00&ServiceCd=110&Type=search", "url2": "http://kagurakai.or.jp" }, "geometry": { "type": "Point", "coordinates": [ 129.858695399999988, 32.7941028 ] } },
{ "type": "Feature", "properties": { "内容": "ヘルパーステーションさくらの里【訪問介護】長崎県長崎市三京町１５３９番地1", "url": "https://www.kaigokensaku.mhlw.go.jp/42/index.php?action_kouhyou_detail_004_kani=true&JigyosyoCd=4270103700-00&ServiceCd=110&Type=search", "url2": "http://www.sakuranosato.or.jp" }, "geometry": { "type": "Point", "coordinates": [ 129.77213, 32.8345698 ] } },
{ "type": "Feature", "properties": { "内容": "社会福祉法人グリーンコープ　ふくしサービスセンターありす【訪問介護】長崎県長崎市ダイヤランド2丁目21-21", "url": "https://www.kaigokensaku.mhlw.go.jp/42/index.php?action_kouhyou_detail_004_kani=true&JigyosyoCd=4270106513-00&ServiceCd=110&Type=search", "url2": "www.fukushi-greencoop.or.jp/office/380" }, "geometry": { "type": "Point", "coordinates": [ 129.859194399999978, 32.7027783 ] } },
{ "type": "Feature", "properties": { "内容": "社会福祉法人グリーンコープ　ふくしサービスセンターどんぐり【訪問介護】長崎県長崎市横尾3丁目33-8", "url": "https://www.kaigokensaku.mhlw.go.jp/42/index.php?action_kouhyou_detail_004_kani=true&JigyosyoCd=4270111562-00&ServiceCd=110&Type=search", "url2": "http://fukushi-greencoop.or.jp" }, "geometry": { "type": "Point", "coordinates": [ 129.835009099999979, 32.8143949 ] } },
{ "type": "Feature", "properties": { "内容": "訪問介護事業所　古賀の里【訪問介護】長崎県長崎市古賀町806-2", "url": "https://www.kaigokensaku.mhlw.go.jp/42/index.php?action_kouhyou_detail_004_kani=true&JigyosyoCd=4270100425-00&ServiceCd=110&Type=search", "url2": "http://www.koganosato.jp/" }, "geometry": { "type": "Point", "coordinates": [ 129.961251100000027, 32.7971717 ] } },
{ "type": "Feature", "properties": { "内容": "ヘルパーステイションみずほ【訪問介護】長崎県長崎市葉山２丁目２８番１０号", "url": "https://www.kaigokensaku.mhlw.go.jp/42/index.php?action_kouhyou_detail_004_kani=true&JigyosyoCd=4270103379-00&ServiceCd=110&Type=search", "url2": "http://www.mizuhokai.jp" }, "geometry": { "type": "Point", "coordinates": [ 129.844625499999978, 32.8064567 ] } },
{ "type": "Feature", "properties": { "内容": "社会福祉法人　春秋会　ヘルパーステーションリエゾン長崎【訪問介護】長崎県長崎市江川町100番地１", "url": "https://www.kaigokensaku.mhlw.go.jp/42/index.php?action_kouhyou_detail_004_kani=true&JigyosyoCd=4270102181-00&ServiceCd=110&Type=search", "url2": "https://liaison.gr.jp/" }, "geometry": { "type": "Point", "coordinates": [ 129.841187699999978, 32.682152 ] } },
{ "type": "Feature", "properties": { "内容": "喜楽苑訪問介護事業所【訪問介護】長崎県長崎市末石町154番地1", "url": "https://www.kaigokensaku.mhlw.go.jp/42/index.php?action_kouhyou_detail_004_kani=true&JigyosyoCd=4270101126-00&ServiceCd=110&Type=search", "url2": "http://www.kirakuen-nagasaki.jp/" }, "geometry": { "type": "Point", "coordinates": [ 129.841402411114473, 32.679783087404374 ] } },
{ "type": "Feature", "properties": { "内容": "訪問介護事業所サンハイツ【訪問介護】長崎県長崎市油木町６５番地１４", "url": "https://www.kaigokensaku.mhlw.go.jp/42/index.php?action_kouhyou_detail_004_kani=true&JigyosyoCd=4270100888-00&ServiceCd=110&Type=search", "url2": "http://www.sanhaitsu.jp/" }, "geometry": { "type": "Point", "coordinates": [ 129.844110300000011, 32.7803067 ] } },
{ "type": "Feature", "properties": { "内容": "ヘルパーステーションながさき【訪問介護】長崎県長崎市勝山町37番地勝山37ビル3階", "url": "https://www.kaigokensaku.mhlw.go.jp/42/index.php?action_kouhyou_detail_004_kani=true&JigyosyoCd=4270109491-00&ServiceCd=110&Type=search", "url2": "http://nagasaki-ki.wixsite.com/keiai-fukushikai" }, "geometry": { "type": "Point", "coordinates": [ 129.880364, 32.7514162 ] } },
{ "type": "Feature", "properties": { "内容": "訪問介護ステーション・プライエム横尾【訪問介護】長崎県長崎市横尾3丁目26番2号", "url": "https://www.kaigokensaku.mhlw.go.jp/42/index.php?action_kouhyou_detail_004_kani=true&JigyosyoCd=4270100680-00&ServiceCd=110&Type=search", "url2": "http://www.heisei-kai.or.jp/" }, "geometry": { "type": "Point", "coordinates": [ 129.839036172946862, 32.817010182385097 ] } },
{ "type": "Feature", "properties": { "内容": "恵珠苑　指定訪問介護事業所【訪問介護】長崎県長崎市田上2丁目15番12号", "url": "https://www.kaigokensaku.mhlw.go.jp/42/index.php?action_kouhyou_detail_004_kani=true&JigyosyoCd=4270101001-00&ServiceCd=110&Type=search", "url2": "https://yuukikai.jp" }, "geometry": { "type": "Point", "coordinates": [ 129.886889191690102, 32.726680171657129 ] } },
{ "type": "Feature", "properties": { "内容": "訪問介護事業所しらゆり【訪問介護】長崎県長崎市三重町461番地4", "url": "https://www.kaigokensaku.mhlw.go.jp/42/index.php?action_kouhyou_detail_004_kani=true&JigyosyoCd=4270110697-00&ServiceCd=110&Type=search", "url2": null }, "geometry": { "type": "Point", "coordinates": [ 129.745801379345693, 32.823910784543713 ] } },
{ "type": "Feature", "properties": { "内容": "福祉生協ヘルパーステーションいきいき長崎中央【訪問介護】長崎県長崎市三芳町9-12　ウイルマ・ハイツⅡ", "url": "https://www.kaigokensaku.mhlw.go.jp/42/index.php?action_kouhyou_detail_004_kani=true&JigyosyoCd=4270106554-00&ServiceCd=110&Type=search", "url2": "http://www.ikiikicoop.net" }, "geometry": { "type": "Point", "coordinates": [ 129.858938120389666, 32.78375825008159 ] } },
{ "type": "Feature", "properties": { "内容": "ヘルパーステーション　かいごの花みずき【訪問介護】長崎県長崎市本尾町2-32206", "url": "https://www.kaigokensaku.mhlw.go.jp/42/index.php?action_kouhyou_detail_004_kani=true&JigyosyoCd=4270135462-00&ServiceCd=110&Type=search", "url2": "http://www.kaigo-8732.com/" }, "geometry": { "type": "Point", "coordinates": [ 129.865754053550745, 32.775998257443234 ] } },
{ "type": "Feature", "properties": { "内容": "訪問介護事業所　きんぎょ家【訪問介護】長崎県長崎市小ヶ倉町2丁目327-1", "url": "https://www.kaigokensaku.mhlw.go.jp/42/index.php?action_kouhyou_detail_004_kani=true&JigyosyoCd=4270102470-00&ServiceCd=110&Type=search", "url2": "http://h-well.co.jp" }, "geometry": { "type": "Point", "coordinates": [ 129.850414199999932, 32.7072916 ] } },
{ "type": "Feature", "properties": { "内容": "ヘルパーステーション　春【訪問介護】長崎県長崎市若葉町８－１３吉岡ビル", "url": "https://www.kaigokensaku.mhlw.go.jp/42/index.php?action_kouhyou_detail_004_kani=true&JigyosyoCd=4270108675-00&ServiceCd=110&Type=search", "url2": null }, "geometry": { "type": "Point", "coordinates": [ 129.8604143, 32.7893449 ] } },
{ "type": "Feature", "properties": { "内容": "有限会社ケアスト【訪問介護】長崎県長崎市上小島4丁目7-48", "url": "https://www.kaigokensaku.mhlw.go.jp/42/index.php?action_kouhyou_detail_004_kani=true&JigyosyoCd=4270111497-00&ServiceCd=110&Type=search", "url2": null }, "geometry": { "type": "Point", "coordinates": [ 129.885331899999983, 32.7324161 ] } },
{ "type": "Feature", "properties": { "内容": "ヘルパーステーション虹【訪問介護】長崎市鳴見台２丁目３４番２３号", "url": "https://www.kaigokensaku.mhlw.go.jp/42/index.php?action_kouhyou_detail_004_kani=true&JigyosyoCd=4270104096-00&ServiceCd=110&Type=search", "url2": null }, "geometry": { "type": "Point", "coordinates": [ 129.810896800000023, 32.8230521 ] } },
{ "type": "Feature", "properties": { "内容": "訪問介護ステーション　ゆいまーる【訪問介護】長崎県長崎市宿町187-1", "url": "https://www.kaigokensaku.mhlw.go.jp/42/index.php?action_kouhyou_detail_004_kani=true&JigyosyoCd=4270135744-00&ServiceCd=110&Type=search", "url2": null }, "geometry": { "type": "Point", "coordinates": [ 129.940245299999987, 32.759852200000019 ] } },
{ "type": "Feature", "properties": { "内容": "ケアスタッフ　真心【訪問介護】長崎県長崎市江里町10番27号", "url": "https://www.kaigokensaku.mhlw.go.jp/42/index.php?action_kouhyou_detail_004_kani=true&JigyosyoCd=4270103973-00&ServiceCd=110&Type=search", "url2": null }, "geometry": { "type": "Point", "coordinates": [ 129.859917600000017, 32.7813597 ] } },
{ "type": "Feature", "properties": { "内容": "訪問介護　チーム風【訪問介護】長崎県長崎市多以良町1551番地102", "url": "https://www.kaigokensaku.mhlw.go.jp/42/index.php?action_kouhyou_detail_004_kani=true&JigyosyoCd=4270111596-00&ServiceCd=110&Type=search", "url2": "http://www.courage.com" }, "geometry": { "type": "Point", "coordinates": [ 129.773582900000065, 32.8123649 ] } },
{ "type": "Feature", "properties": { "内容": "ホームヘルプサービス太陽【訪問介護】長崎県長崎市中園町11-1エミナーレ301", "url": "https://www.kaigokensaku.mhlw.go.jp/42/index.php?action_kouhyou_detail_004_kani=true&JigyosyoCd=4270101621-00&ServiceCd=110&Type=search", "url2": "http://www.helper-taiyo.com/" }, "geometry": { "type": "Point", "coordinates": [ 129.85965310000006, 32.7919612 ] } },
{ "type": "Feature", "properties": { "内容": "ヘルパーステーション　ほーむケア【訪問介護】長崎県長崎市文教町５番１９号", "url": "https://www.kaigokensaku.mhlw.go.jp/42/index.php?action_kouhyou_detail_004_kani=true&JigyosyoCd=4270110119-00&ServiceCd=110&Type=search", "url2": "http://rakuten-care.jp/publics/index/37/" }, "geometry": { "type": "Point", "coordinates": [ 129.87077469999997, 32.7888869 ] } },
{ "type": "Feature", "properties": { "内容": "あさひヘルパーステーション【訪問介護】長崎県長崎市旭町21-14", "url": "https://www.kaigokensaku.mhlw.go.jp/42/index.php?action_kouhyou_detail_004_kani=true&JigyosyoCd=4270103015-00&ServiceCd=110&Type=search", "url2": null }, "geometry": { "type": "Point", "coordinates": [ 129.8626792, 32.7517378 ] } },
{ "type": "Feature", "properties": { "内容": "有限会社　ヘルパーステーションつくし【訪問介護】長崎市西立神町１０番３８号", "url": "https://www.kaigokensaku.mhlw.go.jp/42/index.php?action_kouhyou_detail_004_kani=true&JigyosyoCd=4270103577-00&ServiceCd=110&Type=search", "url2": null }, "geometry": { "type": "Point", "coordinates": [ 129.849566200000027, 32.7357 ] } },
{ "type": "Feature", "properties": { "内容": "ベスティ【訪問介護】長崎県長崎市大宮町12-19", "url": "https://www.kaigokensaku.mhlw.go.jp/42/index.php?action_kouhyou_detail_004_kani=true&JigyosyoCd=4270136379-00&ServiceCd=110&Type=search", "url2": null }, "geometry": { "type": "Point", "coordinates": [ 129.835504500000013, 32.7997275 ] } },
{ "type": "Feature", "properties": { "内容": "ヘルパーステーション　ｆｏｒスマート【訪問介護】長崎県長崎市女の都3丁目7番27号", "url": "https://www.kaigokensaku.mhlw.go.jp/42/index.php?action_kouhyou_detail_004_kani=true&JigyosyoCd=4270136395-00&ServiceCd=110&Type=search", "url2": null }, "geometry": { "type": "Point", "coordinates": [ 129.8809973, 32.8071576 ] } },
{ "type": "Feature", "properties": { "内容": "ケアハートガーデン株式会社【訪問介護】長崎県長崎市竿浦町754-1", "url": "https://www.kaigokensaku.mhlw.go.jp/42/index.php?action_kouhyou_detail_004_kani=true&JigyosyoCd=4270136478-00&ServiceCd=110&Type=search", "url2": "https://www.careheart-garden.com/" }, "geometry": { "type": "Point", "coordinates": [ 129.839383700000013, 32.6757345 ] } },
{ "type": "Feature", "properties": { "内容": "ホームヘルパーステーション　晴海の丘【訪問介護】長崎市蚊焼町210番地２", "url": "https://www.kaigokensaku.mhlw.go.jp/42/index.php?action_kouhyou_detail_004_kani=true&JigyosyoCd=4271102388-00&ServiceCd=110&Type=search", "url2": null }, "geometry": { "type": "Point", "coordinates": [ 129.824858656496417, 32.663139804507367 ] } },
{ "type": "Feature", "properties": { "内容": "スイートピー訪問介護事業所【訪問介護】長崎県長崎市中園町2番12号林田事務所1階", "url": "https://www.kaigokensaku.mhlw.go.jp/42/index.php?action_kouhyou_detail_004_kani=true&JigyosyoCd=4270108964-00&ServiceCd=110&Type=search", "url2": "http://sweetpeakaigo.com/" }, "geometry": { "type": "Point", "coordinates": [ 129.859794800000032, 32.790542 ] } },
{ "type": "Feature", "properties": { "内容": "スマイルケア長崎【訪問介護】長崎県長崎市御船蔵町6番3号", "url": "https://www.kaigokensaku.mhlw.go.jp/42/index.php?action_kouhyou_detail_004_kani=true&JigyosyoCd=4270103288-00&ServiceCd=110&Type=search", "url2": "http://www.tsukasa-co.jp/" }, "geometry": { "type": "Point", "coordinates": [ 129.871617300000025, 32.7560266 ] } },
{ "type": "Feature", "properties": { "内容": "ヘルパーステーション　蕾【訪問介護】長崎県長崎市網場町487番地22号マリンコーポ1階", "url": "https://www.kaigokensaku.mhlw.go.jp/42/index.php?action_kouhyou_detail_004_kani=true&JigyosyoCd=4270109301-00&ServiceCd=110&Type=search", "url2": null }, "geometry": { "type": "Point", "coordinates": [ 129.946305370297097, 32.754861387822395 ] } },
{ "type": "Feature", "properties": { "内容": "訪問介護　けやき【訪問介護】長崎県長崎市けやき台町11番3号", "url": "https://www.kaigokensaku.mhlw.go.jp/42/index.php?action_kouhyou_detail_004_kani=true&JigyosyoCd=4270108329-00&ServiceCd=110&Type=search", "url2": null }, "geometry": { "type": "Point", "coordinates": [ 129.880137600000012, 32.7973668 ] } },
{ "type": "Feature", "properties": { "内容": "魚の町ヘルパーステーション【訪問介護】長崎県長崎市魚の町３番２７号チヂワビル４F", "url": "https://www.kaigokensaku.mhlw.go.jp/42/index.php?action_kouhyou_detail_004_kani=true&JigyosyoCd=4270101845-00&ServiceCd=110&Type=search", "url2": "http://www.nagasaki-kouseifukushidan.or.jp" }, "geometry": { "type": "Point", "coordinates": [ 129.879624828836086, 32.748533847329739 ] } },
{ "type": "Feature", "properties": { "内容": "社会福祉法人平成会　訪問介護ステーション・日見やすらぎ荘【訪問介護】長崎県長崎市宿町616番地", "url": "https://www.kaigokensaku.mhlw.go.jp/42/index.php?action_kouhyou_detail_004_kani=true&JigyosyoCd=4270105861-00&ServiceCd=110&Type=search", "url2": "http://www.heisei-kai.or.jp/" }, "geometry": { "type": "Point", "coordinates": [ 129.937025899999981, 32.7601939 ] } },
{ "type": "Feature", "properties": { "内容": "ヘルパーステーションしおん【訪問介護】長崎県長崎市江戸町５番８号第５一ノ瀬中央橋ビル３０２号", "url": "https://www.kaigokensaku.mhlw.go.jp/42/index.php?action_kouhyou_detail_004_kani=true&JigyosyoCd=4270110424-00&ServiceCd=110&Type=search", "url2": null }, "geometry": { "type": "Point", "coordinates": [ 129.875468715682899, 32.744208754390698 ] } },
{ "type": "Feature", "properties": { "内容": "訪問介護　おまかせ【訪問介護】長崎県長崎市滑石6丁目5番3号門口借家1号棟", "url": "https://www.kaigokensaku.mhlw.go.jp/42/index.php?action_kouhyou_detail_004_kani=true&JigyosyoCd=4270111828-00&ServiceCd=110&Type=search", "url2": "http://hp.kaipoke.biz/5r4/" }, "geometry": { "type": "Point", "coordinates": [ 129.8364593, 32.8035999 ] } },
{ "type": "Feature", "properties": { "内容": "訪問介護ステーション　いち護【訪問介護】長崎県長崎市小瀬戸町848", "url": "https://www.kaigokensaku.mhlw.go.jp/42/index.php?action_kouhyou_detail_004_kani=true&JigyosyoCd=4270136494-00&ServiceCd=110&Type=search", "url2": null }, "geometry": { "type": "Point", "coordinates": [ 129.8296407, 32.7309077 ] } },
{ "type": "Feature", "properties": { "内容": "逢．ｃａｎヘルパーステーション【訪問介護】長崎県長崎市天神町２－６－３０２", "url": "https://www.kaigokensaku.mhlw.go.jp/42/index.php?action_kouhyou_detail_004_kani=true&JigyosyoCd=4270136049-00&ServiceCd=110&Type=search", "url2": null }, "geometry": { "type": "Point", "coordinates": [ 129.8688612, 32.7588064 ] } },
{ "type": "Feature", "properties": { "内容": "ヘルパーステーション　スマイルクーラ【訪問介護】長崎県長崎市矢上町6-10　小林ビル1階", "url": "https://www.kaigokensaku.mhlw.go.jp/42/index.php?action_kouhyou_detail_004_kani=true&JigyosyoCd=4270112164-00&ServiceCd=110&Type=search", "url2": "https://www.assist-group.net/" }, "geometry": { "type": "Point", "coordinates": [ 129.95060663274046, 32.772020781603899 ] } },
{ "type": "Feature", "properties": { "内容": "ヘルパーステーション　クラン【訪問介護】風頭町3番29号　1階", "url": "https://www.kaigokensaku.mhlw.go.jp/42/index.php?action_kouhyou_detail_004_kani=true&JigyosyoCd=4270135934-00&ServiceCd=110&Type=search", "url2": null }, "geometry": { "type": "Point", "coordinates": [ 129.888539818038254, 32.742167125571449 ] } },
{ "type": "Feature", "properties": { "内容": "おんかいヘルパーステーション【訪問介護】長崎県長崎市立山１−６−１７", "url": "https://www.kaigokensaku.mhlw.go.jp/42/index.php?action_kouhyou_detail_004_kani=true&JigyosyoCd=4270135702-00&ServiceCd=110&Type=search", "url2": "https://onkai-nagasaki.com/" }, "geometry": { "type": "Point", "coordinates": [ 129.880672400000037, 32.7550952 ] } },
{ "type": "Feature", "properties": { "内容": "合同会社シルク　　ヘルパーステーションいわみの家【訪問介護】長崎県長崎市岩見町２０番９号合同会社シルク", "url": "https://www.kaigokensaku.mhlw.go.jp/42/index.php?action_kouhyou_detail_004_kani=true&JigyosyoCd=4270136247-00&ServiceCd=110&Type=search", "url2": null }, "geometry": { "type": "Point", "coordinates": [ 129.8536719, 32.7692759 ] } },
{ "type": "Feature", "properties": { "内容": "ライフサポートおむすび【訪問介護】畝刈町1088-10シーサイドコーポ306", "url": "https://www.kaigokensaku.mhlw.go.jp/42/index.php?action_kouhyou_detail_004_kani=true&JigyosyoCd=4270136023-00&ServiceCd=110&Type=search", "url2": "http://omusubi.stars.ne.jp" }, "geometry": { "type": "Point", "coordinates": [ 129.780345399999987, 32.8287648 ] } },
{ "type": "Feature", "properties": { "内容": "介護保険タクシー　すまいる【訪問介護】長崎県佐世保市光町1-45", "url": "https://www.kaigokensaku.mhlw.go.jp/42/index.php?action_kouhyou_detail_004_kani=true&JigyosyoCd=4270204979-00&ServiceCd=110&Type=search", "url2": "https://www.smiletaxi.co.jp/" }, "geometry": { "type": "Point", "coordinates": [ 129.652823903704871, 33.205774211509997 ] } },
{ "type": "Feature", "properties": { "内容": "ﾊｰﾄｹｱｱｼｽﾄ　ききょう【訪問介護】長崎県佐世保市桜木町3番25号", "url": "https://www.kaigokensaku.mhlw.go.jp/42/index.php?action_kouhyou_detail_004_kani=true&JigyosyoCd=4270205232-00&ServiceCd=110&Type=search", "url2": "kikyou@taubbig.jp" }, "geometry": { "type": "Point", "coordinates": [ 129.727649, 33.199068899999979 ] } },
{ "type": "Feature", "properties": { "内容": "訪問介護ステーションアップルケア【訪問介護】長崎県佐世保市松川町3番13号松川アパート202号室", "url": "https://www.kaigokensaku.mhlw.go.jp/42/index.php?action_kouhyou_detail_004_kani=true&JigyosyoCd=4270203377-00&ServiceCd=110&Type=search", "url2": null }, "geometry": { "type": "Point", "coordinates": [ 129.733383499999945, 33.1759577 ] } },
{ "type": "Feature", "properties": { "内容": "訪問介護ステーション優雅【訪問介護】長崎県佐世保市赤崎町1304番地8", "url": "https://www.kaigokensaku.mhlw.go.jp/42/index.php?action_kouhyou_detail_004_kani=true&JigyosyoCd=4270204367-00&ServiceCd=110&Type=search", "url2": null }, "geometry": { "type": "Point", "coordinates": [ 129.703124679823333, 33.149558872928935 ] } },
{ "type": "Feature", "properties": { "内容": "訪問介護事業所　春【訪問介護】長崎県佐世保市権常寺町1085-3", "url": "https://www.kaigokensaku.mhlw.go.jp/42/index.php?action_kouhyou_detail_004_kani=true&JigyosyoCd=4270204391-00&ServiceCd=110&Type=search", "url2": "http://sta-haru.com/" }, "geometry": { "type": "Point", "coordinates": [ 129.802509200000031, 33.135643899999977 ] } },
{ "type": "Feature", "properties": { "内容": "NS【訪問介護】長崎県佐世保市野中町500-2", "url": "https://www.kaigokensaku.mhlw.go.jp/42/index.php?action_kouhyou_detail_004_kani=true&JigyosyoCd=4270205653-00&ServiceCd=110&Type=search", "url2": "https://allblue-fukushi.co.jp/" }, "geometry": { "type": "Point", "coordinates": [ 129.7119054, 33.2114122 ] } },
{ "type": "Feature", "properties": { "内容": "佐世保市社協宇久訪問介護事業所【訪問介護】長崎県佐世保市宇久町平1904番地1", "url": "https://www.kaigokensaku.mhlw.go.jp/42/index.php?action_kouhyou_detail_004_kani=true&JigyosyoCd=4271501282-00&ServiceCd=110&Type=search", "url2": "http://www.sasebo-shakyo.or.jp/" }, "geometry": { "type": "Point", "coordinates": [ 129.127679199999989, 33.2654641 ] } },
{ "type": "Feature", "properties": { "内容": "介護老人保健施設　すいざん荘【訪問介護】長崎県佐世保市赤崎町７４－２", "url": "https://www.kaigokensaku.mhlw.go.jp/42/index.php?action_kouhyou_detail_004_kani=true&JigyosyoCd=4270200589-00&ServiceCd=110&Type=search", "url2": null }, "geometry": { "type": "Point", "coordinates": [ 129.693449500000014, 33.164936499999989 ] } },
{ "type": "Feature", "properties": { "内容": "白十字会ヘルパーステーション【訪問介護】長崎県佐世保市日宇町2835番地介護老人保健施設　長寿苑　三階", "url": "https://www.kaigokensaku.mhlw.go.jp/42/index.php?action_kouhyou_detail_004_kani=true&JigyosyoCd=4270200241-00&ServiceCd=110&Type=search", "url2": "http://www.hakujyujikai.or.jp/tjn/" }, "geometry": { "type": "Point", "coordinates": [ 129.7668258, 33.1554688 ] } },
{ "type": "Feature", "properties": { "内容": "佐世保市社協　訪問介護事業所【訪問介護】長崎県佐世保市八幡町6番1号", "url": "https://www.kaigokensaku.mhlw.go.jp/42/index.php?action_kouhyou_detail_004_kani=true&JigyosyoCd=4270200217-00&ServiceCd=110&Type=search", "url2": "http://www.sasebo-shakyo.or.jp/" }, "geometry": { "type": "Point", "coordinates": [ 129.71687380000003, 33.1803986 ] } },
{ "type": "Feature", "properties": { "内容": "訪問介護事業所サクラ【訪問介護】長崎県佐世市花園町２０１番地", "url": "https://www.kaigokensaku.mhlw.go.jp/42/index.php?action_kouhyou_detail_004_kani=true&JigyosyoCd=4270200464-00&ServiceCd=110&Type=search", "url2": null }, "geometry": { "type": "Point", "coordinates": [ 129.7226263, 33.181089400000019 ] } },
{ "type": "Feature", "properties": { "内容": "ほのぼの介護サ－ビス【訪問介護】長崎県佐世保市横尾町２１９０", "url": "https://www.kaigokensaku.mhlw.go.jp/42/index.php?action_kouhyou_detail_004_kani=true&JigyosyoCd=4270200621-00&ServiceCd=110&Type=search", "url2": null }, "geometry": { "type": "Point", "coordinates": [ 129.718415199999981, 33.1984248 ] } },
{ "type": "Feature", "properties": { "内容": "有限会社嘉泉製陶所三川内ホームヘルプサービス事業所【訪問介護】長崎県佐世保市三川内町６８５番地", "url": "https://www.kaigokensaku.mhlw.go.jp/42/index.php?action_kouhyou_detail_004_kani=true&JigyosyoCd=4270200324-00&ServiceCd=110&Type=search", "url2": null }, "geometry": { "type": "Point", "coordinates": [ 129.8326184, 33.1354703 ] } },
{ "type": "Feature", "properties": { "内容": "セントケア佐世保【訪問介護】長崎県佐世保市広田３丁目14番51号杢尾ビル2号室", "url": "https://www.kaigokensaku.mhlw.go.jp/42/index.php?action_kouhyou_detail_004_kani=true&JigyosyoCd=4270204151-00&ServiceCd=110&Type=search", "url2": "http://www.saint-care.com/" }, "geometry": { "type": "Point", "coordinates": [ 129.804318997583806, 33.122500516453826 ] } },
{ "type": "Feature", "properties": { "内容": "株式会社　Grasstail【訪問介護】長崎県佐世保市吉井町草ノ尾124", "url": "https://www.kaigokensaku.mhlw.go.jp/42/index.php?action_kouhyou_detail_004_kani=true&JigyosyoCd=4270205513-00&ServiceCd=110&Type=search", "url2": null }, "geometry": { "type": "Point", "coordinates": [ 129.684238728588866, 33.303127339772843 ] } },
{ "type": "Feature", "properties": { "内容": "あいずの介護【訪問介護】長崎県佐世保市元町2番10号ルモント・ジョリ元町1階103号", "url": "https://www.kaigokensaku.mhlw.go.jp/42/index.php?action_kouhyou_detail_004_kani=true&JigyosyoCd=4270205596-00&ServiceCd=110&Type=search", "url2": null }, "geometry": { "type": "Point", "coordinates": [ 129.715655199999986, 33.175789 ] } },
{ "type": "Feature", "properties": { "内容": "訪問介護事業所　さくらプレイス広田【訪問介護】長崎県佐世保市権常寺1丁目1番15号", "url": "https://www.kaigokensaku.mhlw.go.jp/42/index.php?action_kouhyou_detail_004_kani=true&JigyosyoCd=4270205018-00&ServiceCd=110&Type=search", "url2": null }, "geometry": { "type": "Point", "coordinates": [ 129.794696299999941, 33.1247863 ] } },
{ "type": "Feature", "properties": { "内容": "ニチイケアセンター早岐【訪問介護】長崎県佐世保市権常寺1丁目4-20ふるさわ店舗1階B", "url": "https://www.kaigokensaku.mhlw.go.jp/42/index.php?action_kouhyou_detail_004_kani=true&JigyosyoCd=4270205299-00&ServiceCd=110&Type=search", "url2": "https://www.nichii-kaigo.jp/base/base-result/05BD3/" }, "geometry": { "type": "Point", "coordinates": [ 129.800198799999976, 33.1316503 ] } },
{ "type": "Feature", "properties": { "内容": "ニチイケアセンター佐世保【訪問介護】長崎県佐世保市常盤町4-23ＴＡＴＳＵＭＩビル　6F", "url": "https://www.kaigokensaku.mhlw.go.jp/42/index.php?action_kouhyou_detail_004_kani=true&JigyosyoCd=4270203963-00&ServiceCd=110&Type=search", "url2": "www.nichiigakkan.co.jp" }, "geometry": { "type": "Point", "coordinates": [ 129.719320700000026, 33.1743158 ] } },
{ "type": "Feature", "properties": { "内容": "株式会社　九州たまがわ　ハートフルケアたまがわ　はいきステーション【訪問介護】権常寺1-4-10メイノスビル2F", "url": "https://www.kaigokensaku.mhlw.go.jp/42/index.php?action_kouhyou_detail_004_kani=true&JigyosyoCd=4270202049-00&ServiceCd=110&Type=search", "url2": "http://www.9tama.co.jp/heart_top.html" }, "geometry": { "type": "Point", "coordinates": [ 129.80045389999998, 33.1323358 ] } },
{ "type": "Feature", "properties": { "内容": "ヘルパーステーションあい【訪問介護】長崎県佐世保市吉岡町55－93", "url": "https://www.kaigokensaku.mhlw.go.jp/42/index.php?action_kouhyou_detail_004_kani=true&JigyosyoCd=4270205471-00&ServiceCd=110&Type=search", "url2": null }, "geometry": { "type": "Point", "coordinates": [ 129.709153798743728, 33.209680753532567 ] } },
{ "type": "Feature", "properties": { "内容": "ヘルパーステーションあんしん【訪問介護】長崎県佐世保市大黒町2番21", "url": "https://www.kaigokensaku.mhlw.go.jp/42/index.php?action_kouhyou_detail_004_kani=true&JigyosyoCd=4270205430-00&ServiceCd=110&Type=search", "url2": "http://www.anshin-kaigo.jp" }, "geometry": { "type": "Point", "coordinates": [ 129.7371104, 33.1559443 ] } },
{ "type": "Feature", "properties": { "内容": "たんぽぽ訪問介護事業所【訪問介護】長崎県佐世保市横尾町235番地8", "url": "https://www.kaigokensaku.mhlw.go.jp/42/index.php?action_kouhyou_detail_004_kani=true&JigyosyoCd=4270201207-00&ServiceCd=110&Type=search", "url2": "https://www.tanpopo-yokoo.jp" }, "geometry": { "type": "Point", "coordinates": [ 129.712782400000037, 33.1917587 ] } },
{ "type": "Feature", "properties": { "内容": "社会福祉法人グリーンコープふくしサービスセンターえくぼ【訪問介護】長崎県佐世保市俵町20-1", "url": "https://www.kaigokensaku.mhlw.go.jp/42/index.php?action_kouhyou_detail_004_kani=true&JigyosyoCd=4270203583-00&ServiceCd=110&Type=search", "url2": "https://www.fukushi-greencoop.or.jp" }, "geometry": { "type": "Point", "coordinates": [ 129.719009599999907, 33.1875535 ] } },
{ "type": "Feature", "properties": { "内容": "訪問介護事業所　やまずみ荘【訪問介護】長崎県佐世保市山祇町390番地", "url": "https://www.kaigokensaku.mhlw.go.jp/42/index.php?action_kouhyou_detail_004_kani=true&JigyosyoCd=4270204813-00&ServiceCd=110&Type=search", "url2": "htt㎰:://www.yamazumiso.or.jp" }, "geometry": { "type": "Point", "coordinates": [ 129.733180206285027, 33.168930539962986 ] } },
{ "type": "Feature", "properties": { "内容": "社会福祉法人　福医会　訪問介護ふくにゃん【訪問介護】長崎県佐世保市権常寺1-1-19", "url": "https://www.kaigokensaku.mhlw.go.jp/42/index.php?action_kouhyou_detail_004_kani=true&JigyosyoCd=4270205406-00&ServiceCd=110&Type=search", "url2": "http://fukuikai.com/" }, "geometry": { "type": "Point", "coordinates": [ 129.799887835581984, 33.131263731018009 ] } },
{ "type": "Feature", "properties": { "内容": "ヘルパーステーション絆【訪問介護】長崎県佐世保市矢峰町72番地２カーサ矢峰Ⅱ101", "url": "https://www.kaigokensaku.mhlw.go.jp/42/index.php?action_kouhyou_detail_004_kani=true&JigyosyoCd=4270204458-00&ServiceCd=110&Type=search", "url2": null }, "geometry": { "type": "Point", "coordinates": [ 129.747504858248362, 33.21119689611654 ] } },
{ "type": "Feature", "properties": { "内容": "福祉生協ヘルパーステーションいきいき佐世保【訪問介護】長崎県佐世保市日野町846-3-2Ｆ", "url": "https://www.kaigokensaku.mhlw.go.jp/42/index.php?action_kouhyou_detail_004_kani=true&JigyosyoCd=4270201652-00&ServiceCd=110&Type=search", "url2": "http://www.ikiikicoop.net" }, "geometry": { "type": "Point", "coordinates": [ 129.678366961953884, 33.169637457910426 ] } },
{ "type": "Feature", "properties": { "内容": "有限会社　オレンジケア【訪問介護】長崎県佐世保市大潟町143-12", "url": "https://www.kaigokensaku.mhlw.go.jp/42/index.php?action_kouhyou_detail_004_kani=true&JigyosyoCd=4270201066-00&ServiceCd=110&Type=search", "url2": "http://orangecare.jp/" }, "geometry": { "type": "Point", "coordinates": [ 129.660765399999946, 33.1818287 ] } },
{ "type": "Feature", "properties": { "内容": "ヘルパーステーション　サポート福寿【訪問介護】長崎県佐世保市日宇町2910ｺｰﾎﾟ大原　１Ｆ107号", "url": "https://www.kaigokensaku.mhlw.go.jp/42/index.php?action_kouhyou_detail_004_kani=true&JigyosyoCd=4270202221-00&ServiceCd=110&Type=search", "url2": null }, "geometry": { "type": "Point", "coordinates": [ 129.772455900000068, 33.1595798 ] } },
{ "type": "Feature", "properties": { "内容": "ヘルパーステーション　希望の家【訪問介護】長崎県佐世保市黒髪町33-23", "url": "https://www.kaigokensaku.mhlw.go.jp/42/index.php?action_kouhyou_detail_004_kani=true&JigyosyoCd=4270203559-00&ServiceCd=110&Type=search", "url2": "http://www.e-kibounoie.com/" }, "geometry": { "type": "Point", "coordinates": [ 129.7730474, 33.1656015 ] } },
{ "type": "Feature", "properties": { "内容": "はらケアサービス訪問介護事業所【訪問介護】長崎県佐世保市木風町1281番地1", "url": "https://www.kaigokensaku.mhlw.go.jp/42/index.php?action_kouhyou_detail_004_kani=true&JigyosyoCd=4270201512-00&ServiceCd=110&Type=search", "url2": "harakea.com" }, "geometry": { "type": "Point", "coordinates": [ 129.74669670000003, 33.166950600000014 ] } },
{ "type": "Feature", "properties": { "内容": "訪問介護　実【訪問介護】長崎県佐世保市早岐１丁目５番１０号", "url": "https://www.kaigokensaku.mhlw.go.jp/42/index.php?action_kouhyou_detail_004_kani=true&JigyosyoCd=4270205158-00&ServiceCd=110&Type=search", "url2": null }, "geometry": { "type": "Point", "coordinates": [ 129.797370900000033, 33.1355132 ] } },
{ "type": "Feature", "properties": { "内容": "訪問介護あおぞら【訪問介護】長崎県佐世保市椎木町193-2コーポ沢田102", "url": "https://www.kaigokensaku.mhlw.go.jp/42/index.php?action_kouhyou_detail_004_kani=true&JigyosyoCd=4270205661-00&ServiceCd=110&Type=search", "url2": null }, "geometry": { "type": "Point", "coordinates": [ 129.669314, 33.1766131 ] } },
{ "type": "Feature", "properties": { "内容": "ヘルパーステーションふくしあ【訪問介護】長崎県佐世保市卸本町286番地2サービス付き高齢者向け住宅ふくしあ", "url": "https://www.kaigokensaku.mhlw.go.jp/42/index.php?action_kouhyou_detail_004_kani=true&JigyosyoCd=4270204433-00&ServiceCd=110&Type=search", "url2": "http://www.fukushia-sasebo.jp/" }, "geometry": { "type": "Point", "coordinates": [ 129.771787137464912, 33.147528457023569 ] } },
{ "type": "Feature", "properties": { "内容": "訪問介護ひまわり佐世保営業所【訪問介護】長崎県佐世保市小佐々町臼ノ浦164-3", "url": "https://www.kaigokensaku.mhlw.go.jp/42/index.php?action_kouhyou_detail_004_kani=true&JigyosyoCd=4270205505-00&ServiceCd=110&Type=search", "url2": "https://himawarikaigotaxi.storeinfo.jp/" }, "geometry": { "type": "Point", "coordinates": [ 129.6089493, 33.2168247 ] } },
{ "type": "Feature", "properties": { "内容": "合同会社フラワーヘルパーステーション【訪問介護】長崎県佐世保市権常寺町1109－21", "url": "https://www.kaigokensaku.mhlw.go.jp/42/index.php?action_kouhyou_detail_004_kani=true&JigyosyoCd=4270205539-00&ServiceCd=110&Type=search", "url2": null }, "geometry": { "type": "Point", "coordinates": [ 129.8060711, 33.1345864 ] } },
{ "type": "Feature", "properties": { "内容": "訪問介護事業所　あっとホーム【訪問介護】長崎県佐世保市早苗町４８６番地", "url": "https://www.kaigokensaku.mhlw.go.jp/42/index.php?action_kouhyou_detail_004_kani=true&JigyosyoCd=4270203369-00&ServiceCd=110&Type=search", "url2": null }, "geometry": { "type": "Point", "coordinates": [ 129.801771816375293, 33.141772910694257 ] } },
{ "type": "Feature", "properties": { "内容": "訪問介護ステーションいろどり【訪問介護】長崎県佐世保市陣の内町869-25", "url": "https://www.kaigokensaku.mhlw.go.jp/42/index.php?action_kouhyou_detail_004_kani=true&JigyosyoCd=4270205489-00&ServiceCd=110&Type=search", "url2": "irodori-fukushi.com" }, "geometry": { "type": "Point", "coordinates": [ 129.7913088, 33.1483865 ] } },
{ "type": "Feature", "properties": { "内容": "訪問介護事業所　こころ【訪問介護】長崎県佐世保市新行江町1053-1", "url": "https://www.kaigokensaku.mhlw.go.jp/42/index.php?action_kouhyou_detail_004_kani=true&JigyosyoCd=4270205109-00&ServiceCd=110&Type=search", "url2": "https://www.tomoayukai.jp" }, "geometry": { "type": "Point", "coordinates": [ 129.833450399999947, 33.150749 ] } },
{ "type": "Feature", "properties": { "内容": "合同会社まざーりーふ　ヘルパーステーションみんなのちから【訪問介護】長崎県島原市亀の甲町乙1636番地", "url": "https://www.kaigokensaku.mhlw.go.jp/42/index.php?action_kouhyou_detail_004_kani=true&JigyosyoCd=4270301403-00&ServiceCd=110&Type=search", "url2": "https://www.mother-leaf-ailabo.com/" }, "geometry": { "type": "Point", "coordinates": [ 130.3533267, 32.8212267 ] } },
{ "type": "Feature", "properties": { "内容": "一般社団法人島原市医師会ヘルパーステーションらいふ【訪問介護】長崎県島原市萩原１丁目1230", "url": "https://www.kaigokensaku.mhlw.go.jp/42/index.php?action_kouhyou_detail_004_kani=true&JigyosyoCd=4270300298-00&ServiceCd=110&Type=search", "url2": "http://www.nagasaki.med.or.jp/simabara/station.html" }, "geometry": { "type": "Point", "coordinates": [ 130.366425099999987, 32.7857389 ] } },
{ "type": "Feature", "properties": { "内容": "訪問介護　みえ【訪問介護】長崎県島原市山寺町丙３５５番地2", "url": "https://www.kaigokensaku.mhlw.go.jp/42/index.php?action_kouhyou_detail_004_kani=true&JigyosyoCd=4270301072-00&ServiceCd=110&Type=search", "url2": null }, "geometry": { "type": "Point", "coordinates": [ 130.3520499, 32.808167300000015 ] } },
{ "type": "Feature", "properties": { "内容": "ヘルパーステーション　びざん【訪問介護】長崎県島原市緑町8200番地", "url": "https://www.kaigokensaku.mhlw.go.jp/42/index.php?action_kouhyou_detail_004_kani=true&JigyosyoCd=4270301346-00&ServiceCd=110&Type=search", "url2": null }, "geometry": { "type": "Point", "coordinates": [ 130.3675821, 32.7680992 ] } },
{ "type": "Feature", "properties": { "内容": "ケアサポートアミスヴィラ森岳【訪問介護】長崎県島原市城内１丁目1836-1", "url": "https://www.kaigokensaku.mhlw.go.jp/42/index.php?action_kouhyou_detail_004_kani=true&JigyosyoCd=4270301395-00&ServiceCd=110&Type=search", "url2": "https：//shunkokai.jp" }, "geometry": { "type": "Point", "coordinates": [ 130.3653344, 32.7885393 ] } },
{ "type": "Feature", "properties": { "内容": "社会福祉法人秩父会ホームヘルパー派遣事業所【訪問介護】長崎県島原市秩父が浦町丁３５５２番地", "url": "https://www.kaigokensaku.mhlw.go.jp/42/index.php?action_kouhyou_detail_004_kani=true&JigyosyoCd=4270300181-00&ServiceCd=110&Type=search", "url2": "http://www.chichibukai.or.jp/" }, "geometry": { "type": "Point", "coordinates": [ 130.369228799999973, 32.7616968 ] } },
{ "type": "Feature", "properties": { "内容": "島原市社会福祉協議会　島原訪問介護事業所【訪問介護】長崎県島原市霊南一丁目１７番地", "url": "https://www.kaigokensaku.mhlw.go.jp/42/index.php?action_kouhyou_detail_004_kani=true&JigyosyoCd=4270300652-00&ServiceCd=110&Type=search", "url2": "http://www.shimabara-shakyo.or.jp" }, "geometry": { "type": "Point", "coordinates": [ 130.377255399999967, 32.7802284 ] } },
{ "type": "Feature", "properties": { "内容": "ヘルパーステーションしまばら【訪問介護】長崎県島原市高島二丁目7209-5", "url": "https://www.kaigokensaku.mhlw.go.jp/42/index.php?action_kouhyou_detail_004_kani=true&JigyosyoCd=4270300876-00&ServiceCd=110&Type=search", "url2": "http://npo-shimabara/com" }, "geometry": { "type": "Point", "coordinates": [ 130.3726471, 32.785589 ] } },
{ "type": "Feature", "properties": { "内容": "ヘルパーステーション　聖フランシスコ【訪問介護】長崎県諫早市高来町神津倉54-3", "url": "https://www.kaigokensaku.mhlw.go.jp/42/index.php?action_kouhyou_detail_004_kani=true&JigyosyoCd=4270401591-00&ServiceCd=110&Type=search", "url2": null }, "geometry": { "type": "Point", "coordinates": [ 130.139585135304287, 32.911834492078043 ] } },
{ "type": "Feature", "properties": { "内容": "合同会社　ヘルパーステーション小長井【訪問介護】長崎県諫早市小長井町牧256-1", "url": "https://www.kaigokensaku.mhlw.go.jp/42/index.php?action_kouhyou_detail_004_kani=true&JigyosyoCd=4270401898-00&ServiceCd=110&Type=search", "url2": null }, "geometry": { "type": "Point", "coordinates": [ 130.179330599999957, 32.9151345 ] } },
{ "type": "Feature", "properties": { "内容": "真寿苑訪問介護事業所【訪問介護】長崎県諫早市本野町2-1サービス付き高齢者向け住宅　真和レジデンス", "url": "https://www.kaigokensaku.mhlw.go.jp/42/index.php?action_kouhyou_detail_004_kani=true&JigyosyoCd=4270402367-00&ServiceCd=110&Type=search", "url2": "http://www.sinwakai.net/" }, "geometry": { "type": "Point", "coordinates": [ 130.02493413254092, 32.886998536407695 ] } },
{ "type": "Feature", "properties": { "内容": "諫早記念病院訪問介護事業所　ひまわり【訪問介護】長崎県諫早市天満町6-1", "url": "https://www.kaigokensaku.mhlw.go.jp/42/index.php?action_kouhyou_detail_004_kani=true&JigyosyoCd=4270403431-00&ServiceCd=110&Type=search", "url2": null }, "geometry": { "type": "Point", "coordinates": [ 130.045078900000021, 32.8490456 ] } },
{ "type": "Feature", "properties": { "内容": "あいずの介護諫早【訪問介護】長崎県諫早市永昌東町1-3ライオンズマンション諫早ステーションスクエア2号棟105号室", "url": "https://www.kaigokensaku.mhlw.go.jp/42/index.php?action_kouhyou_detail_004_kani=true&JigyosyoCd=4270403852-00&ServiceCd=110&Type=search", "url2": null }, "geometry": { "type": "Point", "coordinates": [ 130.041558900000012, 32.8523416 ] } },
{ "type": "Feature", "properties": { "内容": "リハビリヘルパーステーションあいのわ【訪問介護】長崎県諫早市幸町52-7", "url": "https://www.kaigokensaku.mhlw.go.jp/42/index.php?action_kouhyou_detail_004_kani=true&JigyosyoCd=4270403175-00&ServiceCd=110&Type=search", "url2": "http://www.reha-ainowa.co.jp" }, "geometry": { "type": "Point", "coordinates": [ 130.068295610554458, 32.838942828974886 ] } },
{ "type": "Feature", "properties": { "内容": "訪問介護からこ【訪問介護】長崎県諫早市森山町唐比西1125番地3ウェルファーハウスさくら", "url": "https://www.kaigokensaku.mhlw.go.jp/42/index.php?action_kouhyou_detail_004_kani=true&JigyosyoCd=4270401534-00&ServiceCd=110&Type=search", "url2": "http://karako-hp.jp/" }, "geometry": { "type": "Point", "coordinates": [ 130.123998300000039, 32.7968644 ] } },
{ "type": "Feature", "properties": { "内容": "訪問介護事業所　ひだまり【訪問介護】長崎県諫早市堂崎町１５－１３", "url": "https://www.kaigokensaku.mhlw.go.jp/42/index.php?action_kouhyou_detail_004_kani=true&JigyosyoCd=4270403324-00&ServiceCd=110&Type=search", "url2": "http://www.joya.or.jp" }, "geometry": { "type": "Point", "coordinates": [ 130.015353, 32.84455650000001 ] } },
{ "type": "Feature", "properties": { "内容": "医療法人　七久会【訪問介護】長崎県諫早市小長井町小川原浦６５６番地", "url": "https://www.kaigokensaku.mhlw.go.jp/42/index.php?action_kouhyou_detail_004_kani=true&JigyosyoCd=4270403258-00&ServiceCd=110&Type=search", "url2": null }, "geometry": { "type": "Point", "coordinates": [ 130.18810510000003, 32.9268638 ] } },
{ "type": "Feature", "properties": { "内容": "諫早医師会ヘルパーステーション「たんぽぽ」【訪問介護】長崎県諫早市泉町２３番３号", "url": "https://www.kaigokensaku.mhlw.go.jp/42/index.php?action_kouhyou_detail_004_kani=true&JigyosyoCd=4270400239-00&ServiceCd=110&Type=search", "url2": "http://isahaya-mds.org/publics/index/25/" }, "geometry": { "type": "Point", "coordinates": [ 130.056778027708447, 32.848390130529978 ] } },
{ "type": "Feature", "properties": { "内容": "ヘルパーステーションちえの和【訪問介護】長崎県諫早市泉町45-5", "url": "https://www.kaigokensaku.mhlw.go.jp/42/index.php?action_kouhyou_detail_004_kani=true&JigyosyoCd=4270403779-00&ServiceCd=110&Type=search", "url2": null }, "geometry": { "type": "Point", "coordinates": [ 130.0512333, 32.8546382 ] } },
{ "type": "Feature", "properties": { "内容": "訪問介護いろは【訪問介護】長崎県諫早市天満町37-16建設会館2F", "url": "https://www.kaigokensaku.mhlw.go.jp/42/index.php?action_kouhyou_detail_004_kani=true&JigyosyoCd=4270403662-00&ServiceCd=110&Type=search", "url2": "https://iroha294-isahaya.jimdofree.com/" }, "geometry": { "type": "Point", "coordinates": [ 130.045227848484302, 32.857037029187424 ] } },
{ "type": "Feature", "properties": { "内容": "ニチイケアセンター諫早【訪問介護】長崎県諫早市鷲崎町361-1エステートサトウⅢ1Ｆ", "url": "https://www.kaigokensaku.mhlw.go.jp/42/index.php?action_kouhyou_detail_004_kani=true&JigyosyoCd=4270400221-00&ServiceCd=110&Type=search", "url2": "http://www.nichiigakkan.co.jp" }, "geometry": { "type": "Point", "coordinates": [ 130.062774379251096, 32.833560794120913 ] } },
{ "type": "Feature", "properties": { "内容": "ヘルパーステーション笑笑【訪問介護】長崎県諫早市上野町１８番地７川口事務所　３Ｆ", "url": "https://www.kaigokensaku.mhlw.go.jp/42/index.php?action_kouhyou_detail_004_kani=true&JigyosyoCd=4270402573-00&ServiceCd=110&Type=search", "url2": "happytrail0209.com" }, "geometry": { "type": "Point", "coordinates": [ 130.055700600000023, 32.8396522 ] } },
{ "type": "Feature", "properties": { "内容": "ヘルパーステーションらしさ【訪問介護】長崎県諫早市小船越町1253-6", "url": "https://www.kaigokensaku.mhlw.go.jp/42/index.php?action_kouhyou_detail_004_kani=true&JigyosyoCd=4270403811-00&ServiceCd=110&Type=search", "url2": null }, "geometry": { "type": "Point", "coordinates": [ 130.033085899999946, 32.837436900000014 ] } },
{ "type": "Feature", "properties": { "内容": "ヘルプステーション　ステップ【訪問介護】長崎県諫早市泉町27番33号マルケイビル204号", "url": "https://www.kaigokensaku.mhlw.go.jp/42/index.php?action_kouhyou_detail_004_kani=true&JigyosyoCd=4270402649-00&ServiceCd=110&Type=search", "url2": null }, "geometry": { "type": "Point", "coordinates": [ 130.054292300000043, 32.8511539 ] } },
{ "type": "Feature", "properties": { "内容": "ヘルパーステーション　しあわせ應援團【訪問介護】長崎県諫早市東小路町１４番１号東小路ビル　402号", "url": "https://www.kaigokensaku.mhlw.go.jp/42/index.php?action_kouhyou_detail_004_kani=true&JigyosyoCd=4270403282-00&ServiceCd=110&Type=search", "url2": null }, "geometry": { "type": "Point", "coordinates": [ 130.0540201, 32.841813 ] } },
{ "type": "Feature", "properties": { "内容": "たらみ訪問介護事業所【訪問介護】長崎県諫早市多良見町木床1558番地", "url": "https://www.kaigokensaku.mhlw.go.jp/42/index.php?action_kouhyou_detail_004_kani=true&JigyosyoCd=4270401906-00&ServiceCd=110&Type=search", "url2": null }, "geometry": { "type": "Point", "coordinates": [ 129.98225350000007, 32.8357402 ] } },
{ "type": "Feature", "properties": { "内容": "ヘルパーステーション和結笑～あゆみ～【訪問介護】長崎県諫早市平山町69-1ガーデンハウス山口2号", "url": "https://www.kaigokensaku.mhlw.go.jp/42/index.php?action_kouhyou_detail_004_kani=true&JigyosyoCd=4270403720-00&ServiceCd=110&Type=search", "url2": null }, "geometry": { "type": "Point", "coordinates": [ 130.0322845, 32.8361532 ] } },
{ "type": "Feature", "properties": { "内容": "ケアサービス　あかり【訪問介護】長崎県諫早市栗面町814番地", "url": "https://www.kaigokensaku.mhlw.go.jp/42/index.php?action_kouhyou_detail_004_kani=true&JigyosyoCd=4270402219-00&ServiceCd=110&Type=search", "url2": "http://isahaya-akari.jimdo.com/" }, "geometry": { "type": "Point", "coordinates": [ 130.048878800000011, 32.8322334 ] } },
{ "type": "Feature", "properties": { "内容": "社会福祉法人グリーンコープふくしサービスセンターねこのて【訪問介護】長崎県諌早市宇都町3-60", "url": "https://www.kaigokensaku.mhlw.go.jp/42/index.php?action_kouhyou_detail_004_kani=true&JigyosyoCd=4270401773-00&ServiceCd=110&Type=search", "url2": "https://www.fukushi-greencoop.or.jp" }, "geometry": { "type": "Point", "coordinates": [ 130.042075258335899, 32.846642481943285 ] } },
{ "type": "Feature", "properties": { "内容": "寿光会ヘルパーステーション【訪問介護】長崎県諫早市白岩町2番地7", "url": "https://www.kaigokensaku.mhlw.go.jp/42/index.php?action_kouhyou_detail_004_kani=true&JigyosyoCd=4270400361-00&ServiceCd=110&Type=search", "url2": "http://uki-fukushimura.jp/about/" }, "geometry": { "type": "Point", "coordinates": [ 130.02242659999996, 32.845659 ] } },
{ "type": "Feature", "properties": { "内容": "訪問介護ステーションみかん【訪問介護】長崎県諫早市多良見町元釜5番地15", "url": "https://www.kaigokensaku.mhlw.go.jp/42/index.php?action_kouhyou_detail_004_kani=true&JigyosyoCd=4271102180-00&ServiceCd=110&Type=search", "url2": "http://www.aiplease.com/" }, "geometry": { "type": "Point", "coordinates": [ 129.932037, 32.857868806213446 ] } },
{ "type": "Feature", "properties": { "内容": "訪問介護　イーハトーブ【訪問介護】長崎県諫早市小川町453番地1有料老人ホーム諫早内", "url": "https://www.kaigokensaku.mhlw.go.jp/42/index.php?action_kouhyou_detail_004_kani=true&JigyosyoCd=4270401161-00&ServiceCd=110&Type=search", "url2": "http://www.ihatoubu.com" }, "geometry": { "type": "Point", "coordinates": [ 130.064444200000025, 32.8273237 ] } },
{ "type": "Feature", "properties": { "内容": "ケアプランセンター福田　訪問介護事業所【訪問介護】諫早市福田町32-2あんしんハウス諫早の2階", "url": "https://www.kaigokensaku.mhlw.go.jp/42/index.php?action_kouhyou_detail_004_kani=true&JigyosyoCd=4270400866-00&ServiceCd=110&Type=search", "url2": null }, "geometry": { "type": "Point", "coordinates": [ 130.063147100000037, 32.8511265 ] } },
{ "type": "Feature", "properties": { "内容": "訪問介護ステーション　ゆるり【訪問介護】長崎県諌早市栗面町810-2", "url": "https://www.kaigokensaku.mhlw.go.jp/42/index.php?action_kouhyou_detail_004_kani=true&JigyosyoCd=4270401393-00&ServiceCd=110&Type=search", "url2": "H.P:http://hp.kaipoke.biz/zp3/" }, "geometry": { "type": "Point", "coordinates": [ 130.047615, 32.831939 ] } },
{ "type": "Feature", "properties": { "内容": "訪問介護事業所　結心【訪問介護】長崎県諫早市野中町585番地1", "url": "https://www.kaigokensaku.mhlw.go.jp/42/index.php?action_kouhyou_detail_004_kani=true&JigyosyoCd=4270403845-00&ServiceCd=110&Type=search", "url2": null }, "geometry": { "type": "Point", "coordinates": [ 130.083871499999987, 32.8328107 ] } },
{ "type": "Feature", "properties": { "内容": "長崎県看護協会　ヘルパーステーションいさはや【訪問介護】長崎県諌早市永昌町２３番６号ながさき看護センター内", "url": "https://www.kaigokensaku.mhlw.go.jp/42/index.php?action_kouhyou_detail_004_kani=true&JigyosyoCd=4270400247-00&ServiceCd=110&Type=search", "url2": "http://www.nagasaki-nurse.or.jp/" }, "geometry": { "type": "Point", "coordinates": [ 130.035868199999982, 32.8506647 ] } },
{ "type": "Feature", "properties": { "内容": "ヘルパーステーション紡絆【訪問介護】長崎県諫早市貝津町2334-2", "url": "https://www.kaigokensaku.mhlw.go.jp/42/index.php?action_kouhyou_detail_004_kani=true&JigyosyoCd=4270403571-00&ServiceCd=110&Type=search", "url2": null }, "geometry": { "type": "Point", "coordinates": [ 130.01972150000006, 32.8330996 ] } },
{ "type": "Feature", "properties": { "内容": "ヘルパーステーションスリーサポート【訪問介護】長崎県諫早市大さこ町６番地４", "url": "https://www.kaigokensaku.mhlw.go.jp/42/index.php?action_kouhyou_detail_004_kani=true&JigyosyoCd=4270403910-00&ServiceCd=110&Type=search", "url2": "http://www.dogo-3sp.com" }, "geometry": { "type": "Point", "coordinates": [ 130.026164599999987, 32.8594477 ] } },
{ "type": "Feature", "properties": { "内容": "ヘルパーステーション　森の里【訪問介護】長崎県諌早市森山町杉谷2902-1", "url": "https://www.kaigokensaku.mhlw.go.jp/42/index.php?action_kouhyou_detail_004_kani=true&JigyosyoCd=4270402110-00&ServiceCd=110&Type=search", "url2": null }, "geometry": { "type": "Point", "coordinates": [ 130.141676400000051, 32.8179099 ] } },
{ "type": "Feature", "properties": { "内容": "合同会社　優倫会　訪問介護ステーション絆【訪問介護】長崎県大村市坂口町477番地1", "url": "https://www.kaigokensaku.mhlw.go.jp/42/index.php?action_kouhyou_detail_004_kani=true&JigyosyoCd=4270501440-00&ServiceCd=110&Type=search", "url2": "http://care-net.biz/42/kizuna/" }, "geometry": { "type": "Point", "coordinates": [ 129.963912100000016, 32.9380398 ] } },
{ "type": "Feature", "properties": { "内容": "ヘルパーステーションこころ【訪問介護】長崎県大村市植松１丁目９４番地３", "url": "https://www.kaigokensaku.mhlw.go.jp/42/index.php?action_kouhyou_detail_004_kani=true&JigyosyoCd=4270501689-00&ServiceCd=110&Type=search", "url2": null }, "geometry": { "type": "Point", "coordinates": [ 129.959552095093613, 32.930355310944783 ] } },
{ "type": "Feature", "properties": { "内容": "ヘルパーステーションゆかり【訪問介護】長崎県大村市宮小路1丁目213-10", "url": "https://www.kaigokensaku.mhlw.go.jp/42/index.php?action_kouhyou_detail_004_kani=true&JigyosyoCd=4270502208-00&ServiceCd=110&Type=search", "url2": "https://yukari-systems.com/" }, "geometry": { "type": "Point", "coordinates": [ 129.9449823, 32.949020900000015 ] } },
{ "type": "Feature", "properties": { "内容": "訪問介護あんのん【訪問介護】長崎県大村市協和町710-1", "url": "https://www.kaigokensaku.mhlw.go.jp/42/index.php?action_kouhyou_detail_004_kani=true&JigyosyoCd=4270502307-00&ServiceCd=110&Type=search", "url2": "http://www.annon.co.jp/index.shtml" }, "geometry": { "type": "Point", "coordinates": [ 129.9459253, 32.9183447 ] } },
{ "type": "Feature", "properties": { "内容": "ヘルパーステーション　笑みふく【訪問介護】長崎県大村市富の原2丁目361番地2吉川アパートA", "url": "https://www.kaigokensaku.mhlw.go.jp/42/index.php?action_kouhyou_detail_004_kani=true&JigyosyoCd=4270502174-00&ServiceCd=110&Type=search", "url2": null }, "geometry": { "type": "Point", "coordinates": [ 129.938555400000013, 32.9420032 ] } },
{ "type": "Feature", "properties": { "内容": "ホームヘルパーしんり【訪問介護】長崎県大村市水田町７５３－１０", "url": "https://www.kaigokensaku.mhlw.go.jp/42/index.php?action_kouhyou_detail_004_kani=true&JigyosyoCd=4270500871-00&ServiceCd=110&Type=search", "url2": null }, "geometry": { "type": "Point", "coordinates": [ 129.958382699999987, 32.9170776 ] } },
{ "type": "Feature", "properties": { "内容": "セントケア大村【訪問介護】長崎県大村市東三城町7-9フジビル201", "url": "https://www.kaigokensaku.mhlw.go.jp/42/index.php?action_kouhyou_detail_004_kani=true&JigyosyoCd=4270501507-00&ServiceCd=110&Type=search", "url2": "http://www.saint-care.com/" }, "geometry": { "type": "Point", "coordinates": [ 129.960598, 32.910769 ] } },
{ "type": "Feature", "properties": { "内容": "訪問介護ステーションアスエ【訪問介護】長崎県大村市東本町273-1テナント1階", "url": "https://www.kaigokensaku.mhlw.go.jp/42/index.php?action_kouhyou_detail_004_kani=true&JigyosyoCd=4270502190-00&ServiceCd=110&Type=search", "url2": null }, "geometry": { "type": "Point", "coordinates": [ 129.9578634, 32.9000257 ] } },
{ "type": "Feature", "properties": { "内容": "ヘルパーステーション光【訪問介護】長崎県大村市木場１丁目９９４－１ケアホーム光・１Ｆ", "url": "https://www.kaigokensaku.mhlw.go.jp/42/index.php?action_kouhyou_detail_004_kani=true&JigyosyoCd=4270501457-00&ServiceCd=110&Type=search", "url2": "http://www.noahikari.com" }, "geometry": { "type": "Point", "coordinates": [ 129.977684299999964, 32.9013234 ] } },
{ "type": "Feature", "properties": { "内容": "スマイルケア【訪問介護】長崎県大村市宮小路1丁目281-2", "url": "https://www.kaigokensaku.mhlw.go.jp/42/index.php?action_kouhyou_detail_004_kani=true&JigyosyoCd=4270500376-00&ServiceCd=110&Type=search", "url2": "http://.ｎ‐smilecare.jp/" }, "geometry": { "type": "Point", "coordinates": [ 129.945160499999929, 32.9470078 ] } },
{ "type": "Feature", "properties": { "内容": "ヘルパーステーション秋櫻【訪問介護】長崎県大村市諏訪2丁目576-4", "url": "https://www.kaigokensaku.mhlw.go.jp/42/index.php?action_kouhyou_detail_004_kani=true&JigyosyoCd=4270500541-00&ServiceCd=110&Type=search", "url2": "http://www.midori-group.com/" }, "geometry": { "type": "Point", "coordinates": [ 129.952627200000052, 32.9296541 ] } },
{ "type": "Feature", "properties": { "内容": "ニチイケアセンター大村【訪問介護】長崎県大村市諏訪2丁目521-1將ビル104", "url": "https://www.kaigokensaku.mhlw.go.jp/42/index.php?action_kouhyou_detail_004_kani=true&JigyosyoCd=4270502000-00&ServiceCd=110&Type=search", "url2": "hstＱ70＠nichiigakkan.co.jp" }, "geometry": { "type": "Point", "coordinates": [ 129.962715300000013, 32.9287239 ] } },
{ "type": "Feature", "properties": { "内容": "ホームヘルプ　　　菜の花【訪問介護】長崎県大村市上諏訪町1629-22", "url": "https://www.kaigokensaku.mhlw.go.jp/42/index.php?action_kouhyou_detail_004_kani=true&JigyosyoCd=4270501937-00&ServiceCd=110&Type=search", "url2": "https://homehelpnanohana.wixsite.com/homehelpnanohana" }, "geometry": { "type": "Point", "coordinates": [ 129.97759591288326, 32.928769395535475 ] } },
{ "type": "Feature", "properties": { "内容": "ヘルパーステーション　スマイル【訪問介護】長崎県大村市久原1丁目595番地1２F", "url": "https://www.kaigokensaku.mhlw.go.jp/42/index.php?action_kouhyou_detail_004_kani=true&JigyosyoCd=4270501036-00&ServiceCd=110&Type=search", "url2": "http://www.kotonoumi.com/" }, "geometry": { "type": "Point", "coordinates": [ 129.965309769158921, 32.89575428760066 ] } },
{ "type": "Feature", "properties": { "内容": "ヘルパーステーション松原のさと【訪問介護】長崎県大村市松原本町273番地3101号", "url": "https://www.kaigokensaku.mhlw.go.jp/42/index.php?action_kouhyou_detail_004_kani=true&JigyosyoCd=4270501267-00&ServiceCd=110&Type=search", "url2": "http://matsubara-wa.jp/matsubara/vnc/" }, "geometry": { "type": "Point", "coordinates": [ 129.945206560778786, 32.976148233830806 ] } },
{ "type": "Feature", "properties": { "内容": "泉の里ホームヘルパー派遣事業【訪問介護】長崎県大村市東本町583番地", "url": "https://www.kaigokensaku.mhlw.go.jp/42/index.php?action_kouhyou_detail_004_kani=true&JigyosyoCd=4270500137-00&ServiceCd=110&Type=search", "url2": "http://izuminosato.jp/" }, "geometry": { "type": "Point", "coordinates": [ 129.961152099999907, 32.9087339 ] } },
{ "type": "Feature", "properties": { "内容": "トータルサポート　太陽【訪問介護】長崎県大村市今富町649-7", "url": "https://www.kaigokensaku.mhlw.go.jp/42/index.php?action_kouhyou_detail_004_kani=true&JigyosyoCd=4270501184-00&ServiceCd=110&Type=search", "url2": "http://nikitataiyou.starfree.jp/" }, "geometry": { "type": "Point", "coordinates": [ 129.955304100000035, 32.954643600000011 ] } },
{ "type": "Feature", "properties": { "内容": "福祉生協ヘルパーステーションいきいき大村【訪問介護】長崎県大村市松山町６１３－１", "url": "https://www.kaigokensaku.mhlw.go.jp/42/index.php?action_kouhyou_detail_004_kani=true&JigyosyoCd=4271102263-00&ServiceCd=110&Type=search", "url2": "http://www.ikiikicoop.net" }, "geometry": { "type": "Point", "coordinates": [ 129.945408600000036, 32.914933 ] } },
{ "type": "Feature", "properties": { "内容": "生活サポート悠久【訪問介護】長崎県大村市東野岳町1699番地2", "url": "https://www.kaigokensaku.mhlw.go.jp/42/index.php?action_kouhyou_detail_004_kani=true&JigyosyoCd=4270501606-00&ServiceCd=110&Type=search", "url2": "http//:www.arumu.info/" }, "geometry": { "type": "Point", "coordinates": [ 129.976135600000021, 32.9770253 ] } },
{ "type": "Feature", "properties": { "内容": "訪問介護サポートリンク【訪問介護】長崎県大村市松並２丁目1214番地4", "url": "https://www.kaigokensaku.mhlw.go.jp/42/index.php?action_kouhyou_detail_004_kani=true&JigyosyoCd=4270502323-00&ServiceCd=110&Type=search", "url2": "https://www.instagram.com/omusubikororin38/" }, "geometry": { "type": "Point", "coordinates": [ 129.9478163, 32.923352 ] } },
{ "type": "Feature", "properties": { "内容": "訪問介護事業所バナナ【訪問介護】長崎県大村市池田２丁目276-3", "url": "https://www.kaigokensaku.mhlw.go.jp/42/index.php?action_kouhyou_detail_004_kani=true&JigyosyoCd=4270502265-00&ServiceCd=110&Type=search", "url2": null }, "geometry": { "type": "Point", "coordinates": [ 129.9642486, 32.9326369 ] } },
{ "type": "Feature", "properties": { "内容": "ホームヘルパーステーション　慈恵荘【訪問介護】長崎県大村市富の原２丁目６－１あんしんハウスとみのはら", "url": "https://www.kaigokensaku.mhlw.go.jp/42/index.php?action_kouhyou_detail_004_kani=true&JigyosyoCd=4270500186-00&ServiceCd=110&Type=search", "url2": "http://keikokai.jp" }, "geometry": { "type": "Point", "coordinates": [ 129.941640300000017, 32.949594 ] } },
{ "type": "Feature", "properties": { "内容": "ヘルパーステーションミユキ【訪問介護】植松２丁目４２７番地２", "url": "https://www.kaigokensaku.mhlw.go.jp/42/index.php?action_kouhyou_detail_004_kani=true&JigyosyoCd=4270502273-00&ServiceCd=110&Type=search", "url2": null }, "geometry": { "type": "Point", "coordinates": [ 129.9579111, 32.9303384 ] } },
{ "type": "Feature", "properties": { "内容": "ヘルパーステーション　オリーブ【訪問介護】長崎県大村市東三城町２９番地１－１有料老人ホームほほえみ", "url": "https://www.kaigokensaku.mhlw.go.jp/42/index.php?action_kouhyou_detail_004_kani=true&JigyosyoCd=4270501846-00&ServiceCd=110&Type=search", "url2": null }, "geometry": { "type": "Point", "coordinates": [ 129.9603105, 32.9118503 ] } },
{ "type": "Feature", "properties": { "内容": "ヘルパーステーションじゃんがら【訪問介護】長崎県平戸市浦の町７３０番地1ケアハウスじゃんがら内", "url": "https://www.kaigokensaku.mhlw.go.jp/42/index.php?action_kouhyou_detail_004_kani=true&JigyosyoCd=4270700059-00&ServiceCd=110&Type=search", "url2": "http://kyk-kitagawahp.com/" }, "geometry": { "type": "Point", "coordinates": [ 129.552360200000066, 33.3715197 ] } },
{ "type": "Feature", "properties": { "内容": "セントケア平戸【訪問介護】長崎県平戸市戸石川町800-3", "url": "https://www.kaigokensaku.mhlw.go.jp/42/index.php?action_kouhyou_detail_004_kani=true&JigyosyoCd=4270700612-00&ServiceCd=110&Type=search", "url2": "http://www.saint-care.com" }, "geometry": { "type": "Point", "coordinates": [ 129.546605499999941, 33.3579878 ] } },
{ "type": "Feature", "properties": { "内容": "わだつみの里ホームヘルプ事業所【訪問介護】長崎県平戸市辻町178特別養護老人ホームわだつみの里　ホームヘルプ事業所", "url": "https://www.kaigokensaku.mhlw.go.jp/42/index.php?action_kouhyou_detail_004_kani=true&JigyosyoCd=4270700075-00&ServiceCd=110&Type=search", "url2": null }, "geometry": { "type": "Point", "coordinates": [ 129.42609779999998, 33.2170798 ] } },
{ "type": "Feature", "properties": { "内容": "指定訪問介護事業所あんじん【訪問介護】長崎県平戸市戸石川町４９１番６", "url": "https://www.kaigokensaku.mhlw.go.jp/42/index.php?action_kouhyou_detail_004_kani=true&JigyosyoCd=4270700752-00&ServiceCd=110&Type=search", "url2": "https://keishokai.jp/" }, "geometry": { "type": "Point", "coordinates": [ 129.549307492590287, 33.363051401884498 ] } },
{ "type": "Feature", "properties": { "内容": "老人居宅介護等事業所　光の園【訪問介護】長崎県平戸市大久保町325番地", "url": "https://www.kaigokensaku.mhlw.go.jp/42/index.php?action_kouhyou_detail_004_kani=true&JigyosyoCd=4270700521-00&ServiceCd=110&Type=search", "url2": "https://www.ans.co.jp/u/hikarinosono/index2.html" }, "geometry": { "type": "Point", "coordinates": [ 129.545393500000046, 33.3933558 ] } },
{ "type": "Feature", "properties": { "内容": "平戸みどりが丘ホームヘルプサービスセンター【訪問介護】長崎県平戸市岩の上町825番地1平戸みどりが丘ケアホーム", "url": "https://www.kaigokensaku.mhlw.go.jp/42/index.php?action_kouhyou_detail_004_kani=true&JigyosyoCd=4270700679-00&ServiceCd=110&Type=search", "url2": "https://www.hakujukai.com" }, "geometry": { "type": "Point", "coordinates": [ 129.564595053303464, 33.357511677196058 ] } },
{ "type": "Feature", "properties": { "内容": "平戸荘ホームヘルプサービスセンター【訪問介護】長崎県平戸市紐差町４５０番地", "url": "https://www.kaigokensaku.mhlw.go.jp/42/index.php?action_kouhyou_detail_004_kani=true&JigyosyoCd=4270700166-00&ServiceCd=110&Type=search", "url2": "http://www.hakujukai.com" }, "geometry": { "type": "Point", "coordinates": [ 129.475580799999989, 33.2848254 ] } },
{ "type": "Feature", "properties": { "内容": "平戸市社協訪問介護平戸事業所【訪問介護】長崎県平戸市岩の上町1466番地", "url": "https://www.kaigokensaku.mhlw.go.jp/42/index.php?action_kouhyou_detail_004_kani=true&JigyosyoCd=4270700448-00&ServiceCd=110&Type=search", "url2": "http://www.sha-kyo.net/" }, "geometry": { "type": "Point", "coordinates": [ 129.556593571163972, 33.369326460378105 ] } },
{ "type": "Feature", "properties": { "内容": "平戸市社協訪問介護生月事業所【訪問介護】長崎県平戸市生月町山田免3011番地", "url": "https://www.kaigokensaku.mhlw.go.jp/42/index.php?action_kouhyou_detail_004_kani=true&JigyosyoCd=4270700471-00&ServiceCd=110&Type=search", "url2": "http://www.sha-kyo.net/" }, "geometry": { "type": "Point", "coordinates": [ 129.424652, 33.3803405 ] } },
{ "type": "Feature", "properties": { "内容": "平戸市社協訪問介護田平事業所【訪問介護】長崎県平戸市田平町里免90番地", "url": "https://www.kaigokensaku.mhlw.go.jp/42/index.php?action_kouhyou_detail_004_kani=true&JigyosyoCd=4270700463-00&ServiceCd=110&Type=search", "url2": "http://www.sha-kyo.net/" }, "geometry": { "type": "Point", "coordinates": [ 129.589197099999978, 33.3598795 ] } },
{ "type": "Feature", "properties": { "内容": "平戸市社協訪問介護平戸事業所II【訪問介護】長崎県平戸市紐差町678番地１", "url": "https://www.kaigokensaku.mhlw.go.jp/42/index.php?action_kouhyou_detail_004_kani=true&JigyosyoCd=4270700455-00&ServiceCd=110&Type=search", "url2": null }, "geometry": { "type": "Point", "coordinates": [ 129.47104004501341, 33.288545907481726 ] } },
{ "type": "Feature", "properties": { "内容": "菊地病院ホームヘルプサービス【訪問介護】長崎県松浦市志佐町浦免１７７５－１", "url": "https://www.kaigokensaku.mhlw.go.jp/42/index.php?action_kouhyou_detail_004_kani=true&JigyosyoCd=4270800297-00&ServiceCd=110&Type=search", "url2": "http://www.kikuchi-hp.com" }, "geometry": { "type": "Point", "coordinates": [ 129.7041259, 33.3415899 ] } },
{ "type": "Feature", "properties": { "内容": "訪問介護事業所　はく【訪問介護】長崎県松浦市志佐町高野免631番地4", "url": "https://www.kaigokensaku.mhlw.go.jp/42/index.php?action_kouhyou_detail_004_kani=true&JigyosyoCd=4270800750-00&ServiceCd=110&Type=search", "url2": null }, "geometry": { "type": "Point", "coordinates": [ 129.720094500000016, 33.3279418 ] } },
{ "type": "Feature", "properties": { "内容": "ヘルパーステーションあいのて【訪問介護】長崎県松浦市志佐町浦免８８９番地7松永ビル1F", "url": "https://www.kaigokensaku.mhlw.go.jp/42/index.php?action_kouhyou_detail_004_kani=true&JigyosyoCd=4270800743-00&ServiceCd=110&Type=search", "url2": null }, "geometry": { "type": "Point", "coordinates": [ 129.7104553, 33.3435891 ] } },
{ "type": "Feature", "properties": { "内容": "松浦市社協鷹島支所訪問介護事業所【訪問介護】長崎県松浦市鷹島町神崎免137番地1松浦市高齢者生活福祉センター", "url": "https://www.kaigokensaku.mhlw.go.jp/42/index.php?action_kouhyou_detail_004_kani=true&JigyosyoCd=4271501175-00&ServiceCd=110&Type=search", "url2": "https://www.matsuura-shakyo.com/" }, "geometry": { "type": "Point", "coordinates": [ 129.7610515, 33.4361976 ] } },
{ "type": "Feature", "properties": { "内容": "介護サービス　すもも【訪問介護】長崎県松浦市星鹿町下田免１７２－１", "url": "https://www.kaigokensaku.mhlw.go.jp/42/index.php?action_kouhyou_detail_004_kani=true&JigyosyoCd=4270800669-00&ServiceCd=110&Type=search", "url2": null }, "geometry": { "type": "Point", "coordinates": [ 129.67418090000001, 33.3839597 ] } },
{ "type": "Feature", "properties": { "内容": "あすなろ訪問介護事業所【訪問介護】長崎県対馬市上対馬町大浦字浜在所原66番地1", "url": "https://www.kaigokensaku.mhlw.go.jp/42/index.php?action_kouhyou_detail_004_kani=true&JigyosyoCd=4271900112-00&ServiceCd=110&Type=search", "url2": null }, "geometry": { "type": "Point", "coordinates": [ 129.433950900000013, 34.6719865 ] } },
{ "type": "Feature", "properties": { "内容": "あすかホームヘルプステーション【訪問介護】長崎県対馬市厳原町東里３３８番地１介護老人保健施設つしま彩光園", "url": "https://www.kaigokensaku.mhlw.go.jp/42/index.php?action_kouhyou_detail_004_kani=true&JigyosyoCd=4271800106-00&ServiceCd=110&Type=search", "url2": "https://asukafukushikai.com" }, "geometry": { "type": "Point", "coordinates": [ 129.2926817, 34.1983156 ] } },
{ "type": "Feature", "properties": { "内容": "ホームヘルプサービスわたづみ【訪問介護】長崎県対馬市豊玉町仁位９１－３", "url": "https://www.kaigokensaku.mhlw.go.jp/42/index.php?action_kouhyou_detail_004_kani=true&JigyosyoCd=4271800148-00&ServiceCd=110&Type=search", "url2": "http://www.koseikai.or.jp/" }, "geometry": { "type": "Point", "coordinates": [ 129.313574099999983, 34.3880885 ] } },
{ "type": "Feature", "properties": { "内容": "対馬市社会福祉協議会　下地区訪問介護事業所【訪問介護】長崎県対馬市美津島町鶏知乙1168-1", "url": "https://www.kaigokensaku.mhlw.go.jp/42/index.php?action_kouhyou_detail_004_kani=true&JigyosyoCd=4272000011-00&ServiceCd=110&Type=search", "url2": "http://tsushima-city-shakyo.jp/" }, "geometry": { "type": "Point", "coordinates": [ 129.319358452422421, 34.285358155717105 ] } },
{ "type": "Feature", "properties": { "内容": "対馬市社会福祉協議会　中地区訪問介護事業所【訪問介護】長崎県対馬市峰町三根29番地", "url": "https://www.kaigokensaku.mhlw.go.jp/42/index.php?action_kouhyou_detail_004_kani=true&JigyosyoCd=4272000078-00&ServiceCd=110&Type=search", "url2": null }, "geometry": { "type": "Point", "coordinates": [ 129.312667852892162, 34.468617886981129 ] } },
{ "type": "Feature", "properties": { "内容": "ヘルパーステーション　かくさん【訪問介護】長崎県対馬市美津島町鶏知甲663番地12", "url": "https://www.kaigokensaku.mhlw.go.jp/42/index.php?action_kouhyou_detail_004_kani=true&JigyosyoCd=4272000284-00&ServiceCd=110&Type=search", "url2": "https://beijyukai.com/" }, "geometry": { "type": "Point", "coordinates": [ 129.308981205487868, 34.267169202501954 ] } },
{ "type": "Feature", "properties": { "内容": "ひといき【訪問介護】郷ノ浦町片原触2334番地", "url": "https://www.kaigokensaku.mhlw.go.jp/42/index.php?action_kouhyou_detail_004_kani=true&JigyosyoCd=4272100480-00&ServiceCd=110&Type=search", "url2": null }, "geometry": { "type": "Point", "coordinates": [ 129.6882759, 33.7354174 ] } },
{ "type": "Feature", "properties": { "内容": "訪問介護カインド　壱岐事業所【訪問介護】長崎県壱岐市芦辺町諸吉大石触397", "url": "https://www.kaigokensaku.mhlw.go.jp/42/index.php?action_kouhyou_detail_004_kani=true&JigyosyoCd=4272100431-00&ServiceCd=110&Type=search", "url2": "http://hp.kaipoke.biz/ty7/" }, "geometry": { "type": "Point", "coordinates": [ 129.749952833729566, 33.804752760011525 ] } },
{ "type": "Feature", "properties": { "内容": "訪問介護事業所　ひまわり【訪問介護】長崎県壱岐市芦辺町箱崎大左右触550-13", "url": "https://www.kaigokensaku.mhlw.go.jp/42/index.php?action_kouhyou_detail_004_kani=true&JigyosyoCd=4272100332-00&ServiceCd=110&Type=search", "url2": null }, "geometry": { "type": "Point", "coordinates": [ 129.756030099999947, 33.8168016 ] } },
{ "type": "Feature", "properties": { "内容": "社会医療法人　玄州会　ホームヘルパーステーションリバティ【訪問介護】長崎県壱岐市郷ノ浦町永田触字八枝275番地2", "url": "https://www.kaigokensaku.mhlw.go.jp/42/index.php?action_kouhyou_detail_004_kani=true&JigyosyoCd=4271700173-00&ServiceCd=110&Type=search", "url2": "http://www.gensyukai.or.jp/" }, "geometry": { "type": "Point", "coordinates": [ 129.697634599999986, 33.7493558 ] } },
{ "type": "Feature", "properties": { "内容": "壱岐市社協芦辺訪問介護事業所【訪問介護】長崎県壱岐市芦辺町箱崎中山触２５４８番地", "url": "https://www.kaigokensaku.mhlw.go.jp/42/index.php?action_kouhyou_detail_004_kani=true&JigyosyoCd=4272100092-00&ServiceCd=110&Type=search", "url2": "https://ikicity-csw.jp/" }, "geometry": { "type": "Point", "coordinates": [ 129.747211600000014, 33.8096575 ] } },
{ "type": "Feature", "properties": { "内容": "壱岐市社協郷ノ浦訪問介護事業所【訪問介護】長崎県壱岐市郷ノ浦町坪触3099番地", "url": "https://www.kaigokensaku.mhlw.go.jp/42/index.php?action_kouhyou_detail_004_kani=true&JigyosyoCd=4272100019-00&ServiceCd=110&Type=search", "url2": "https://ikicity-csw.jp/" }, "geometry": { "type": "Point", "coordinates": [ 129.697454900000025, 33.7321548 ] } },
{ "type": "Feature", "properties": { "内容": "壱岐市社協　勝本訪問介護事業所【訪問介護】長崎県壱岐市勝本町大久保触１７３６番地２", "url": "https://www.kaigokensaku.mhlw.go.jp/42/index.php?action_kouhyou_detail_004_kani=true&JigyosyoCd=4272100050-00&ServiceCd=110&Type=search", "url2": "https://ikicity-csw.jp/" }, "geometry": { "type": "Point", "coordinates": [ 129.6918508, 33.8439195 ] } },
{ "type": "Feature", "properties": { "内容": "壱岐市社協石田訪問介護事業所【訪問介護】長崎県壱岐市石田町石田西触1486-1", "url": "https://www.kaigokensaku.mhlw.go.jp/42/index.php?action_kouhyou_detail_004_kani=true&JigyosyoCd=4272100142-00&ServiceCd=110&Type=search", "url2": "https://ikicity-csw.jp/" }, "geometry": { "type": "Point", "coordinates": [ 129.75316429999998, 33.7452157 ] } },
{ "type": "Feature", "properties": { "内容": "ヘルパーステーションケアメイト【訪問介護】長崎県五島市錦町3-10メイトプラザ", "url": "https://www.kaigokensaku.mhlw.go.jp/42/index.php?action_kouhyou_detail_004_kani=true&JigyosyoCd=4272200298-00&ServiceCd=110&Type=search", "url2": null }, "geometry": { "type": "Point", "coordinates": [ 128.841621726072731, 32.69316416895785 ] } },
{ "type": "Feature", "properties": { "内容": "さゆり会ヘルパーステーション【訪問介護】長崎県五島市下大津町550番地4ひだまりの舎", "url": "https://www.kaigokensaku.mhlw.go.jp/42/index.php?action_kouhyou_detail_004_kani=true&JigyosyoCd=4270600077-00&ServiceCd=110&Type=search", "url2": "https://sayurikai.jp/pages/45/" }, "geometry": { "type": "Point", "coordinates": [ 128.85642574175867, 32.685727279446894 ] } },
{ "type": "Feature", "properties": { "内容": "社会福祉法人　五島市社会福祉協議会　訪問介護事業所【訪問介護】長崎県五島市木場町４１４－１，４１３－４", "url": "https://www.kaigokensaku.mhlw.go.jp/42/index.php?action_kouhyou_detail_004_kani=true&JigyosyoCd=4270604178-00&ServiceCd=110&Type=search", "url2": "http://www.goto-shakyo.or.jp/" }, "geometry": { "type": "Point", "coordinates": [ 128.838137700000061, 32.6925992 ] } },
{ "type": "Feature", "properties": { "内容": "セントケア福江【訪問介護】長崎県五島市籠淵町2155番地6山口商店1階", "url": "https://www.kaigokensaku.mhlw.go.jp/42/index.php?action_kouhyou_detail_004_kani=true&JigyosyoCd=4272200678-00&ServiceCd=110&Type=search", "url2": "http://www.sent-care.com/" }, "geometry": { "type": "Point", "coordinates": [ 128.810210523701926, 32.690585273855994 ] } },
{ "type": "Feature", "properties": { "内容": "訪問介護事業所kametokura【訪問介護】長崎県五島市上大津町304番地1サービス付き高齢者住宅リハビリテーションkametokura", "url": "https://www.kaigokensaku.mhlw.go.jp/42/index.php?action_kouhyou_detail_004_kani=true&JigyosyoCd=4272200926-00&ServiceCd=110&Type=search", "url2": null }, "geometry": { "type": "Point", "coordinates": [ 128.844525438098117, 32.689594747050513 ] } },
{ "type": "Feature", "properties": { "内容": "訪問介護事業所おおあらの里【訪問介護】長崎県五島市大荒町1094番地1", "url": "https://www.kaigokensaku.mhlw.go.jp/42/index.php?action_kouhyou_detail_004_kani=true&JigyosyoCd=4272200728-00&ServiceCd=110&Type=search", "url2": null }, "geometry": { "type": "Point", "coordinates": [ 128.829794952053788, 32.700087003850598 ] } },
{ "type": "Feature", "properties": { "内容": "訪問介護事業所　イータウン【訪問介護】長崎県五島市木場町156番地2通所介護事業所イータウン", "url": "https://www.kaigokensaku.mhlw.go.jp/42/index.php?action_kouhyou_detail_004_kani=true&JigyosyoCd=4272200769-00&ServiceCd=110&Type=search", "url2": null }, "geometry": { "type": "Point", "coordinates": [ 128.827147342327862, 32.690660731648165 ] } },
{ "type": "Feature", "properties": { "内容": "株式会社デイサービスセンターやまうち指定訪問介護いかけ事業所【訪問介護】長崎県五島市岐宿町中嶽1493番地1", "url": "https://www.kaigokensaku.mhlw.go.jp/42/index.php?action_kouhyou_detail_004_kani=true&JigyosyoCd=4272200785-00&ServiceCd=110&Type=search", "url2": "http://day-yamauchi.com" }, "geometry": { "type": "Point", "coordinates": [ 128.8243301, 32.6789801 ] } },
{ "type": "Feature", "properties": { "内容": "合同会社なる清和会ホームヘルパー真心【訪問介護】長崎県五島市奈留町浦1857番地2", "url": "https://www.kaigokensaku.mhlw.go.jp/42/index.php?action_kouhyou_detail_004_kani=true&JigyosyoCd=4272200900-00&ServiceCd=110&Type=search", "url2": null }, "geometry": { "type": "Point", "coordinates": [ 128.936433500000021, 32.8271455 ] } },
{ "type": "Feature", "properties": { "内容": "社会福祉法人　岐宿園　ホームヘルパーステーションなごみ【訪問介護】長崎県五島市岐宿町岐宿2784番地3社会福祉法人　岐宿園　ホームヘルパーステーションなごみ", "url": "https://www.kaigokensaku.mhlw.go.jp/42/index.php?action_kouhyou_detail_004_kani=true&JigyosyoCd=4272200850-00&ServiceCd=110&Type=search", "url2": "http://kishikuen.web.fc2.com/index.html" }, "geometry": { "type": "Point", "coordinates": [ 128.758184061924226, 32.74752758473273 ] } },
{ "type": "Feature", "properties": { "内容": "社会福祉法人　五島市社会福祉協議会　富江支所　訪問介護事業所【訪問介護】長崎県五島市富江町狩立402番地1", "url": "https://www.kaigokensaku.mhlw.go.jp/42/index.php?action_kouhyou_detail_004_kani=true&JigyosyoCd=4271600761-00&ServiceCd=110&Type=search", "url2": "http://www.goto-shakyo.or.jp" }, "geometry": { "type": "Point", "coordinates": [ 128.7634918, 32.6123645 ] } },
{ "type": "Feature", "properties": { "内容": "かけはし木場訪問介護【訪問介護】長崎県五島市木場町493番地1かけはし木場", "url": "https://www.kaigokensaku.mhlw.go.jp/42/index.php?action_kouhyou_detail_004_kani=true&JigyosyoCd=4272200587-00&ServiceCd=110&Type=search", "url2": "http://nagomikai-kakehashi.or.jp" }, "geometry": { "type": "Point", "coordinates": [ 128.836920306962611, 32.693488324989843 ] } },
{ "type": "Feature", "properties": { "内容": "有限会社　みうら介護サービス【訪問介護】長崎県五島市富江町職人１７５番地１", "url": "https://www.kaigokensaku.mhlw.go.jp/42/index.php?action_kouhyou_detail_004_kani=true&JigyosyoCd=4272200074-00&ServiceCd=110&Type=search", "url2": null }, "geometry": { "type": "Point", "coordinates": [ 128.770691400000032, 32.6127063 ] } },
{ "type": "Feature", "properties": { "内容": "訪問介護事業所元気村【訪問介護】長崎県五島市奥浦町1321番地6", "url": "https://www.kaigokensaku.mhlw.go.jp/42/index.php?action_kouhyou_detail_004_kani=true&JigyosyoCd=4272200967-00&ServiceCd=110&Type=search", "url2": "作成中" }, "geometry": { "type": "Point", "coordinates": [ 128.828180300000014, 32.7380203 ] } },
{ "type": "Feature", "properties": { "内容": "社会福祉法人五島市社協ホームヘルパーステーション【訪問介護】長崎県五島市三井楽町濱ノ畔１０４６番地1三井楽町総合福祉センター", "url": "https://www.kaigokensaku.mhlw.go.jp/42/index.php?action_kouhyou_detail_004_kani=true&JigyosyoCd=4271600837-00&ServiceCd=110&Type=search", "url2": "http:/www/goto-shakyo.or.jp/" }, "geometry": { "type": "Point", "coordinates": [ 128.6914477007698, 32.746516970780469 ] } },
{ "type": "Feature", "properties": { "内容": "ヘルパーステーション元亀【訪問介護】長崎県西海市西彼町鳥加郷2171番地", "url": "https://www.kaigokensaku.mhlw.go.jp/42/index.php?action_kouhyou_detail_004_kani=true&JigyosyoCd=4271101356-00&ServiceCd=110&Type=search", "url2": "https://www.seihikai.jp/" }, "geometry": { "type": "Point", "coordinates": [ 129.748115341714538, 32.990765839041529 ] } },
{ "type": "Feature", "properties": { "内容": "西海市社協ヘルパーセンター【訪問介護】長崎県西海市西海町黒口郷１４７７番地１", "url": "https://www.kaigokensaku.mhlw.go.jp/42/index.php?action_kouhyou_detail_004_kani=true&JigyosyoCd=4272300080-00&ServiceCd=110&Type=search", "url2": "https://www.shakyo-saikai.jp" }, "geometry": { "type": "Point", "coordinates": [ 129.678564899999969, 33.062065 ] } },
{ "type": "Feature", "properties": { "内容": "訪問介護さいかい【訪問介護】長崎県西海市大島町1876番地59", "url": "https://www.kaigokensaku.mhlw.go.jp/42/index.php?action_kouhyou_detail_004_kani=true&JigyosyoCd=4272300320-00&ServiceCd=110&Type=search", "url2": "http://www.fukuikai.com/" }, "geometry": { "type": "Point", "coordinates": [ 129.619393695245321, 33.035001524317984 ] } },
{ "type": "Feature", "properties": { "内容": "ホームヘルパーステーション　南串山荘【訪問介護】長崎県雲仙市南串山町丙10722", "url": "https://www.kaigokensaku.mhlw.go.jp/42/index.php?action_kouhyou_detail_004_kani=true&JigyosyoCd=4271400824-00&ServiceCd=110&Type=search", "url2": "http://www.keikokai.jp/facilities/hou2.html" }, "geometry": { "type": "Point", "coordinates": [ 130.149821400000064, 32.6729283 ] } },
{ "type": "Feature", "properties": { "内容": "ニチイケアセンター雲仙【訪問介護】長崎県雲仙市千々石町戊976堀川ビル102", "url": "https://www.kaigokensaku.mhlw.go.jp/42/index.php?action_kouhyou_detail_004_kani=true&JigyosyoCd=4272400757-00&ServiceCd=110&Type=search", "url2": "http://www.nichiigakkan.co.jp" }, "geometry": { "type": "Point", "coordinates": [ 130.20330910000007, 32.7842106 ] } },
{ "type": "Feature", "properties": { "内容": "ヘルパーステーション　友悠【訪問介護】長崎県雲仙市国見町土黒戊42番地2", "url": "https://www.kaigokensaku.mhlw.go.jp/42/index.php?action_kouhyou_detail_004_kani=true&JigyosyoCd=4272400377-00&ServiceCd=110&Type=search", "url2": null }, "geometry": { "type": "Point", "coordinates": [ 130.287918699999977, 32.866189 ] } },
{ "type": "Feature", "properties": { "内容": "ヘルパーステーション「佃」【訪問介護】長崎県雲仙市吾妻町永中名70", "url": "https://www.kaigokensaku.mhlw.go.jp/42/index.php?action_kouhyou_detail_004_kani=true&JigyosyoCd=4272400591-00&ServiceCd=110&Type=search", "url2": null }, "geometry": { "type": "Point", "coordinates": [ 130.179428083714384, 32.834307782944371 ] } },
{ "type": "Feature", "properties": { "内容": "ケアサポート絆【訪問介護】長崎県雲仙市瑞穂町西郷庚470番地2", "url": "https://www.kaigokensaku.mhlw.go.jp/42/index.php?action_kouhyou_detail_004_kani=true&JigyosyoCd=4272400526-00&ServiceCd=110&Type=search", "url2": null }, "geometry": { "type": "Point", "coordinates": [ 130.247160699999966, 32.873806600000016 ] } },
{ "type": "Feature", "properties": { "内容": "島原雲仙農業協同組合居宅介護支援センター【訪問介護】長崎県南島原市有家町久保12番地５", "url": "https://www.kaigokensaku.mhlw.go.jp/42/index.php?action_kouhyou_detail_004_kani=true&JigyosyoCd=4271401152-00&ServiceCd=110&Type=search", "url2": null }, "geometry": { "type": "Point", "coordinates": [ 130.330667564418036, 32.667809873262449 ] } },
{ "type": "Feature", "properties": { "内容": "ヘルパーステーションだいまる【訪問介護】長崎県南島原市加津佐町戊119番地", "url": "https://www.kaigokensaku.mhlw.go.jp/42/index.php?action_kouhyou_detail_004_kani=true&JigyosyoCd=4272500788-00&ServiceCd=110&Type=search", "url2": null }, "geometry": { "type": "Point", "coordinates": [ 130.1857722, 32.6354916 ] } },
{ "type": "Feature", "properties": { "内容": "訪問介護郷の家【訪問介護】長崎県南島原市南有馬町乙１２２０番地第２", "url": "https://www.kaigokensaku.mhlw.go.jp/42/index.php?action_kouhyou_detail_004_kani=true&JigyosyoCd=4272500473-00&ServiceCd=110&Type=search", "url2": null }, "geometry": { "type": "Point", "coordinates": [ 130.245741599999974, 32.6314901 ] } },
{ "type": "Feature", "properties": { "内容": "ヘルパーステーション結【訪問介護】長崎県南島原市南有馬町乙1604-10", "url": "https://www.kaigokensaku.mhlw.go.jp/42/index.php?action_kouhyou_detail_004_kani=true&JigyosyoCd=4272500622-00&ServiceCd=110&Type=search", "url2": "yu-station.shimabara-p.jp" }, "geometry": { "type": "Point", "coordinates": [ 130.249435700000049, 32.6326263 ] } },
{ "type": "Feature", "properties": { "内容": "あおいヘルパーステーション【訪問介護】長崎県南島原市深江町丙1840-16", "url": "https://www.kaigokensaku.mhlw.go.jp/42/index.php?action_kouhyou_detail_004_kani=true&JigyosyoCd=4272500762-00&ServiceCd=110&Type=search", "url2": "aoillc2022.net" }, "geometry": { "type": "Point", "coordinates": [ 130.33834920000001, 32.7284524 ] } },
{ "type": "Feature", "properties": { "内容": "社会福祉法人グリーンコープ　ふくしサービスセンターひばり【訪問介護】長崎県南島原市西有家町須川3203-10", "url": "https://www.kaigokensaku.mhlw.go.jp/42/index.php?action_kouhyou_detail_004_kani=true&JigyosyoCd=4272500341-00&ServiceCd=110&Type=search", "url2": "http://www.fukushi-greencoop.or.jp/" }, "geometry": { "type": "Point", "coordinates": [ 130.2872039, 32.6533909 ] } },
{ "type": "Feature", "properties": { "内容": "南島原市社協　ヘルパーセンター【訪問介護】長崎県南島原市有家町石田8番地46", "url": "https://www.kaigokensaku.mhlw.go.jp/42/index.php?action_kouhyou_detail_004_kani=true&JigyosyoCd=4272500143-00&ServiceCd=110&Type=search", "url2": "http://www.minashimashakyo.or.jp" }, "geometry": { "type": "Point", "coordinates": [ 130.33203530000003, 32.6686132 ] } },
{ "type": "Feature", "properties": { "内容": "有限会社たすかるホームヘルプサービス【訪問介護】長崎県南島原市深江町丙264", "url": "https://www.kaigokensaku.mhlw.go.jp/42/index.php?action_kouhyou_detail_004_kani=true&JigyosyoCd=4271402119-00&ServiceCd=110&Type=search", "url2": null }, "geometry": { "type": "Point", "coordinates": [ 130.34798834407195, 32.714909840894968 ] } },
{ "type": "Feature", "properties": { "内容": "ニチイケアセンターまなび野【訪問介護】長崎県西彼杵郡長与町まなび野3-35-5", "url": "https://www.kaigokensaku.mhlw.go.jp/42/index.php?action_kouhyou_detail_004_kani=true&JigyosyoCd=4270104385-00&ServiceCd=110&Type=search", "url2": "http://www.nichiigakkan.co.jp" }, "geometry": { "type": "Point", "coordinates": [ 129.878045499999985, 32.8133929 ] } },
{ "type": "Feature", "properties": { "内容": "ホームヘルパーステーション　「コスモス」【訪問介護】長崎県西彼杵郡長与町高田郷2445-1", "url": "https://www.kaigokensaku.mhlw.go.jp/42/index.php?action_kouhyou_detail_004_kani=true&JigyosyoCd=4271101190-00&ServiceCd=110&Type=search", "url2": null }, "geometry": { "type": "Point", "coordinates": [ 129.848325, 32.8145976 ] } },
{ "type": "Feature", "properties": { "内容": "医療法人徳洲会　長崎北徳洲会介護センター【訪問介護】長崎県西彼杵郡長与町北陽台1丁目5番1", "url": "https://www.kaigokensaku.mhlw.go.jp/42/index.php?action_kouhyou_detail_004_kani=true&JigyosyoCd=4271103311-00&ServiceCd=110&Type=search", "url2": "https://www.nk-toku.jp" }, "geometry": { "type": "Point", "coordinates": [ 129.87229640000001, 32.8241142 ] } },
{ "type": "Feature", "properties": { "内容": "エフ・ステージ訪問介護長与【訪問介護】長崎県西彼杵郡長与町嬉里郷461", "url": "https://www.kaigokensaku.mhlw.go.jp/42/index.php?action_kouhyou_detail_004_kani=true&JigyosyoCd=4271103329-00&ServiceCd=110&Type=search", "url2": "https://entowa.co.jp/" }, "geometry": { "type": "Point", "coordinates": [ 129.877979944552237, 32.822492539544079 ] } },
{ "type": "Feature", "properties": { "内容": "指定訪問介護事業所　リリーフけあ【訪問介護】長崎県西彼杵郡長与町岡郷２１２４－１", "url": "https://www.kaigokensaku.mhlw.go.jp/42/index.php?action_kouhyou_detail_004_kani=true&JigyosyoCd=4271101968-00&ServiceCd=110&Type=search", "url2": null }, "geometry": { "type": "Point", "coordinates": [ 129.87365269999998, 32.860225 ] } },
{ "type": "Feature", "properties": { "内容": "ヘルパーステーション　かしの木【訪問介護】長崎県西彼杵郡長与町まなび野3丁目14番地8", "url": "https://www.kaigokensaku.mhlw.go.jp/42/index.php?action_kouhyou_detail_004_kani=true&JigyosyoCd=4271103261-00&ServiceCd=110&Type=search", "url2": null }, "geometry": { "type": "Point", "coordinates": [ 129.8771676, 32.8105888 ] } },
{ "type": "Feature", "properties": { "内容": "社会福祉法人　長与町社会福祉協議会　訪問介護事業所【訪問介護】長崎県西彼杵郡長与町嬉里郷４３１－１長与町老人福祉センター", "url": "https://www.kaigokensaku.mhlw.go.jp/42/index.php?action_kouhyou_detail_004_kani=true&JigyosyoCd=4271100259-00&ServiceCd=110&Type=search", "url2": "http://nagayoswc.org/" }, "geometry": { "type": "Point", "coordinates": [ 129.876478600000041, 32.8223087 ] } },
{ "type": "Feature", "properties": { "内容": "長崎ダイヤモンドスタッフ株式会社　在宅介護サービスセンターヘルパーステーション長与【訪問介護】長崎県西彼杵郡長与町嬉里郷447", "url": "https://www.kaigokensaku.mhlw.go.jp/42/index.php?action_kouhyou_detail_004_kani=true&JigyosyoCd=4271103220-00&ServiceCd=110&Type=search", "url2": "https://www.diamondstaff.co.jp/" }, "geometry": { "type": "Point", "coordinates": [ 129.875542499999938, 32.8236335 ] } },
{ "type": "Feature", "properties": { "内容": "福祉生協ヘルパーステーションいきいき長崎北部【訪問介護】長崎県西彼杵郡長与町嬉里郷463番地", "url": "https://www.kaigokensaku.mhlw.go.jp/42/index.php?action_kouhyou_detail_004_kani=true&JigyosyoCd=4271101984-00&ServiceCd=110&Type=search", "url2": "http://www.ikiikicoop.net" }, "geometry": { "type": "Point", "coordinates": [ 129.877530955793304, 32.822453139972218 ] } },
{ "type": "Feature", "properties": { "内容": "ヘルパーネットながさき【訪問介護】長崎県西彼杵郡時津町浦郷277番地15", "url": "https://www.kaigokensaku.mhlw.go.jp/42/index.php?action_kouhyou_detail_004_kani=true&JigyosyoCd=4271100788-00&ServiceCd=110&Type=search", "url2": null }, "geometry": { "type": "Point", "coordinates": [ 129.848820036041616, 32.829278208511454 ] } },
{ "type": "Feature", "properties": { "内容": "近藤医院　訪問介護センター【訪問介護】長崎県西彼杵郡時津町日並郷１３２５－８", "url": "https://www.kaigokensaku.mhlw.go.jp/42/index.php?action_kouhyou_detail_004_kani=true&JigyosyoCd=4271102941-00&ServiceCd=110&Type=search", "url2": "kondo-clinic.org" }, "geometry": { "type": "Point", "coordinates": [ 129.8267062, 32.8485141 ] } },
{ "type": "Feature", "properties": { "内容": "訪問介護ステーション　ロジ【訪問介護】長崎県西彼杵郡時津町浜田郷632-1", "url": "https://www.kaigokensaku.mhlw.go.jp/42/index.php?action_kouhyou_detail_004_kani=true&JigyosyoCd=4271103055-00&ServiceCd=110&Type=search", "url2": "http://logi-support.co.jp/" }, "geometry": { "type": "Point", "coordinates": [ 129.859273225131204, 32.832310254822403 ] } },
{ "type": "Feature", "properties": { "内容": "ニチイケアセンター時津【訪問介護】長崎県西彼杵郡時津町浦郷275-2アーベイン時津102", "url": "https://www.kaigokensaku.mhlw.go.jp/42/index.php?action_kouhyou_detail_004_kani=true&JigyosyoCd=4271103253-00&ServiceCd=110&Type=search", "url2": "http://www.nichiigakkan.co.jp" }, "geometry": { "type": "Point", "coordinates": [ 129.849291499999936, 32.8288441 ] } },
{ "type": "Feature", "properties": { "内容": "訪問介護事業所ひなた【訪問介護】長崎県西彼杵郡時津町久留里郷1048-19", "url": "https://www.kaigokensaku.mhlw.go.jp/42/index.php?action_kouhyou_detail_004_kani=true&JigyosyoCd=4271102859-00&ServiceCd=110&Type=search", "url2": null }, "geometry": { "type": "Point", "coordinates": [ 129.842657547052028, 32.83699166549593 ] } },
{ "type": "Feature", "properties": { "内容": "訪問介護事業所みつばち【訪問介護】長崎県西彼杵郡時津町浦郷273-3コピーセンタービル1F", "url": "https://www.kaigokensaku.mhlw.go.jp/42/index.php?action_kouhyou_detail_004_kani=true&JigyosyoCd=4271103238-00&ServiceCd=110&Type=search", "url2": "https://toyokixmitsubachi.com/" }, "geometry": { "type": "Point", "coordinates": [ 129.849335600000018, 32.8285769 ] } },
{ "type": "Feature", "properties": { "内容": "社会福祉法人　時津町社会福祉協議会　訪問介護事業所【訪問介護】長崎県西彼杵郡時津町左底郷367番地", "url": "https://www.kaigokensaku.mhlw.go.jp/42/index.php?action_kouhyou_detail_004_kani=true&JigyosyoCd=4271100242-00&ServiceCd=110&Type=search", "url2": "http://www.togitsu-shakyo.org" }, "geometry": { "type": "Point", "coordinates": [ 129.836266900000027, 32.8306184 ] } },
{ "type": "Feature", "properties": { "内容": "訪問介護事業所　ケアステーション優里【訪問介護】長崎県西彼杵郡時津町浜田郷２０番地１", "url": "https://www.kaigokensaku.mhlw.go.jp/42/index.php?action_kouhyou_detail_004_kani=true&JigyosyoCd=4271102552-00&ServiceCd=110&Type=search", "url2": null }, "geometry": { "type": "Point", "coordinates": [ 129.851141, 32.8304518 ] } },
{ "type": "Feature", "properties": { "内容": "長崎部品株式会社介護支援サービス「さわやか」【訪問介護】長崎県東彼杵郡東彼杵町三根郷字東舞山286-5", "url": "https://www.kaigokensaku.mhlw.go.jp/42/index.php?action_kouhyou_detail_004_kani=true&JigyosyoCd=4271200380-00&ServiceCd=110&Type=search", "url2": null }, "geometry": { "type": "Point", "coordinates": [ 129.919571200000064, 33.0446444 ] } },
{ "type": "Feature", "properties": { "内容": "ハッピーガーデン川棚　ヘルパーステーション【訪問介護】長崎県東彼杵郡川棚町城山町122番地1", "url": "https://www.kaigokensaku.mhlw.go.jp/42/index.php?action_kouhyou_detail_004_kani=true&JigyosyoCd=4271200851-00&ServiceCd=110&Type=search", "url2": "hg-kawatana.com" }, "geometry": { "type": "Point", "coordinates": [ 129.869604500000037, 33.0703927 ] } },
{ "type": "Feature", "properties": { "内容": "訪問介護事業所　介護福祉タクシーなついろ【訪問介護】長崎県東彼杵郡川棚町小串郷2684番地1", "url": "https://www.kaigokensaku.mhlw.go.jp/42/index.php?action_kouhyou_detail_004_kani=true&JigyosyoCd=4271200950-00&ServiceCd=110&Type=search", "url2": "https://go-kenshin.co.jp/" }, "geometry": { "type": "Point", "coordinates": [ 129.826873400000011, 33.0662618 ] } },
{ "type": "Feature", "properties": { "内容": "川棚町社会福祉協議会　訪問介護事業所【訪問介護】長崎県東彼杵郡川棚町下組郷338番地57いきがいセンター", "url": "https://www.kaigokensaku.mhlw.go.jp/42/index.php?action_kouhyou_detail_004_kani=true&JigyosyoCd=4271200075-00&ServiceCd=110&Type=search", "url2": "k.shakaifuksi@mist.ocn.ne.jp" }, "geometry": { "type": "Point", "coordinates": [ 129.858965, 33.0641879 ] } },
{ "type": "Feature", "properties": { "内容": "波佐見ホームヘルプサービス事業所【訪問介護】長崎県東彼杵郡波佐見町長野郷１７３番地２", "url": "https://www.kaigokensaku.mhlw.go.jp/42/index.php?action_kouhyou_detail_004_kani=true&JigyosyoCd=4271200034-00&ServiceCd=110&Type=search", "url2": "hasami-shakyo.jp" }, "geometry": { "type": "Point", "coordinates": [ 129.874050899999929, 33.1196942 ] } },
{ "type": "Feature", "properties": { "内容": "セントケア佐々【訪問介護】長崎県北松浦郡佐々町本田原免216-8濱田店舗２階Ａ号", "url": "https://www.kaigokensaku.mhlw.go.jp/42/index.php?action_kouhyou_detail_004_kani=true&JigyosyoCd=4271501399-00&ServiceCd=110&Type=search", "url2": "http://www.saint-care.com/" }, "geometry": { "type": "Point", "coordinates": [ 129.648720200000071, 33.2369175 ] } },
{ "type": "Feature", "properties": { "内容": "長崎県北松浦郡佐々町小浦免219番地8【訪問介護】長崎県北松浦郡佐々町小浦免219番地8", "url": "https://www.kaigokensaku.mhlw.go.jp/42/index.php?action_kouhyou_detail_004_kani=true&JigyosyoCd=4271501514-00&ServiceCd=110&Type=search", "url2": null }, "geometry": { "type": "Point", "coordinates": [ 129.6449414, 33.220875499999984 ] } },
{ "type": "Feature", "properties": { "内容": "佐々町社会福祉協議会　ホームヘルプサービスセンター【訪問介護】長崎県北松浦郡佐々町市場免23-1佐々町総合福祉センター", "url": "https://www.kaigokensaku.mhlw.go.jp/42/index.php?action_kouhyou_detail_004_kani=true&JigyosyoCd=4271500045-00&ServiceCd=110&Type=search", "url2": "http://www.sazafukushi.jp/" }, "geometry": { "type": "Point", "coordinates": [ 129.6474617, 33.2338087 ] } },
{ "type": "Feature", "properties": { "内容": "合同会社かのん　訪問介護・看護ステーション【訪問介護】長崎県北松浦郡佐々町羽須和免７７７", "url": "https://www.kaigokensaku.mhlw.go.jp/42/index.php?action_kouhyou_detail_004_kani=true&JigyosyoCd=4271501555-00&ServiceCd=110&Type=search", "url2": "https://r.goope.jp/kanon0501/" }, "geometry": { "type": "Point", "coordinates": [ 129.650168900000011, 33.2341077 ] } },
{ "type": "Feature", "properties": { "内容": "株式会社たいよう【訪問介護】長崎県北松浦郡佐々町口石免1693-4", "url": "https://www.kaigokensaku.mhlw.go.jp/42/index.php?action_kouhyou_detail_004_kani=true&JigyosyoCd=4271501563-00&ServiceCd=110&Type=search", "url2": "https://www.taxitaiyousasebo.com" }, "geometry": { "type": "Point", "coordinates": [ 129.655289602581462, 33.21987158957193 ] } },
{ "type": "Feature", "properties": { "内容": "訪問介護ステーション　オハナ【訪問介護】長崎県南松浦郡新上五島町阿瀬津郷456-16", "url": "https://www.kaigokensaku.mhlw.go.jp/42/index.php?action_kouhyou_detail_004_kani=true&JigyosyoCd=4271601454-00&ServiceCd=110&Type=search", "url2": null }, "geometry": { "type": "Point", "coordinates": [ 129.103057400000012, 32.9618707 ] } },
{ "type": "Feature", "properties": { "内容": "新上五島訪問介護事業所【訪問介護】長崎県南松浦郡新上五島町奈摩郷910番地10", "url": "https://www.kaigokensaku.mhlw.go.jp/42/index.php?action_kouhyou_detail_004_kani=true&JigyosyoCd=4271601470-00&ServiceCd=110&Type=search", "url2": "https://www.sinkamigoto.net/" }, "geometry": { "type": "Point", "coordinates": [ 129.0733502, 33.0178371 ] } },
{ "type": "Feature", "properties": { "内容": "若松訪問介護事業所【訪問介護】長崎県南松浦郡新上五島町若松郷435番地1", "url": "https://www.kaigokensaku.mhlw.go.jp/42/index.php?action_kouhyou_detail_004_kani=true&JigyosyoCd=4271601033-00&ServiceCd=110&Type=search", "url2": null }, "geometry": { "type": "Point", "coordinates": [ 129.021150600000055, 32.887981 ] } },
{ "type": "Feature", "properties": { "内容": "上五島訪問介護事業所【訪問介護】長崎県南松浦郡新上五島町青方郷1379番地1新上五島町総合福祉センター", "url": "https://www.kaigokensaku.mhlw.go.jp/42/index.php?action_kouhyou_detail_004_kani=true&JigyosyoCd=4271601074-00&ServiceCd=110&Type=search", "url2": "http://shinkamishakyo.net/index.html" }, "geometry": { "type": "Point", "coordinates": [ 129.068554899999981, 32.9850695 ] } },
{ "type": "Feature", "properties": { "内容": "有川訪問介護事業所【訪問介護】長崎県南松浦郡新上五島町有川郷2360番地8新上五島町有川地域福祉センターふれあい", "url": "https://www.kaigokensaku.mhlw.go.jp/42/index.php?action_kouhyou_detail_004_kani=true&JigyosyoCd=4271600951-00&ServiceCd=110&Type=search", "url2": null }, "geometry": { "type": "Point", "coordinates": [ 129.1101026, 32.9794184 ] } }
]
}
