{
"type": "FeatureCollection",
"name": "geo_42_2",
"crs": { "type": "name", "properties": { "name": "urn:ogc:def:crs:OGC:1.3:CRS84" } },
"features": [
{ "type": "Feature", "properties": { "ID": "422cgo0004", "正式名称": "社会医療法人健友会　五島ふれあい　診療所", "機関区分": 2, "都道府県コード": 42, "市区町村コード": 211, "所在地": "長崎県五島市三尾野２－１－２９", "緯度": 32.692462, "経度": 128.841174, "url": "https://www.iryou.teikyouseido.mhlw.go.jp/znk-web/juminkanja/S2430/initialize?prefCd=42&kikanCd=cgo0004&kikanKbn=2", "url2": "http://www.h6.dion.ne.jp/~fureai/", "内容": "社会医療法人健友会　五島ふれあい　診療所【2:診療所】【診療科目:内科_外科_整形外科_リハビリテーション科】長崎県五島市三尾野２－１－２９" }, "geometry": { "type": "Point", "coordinates": [ 128.841174, 32.692462 ] } },
{ "type": "Feature", "properties": { "ID": "422cgo0005", "正式名称": "医療法人　ダケ眼科クリニック", "機関区分": 2, "都道府県コード": 42, "市区町村コード": 211, "所在地": "長崎県五島市福江町１５番１６号", "緯度": 32.696907, "経度": 128.842726, "url": "https://www.iryou.teikyouseido.mhlw.go.jp/znk-web/juminkanja/S2430/initialize?prefCd=42&kikanCd=cgo0005&kikanKbn=2", "url2": null, "内容": "医療法人　ダケ眼科クリニック【2:診療所】【診療科目:眼科】長崎県五島市福江町１５番１６号" }, "geometry": { "type": "Point", "coordinates": [ 128.842726, 32.696907 ] } },
{ "type": "Feature", "properties": { "ID": "422cgo0006", "正式名称": "医療法人　雄仁会　浦クリニック", "機関区分": 2, "都道府県コード": 42, "市区町村コード": 211, "所在地": "長崎県五島市栄町９ー１６", "緯度": 32.696625, "経度": 128.845401, "url": "https://www.iryou.teikyouseido.mhlw.go.jp/znk-web/juminkanja/S2430/initialize?prefCd=42&kikanCd=cgo0006&kikanKbn=2", "url2": null, "内容": "医療法人　雄仁会　浦クリニック【2:診療所】【診療科目:内科_循環器内科】長崎県五島市栄町９ー１６" }, "geometry": { "type": "Point", "coordinates": [ 128.845401, 32.696625 ] } },
{ "type": "Feature", "properties": { "ID": "422cgo0008", "正式名称": "五島市国民健康保険玉之浦診療所大宝出張診療所", "機関区分": 2, "都道府県コード": 42, "市区町村コード": 211, "所在地": "長崎県五島市玉之浦町大宝９３５番地", "緯度": 32.60414, "経度": 128.650362, "url": "https://www.iryou.teikyouseido.mhlw.go.jp/znk-web/juminkanja/S2430/initialize?prefCd=42&kikanCd=cgo0008&kikanKbn=2", "url2": null, "内容": "五島市国民健康保険玉之浦診療所大宝出張診療所【2:診療所】【診療科目:内科_外科_整形外科_小児科】長崎県五島市玉之浦町大宝９３５番地" }, "geometry": { "type": "Point", "coordinates": [ 128.650362, 32.60414 ] } },
{ "type": "Feature", "properties": { "ID": "422cgo0009", "正式名称": "五島市国民健康保険玉之浦診療所", "機関区分": 2, "都道府県コード": 42, "市区町村コード": 211, "所在地": "長崎県五島市玉之浦町玉之浦１３９７番地１", "緯度": 32.616211, "経度": 128.61445, "url": "https://www.iryou.teikyouseido.mhlw.go.jp/znk-web/juminkanja/S2430/initialize?prefCd=42&kikanCd=cgo0009&kikanKbn=2", "url2": null, "内容": "五島市国民健康保険玉之浦診療所【2:診療所】【診療科目:内科_外科_整形外科_小児科_歯科】長崎県五島市玉之浦町玉之浦１３９７番地１" }, "geometry": { "type": "Point", "coordinates": [ 128.61445, 32.616211 ] } },
{ "type": "Feature", "properties": { "ID": "422cgo0010", "正式名称": "五島市伊福貴診療所本窯分院", "機関区分": 2, "都道府県コード": 42, "市区町村コード": 211, "所在地": "長崎県五島市本窯町８番地１", "緯度": 32.769913, "経度": 128.992077, "url": "https://www.iryou.teikyouseido.mhlw.go.jp/znk-web/juminkanja/S2430/initialize?prefCd=42&kikanCd=cgo0010&kikanKbn=2", "url2": null, "内容": "五島市伊福貴診療所本窯分院【2:診療所】【診療科目:内科_外科_小児科】長崎県五島市本窯町８番地１" }, "geometry": { "type": "Point", "coordinates": [ 128.992077, 32.769913 ] } },
{ "type": "Feature", "properties": { "ID": "422cgo0012", "正式名称": "五島市国民健康保険三井楽診療所", "機関区分": 2, "都道府県コード": 42, "市区町村コード": 211, "所在地": "長崎県五島市三井楽町濱ノ畔１０４６番地１", "緯度": 32.746743, "経度": 128.69161, "url": "https://www.iryou.teikyouseido.mhlw.go.jp/znk-web/juminkanja/S2430/initialize?prefCd=42&kikanCd=cgo0012&kikanKbn=2", "url2": null, "内容": "五島市国民健康保険三井楽診療所【2:診療所】【診療科目:内科_外科_小児科】長崎県五島市三井楽町濱ノ畔１０４６番地１" }, "geometry": { "type": "Point", "coordinates": [ 128.69161, 32.746743 ] } },
{ "type": "Feature", "properties": { "ID": "422cgo0016", "正式名称": "五島市黄島診療所", "機関区分": 2, "都道府県コード": 42, "市区町村コード": 211, "所在地": "長崎県五島市黄島町１７４番地", "緯度": 32.569788, "経度": 128.904592, "url": "https://www.iryou.teikyouseido.mhlw.go.jp/znk-web/juminkanja/S2430/initialize?prefCd=42&kikanCd=cgo0016&kikanKbn=2", "url2": null, "内容": "五島市黄島診療所【2:診療所】【診療科目:内科_外科_小児科】長崎県五島市黄島町１７４番地" }, "geometry": { "type": "Point", "coordinates": [ 128.904592, 32.569788 ] } },
{ "type": "Feature", "properties": { "ID": "422cgo0017", "正式名称": "五島市国民健康保険玉之浦診療所中須出張診療所", "機関区分": 2, "都道府県コード": 42, "市区町村コード": 211, "所在地": "長崎県五島市玉之浦町小川１１４７番地１", "緯度": 32.630814, "経度": 128.666885, "url": "https://www.iryou.teikyouseido.mhlw.go.jp/znk-web/juminkanja/S2430/initialize?prefCd=42&kikanCd=cgo0017&kikanKbn=2", "url2": null, "内容": "五島市国民健康保険玉之浦診療所中須出張診療所【2:診療所】【診療科目:内科_外科_整形外科_小児科】長崎県五島市玉之浦町小川１１４７番地１" }, "geometry": { "type": "Point", "coordinates": [ 128.666885, 32.630814 ] } },
{ "type": "Feature", "properties": { "ID": "422cgo0019", "正式名称": "医療法人山内診療所", "機関区分": 2, "都道府県コード": 42, "市区町村コード": 211, "所在地": "長崎県五島市岐宿町中嶽", "緯度": 32.753165, "経度": 128.755143, "url": "https://www.iryou.teikyouseido.mhlw.go.jp/znk-web/juminkanja/S2430/initialize?prefCd=42&kikanCd=cgo0019&kikanKbn=2", "url2": null, "内容": "医療法人山内診療所【2:診療所】【診療科目:内科_消化器内科_小児科】長崎県五島市岐宿町中嶽" }, "geometry": { "type": "Point", "coordinates": [ 128.755143, 32.753165 ] } },
{ "type": "Feature", "properties": { "ID": "422cgo0021", "正式名称": "聖マリアの園診療所", "機関区分": 2, "都道府県コード": 42, "市区町村コード": 211, "所在地": "長崎県五島市松山町７０６番地３", "緯度": 32.705797, "経度": 128.837784, "url": "https://www.iryou.teikyouseido.mhlw.go.jp/znk-web/juminkanja/S2430/initialize?prefCd=42&kikanCd=cgo0021&kikanKbn=2", "url2": null, "内容": "聖マリアの園診療所【2:診療所】【診療科目:内科】長崎県五島市松山町７０６番地３" }, "geometry": { "type": "Point", "coordinates": [ 128.837784, 32.705797 ] } },
{ "type": "Feature", "properties": { "ID": "422cgo0023", "正式名称": "五島市伊福貴診療所", "機関区分": 2, "都道府県コード": 42, "市区町村コード": 211, "所在地": "長崎県五島市伊福貴町３７６番地１３", "緯度": 32.753473, "経度": 128.969972, "url": "https://www.iryou.teikyouseido.mhlw.go.jp/znk-web/juminkanja/S2430/initialize?prefCd=42&kikanCd=cgo0023&kikanKbn=2", "url2": null, "内容": "五島市伊福貴診療所【2:診療所】【診療科目:内科_外科_小児科_歯科】長崎県五島市伊福貴町３７６番地１３" }, "geometry": { "type": "Point", "coordinates": [ 128.969972, 32.753473 ] } },
{ "type": "Feature", "properties": { "ID": "422cgo0024", "正式名称": "五島市国民健康保険玉之浦診療所幾久山出張診療所", "機関区分": 2, "都道府県コード": 42, "市区町村コード": 211, "所在地": "長崎県五島市玉之浦町幾久山４６９番地", "緯度": 32.645012, "経度": 128.705575, "url": "https://www.iryou.teikyouseido.mhlw.go.jp/znk-web/juminkanja/S2430/initialize?prefCd=42&kikanCd=cgo0024&kikanKbn=2", "url2": null, "内容": "五島市国民健康保険玉之浦診療所幾久山出張診療所【2:診療所】【診療科目:内科_外科_整形外科_小児科】長崎県五島市玉之浦町幾久山４６９番地" }, "geometry": { "type": "Point", "coordinates": [ 128.705575, 32.645012 ] } },
{ "type": "Feature", "properties": { "ID": "422cgo0025", "正式名称": "医療法人松尾整形外科", "機関区分": 2, "都道府県コード": 42, "市区町村コード": 211, "所在地": "長崎県五島市福江町１５番１３号", "緯度": 32.696803, "経度": 128.843018, "url": "https://www.iryou.teikyouseido.mhlw.go.jp/znk-web/juminkanja/S2430/initialize?prefCd=42&kikanCd=cgo0025&kikanKbn=2", "url2": null, "内容": "医療法人松尾整形外科【2:診療所】【診療科目:整形外科_リハビリテーション科】長崎県五島市福江町１５番１３号" }, "geometry": { "type": "Point", "coordinates": [ 128.843018, 32.696803 ] } },
{ "type": "Feature", "properties": { "ID": "422cgo0026", "正式名称": "五島市国民健康保険三井楽診療所嵯峨島出張診療所", "機関区分": 2, "都道府県コード": 42, "市区町村コード": 211, "所在地": "長崎県五島市三井楽町嵯峨島４９番地", "緯度": 32.724054, "経度": 128.597909, "url": "https://www.iryou.teikyouseido.mhlw.go.jp/znk-web/juminkanja/S2430/initialize?prefCd=42&kikanCd=cgo0026&kikanKbn=2", "url2": null, "内容": "五島市国民健康保険三井楽診療所嵯峨島出張診療所【2:診療所】【診療科目:内科_外科_小児科_歯科】長崎県五島市三井楽町嵯峨島４９番地" }, "geometry": { "type": "Point", "coordinates": [ 128.597909, 32.724054 ] } },
{ "type": "Feature", "properties": { "ID": "422cgo0029", "正式名称": "宿輪医院", "機関区分": 2, "都道府県コード": 42, "市区町村コード": 211, "所在地": "長崎県五島市奈留町浦１８６６－１", "緯度": 32.826574, "経度": 128.937515, "url": "https://www.iryou.teikyouseido.mhlw.go.jp/znk-web/juminkanja/S2430/initialize?prefCd=42&kikanCd=cgo0029&kikanKbn=2", "url2": null, "内容": "宿輪医院【2:診療所】【診療科目:内科_循環器内科】長崎県五島市奈留町浦１８６６－１" }, "geometry": { "type": "Point", "coordinates": [ 128.937515, 32.826574 ] } },
{ "type": "Feature", "properties": { "ID": "422cgo0030", "正式名称": "五島市国民健康保険玉之浦診療所荒川丹奈出張診療所", "機関区分": 2, "都道府県コード": 42, "市区町村コード": 211, "所在地": "長崎県五島市玉之浦町荒川１３４番地１", "緯度": 32.667256, "経度": 128.671537, "url": "https://www.iryou.teikyouseido.mhlw.go.jp/znk-web/juminkanja/S2430/initialize?prefCd=42&kikanCd=cgo0030&kikanKbn=2", "url2": null, "内容": "五島市国民健康保険玉之浦診療所荒川丹奈出張診療所【2:診療所】【診療科目:内科_外科_整形外科_小児科】長崎県五島市玉之浦町荒川１３４番地１" }, "geometry": { "type": "Point", "coordinates": [ 128.671537, 32.667256 ] } },
{ "type": "Feature", "properties": { "ID": "422cgo0031", "正式名称": "医療法人社団福江産婦人科医院", "機関区分": 2, "都道府県コード": 42, "市区町村コード": 211, "所在地": "長崎県五島市大荒町７３番地２", "緯度": 32.695639, "経度": 128.838795, "url": "https://www.iryou.teikyouseido.mhlw.go.jp/znk-web/juminkanja/S2430/initialize?prefCd=42&kikanCd=cgo0031&kikanKbn=2", "url2": "http://www.fukue-sanfujinka.or.jp//", "内容": "医療法人社団福江産婦人科医院【2:診療所】【診療科目:産婦人科】長崎県五島市大荒町７３番地２" }, "geometry": { "type": "Point", "coordinates": [ 128.838795, 32.695639 ] } },
{ "type": "Feature", "properties": { "ID": "422cgo0032", "正式名称": "南町脳神経外科クリニック", "機関区分": 2, "都道府県コード": 42, "市区町村コード": 211, "所在地": "長崎県五島市武家屋敷１丁目１１９番５", "緯度": 32.691828, "経度": 128.845054, "url": "https://www.iryou.teikyouseido.mhlw.go.jp/znk-web/juminkanja/S2430/initialize?prefCd=42&kikanCd=cgo0032&kikanKbn=2", "url2": null, "内容": "南町脳神経外科クリニック【2:診療所】【診療科目:脳神経外科_リハビリテーション科】長崎県五島市武家屋敷１丁目１１９番５" }, "geometry": { "type": "Point", "coordinates": [ 128.845054, 32.691828 ] } },
{ "type": "Feature", "properties": { "ID": "422cgo0034", "正式名称": "医療法人井上内科小児科医院", "機関区分": 2, "都道府県コード": 42, "市区町村コード": 211, "所在地": "長崎県五島市武家屋敷１－２－１３", "緯度": 32.692538, "経度": 128.843731, "url": "https://www.iryou.teikyouseido.mhlw.go.jp/znk-web/juminkanja/S2430/initialize?prefCd=42&kikanCd=cgo0034&kikanKbn=2", "url2": null, "内容": "医療法人井上内科小児科医院【2:診療所】【診療科目:内科_小児科】長崎県五島市武家屋敷１－２－１３" }, "geometry": { "type": "Point", "coordinates": [ 128.843731, 32.692538 ] } },
{ "type": "Feature", "properties": { "ID": "422cgo0039", "正式名称": "五島市国民健康保険久賀診療所", "機関区分": 2, "都道府県コード": 42, "市区町村コード": 211, "所在地": "長崎県五島市久賀町２４５番地１", "緯度": 32.792717, "経度": 128.870431, "url": "https://www.iryou.teikyouseido.mhlw.go.jp/znk-web/juminkanja/S2430/initialize?prefCd=42&kikanCd=cgo0039&kikanKbn=2", "url2": null, "内容": "五島市国民健康保険久賀診療所【2:診療所】【診療科目:内科_外科_小児科_歯科】長崎県五島市久賀町２４５番地１" }, "geometry": { "type": "Point", "coordinates": [ 128.870431, 32.792717 ] } },
{ "type": "Feature", "properties": { "ID": "422cgo0041", "正式名称": "五島市黄島診療所赤島分院", "機関区分": 2, "都道府県コード": 42, "市区町村コード": 211, "所在地": "長崎県五島市赤島町４４６", "緯度": 32.593919, "経度": 128.918525, "url": "https://www.iryou.teikyouseido.mhlw.go.jp/znk-web/juminkanja/S2430/initialize?prefCd=42&kikanCd=cgo0041&kikanKbn=2", "url2": null, "内容": "五島市黄島診療所赤島分院【2:診療所】【診療科目:内科_外科_小児科】長崎県五島市赤島町４４６" }, "geometry": { "type": "Point", "coordinates": [ 128.918525, 32.593919 ] } },
{ "type": "Feature", "properties": { "ID": "422cgo0043", "正式名称": "医療法人みどりが丘クリニック", "機関区分": 2, "都道府県コード": 42, "市区町村コード": 211, "所在地": "長崎県五島市木場町５７０ー４", "緯度": 32.695141, "経度": 128.833597, "url": "https://www.iryou.teikyouseido.mhlw.go.jp/znk-web/juminkanja/S2430/initialize?prefCd=42&kikanCd=cgo0043&kikanKbn=2", "url2": null, "内容": "医療法人みどりが丘クリニック【2:診療所】【診療科目:内科_消化器内科_小児科_放射線科】長崎県五島市木場町５７０ー４" }, "geometry": { "type": "Point", "coordinates": [ 128.833597, 32.695141 ] } },
{ "type": "Feature", "properties": { "ID": "422cgo0044", "正式名称": "医療法人山本皮膚科医院", "機関区分": 2, "都道府県コード": 42, "市区町村コード": 211, "所在地": "長崎県五島市福江町３丁目１３号", "緯度": 32.695267, "経度": 128.841439, "url": "https://www.iryou.teikyouseido.mhlw.go.jp/znk-web/juminkanja/S2430/initialize?prefCd=42&kikanCd=cgo0044&kikanKbn=2", "url2": null, "内容": "医療法人山本皮膚科医院【2:診療所】【診療科目:皮膚科】長崎県五島市福江町３丁目１３号" }, "geometry": { "type": "Point", "coordinates": [ 128.841439, 32.695267 ] } },
{ "type": "Feature", "properties": { "ID": "422cgo0051", "正式名称": "長崎県五島中央病院附属診療所奈留医療センター", "機関区分": 2, "都道府県コード": 42, "市区町村コード": 211, "所在地": "長崎県五島市奈留町浦１６４４番地", "緯度": 32.832219, "経度": 128.933712, "url": "https://www.iryou.teikyouseido.mhlw.go.jp/znk-web/juminkanja/S2430/initialize?prefCd=42&kikanCd=cgo0051&kikanKbn=2", "url2": null, "内容": "長崎県五島中央病院附属診療所奈留医療センター【2:診療所】【診療科目:内科_外科_整形外科_小児科_眼科_皮膚科_泌尿器科_精神科_リハビリテーション科】長崎県五島市奈留町浦１６４４番地" }, "geometry": { "type": "Point", "coordinates": [ 128.933712, 32.832219 ] } },
{ "type": "Feature", "properties": { "ID": "422cgo0052", "正式名称": "いけだ内科", "機関区分": 2, "都道府県コード": 42, "市区町村コード": 211, "所在地": "長崎県五島市大荒町７３－２", "緯度": 32.695639, "経度": 128.838795, "url": "https://www.iryou.teikyouseido.mhlw.go.jp/znk-web/juminkanja/S2430/initialize?prefCd=42&kikanCd=cgo0052&kikanKbn=2", "url2": "http://www.ikeda-naika.clinic", "内容": "いけだ内科【2:診療所】【診療科目:内科_呼吸器内科】長崎県五島市大荒町７３－２" }, "geometry": { "type": "Point", "coordinates": [ 128.838795, 32.695639 ] } },
{ "type": "Feature", "properties": { "ID": "422cik0001", "正式名称": "あしべクリニック", "機関区分": 2, "都道府県コード": 42, "市区町村コード": 210, "所在地": "長崎県壱岐市芦辺町芦辺浦", "緯度": 33.801427, "経度": 129.761511, "url": "https://www.iryou.teikyouseido.mhlw.go.jp/znk-web/juminkanja/S2430/initialize?prefCd=42&kikanCd=cik0001&kikanKbn=2", "url2": null, "内容": "あしべクリニック【2:診療所】【診療科目:内科_外科_整形外科_形成外科_耳鼻いんこう科_皮膚科】長崎県壱岐市芦辺町芦辺浦" }, "geometry": { "type": "Point", "coordinates": [ 129.761511, 33.801427 ] } },
{ "type": "Feature", "properties": { "ID": "422cik0003", "正式名称": "壱岐市国民健康保険湯本診療所", "機関区分": 2, "都道府県コード": 42, "市区町村コード": 210, "所在地": "長崎県壱岐市勝本町布気触８１８番地１０", "緯度": 33.804846, "経度": 129.690169, "url": "https://www.iryou.teikyouseido.mhlw.go.jp/znk-web/juminkanja/S2430/initialize?prefCd=42&kikanCd=cik0003&kikanKbn=2", "url2": null, "内容": "壱岐市国民健康保険湯本診療所【2:診療所】【診療科目:内科_外科_小児科】長崎県壱岐市勝本町布気触８１８番地１０" }, "geometry": { "type": "Point", "coordinates": [ 129.690169, 33.804846 ] } },
{ "type": "Feature", "properties": { "ID": "422cik0007", "正式名称": "医療法人（社団）協生会　品川クリニック", "機関区分": 2, "都道府県コード": 42, "市区町村コード": 210, "所在地": "長崎県壱岐市勝本町本宮南触２３６番地", "緯度": 33.809217, "経度": 129.686059, "url": "https://www.iryou.teikyouseido.mhlw.go.jp/znk-web/juminkanja/S2430/initialize?prefCd=42&kikanCd=cik0007&kikanKbn=2", "url2": null, "内容": "医療法人（社団）協生会　品川クリニック【2:診療所】【診療科目:内科_外科_整形外科_小児科】長崎県壱岐市勝本町本宮南触２３６番地" }, "geometry": { "type": "Point", "coordinates": [ 129.686059, 33.809217 ] } },
{ "type": "Feature", "properties": { "ID": "422cik0008", "正式名称": "医療法人久原医院", "機関区分": 2, "都道府県コード": 42, "市区町村コード": 210, "所在地": "長崎県壱岐市芦辺町箱崎大左右触５００－２", "緯度": 33.817304, "経度": 129.756923, "url": "https://www.iryou.teikyouseido.mhlw.go.jp/znk-web/juminkanja/S2430/initialize?prefCd=42&kikanCd=cik0008&kikanKbn=2", "url2": null, "内容": "医療法人久原医院【2:診療所】【診療科目:内科_循環器内科_消化器内科】長崎県壱岐市芦辺町箱崎大左右触５００－２" }, "geometry": { "type": "Point", "coordinates": [ 129.756923, 33.817304 ] } },
{ "type": "Feature", "properties": { "ID": "422cik0011", "正式名称": "江田小児科内科医院", "機関区分": 2, "都道府県コード": 42, "市区町村コード": 210, "所在地": "長崎県壱岐市石田町印通寺浦３０２番地", "緯度": 33.744258, "経度": 129.754174, "url": "https://www.iryou.teikyouseido.mhlw.go.jp/znk-web/juminkanja/S2430/initialize?prefCd=42&kikanCd=cik0011&kikanKbn=2", "url2": "http://edaiin-iki.jp", "内容": "江田小児科内科医院【2:診療所】【診療科目:内科_小児科】長崎県壱岐市石田町印通寺浦３０２番地" }, "geometry": { "type": "Point", "coordinates": [ 129.754174, 33.744258 ] } },
{ "type": "Feature", "properties": { "ID": "422cik0013", "正式名称": "光風クリニック", "機関区分": 2, "都道府県コード": 42, "市区町村コード": 210, "所在地": "長崎県壱岐市郷ノ浦町東触字平１００６番地１", "緯度": 33.7564, "経度": 129.702116, "url": "https://www.iryou.teikyouseido.mhlw.go.jp/znk-web/juminkanja/S2430/initialize?prefCd=42&kikanCd=cik0013&kikanKbn=2", "url2": null, "内容": "光風クリニック【2:診療所】【診療科目:内科】長崎県壱岐市郷ノ浦町東触字平１００６番地１" }, "geometry": { "type": "Point", "coordinates": [ 129.702116, 33.7564 ] } },
{ "type": "Feature", "properties": { "ID": "422cik0014", "正式名称": "さくら耳鼻咽喉科クリニック", "機関区分": 2, "都道府県コード": 42, "市区町村コード": 210, "所在地": "長崎県壱岐市郷ノ浦町郷ノ浦１１", "緯度": 33.748036, "経度": 129.691257, "url": "https://www.iryou.teikyouseido.mhlw.go.jp/znk-web/juminkanja/S2430/initialize?prefCd=42&kikanCd=cik0014&kikanKbn=2", "url2": "http://www5d.biglobe.ne.jp/~sakura-j/", "内容": "さくら耳鼻咽喉科クリニック【2:診療所】【診療科目:耳鼻いんこう科】長崎県壱岐市郷ノ浦町郷ノ浦１１" }, "geometry": { "type": "Point", "coordinates": [ 129.691257, 33.748036 ] } },
{ "type": "Feature", "properties": { "ID": "422cik0016", "正式名称": "光の苑診療所", "機関区分": 2, "都道府県コード": 42, "市区町村コード": 210, "所在地": "長崎県壱岐市郷ノ浦町志原西触１０６６番地", "緯度": 33.746838, "経度": 129.684064, "url": "https://www.iryou.teikyouseido.mhlw.go.jp/znk-web/juminkanja/S2430/initialize?prefCd=42&kikanCd=cik0016&kikanKbn=2", "url2": null, "内容": "光の苑診療所【2:診療所】【診療科目:内科】長崎県壱岐市郷ノ浦町志原西触１０６６番地" }, "geometry": { "type": "Point", "coordinates": [ 129.684064, 33.746838 ] } },
{ "type": "Feature", "properties": { "ID": "422cik0019", "正式名称": "医療法人清光会　山内眼科医院", "機関区分": 2, "都道府県コード": 42, "市区町村コード": 210, "所在地": "長崎県壱岐市郷ノ浦町東触１３１０番地", "緯度": 33.755369, "経度": 129.707393, "url": "https://www.iryou.teikyouseido.mhlw.go.jp/znk-web/juminkanja/S2430/initialize?prefCd=42&kikanCd=cik0019&kikanKbn=2", "url2": "http://yamauchieye.com/index.htm", "内容": "医療法人清光会　山内眼科医院【2:診療所】【診療科目:眼科】長崎県壱岐市郷ノ浦町東触１３１０番地" }, "geometry": { "type": "Point", "coordinates": [ 129.707393, 33.755369 ] } },
{ "type": "Feature", "properties": { "ID": "422cik0021", "正式名称": "でぐち整形外科医院", "機関区分": 2, "都道府県コード": 42, "市区町村コード": 210, "所在地": "長崎県壱岐市郷ノ浦町郷ノ浦５３－２", "緯度": 33.747611, "経度": 129.691983, "url": "https://www.iryou.teikyouseido.mhlw.go.jp/znk-web/juminkanja/S2430/initialize?prefCd=42&kikanCd=cik0021&kikanKbn=2", "url2": "https://deguchi-seikei.com", "内容": "でぐち整形外科医院【2:診療所】【診療科目:整形外科_リハビリテーション科】長崎県壱岐市郷ノ浦町郷ノ浦５３－２" }, "geometry": { "type": "Point", "coordinates": [ 129.691983, 33.747611 ] } },
{ "type": "Feature", "properties": { "ID": "422cik0024", "正式名称": "松嶋医院", "機関区分": 2, "都道府県コード": 42, "市区町村コード": 210, "所在地": "長崎県壱岐市芦辺町箱崎大左右触５５０－２", "緯度": 33.815672, "経度": 129.756247, "url": "https://www.iryou.teikyouseido.mhlw.go.jp/znk-web/juminkanja/S2430/initialize?prefCd=42&kikanCd=cik0024&kikanKbn=2", "url2": "https://matsushima-iin.com", "内容": "松嶋医院【2:診療所】【診療科目:内科_整形外科_皮膚科】長崎県壱岐市芦辺町箱崎大左右触５５０－２" }, "geometry": { "type": "Point", "coordinates": [ 129.756247, 33.815672 ] } },
{ "type": "Feature", "properties": { "ID": "422cik0025", "正式名称": "しらかわ内科クリニック", "機関区分": 2, "都道府県コード": 42, "市区町村コード": 210, "所在地": "長崎県壱岐市芦辺町諸吉仲触４－１", "緯度": 33.792853, "経度": 129.757717, "url": "https://www.iryou.teikyouseido.mhlw.go.jp/znk-web/juminkanja/S2430/initialize?prefCd=42&kikanCd=cik0025&kikanKbn=2", "url2": "https://www.shirakawanaika.com/", "内容": "しらかわ内科クリニック【2:診療所】【診療科目:内科_循環器内科_消化器内科】長崎県壱岐市芦辺町諸吉仲触４－１" }, "geometry": { "type": "Point", "coordinates": [ 129.757717, 33.792853 ] } },
{ "type": "Feature", "properties": { "ID": "422cka0001", "正式名称": "新上五島町立岩瀬浦診療所", "機関区分": 2, "都道府県コード": 42, "市区町村コード": 411, "所在地": "長崎県南松浦郡新上五島町岩瀬浦郷４２５番地１", "緯度": 32.881302, "経度": 129.08311, "url": "https://www.iryou.teikyouseido.mhlw.go.jp/znk-web/juminkanja/S2430/initialize?prefCd=42&kikanCd=cka0001&kikanKbn=2", "url2": null, "内容": "新上五島町立岩瀬浦診療所【2:診療所】【診療科目:内科_小児科】長崎県南松浦郡新上五島町岩瀬浦郷４２５番地１" }, "geometry": { "type": "Point", "coordinates": [ 129.08311, 32.881302 ] } },
{ "type": "Feature", "properties": { "ID": "422cka0005", "正式名称": "新上五島町国民健康保険榎津診療所", "機関区分": 2, "都道府県コード": 42, "市区町村コード": 411, "所在地": "長崎県南松浦郡新上五島町榎津郷２１６番地", "緯度": 32.996785, "経度": 129.091649, "url": "https://www.iryou.teikyouseido.mhlw.go.jp/znk-web/juminkanja/S2430/initialize?prefCd=42&kikanCd=cka0005&kikanKbn=2", "url2": null, "内容": "新上五島町国民健康保険榎津診療所【2:診療所】【診療科目:内科_外科_小児科】長崎県南松浦郡新上五島町榎津郷２１６番地" }, "geometry": { "type": "Point", "coordinates": [ 129.091649, 32.996785 ] } },
{ "type": "Feature", "properties": { "ID": "422cka0006", "正式名称": "新上五島町立仲知へき地診療所", "機関区分": 2, "都道府県コード": 42, "市区町村コード": 411, "所在地": "長崎県南松浦郡新上五島町津和崎郷９８４番地１", "緯度": 33.117794, "経度": 129.102839, "url": "https://www.iryou.teikyouseido.mhlw.go.jp/znk-web/juminkanja/S2430/initialize?prefCd=42&kikanCd=cka0006&kikanKbn=2", "url2": null, "内容": "新上五島町立仲知へき地診療所【2:診療所】【診療科目:内科_外科_小児科】長崎県南松浦郡新上五島町津和崎郷９８４番地１" }, "geometry": { "type": "Point", "coordinates": [ 129.102839, 33.117794 ] } },
{ "type": "Feature", "properties": { "ID": "422cka0007", "正式名称": "新上五島町新魚目国民健康保険診療所", "機関区分": 2, "都道府県コード": 42, "市区町村コード": 411, "所在地": "長崎県南松浦郡新上五島町小串郷１４８０番地１", "緯度": 33.055317, "経度": 129.097647, "url": "https://www.iryou.teikyouseido.mhlw.go.jp/znk-web/juminkanja/S2430/initialize?prefCd=42&kikanCd=cka0007&kikanKbn=2", "url2": null, "内容": "新上五島町新魚目国民健康保険診療所【2:診療所】【診療科目:内科_外科_小児科_歯科】長崎県南松浦郡新上五島町小串郷１４８０番地１" }, "geometry": { "type": "Point", "coordinates": [ 129.097647, 33.055317 ] } },
{ "type": "Feature", "properties": { "ID": "422cka0009", "正式名称": "新上五島町立東神ノ浦へき地診療所", "機関区分": 2, "都道府県コード": 42, "市区町村コード": 411, "所在地": "長崎県南松浦郡新上五島町東神ノ浦郷１４５番地", "緯度": 32.925219, "経度": 129.08428, "url": "https://www.iryou.teikyouseido.mhlw.go.jp/znk-web/juminkanja/S2430/initialize?prefCd=42&kikanCd=cka0009&kikanKbn=2", "url2": null, "内容": "新上五島町立東神ノ浦へき地診療所【2:診療所】【診療科目:内科_外科_小児科】長崎県南松浦郡新上五島町東神ノ浦郷１４５番地" }, "geometry": { "type": "Point", "coordinates": [ 129.08428, 32.925219 ] } },
{ "type": "Feature", "properties": { "ID": "422cka0013", "正式名称": "新上五島町立津和崎へき地診療所", "機関区分": 2, "都道府県コード": 42, "市区町村コード": 411, "所在地": "長崎県南松浦郡新上五島町津和崎郷４７６番地１", "緯度": 33.147831, "経度": 129.110349, "url": "https://www.iryou.teikyouseido.mhlw.go.jp/znk-web/juminkanja/S2430/initialize?prefCd=42&kikanCd=cka0013&kikanKbn=2", "url2": null, "内容": "新上五島町立津和崎へき地診療所【2:診療所】【診療科目:内科_外科_小児科】長崎県南松浦郡新上五島町津和崎郷４７６番地１" }, "geometry": { "type": "Point", "coordinates": [ 129.110349, 33.147831 ] } },
{ "type": "Feature", "properties": { "ID": "422cka0014", "正式名称": "新上五島町立　奈摩診療所", "機関区分": 2, "都道府県コード": 42, "市区町村コード": 411, "所在地": "長崎県南松浦郡新上五島町奈摩郷２５番地", "緯度": 33.018148, "経度": 129.070078, "url": "https://www.iryou.teikyouseido.mhlw.go.jp/znk-web/juminkanja/S2430/initialize?prefCd=42&kikanCd=cka0014&kikanKbn=2", "url2": null, "内容": "新上五島町立　奈摩診療所【2:診療所】【診療科目:内科_外科_小児科】長崎県南松浦郡新上五島町奈摩郷２５番地" }, "geometry": { "type": "Point", "coordinates": [ 129.070078, 33.018148 ] } },
{ "type": "Feature", "properties": { "ID": "422cka0017", "正式名称": "崎浦地区へき地診療所", "機関区分": 2, "都道府県コード": 42, "市区町村コード": 411, "所在地": "長崎県南松浦郡新上五島町友住郷１３２番地１", "緯度": 32.998893, "経度": 129.173152, "url": "https://www.iryou.teikyouseido.mhlw.go.jp/znk-web/juminkanja/S2430/initialize?prefCd=42&kikanCd=cka0017&kikanKbn=2", "url2": null, "内容": "崎浦地区へき地診療所【2:診療所】【診療科目:内科_外科_整形外科_小児科】長崎県南松浦郡新上五島町友住郷１３２番地１" }, "geometry": { "type": "Point", "coordinates": [ 129.173152, 32.998893 ] } },
{ "type": "Feature", "properties": { "ID": "422cka0018", "正式名称": "小値賀町国民健康保険診療所", "機関区分": 2, "都道府県コード": 42, "市区町村コード": 383, "所在地": "長崎県北松浦郡小値賀町笛吹郷２４２８番地１", "緯度": 33.192079, "経度": 129.059911, "url": "https://www.iryou.teikyouseido.mhlw.go.jp/znk-web/juminkanja/S2430/initialize?prefCd=42&kikanCd=cka0018&kikanKbn=2", "url2": null, "内容": "小値賀町国民健康保険診療所【2:診療所】【診療科目:内科_整形外科_小児科_眼科_精神科】長崎県北松浦郡小値賀町笛吹郷２４２８番地１" }, "geometry": { "type": "Point", "coordinates": [ 129.059911, 33.192079 ] } },
{ "type": "Feature", "properties": { "ID": "422cka0019", "正式名称": "新上五島町若松国民健康保険診療所", "機関区分": 2, "都道府県コード": 42, "市区町村コード": 411, "所在地": "長崎県南松浦郡新上五島町若松郷２８７番地", "緯度": 32.87066, "経度": 129.021569, "url": "https://www.iryou.teikyouseido.mhlw.go.jp/znk-web/juminkanja/S2430/initialize?prefCd=42&kikanCd=cka0019&kikanKbn=2", "url2": null, "内容": "新上五島町若松国民健康保険診療所【2:診療所】【診療科目:内科_外科_小児科】長崎県南松浦郡新上五島町若松郷２８７番地" }, "geometry": { "type": "Point", "coordinates": [ 129.021569, 32.87066 ] } },
{ "type": "Feature", "properties": { "ID": "422cka0022", "正式名称": "新上五島町立太田診療所", "機関区分": 2, "都道府県コード": 42, "市区町村コード": 411, "所在地": "長崎県南松浦郡新上五島町太田郷１６５９番地", "緯度": 32.956639, "経度": 129.147143, "url": "https://www.iryou.teikyouseido.mhlw.go.jp/znk-web/juminkanja/S2430/initialize?prefCd=42&kikanCd=cka0022&kikanKbn=2", "url2": null, "内容": "新上五島町立太田診療所【2:診療所】【診療科目:内科_外科_小児科】長崎県南松浦郡新上五島町太田郷１６５９番地" }, "geometry": { "type": "Point", "coordinates": [ 129.147143, 32.956639 ] } },
{ "type": "Feature", "properties": { "ID": "422cka0024", "正式名称": "長崎県上五島病院附属診療所有川医療センター", "機関区分": 2, "都道府県コード": 42, "市区町村コード": 411, "所在地": "長崎県南松浦郡新上五島町有川郷２２５５番地", "緯度": 32.980127, "経度": 129.116989, "url": "https://www.iryou.teikyouseido.mhlw.go.jp/znk-web/juminkanja/S2430/initialize?prefCd=42&kikanCd=cka0024&kikanKbn=2", "url2": "http://www.kamigoto-hospital.jp/arikawa-mc/", "内容": "長崎県上五島病院附属診療所有川医療センター【2:診療所】【診療科目:内科_外科_整形外科_小児科_リハビリテーション科】長崎県南松浦郡新上五島町有川郷２２５５番地" }, "geometry": { "type": "Point", "coordinates": [ 129.116989, 32.980127 ] } },
{ "type": "Feature", "properties": { "ID": "422cka0025", "正式名称": "長崎県上五島病院附属診療所　奈良尾医療センター", "機関区分": 2, "都道府県コード": 42, "市区町村コード": 411, "所在地": "長崎県南松浦郡新上五島町奈良尾郷字新港１０００番地", "緯度": 32.842845, "経度": 129.058051, "url": "https://www.iryou.teikyouseido.mhlw.go.jp/znk-web/juminkanja/S2430/initialize?prefCd=42&kikanCd=cka0025&kikanKbn=2", "url2": "http://www.kamigoto-hospital.jp/narao-mc/", "内容": "長崎県上五島病院附属診療所　奈良尾医療センター【2:診療所】【診療科目:内科_外科_整形外科_小児科_眼科_リハビリテーション科】長崎県南松浦郡新上五島町奈良尾郷字新港１０００番地" }, "geometry": { "type": "Point", "coordinates": [ 129.058051, 32.842845 ] } },
{ "type": "Feature", "properties": { "ID": "422cka0027", "正式名称": "新上五島町立日島へき地診療所", "機関区分": 2, "都道府県コード": 42, "市区町村コード": 411, "所在地": "長崎県南松浦郡新上五島町日島郷９４番地", "緯度": 32.917102, "経度": 128.960427, "url": "https://www.iryou.teikyouseido.mhlw.go.jp/znk-web/juminkanja/S2430/initialize?prefCd=42&kikanCd=cka0027&kikanKbn=2", "url2": null, "内容": "新上五島町立日島へき地診療所【2:診療所】【診療科目:内科_外科_小児科】長崎県南松浦郡新上五島町日島郷９４番地" }, "geometry": { "type": "Point", "coordinates": [ 128.960427, 32.917102 ] } },
{ "type": "Feature", "properties": { "ID": "422cki0002", "正式名称": "ごとう耳鼻咽喉科医院", "機関区分": 2, "都道府県コード": 42, "市区町村コード": 207, "所在地": "長崎県平戸市戸石川町９６４", "緯度": 33.362704, "経度": 129.550548, "url": "https://www.iryou.teikyouseido.mhlw.go.jp/znk-web/juminkanja/S2430/initialize?prefCd=42&kikanCd=cki0002&kikanKbn=2", "url2": "http://www.gotoujibika.com", "内容": "ごとう耳鼻咽喉科医院【2:診療所】【診療科目:耳鼻いんこう科】長崎県平戸市戸石川町９６４" }, "geometry": { "type": "Point", "coordinates": [ 129.550548, 33.362704 ] } },
{ "type": "Feature", "properties": { "ID": "422cki0005", "正式名称": "医療法人純健会しおざわ内科消化器科", "機関区分": 2, "都道府県コード": 42, "市区町村コード": 207, "所在地": "長崎県平戸市田平町小手田免９４６", "緯度": 33.358044, "経度": 129.57861, "url": "https://www.iryou.teikyouseido.mhlw.go.jp/znk-web/juminkanja/S2430/initialize?prefCd=42&kikanCd=cki0005&kikanKbn=2", "url2": "https://shiozawanaika.or.jp/", "内容": "医療法人純健会しおざわ内科消化器科【2:診療所】【診療科目:内科_消化器内科】長崎県平戸市田平町小手田免９４６" }, "geometry": { "type": "Point", "coordinates": [ 129.57861, 33.358044 ] } },
{ "type": "Feature", "properties": { "ID": "422cki0008", "正式名称": "医療法人かわむら内科", "機関区分": 2, "都道府県コード": 42, "市区町村コード": 391, "所在地": "長崎県北松浦郡佐々町市場免７番地１", "緯度": 33.235152, "経度": 129.646796, "url": "https://www.iryou.teikyouseido.mhlw.go.jp/znk-web/juminkanja/S2430/initialize?prefCd=42&kikanCd=cki0008&kikanKbn=2", "url2": null, "内容": "医療法人かわむら内科【2:診療所】【診療科目:内科_リハビリテーション科】長崎県北松浦郡佐々町市場免７番地１" }, "geometry": { "type": "Point", "coordinates": [ 129.646796, 33.235152 ] } },
{ "type": "Feature", "properties": { "ID": "422cki0009", "正式名称": "とくだ眼科", "機関区分": 2, "都道府県コード": 42, "市区町村コード": 391, "所在地": "長崎県北松浦郡佐々町松瀬免９９－３", "緯度": 33.262216, "経度": 129.666612, "url": "https://www.iryou.teikyouseido.mhlw.go.jp/znk-web/juminkanja/S2430/initialize?prefCd=42&kikanCd=cki0009&kikanKbn=2", "url2": null, "内容": "とくだ眼科【2:診療所】【診療科目:眼科】長崎県北松浦郡佐々町松瀬免９９－３" }, "geometry": { "type": "Point", "coordinates": [ 129.666612, 33.262216 ] } },
{ "type": "Feature", "properties": { "ID": "422cki0010", "正式名称": "医療法人社団博友会徳田医院", "機関区分": 2, "都道府県コード": 42, "市区町村コード": 391, "所在地": "長崎県北松浦郡佐々町本田原免２２８番地", "緯度": 33.235762, "経度": 129.649377, "url": "https://www.iryou.teikyouseido.mhlw.go.jp/znk-web/juminkanja/S2430/initialize?prefCd=42&kikanCd=cki0010&kikanKbn=2", "url2": null, "内容": "医療法人社団博友会徳田医院【2:診療所】【診療科目:内科】長崎県北松浦郡佐々町本田原免２２８番地" }, "geometry": { "type": "Point", "coordinates": [ 129.649377, 33.235762 ] } },
{ "type": "Feature", "properties": { "ID": "422cki0012", "正式名称": "医療法人中山レディースクリニック", "機関区分": 2, "都道府県コード": 42, "市区町村コード": 208, "所在地": "長崎県松浦市志佐町里免２９７", "緯度": 33.337484, "経度": 129.709951, "url": "https://www.iryou.teikyouseido.mhlw.go.jp/znk-web/juminkanja/S2430/initialize?prefCd=42&kikanCd=cki0012&kikanKbn=2", "url2": null, "内容": "医療法人中山レディースクリニック【2:診療所】【診療科目:産婦人科_婦人科】長崎県松浦市志佐町里免２９７" }, "geometry": { "type": "Point", "coordinates": [ 129.709951, 33.337484 ] } },
{ "type": "Feature", "properties": { "ID": "422cki0013", "正式名称": "医療法人　前田外科胃腸科医院", "機関区分": 2, "都道府県コード": 42, "市区町村コード": 391, "所在地": "長崎県北松浦郡佐々町市場免１５－１", "緯度": 33.234496, "経度": 129.647502, "url": "https://www.iryou.teikyouseido.mhlw.go.jp/znk-web/juminkanja/S2430/initialize?prefCd=42&kikanCd=cki0013&kikanKbn=2", "url2": null, "内容": "医療法人　前田外科胃腸科医院【2:診療所】【診療科目:内科_消化器内科_外科_肛門外科_整形外科_リハビリテーション科_放射線科】長崎県北松浦郡佐々町市場免１５－１" }, "geometry": { "type": "Point", "coordinates": [ 129.647502, 33.234496 ] } },
{ "type": "Feature", "properties": { "ID": "422cki0014", "正式名称": "佐々町国民健康保険診療所", "機関区分": 2, "都道府県コード": 42, "市区町村コード": 391, "所在地": "長崎県北松浦郡佐々町市場免２３番地１", "緯度": 33.233808, "経度": 129.647461, "url": "https://www.iryou.teikyouseido.mhlw.go.jp/znk-web/juminkanja/S2430/initialize?prefCd=42&kikanCd=cki0014&kikanKbn=2", "url2": null, "内容": "佐々町国民健康保険診療所【2:診療所】【診療科目:内科_小児科_精神科】長崎県北松浦郡佐々町市場免２３番地１" }, "geometry": { "type": "Point", "coordinates": [ 129.647461, 33.233808 ] } },
{ "type": "Feature", "properties": { "ID": "422cki0015", "正式名称": "山田医院", "機関区分": 2, "都道府県コード": 42, "市区町村コード": 391, "所在地": "長崎県北松浦郡佐々町本田原免１３７－３", "緯度": 33.239171, "経度": 129.650627, "url": "https://www.iryou.teikyouseido.mhlw.go.jp/znk-web/juminkanja/S2430/initialize?prefCd=42&kikanCd=cki0015&kikanKbn=2", "url2": null, "内容": "山田医院【2:診療所】【診療科目:内科_消化器内科_胃腸内科】長崎県北松浦郡佐々町本田原免１３７－３" }, "geometry": { "type": "Point", "coordinates": [ 129.650627, 33.239171 ] } },
{ "type": "Feature", "properties": { "ID": "422cki0018", "正式名称": "国民健康保険直営松浦市立福島診療所", "機関区分": 2, "都道府県コード": 42, "市区町村コード": 208, "所在地": "長崎県松浦市福島町塩浜免２９４４番地２１", "緯度": 33.366339, "経度": 129.820266, "url": "https://www.iryou.teikyouseido.mhlw.go.jp/znk-web/juminkanja/S2430/initialize?prefCd=42&kikanCd=cki0018&kikanKbn=2", "url2": "https://www.city-matsuura.jp/top/kenko_fukushi/iryo_shinryo/iryokikan/2247.html", "内容": "国民健康保険直営松浦市立福島診療所【2:診療所】【診療科目:内科_循環器内科_消化器内科_外科_消化器外科_整形外科】長崎県松浦市福島町塩浜免２９４４番地２１" }, "geometry": { "type": "Point", "coordinates": [ 129.820266, 33.366339 ] } },
{ "type": "Feature", "properties": { "ID": "422cki0019", "正式名称": "松浦市立青島診療所", "機関区分": 2, "都道府県コード": 42, "市区町村コード": 208, "所在地": "長崎県松浦市星鹿町青島免６５１", "緯度": 33.411765, "経度": 129.687851, "url": "https://www.iryou.teikyouseido.mhlw.go.jp/znk-web/juminkanja/S2430/initialize?prefCd=42&kikanCd=cki0019&kikanKbn=2", "url2": "https://www.city-matsuura.jp/top/soshikikarasagasu/kenkohokenka/kenkosuishingakari/1/2/838.html", "内容": "松浦市立青島診療所【2:診療所】【診療科目:内科_外科】長崎県松浦市星鹿町青島免６５１" }, "geometry": { "type": "Point", "coordinates": [ 129.687851, 33.411765 ] } },
{ "type": "Feature", "properties": { "ID": "422cki0020", "正式名称": "かわかみ皮フ科クリニック", "機関区分": 2, "都道府県コード": 42, "市区町村コード": 391, "所在地": "長崎県北松浦郡佐々町本田原免１０７ー１ファースト坂本ビル１Ｆ", "緯度": 33.239675, "経度": 129.651059, "url": "https://www.iryou.teikyouseido.mhlw.go.jp/znk-web/juminkanja/S2430/initialize?prefCd=42&kikanCd=cki0020&kikanKbn=2", "url2": null, "内容": "かわかみ皮フ科クリニック【2:診療所】【診療科目:皮膚科】長崎県北松浦郡佐々町本田原免１０７ー１ファースト坂本ビル１Ｆ" }, "geometry": { "type": "Point", "coordinates": [ 129.651059, 33.239675 ] } },
{ "type": "Feature", "properties": { "ID": "422cki0022", "正式名称": "国民健康保険直営松浦市立福島診療所原分院", "機関区分": 2, "都道府県コード": 42, "市区町村コード": 208, "所在地": "長崎県松浦市福島町原免１１０６番地", "緯度": 33.400147, "経度": 129.816773, "url": "https://www.iryou.teikyouseido.mhlw.go.jp/znk-web/juminkanja/S2430/initialize?prefCd=42&kikanCd=cki0022&kikanKbn=2", "url2": null, "内容": "国民健康保険直営松浦市立福島診療所原分院【2:診療所】【診療科目:内科_循環器内科_消化器内科_外科】長崎県松浦市福島町原免１１０６番地" }, "geometry": { "type": "Point", "coordinates": [ 129.816773, 33.400147 ] } },
{ "type": "Feature", "properties": { "ID": "422cki0026", "正式名称": "能塚医院", "機関区分": 2, "都道府県コード": 42, "市区町村コード": 208, "所在地": "長崎県松浦市志佐町高野免１２０番地１", "緯度": 33.332363, "経度": 129.712388, "url": "https://www.iryou.teikyouseido.mhlw.go.jp/znk-web/juminkanja/S2430/initialize?prefCd=42&kikanCd=cki0026&kikanKbn=2", "url2": null, "内容": "能塚医院【2:診療所】【診療科目:内科_呼吸器内科_外科_皮膚科】長崎県松浦市志佐町高野免１２０番地１" }, "geometry": { "type": "Point", "coordinates": [ 129.712388, 33.332363 ] } },
{ "type": "Feature", "properties": { "ID": "422cki0028", "正式名称": "国民健康保険直営松浦市立鷹島診療所", "機関区分": 2, "都道府県コード": 42, "市区町村コード": 208, "所在地": "長崎県松浦市鷹島町神崎免３５２番地１", "緯度": 33.446007, "経度": 129.752374, "url": "https://www.iryou.teikyouseido.mhlw.go.jp/znk-web/juminkanja/S2430/initialize?prefCd=42&kikanCd=cki0028&kikanKbn=2", "url2": null, "内容": "国民健康保険直営松浦市立鷹島診療所【2:診療所】【診療科目:内科_外科】長崎県松浦市鷹島町神崎免３５２番地１" }, "geometry": { "type": "Point", "coordinates": [ 129.752374, 33.446007 ] } },
{ "type": "Feature", "properties": { "ID": "422cki0029", "正式名称": "木村内科循環器科", "機関区分": 2, "都道府県コード": 42, "市区町村コード": 208, "所在地": "長崎県松浦市調川町下免９１番地", "緯度": 33.350466, "経度": 129.726062, "url": "https://www.iryou.teikyouseido.mhlw.go.jp/znk-web/juminkanja/S2430/initialize?prefCd=42&kikanCd=cki0029&kikanKbn=2", "url2": null, "内容": "木村内科循環器科【2:診療所】【診療科目:内科_循環器内科_消化器内科】長崎県松浦市調川町下免９１番地" }, "geometry": { "type": "Point", "coordinates": [ 129.726062, 33.350466 ] } },
{ "type": "Feature", "properties": { "ID": "422cki0031", "正式名称": "特別養護老人ホーム平戸荘診療所", "機関区分": 2, "都道府県コード": 42, "市区町村コード": 207, "所在地": "長崎県平戸市紐差町４５０番地", "緯度": 33.284772, "経度": 129.475462, "url": "https://www.iryou.teikyouseido.mhlw.go.jp/znk-web/juminkanja/S2430/initialize?prefCd=42&kikanCd=cki0031&kikanKbn=2", "url2": "http://www.hakujukai.com/", "内容": "特別養護老人ホーム平戸荘診療所【2:診療所】【診療科目:内科_外科】長崎県平戸市紐差町４５０番地" }, "geometry": { "type": "Point", "coordinates": [ 129.475462, 33.284772 ] } },
{ "type": "Feature", "properties": { "ID": "422cki0034", "正式名称": "柿添病院附属中野診療所", "機関区分": 2, "都道府県コード": 42, "市区町村コード": 207, "所在地": "長崎県平戸市山中町６９６番地３", "緯度": 33.343483, "経度": 129.507509, "url": "https://www.iryou.teikyouseido.mhlw.go.jp/znk-web/juminkanja/S2430/initialize?prefCd=42&kikanCd=cki0034&kikanKbn=2", "url2": "http://www.kakizoehospital.or.jp", "内容": "柿添病院附属中野診療所【2:診療所】【診療科目:内科_耳鼻いんこう科】長崎県平戸市山中町６９６番地３" }, "geometry": { "type": "Point", "coordinates": [ 129.507509, 33.343483 ] } },
{ "type": "Feature", "properties": { "ID": "422cki0036", "正式名称": "医療法人　坂口こどもクリニック", "機関区分": 2, "都道府県コード": 42, "市区町村コード": 208, "所在地": "長崎県松浦市志佐町浦免１７３８番地２", "緯度": 33.340647, "経度": 129.704765, "url": "https://www.iryou.teikyouseido.mhlw.go.jp/znk-web/juminkanja/S2430/initialize?prefCd=42&kikanCd=cki0036&kikanKbn=2", "url2": null, "内容": "医療法人　坂口こどもクリニック【2:診療所】【診療科目:小児科_小児外科】長崎県松浦市志佐町浦免１７３８番地２" }, "geometry": { "type": "Point", "coordinates": [ 129.704765, 33.340647 ] } },
{ "type": "Feature", "properties": { "ID": "422cki0037", "正式名称": "医療法人くわはら医院", "機関区分": 2, "都道府県コード": 42, "市区町村コード": 207, "所在地": "長崎県平戸市宮の町５８１番地", "緯度": 33.368888, "経度": 129.552083, "url": "https://www.iryou.teikyouseido.mhlw.go.jp/znk-web/juminkanja/S2430/initialize?prefCd=42&kikanCd=cki0037&kikanKbn=2", "url2": null, "内容": "医療法人くわはら医院【2:診療所】【診療科目:内科_消化器内科_整形外科】長崎県平戸市宮の町５８１番地" }, "geometry": { "type": "Point", "coordinates": [ 129.552083, 33.368888 ] } },
{ "type": "Feature", "properties": { "ID": "422cki0038", "正式名称": "平戸市国民健康保険大島診療所的山出張所", "機関区分": 2, "都道府県コード": 42, "市区町村コード": 207, "所在地": "長崎県平戸市大島村的山川内７９６番地１", "緯度": 33.487641, "経度": 129.528897, "url": "https://www.iryou.teikyouseido.mhlw.go.jp/znk-web/juminkanja/S2430/initialize?prefCd=42&kikanCd=cki0038&kikanKbn=2", "url2": null, "内容": "平戸市国民健康保険大島診療所的山出張所【2:診療所】【診療科目:内科_外科】長崎県平戸市大島村的山川内７９６番地１" }, "geometry": { "type": "Point", "coordinates": [ 129.528897, 33.487641 ] } },
{ "type": "Feature", "properties": { "ID": "422cki0041", "正式名称": "平戸市国民健康保険度島診療所", "機関区分": 2, "都道府県コード": 42, "市区町村コード": 207, "所在地": "長崎県平戸市度島町１６７３", "緯度": 33.432776, "経度": 129.515037, "url": "https://www.iryou.teikyouseido.mhlw.go.jp/znk-web/juminkanja/S2430/initialize?prefCd=42&kikanCd=cki0041&kikanKbn=2", "url2": null, "内容": "平戸市国民健康保険度島診療所【2:診療所】【診療科目:内科_外科_小児科】長崎県平戸市度島町１６７３" }, "geometry": { "type": "Point", "coordinates": [ 129.515037, 33.432776 ] } },
{ "type": "Feature", "properties": { "ID": "422cki0042", "正式名称": "白壁外科医院", "機関区分": 2, "都道府県コード": 42, "市区町村コード": 208, "所在地": "長崎県松浦市今福町浦免４２３番地", "緯度": 33.35243, "経度": 129.76616, "url": "https://www.iryou.teikyouseido.mhlw.go.jp/znk-web/juminkanja/S2430/initialize?prefCd=42&kikanCd=cki0042&kikanKbn=2", "url2": null, "内容": "白壁外科医院【2:診療所】【診療科目:内科_外科_整形外科】長崎県松浦市今福町浦免４２３番地" }, "geometry": { "type": "Point", "coordinates": [ 129.76616, 33.35243 ] } },
{ "type": "Feature", "properties": { "ID": "422cki0047", "正式名称": "幸福堂医院", "機関区分": 2, "都道府県コード": 42, "市区町村コード": 207, "所在地": "長崎県平戸市辻町１８４－３３", "緯度": 33.218008, "経度": 129.42599, "url": "https://www.iryou.teikyouseido.mhlw.go.jp/znk-web/juminkanja/S2430/initialize?prefCd=42&kikanCd=cki0047&kikanKbn=2", "url2": null, "内容": "幸福堂医院【2:診療所】【診療科目:内科_小児科_リハビリテーション科】長崎県平戸市辻町１８４－３３" }, "geometry": { "type": "Point", "coordinates": [ 129.42599, 33.218008 ] } },
{ "type": "Feature", "properties": { "ID": "422cki0053", "正式名称": "医療法人社団流星群　はたえ眼科", "機関区分": 2, "都道府県コード": 42, "市区町村コード": 207, "所在地": "長崎県平戸市田平町山内免４６０番地１号", "緯度": 33.363901, "経度": 129.583535, "url": "https://www.iryou.teikyouseido.mhlw.go.jp/znk-web/juminkanja/S2430/initialize?prefCd=42&kikanCd=cki0053&kikanKbn=2", "url2": "http://www.hatae-ganka.com/", "内容": "医療法人社団流星群　はたえ眼科【2:診療所】【診療科目:眼科】長崎県平戸市田平町山内免４６０番地１号" }, "geometry": { "type": "Point", "coordinates": [ 129.583535, 33.363901 ] } },
{ "type": "Feature", "properties": { "ID": "422cki0054", "正式名称": "医療法人やまぐち小児科", "機関区分": 2, "都道府県コード": 42, "市区町村コード": 391, "所在地": "長崎県北松浦郡佐々町本田原免１１２番１", "緯度": 33.239312, "経度": 129.651505, "url": "https://www.iryou.teikyouseido.mhlw.go.jp/znk-web/juminkanja/S2430/initialize?prefCd=42&kikanCd=cki0054&kikanKbn=2", "url2": "https://www.yamaguchi-syounika.com", "内容": "医療法人やまぐち小児科【2:診療所】【診療科目:小児科】長崎県北松浦郡佐々町本田原免１１２番１" }, "geometry": { "type": "Point", "coordinates": [ 129.651505, 33.239312 ] } },
{ "type": "Feature", "properties": { "ID": "422cki0058", "正式名称": "平井産婦人科医院", "機関区分": 2, "都道府県コード": 42, "市区町村コード": 391, "所在地": "長崎県北松浦郡佐々町羽須和免７８０番地５", "緯度": 33.234663, "経度": 129.651393, "url": "https://www.iryou.teikyouseido.mhlw.go.jp/znk-web/juminkanja/S2430/initialize?prefCd=42&kikanCd=cki0058&kikanKbn=2", "url2": null, "内容": "平井産婦人科医院【2:診療所】【診療科目:産婦人科】長崎県北松浦郡佐々町羽須和免７８０番地５" }, "geometry": { "type": "Point", "coordinates": [ 129.651393, 33.234663 ] } },
{ "type": "Feature", "properties": { "ID": "422cki0064", "正式名称": "いなざわ歯科医院", "機関区分": 2, "都道府県コード": 42, "市区町村コード": 207, "所在地": "長崎県平戸市田平町里免１３６−１", "緯度": 33.359824, "経度": 129.590842, "url": "https://www.iryou.teikyouseido.mhlw.go.jp/znk-web/juminkanja/S2430/initialize?prefCd=42&kikanCd=cki0064&kikanKbn=2", "url2": null, "内容": "いなざわ歯科医院【2:診療所】【診療科目:内科_歯科】長崎県平戸市田平町里免１３６−１" }, "geometry": { "type": "Point", "coordinates": [ 129.590842, 33.359824 ] } },
{ "type": "Feature", "properties": { "ID": "422cki0066", "正式名称": "押渕医院", "機関区分": 2, "都道府県コード": 42, "市区町村コード": 208, "所在地": "長崎県松浦市御厨町里免３７番地の１", "緯度": 33.366356, "経度": 129.663139, "url": "https://www.iryou.teikyouseido.mhlw.go.jp/znk-web/juminkanja/S2430/initialize?prefCd=42&kikanCd=cki0066&kikanKbn=2", "url2": "https://soushikai-oshibuchi.com/", "内容": "押渕医院【2:診療所】【診療科目:内科_神経内科_疼痛緩和内科_外科_消化器外科_整形外科_リハビリテーション科_麻酔科】長崎県松浦市御厨町里免３７番地の１" }, "geometry": { "type": "Point", "coordinates": [ 129.663139, 33.366356 ] } },
{ "type": "Feature", "properties": { "ID": "422cki0069", "正式名称": "からすやま整形外科", "機関区分": 2, "都道府県コード": 42, "市区町村コード": 391, "所在地": "長崎県北松浦郡佐々町口石免３６６−１", "緯度": 33.229867, "経度": 129.650727, "url": "https://www.iryou.teikyouseido.mhlw.go.jp/znk-web/juminkanja/S2430/initialize?prefCd=42&kikanCd=cki0069&kikanKbn=2", "url2": null, "内容": "からすやま整形外科【2:診療所】【診療科目:整形外科_リウマチ科_リハビリテーション科】長崎県北松浦郡佐々町口石免３６６−１" }, "geometry": { "type": "Point", "coordinates": [ 129.650727, 33.229867 ] } },
{ "type": "Feature", "properties": { "ID": "422cki0070", "正式名称": "医療法人　とみやす在宅クリニック", "機関区分": 2, "都道府県コード": 42, "市区町村コード": 391, "所在地": "長崎県北松浦郡佐々町羽須和免９５３番地１", "緯度": 33.231218, "経度": 129.650143, "url": "https://www.iryou.teikyouseido.mhlw.go.jp/znk-web/juminkanja/S2430/initialize?prefCd=42&kikanCd=cki0070&kikanKbn=2", "url2": "https://www.tomiyasu-zaitaku.com", "内容": "医療法人　とみやす在宅クリニック【2:診療所】【診療科目:ペインクリニック内科_緩和ケア内科_麻酔科】長崎県北松浦郡佐々町羽須和免９５３番地１" }, "geometry": { "type": "Point", "coordinates": [ 129.650143, 33.231218 ] } },
{ "type": "Feature", "properties": { "ID": "422cki0071", "正式名称": "平戸市国民健康保険大島診療所・大島歯科診療所", "機関区分": 2, "都道府県コード": 42, "市区町村コード": 207, "所在地": "長崎県平戸市大島村前平１８４０番地１", "緯度": 33.479659, "経度": 129.554451, "url": "https://www.iryou.teikyouseido.mhlw.go.jp/znk-web/juminkanja/S2430/initialize?prefCd=42&kikanCd=cki0071&kikanKbn=2", "url2": null, "内容": "平戸市国民健康保険大島診療所・大島歯科診療所【2:診療所】【診療科目:内科_外科_歯科】長崎県平戸市大島村前平１８４０番地１" }, "geometry": { "type": "Point", "coordinates": [ 129.554451, 33.479659 ] } },
{ "type": "Feature", "properties": { "ID": "422cmi0001", "正式名称": "医療法人重眞会木下内科医院", "機関区分": 2, "都道府県コード": 42, "市区町村コード": 203, "所在地": "長崎県島原市中野町丙２２番地１", "緯度": 32.824491, "経度": 130.347776, "url": "https://www.iryou.teikyouseido.mhlw.go.jp/znk-web/juminkanja/S2430/initialize?prefCd=42&kikanCd=cmi0001&kikanKbn=2", "url2": null, "内容": "医療法人重眞会木下内科医院【2:診療所】【診療科目:内科_呼吸器内科_循環器内科_消化器内科_小児科_アレルギー科_リハビリテーション科】長崎県島原市中野町丙２２番地１" }, "geometry": { "type": "Point", "coordinates": [ 130.347776, 32.824491 ] } },
{ "type": "Feature", "properties": { "ID": "422cmi0002", "正式名称": "土井外科消化器内科医院", "機関区分": 2, "都道府県コード": 42, "市区町村コード": 203, "所在地": "長崎県島原市中町８２３番地", "緯度": 32.789287, "経度": 130.370072, "url": "https://www.iryou.teikyouseido.mhlw.go.jp/znk-web/juminkanja/S2430/initialize?prefCd=42&kikanCd=cmi0002&kikanKbn=2", "url2": null, "内容": "土井外科消化器内科医院【2:診療所】【診療科目:消化器内科_胃腸内科_内視鏡内科_外科_乳腺外科_肛門外科_内視鏡外科_整形外科】長崎県島原市中町８２３番地" }, "geometry": { "type": "Point", "coordinates": [ 130.370072, 32.789287 ] } },
{ "type": "Feature", "properties": { "ID": "422cmi0003", "正式名称": "かわはら内科胃腸科医院", "機関区分": 2, "都道府県コード": 42, "市区町村コード": 203, "所在地": "長崎県島原市坂上町７５３４－１", "緯度": 32.778079, "経度": 130.371541, "url": "https://www.iryou.teikyouseido.mhlw.go.jp/znk-web/juminkanja/S2430/initialize?prefCd=42&kikanCd=cmi0003&kikanKbn=2", "url2": null, "内容": "かわはら内科胃腸科医院【2:診療所】【診療科目:内科_呼吸器内科_消化器内科_胃腸内科_放射線科】長崎県島原市坂上町７５３４－１" }, "geometry": { "type": "Point", "coordinates": [ 130.371541, 32.778079 ] } },
{ "type": "Feature", "properties": { "ID": "422cmi0004", "正式名称": "医療法人天野医院", "機関区分": 2, "都道府県コード": 42, "市区町村コード": 213, "所在地": "長崎県雲仙市千々石町甲６７７番地", "緯度": 32.784265, "経度": 130.195124, "url": "https://www.iryou.teikyouseido.mhlw.go.jp/znk-web/juminkanja/S2430/initialize?prefCd=42&kikanCd=cmi0004&kikanKbn=2", "url2": null, "内容": "医療法人天野医院【2:診療所】【診療科目:内科_胃腸内科_外科_リハビリテーション科_放射線科】長崎県雲仙市千々石町甲６７７番地" }, "geometry": { "type": "Point", "coordinates": [ 130.195124, 32.784265 ] } },
{ "type": "Feature", "properties": { "ID": "422cmi0007", "正式名称": "医療法人　中村医院", "機関区分": 2, "都道府県コード": 42, "市区町村コード": 214, "所在地": "長崎県南島原市南有馬町　乙２２７４", "緯度": 32.631258, "経度": 130.244784, "url": "https://www.iryou.teikyouseido.mhlw.go.jp/znk-web/juminkanja/S2430/initialize?prefCd=42&kikanCd=cmi0007&kikanKbn=2", "url2": null, "内容": "医療法人　中村医院【2:診療所】【診療科目:内科_消化器内科_小児科】長崎県南島原市南有馬町　乙２２７４" }, "geometry": { "type": "Point", "coordinates": [ 130.244784, 32.631258 ] } },
{ "type": "Feature", "properties": { "ID": "422cmi0008", "正式名称": "医療法人宮崎医院", "機関区分": 2, "都道府県コード": 42, "市区町村コード": 203, "所在地": "長崎県島原市上の町８６９", "緯度": 32.789813, "経度": 130.369329, "url": "https://www.iryou.teikyouseido.mhlw.go.jp/znk-web/juminkanja/S2430/initialize?prefCd=42&kikanCd=cmi0008&kikanKbn=2", "url2": "https://clinic-miyazaki.com/", "内容": "医療法人宮崎医院【2:診療所】【診療科目:人工透析内科_泌尿器科】長崎県島原市上の町８６９" }, "geometry": { "type": "Point", "coordinates": [ 130.369329, 32.789813 ] } },
{ "type": "Feature", "properties": { "ID": "422cmi0010", "正式名称": "植木内科医院", "機関区分": 2, "都道府県コード": 42, "市区町村コード": 214, "所在地": "長崎県南島原市口之津町甲１６４２", "緯度": 32.606895, "経度": 130.185933, "url": "https://www.iryou.teikyouseido.mhlw.go.jp/znk-web/juminkanja/S2430/initialize?prefCd=42&kikanCd=cmi0010&kikanKbn=2", "url2": null, "内容": "植木内科医院【2:診療所】【診療科目:内科_胃腸内科_小児科_リハビリテーション科】長崎県南島原市口之津町甲１６４２" }, "geometry": { "type": "Point", "coordinates": [ 130.185933, 32.606895 ] } },
{ "type": "Feature", "properties": { "ID": "422cmi0012", "正式名称": "京泊馬場医院", "機関区分": 2, "都道府県コード": 42, "市区町村コード": 213, "所在地": "長崎県雲仙市南串山町丙９８９９－１", "緯度": 32.679735, "経度": 130.147136, "url": "https://www.iryou.teikyouseido.mhlw.go.jp/znk-web/juminkanja/S2430/initialize?prefCd=42&kikanCd=cmi0012&kikanKbn=2", "url2": null, "内容": "京泊馬場医院【2:診療所】【診療科目:内科_産婦人科_リハビリテーション科】長崎県雲仙市南串山町丙９８９９－１" }, "geometry": { "type": "Point", "coordinates": [ 130.147136, 32.679735 ] } },
{ "type": "Feature", "properties": { "ID": "422cmi0013", "正式名称": "永吉医院", "機関区分": 2, "都道府県コード": 42, "市区町村コード": 213, "所在地": "長崎県雲仙市吾妻町本村名２３４番地", "緯度": 32.850186, "経度": 130.201058, "url": "https://www.iryou.teikyouseido.mhlw.go.jp/znk-web/juminkanja/S2430/initialize?prefCd=42&kikanCd=cmi0013&kikanKbn=2", "url2": null, "内容": "永吉医院【2:診療所】【診療科目:内科_呼吸器内科_循環器内科_消化器内科_放射線科】長崎県雲仙市吾妻町本村名２３４番地" }, "geometry": { "type": "Point", "coordinates": [ 130.201058, 32.850186 ] } },
{ "type": "Feature", "properties": { "ID": "422cmi0018", "正式名称": "松島外科", "機関区分": 2, "都道府県コード": 42, "市区町村コード": 213, "所在地": "長崎県雲仙市小浜町北木指９０", "緯度": 32.715784, "経度": 130.196084, "url": "https://www.iryou.teikyouseido.mhlw.go.jp/znk-web/juminkanja/S2430/initialize?prefCd=42&kikanCd=cmi0018&kikanKbn=2", "url2": null, "内容": "松島外科【2:診療所】【診療科目:消化器内科_外科】長崎県雲仙市小浜町北木指９０" }, "geometry": { "type": "Point", "coordinates": [ 130.196084, 32.715784 ] } },
{ "type": "Feature", "properties": { "ID": "422cmi0023", "正式名称": "特別養護老人ホームうんぜんの里診療所", "機関区分": 2, "都道府県コード": 42, "市区町村コード": 213, "所在地": "長崎県雲仙市瑞穂町古部乙１３９２－１", "緯度": 32.848228, "経度": 130.215101, "url": "https://www.iryou.teikyouseido.mhlw.go.jp/znk-web/juminkanja/S2430/initialize?prefCd=42&kikanCd=cmi0023&kikanKbn=2", "url2": "http://zuikoukai.com/", "内容": "特別養護老人ホームうんぜんの里診療所【2:診療所】【診療科目:内科】長崎県雲仙市瑞穂町古部乙１３９２－１" }, "geometry": { "type": "Point", "coordinates": [ 130.215101, 32.848228 ] } },
{ "type": "Feature", "properties": { "ID": "422cmi0024", "正式名称": "医療法人慈眼会坂本医院内科・婦人科", "機関区分": 2, "都道府県コード": 42, "市区町村コード": 203, "所在地": "長崎県島原市親和町丁２６７０番地１０", "緯度": 32.761781, "経度": 130.367223, "url": "https://www.iryou.teikyouseido.mhlw.go.jp/znk-web/juminkanja/S2430/initialize?prefCd=42&kikanCd=cmi0024&kikanKbn=2", "url2": null, "内容": "医療法人慈眼会坂本医院内科・婦人科【2:診療所】【診療科目:内科_婦人科】長崎県島原市親和町丁２６７０番地１０" }, "geometry": { "type": "Point", "coordinates": [ 130.367223, 32.761781 ] } },
{ "type": "Feature", "properties": { "ID": "422cmi0027", "正式名称": "医療法人くすのきクリニック", "機関区分": 2, "都道府県コード": 42, "市区町村コード": 203, "所在地": "長崎県島原市有明町大三東戊１３６５番地１号", "緯度": 32.847929, "経度": 130.338508, "url": "https://www.iryou.teikyouseido.mhlw.go.jp/znk-web/juminkanja/S2430/initialize?prefCd=42&kikanCd=cmi0027&kikanKbn=2", "url2": null, "内容": "医療法人くすのきクリニック【2:診療所】【診療科目:内科_小児科_リハビリテーション科】長崎県島原市有明町大三東戊１３６５番地１号" }, "geometry": { "type": "Point", "coordinates": [ 130.338508, 32.847929 ] } },
{ "type": "Feature", "properties": { "ID": "422cmi0028", "正式名称": "医療法人翔南会山崎産婦人科医院", "機関区分": 2, "都道府県コード": 42, "市区町村コード": 203, "所在地": "長崎県島原市湊町３５０番地", "緯度": 32.772519, "経度": 130.373319, "url": "https://www.iryou.teikyouseido.mhlw.go.jp/znk-web/juminkanja/S2430/initialize?prefCd=42&kikanCd=cmi0028&kikanKbn=2", "url2": "http://www.yamasaki-iin.com", "内容": "医療法人翔南会山崎産婦人科医院【2:診療所】【診療科目:産婦人科_麻酔科】長崎県島原市湊町３５０番地" }, "geometry": { "type": "Point", "coordinates": [ 130.373319, 32.772519 ] } },
{ "type": "Feature", "properties": { "ID": "422cmi0030", "正式名称": "愛野診療所", "機関区分": 2, "都道府県コード": 42, "市区町村コード": 213, "所在地": "長崎県雲仙市愛野町乙３３０", "緯度": 32.810208, "経度": 130.147293, "url": "https://www.iryou.teikyouseido.mhlw.go.jp/znk-web/juminkanja/S2430/initialize?prefCd=42&kikanCd=cmi0030&kikanKbn=2", "url2": null, "内容": "愛野診療所【2:診療所】【診療科目:内科_消化器内科_小児科】長崎県雲仙市愛野町乙３３０" }, "geometry": { "type": "Point", "coordinates": [ 130.147293, 32.810208 ] } },
{ "type": "Feature", "properties": { "ID": "422cmi0032", "正式名称": "医療法人祐和会伊崎医院", "機関区分": 2, "都道府県コード": 42, "市区町村コード": 214, "所在地": "長崎県南島原市西有家町里坊１１８番地", "緯度": 32.661786, "経度": 130.29923, "url": "https://www.iryou.teikyouseido.mhlw.go.jp/znk-web/juminkanja/S2430/initialize?prefCd=42&kikanCd=cmi0032&kikanKbn=2", "url2": null, "内容": "医療法人祐和会伊崎医院【2:診療所】【診療科目:眼科】長崎県南島原市西有家町里坊１１８番地" }, "geometry": { "type": "Point", "coordinates": [ 130.29923, 32.661786 ] } },
{ "type": "Feature", "properties": { "ID": "422cmi0037", "正式名称": "本田医院", "機関区分": 2, "都道府県コード": 42, "市区町村コード": 213, "所在地": "長崎県雲仙市国見町神代乙２１４ー２", "緯度": 32.873637, "経度": 130.27233, "url": "https://www.iryou.teikyouseido.mhlw.go.jp/znk-web/juminkanja/S2430/initialize?prefCd=42&kikanCd=cmi0037&kikanKbn=2", "url2": null, "内容": "本田医院【2:診療所】【診療科目:内科_循環器内科_小児科_リハビリテーション科】長崎県雲仙市国見町神代乙２１４ー２" }, "geometry": { "type": "Point", "coordinates": [ 130.27233, 32.873637 ] } },
{ "type": "Feature", "properties": { "ID": "422cmi0038", "正式名称": "医療法人中村眼科医院", "機関区分": 2, "都道府県コード": 42, "市区町村コード": 203, "所在地": "長崎県島原市中町８２９", "緯度": 32.788891, "経度": 130.369952, "url": "https://www.iryou.teikyouseido.mhlw.go.jp/znk-web/juminkanja/S2430/initialize?prefCd=42&kikanCd=cmi0038&kikanKbn=2", "url2": null, "内容": "医療法人中村眼科医院【2:診療所】【診療科目:眼科】長崎県島原市中町８２９" }, "geometry": { "type": "Point", "coordinates": [ 130.369952, 32.788891 ] } },
{ "type": "Feature", "properties": { "ID": "422cmi0039", "正式名称": "医療法人　薫風会　石川内科医院", "機関区分": 2, "都道府県コード": 42, "市区町村コード": 214, "所在地": "長崎県南島原市西有家町里坊２５番地１", "緯度": 32.660742, "経度": 130.299648, "url": "https://www.iryou.teikyouseido.mhlw.go.jp/znk-web/juminkanja/S2430/initialize?prefCd=42&kikanCd=cmi0039&kikanKbn=2", "url2": "http://www.kunpukai.or.jp/", "内容": "医療法人　薫風会　石川内科医院【2:診療所】【診療科目:内科_神経内科_リハビリテーション科】長崎県南島原市西有家町里坊２５番地１" }, "geometry": { "type": "Point", "coordinates": [ 130.299648, 32.660742 ] } },
{ "type": "Feature", "properties": { "ID": "422cmi0041", "正式名称": "島原整形外科西村クリニック", "機関区分": 2, "都道府県コード": 42, "市区町村コード": 203, "所在地": "長崎県島原市下川尻町７９０４－１１", "緯度": 32.770133, "経度": 130.370191, "url": "https://www.iryou.teikyouseido.mhlw.go.jp/znk-web/juminkanja/S2430/initialize?prefCd=42&kikanCd=cmi0041&kikanKbn=2", "url2": "https://spine.sakura.ne.jp", "内容": "島原整形外科西村クリニック【2:診療所】【診療科目:整形外科】長崎県島原市下川尻町７９０４－１１" }, "geometry": { "type": "Point", "coordinates": [ 130.370191, 32.770133 ] } },
{ "type": "Feature", "properties": { "ID": "422cmi0046", "正式名称": "医療法人草野会　くさの循環器内科", "機関区分": 2, "都道府県コード": 42, "市区町村コード": 213, "所在地": "長崎県雲仙市千々石町戊６０５", "緯度": 32.783401, "経度": 130.201597, "url": "https://www.iryou.teikyouseido.mhlw.go.jp/znk-web/juminkanja/S2430/initialize?prefCd=42&kikanCd=cmi0046&kikanKbn=2", "url2": null, "内容": "医療法人草野会　くさの循環器内科【2:診療所】【診療科目:内科_呼吸器内科_循環器内科_胃腸内科_小児科】長崎県雲仙市千々石町戊６０５" }, "geometry": { "type": "Point", "coordinates": [ 130.201597, 32.783401 ] } },
{ "type": "Feature", "properties": { "ID": "422cmi0047", "正式名称": "医療法人清恵会太田整形外科", "機関区分": 2, "都道府県コード": 42, "市区町村コード": 213, "所在地": "長崎県雲仙市国見町多比良乙４３３ー１", "緯度": 32.872209, "経度": 130.306509, "url": "https://www.iryou.teikyouseido.mhlw.go.jp/znk-web/juminkanja/S2430/initialize?prefCd=42&kikanCd=cmi0047&kikanKbn=2", "url2": null, "内容": "医療法人清恵会太田整形外科【2:診療所】【診療科目:整形外科_リウマチ科_リハビリテーション科】長崎県雲仙市国見町多比良乙４３３ー１" }, "geometry": { "type": "Point", "coordinates": [ 130.306509, 32.872209 ] } },
{ "type": "Feature", "properties": { "ID": "422cmi0048", "正式名称": "医療法人　龍仙会　木戸医院", "機関区分": 2, "都道府県コード": 42, "市区町村コード": 213, "所在地": "長崎県雲仙市小浜町北本町", "緯度": 32.731652, "経度": 130.207591, "url": "https://www.iryou.teikyouseido.mhlw.go.jp/znk-web/juminkanja/S2430/initialize?prefCd=42&kikanCd=cmi0048&kikanKbn=2", "url2": null, "内容": "医療法人　龍仙会　木戸医院【2:診療所】【診療科目:内科_胃腸内科_外科_整形外科_皮膚科_美容皮膚科_リハビリテーション科】長崎県雲仙市小浜町北本町" }, "geometry": { "type": "Point", "coordinates": [ 130.207591, 32.731652 ] } },
{ "type": "Feature", "properties": { "ID": "422cmi0049", "正式名称": "医療法人永田内科泌尿器科医院", "機関区分": 2, "都道府県コード": 42, "市区町村コード": 214, "所在地": "長崎県南島原市西有家町須川６１－２", "緯度": 32.655764, "経度": 130.299164, "url": "https://www.iryou.teikyouseido.mhlw.go.jp/znk-web/juminkanja/S2430/initialize?prefCd=42&kikanCd=cmi0049&kikanKbn=2", "url2": "https://nagata-clinic.wixsite.com/main", "内容": "医療法人永田内科泌尿器科医院【2:診療所】【診療科目:内科_消化器内科_泌尿器科_リハビリテーション科】長崎県南島原市西有家町須川６１－２" }, "geometry": { "type": "Point", "coordinates": [ 130.299164, 32.655764 ] } },
{ "type": "Feature", "properties": { "ID": "422cmi0050", "正式名称": "明島整形外科医院", "機関区分": 2, "都道府県コード": 42, "市区町村コード": 214, "所在地": "長崎県南島原市布津町乙１８５９番地２", "緯度": 32.694526, "経度": 130.353395, "url": "https://www.iryou.teikyouseido.mhlw.go.jp/znk-web/juminkanja/S2430/initialize?prefCd=42&kikanCd=cmi0050&kikanKbn=2", "url2": "http://www43.tok2.com/home/akeshima/info.html", "内容": "明島整形外科医院【2:診療所】【診療科目:整形外科_リウマチ科_リハビリテーション科】長崎県南島原市布津町乙１８５９番地２" }, "geometry": { "type": "Point", "coordinates": [ 130.353395, 32.694526 ] } },
{ "type": "Feature", "properties": { "ID": "422cmi0055", "正式名称": "医療法人雄心会たかお循環器内科", "機関区分": 2, "都道府県コード": 42, "市区町村コード": 203, "所在地": "長崎県島原市桜町９５３番地１", "緯度": 32.786633, "経度": 130.368691, "url": "https://www.iryou.teikyouseido.mhlw.go.jp/znk-web/juminkanja/S2430/initialize?prefCd=42&kikanCd=cmi0055&kikanKbn=2", "url2": "https://shimabara-takao-clinic.com", "内容": "医療法人雄心会たかお循環器内科【2:診療所】【診療科目:内科_呼吸器内科_循環器内科_消化器内科_アレルギー疾患内科】長崎県島原市桜町９５３番地１" }, "geometry": { "type": "Point", "coordinates": [ 130.368691, 32.786633 ] } },
{ "type": "Feature", "properties": { "ID": "422cmi0056", "正式名称": "医療法人泌尿器科皮ふ科菅医院", "機関区分": 2, "都道府県コード": 42, "市区町村コード": 213, "所在地": "長崎県雲仙市南串山町甲２２３２", "緯度": 32.684839, "経度": 130.159009, "url": "https://www.iryou.teikyouseido.mhlw.go.jp/znk-web/juminkanja/S2430/initialize?prefCd=42&kikanCd=cmi0056&kikanKbn=2", "url2": null, "内容": "医療法人泌尿器科皮ふ科菅医院【2:診療所】【診療科目:人工透析内科_皮膚科_泌尿器科】長崎県雲仙市南串山町甲２２３２" }, "geometry": { "type": "Point", "coordinates": [ 130.159009, 32.684839 ] } },
{ "type": "Feature", "properties": { "ID": "422cmi0057", "正式名称": "医療法人　城代医院", "機関区分": 2, "都道府県コード": 42, "市区町村コード": 213, "所在地": "長崎県雲仙市千々石町丁", "緯度": 32.790091, "経度": 130.204614, "url": "https://www.iryou.teikyouseido.mhlw.go.jp/znk-web/juminkanja/S2430/initialize?prefCd=42&kikanCd=cmi0057&kikanKbn=2", "url2": "http://jodai-clinic.sakura.ne.jp", "内容": "医療法人　城代医院【2:診療所】【診療科目:人工透析内科_皮膚泌尿器科_泌尿器科_男性泌尿器科_神経泌尿器科_腎臓・泌尿器科】長崎県雲仙市千々石町丁" }, "geometry": { "type": "Point", "coordinates": [ 130.204614, 32.790091 ] } },
{ "type": "Feature", "properties": { "ID": "422cmi0062", "正式名称": "佐藤医院", "機関区分": 2, "都道府県コード": 42, "市区町村コード": 213, "所在地": "長崎県雲仙市国見町神代丙４１４－１", "緯度": 32.868478, "経度": 130.27106, "url": "https://www.iryou.teikyouseido.mhlw.go.jp/znk-web/juminkanja/S2430/initialize?prefCd=42&kikanCd=cmi0062&kikanKbn=2", "url2": null, "内容": "佐藤医院【2:診療所】【診療科目:内科_産婦人科】長崎県雲仙市国見町神代丙４１４－１" }, "geometry": { "type": "Point", "coordinates": [ 130.27106, 32.868478 ] } },
{ "type": "Feature", "properties": { "ID": "422cmi0063", "正式名称": "医療法人社団兼愛会前田医院", "機関区分": 2, "都道府県コード": 42, "市区町村コード": 203, "所在地": "長崎県島原市新田町５８７番地２", "緯度": 32.789569, "経度": 130.371964, "url": "https://www.iryou.teikyouseido.mhlw.go.jp/znk-web/juminkanja/S2430/initialize?prefCd=42&kikanCd=cmi0063&kikanKbn=2", "url2": "http://hopitalmaeda.com/", "内容": "医療法人社団兼愛会前田医院【2:診療所】【診療科目:内科_皮膚科_美容皮膚科_泌尿器科】長崎県島原市新田町５８７番地２" }, "geometry": { "type": "Point", "coordinates": [ 130.371964, 32.789569 ] } },
{ "type": "Feature", "properties": { "ID": "422cmi0065", "正式名称": "しおた内科胃腸科医院", "機関区分": 2, "都道府県コード": 42, "市区町村コード": 214, "所在地": "長崎県南島原市口之津町甲２１４６－２", "緯度": 32.608656, "経度": 130.185153, "url": "https://www.iryou.teikyouseido.mhlw.go.jp/znk-web/juminkanja/S2430/initialize?prefCd=42&kikanCd=cmi0065&kikanKbn=2", "url2": "https://www.shiota-iin.com/", "内容": "しおた内科胃腸科医院【2:診療所】【診療科目:内科_胃腸内科】長崎県南島原市口之津町甲２１４６－２" }, "geometry": { "type": "Point", "coordinates": [ 130.185153, 32.608656 ] } },
{ "type": "Feature", "properties": { "ID": "422cmi0068", "正式名称": "菅耳鼻咽喉科アレルギー科", "機関区分": 2, "都道府県コード": 42, "市区町村コード": 213, "所在地": "長崎県雲仙市南串山町甲２２３２－３", "緯度": 32.685146, "経度": 130.158665, "url": "https://www.iryou.teikyouseido.mhlw.go.jp/znk-web/juminkanja/S2430/initialize?prefCd=42&kikanCd=cmi0068&kikanKbn=2", "url2": null, "内容": "菅耳鼻咽喉科アレルギー科【2:診療所】【診療科目:耳鼻いんこう科_アレルギー科】長崎県雲仙市南串山町甲２２３２－３" }, "geometry": { "type": "Point", "coordinates": [ 130.158665, 32.685146 ] } },
{ "type": "Feature", "properties": { "ID": "422cmi0070", "正式名称": "馬場医院", "機関区分": 2, "都道府県コード": 42, "市区町村コード": 213, "所在地": "長崎県雲仙市小浜町雲仙３８１番地", "緯度": 32.737519, "経度": 130.258787, "url": "https://www.iryou.teikyouseido.mhlw.go.jp/znk-web/juminkanja/S2430/initialize?prefCd=42&kikanCd=cmi0070&kikanKbn=2", "url2": null, "内容": "馬場医院【2:診療所】【診療科目:内科_消化器内科_外科_小児科】長崎県雲仙市小浜町雲仙３８１番地" }, "geometry": { "type": "Point", "coordinates": [ 130.258787, 32.737519 ] } },
{ "type": "Feature", "properties": { "ID": "422cmi0071", "正式名称": "稲田整形外科医院", "機関区分": 2, "都道府県コード": 42, "市区町村コード": 203, "所在地": "長崎県島原市片町６５５番地", "緯度": 32.791651, "経度": 130.369873, "url": "https://www.iryou.teikyouseido.mhlw.go.jp/znk-web/juminkanja/S2430/initialize?prefCd=42&kikanCd=cmi0071&kikanKbn=2", "url2": null, "内容": "稲田整形外科医院【2:診療所】【診療科目:整形外科】長崎県島原市片町６５５番地" }, "geometry": { "type": "Point", "coordinates": [ 130.369873, 32.791651 ] } },
{ "type": "Feature", "properties": { "ID": "422cmi0074", "正式名称": "梅津医院", "機関区分": 2, "都道府県コード": 42, "市区町村コード": 213, "所在地": "長崎県雲仙市国見町土黒甲４３９－１", "緯度": 32.874674, "経度": 130.302894, "url": "https://www.iryou.teikyouseido.mhlw.go.jp/znk-web/juminkanja/S2430/initialize?prefCd=42&kikanCd=cmi0074&kikanKbn=2", "url2": null, "内容": "梅津医院【2:診療所】【診療科目:消化器内科_胃腸内科_外科_胃腸外科_肛門外科_リハビリテーション科】長崎県雲仙市国見町土黒甲４３９－１" }, "geometry": { "type": "Point", "coordinates": [ 130.302894, 32.874674 ] } },
{ "type": "Feature", "properties": { "ID": "422cmi0075", "正式名称": "林内科医院", "機関区分": 2, "都道府県コード": 42, "市区町村コード": 203, "所在地": "長崎県島原市津町４０９－１５", "緯度": 32.776119, "経度": 130.375171, "url": "https://www.iryou.teikyouseido.mhlw.go.jp/znk-web/juminkanja/S2430/initialize?prefCd=42&kikanCd=cmi0075&kikanKbn=2", "url2": null, "内容": "林内科医院【2:診療所】【診療科目:内科_呼吸器内科】長崎県島原市津町４０９－１５" }, "geometry": { "type": "Point", "coordinates": [ 130.375171, 32.776119 ] } },
{ "type": "Feature", "properties": { "ID": "422cmi0078", "正式名称": "医療法人いその産婦人科", "機関区分": 2, "都道府県コード": 42, "市区町村コード": 214, "所在地": "長崎県南島原市西有家町須川１７９２番地", "緯度": 32.659663, "経度": 130.290553, "url": "https://www.iryou.teikyouseido.mhlw.go.jp/znk-web/juminkanja/S2430/initialize?prefCd=42&kikanCd=cmi0078&kikanKbn=2", "url2": null, "内容": "医療法人いその産婦人科【2:診療所】【診療科目:産婦人科】長崎県南島原市西有家町須川１７９２番地" }, "geometry": { "type": "Point", "coordinates": [ 130.290553, 32.659663 ] } },
{ "type": "Feature", "properties": { "ID": "422cmi0079", "正式名称": "さとう内科医院", "機関区分": 2, "都道府県コード": 42, "市区町村コード": 214, "所在地": "長崎県南島原市北有馬町丁３３番地１", "緯度": 32.654914, "経度": 130.243255, "url": "https://www.iryou.teikyouseido.mhlw.go.jp/znk-web/juminkanja/S2430/initialize?prefCd=42&kikanCd=cmi0079&kikanKbn=2", "url2": null, "内容": "さとう内科医院【2:診療所】【診療科目:内科_呼吸器内科_循環器内科_消化器内科_リハビリテーション科】長崎県南島原市北有馬町丁３３番地１" }, "geometry": { "type": "Point", "coordinates": [ 130.243255, 32.654914 ] } },
{ "type": "Feature", "properties": { "ID": "422cmi0081", "正式名称": "菜の花クリニック", "機関区分": 2, "都道府県コード": 42, "市区町村コード": 214, "所在地": "長崎県南島原市南有馬町乙１５６５番地１", "緯度": 32.632498, "経度": 130.248485, "url": "https://www.iryou.teikyouseido.mhlw.go.jp/znk-web/juminkanja/S2430/initialize?prefCd=42&kikanCd=cmi0081&kikanKbn=2", "url2": "http://nanogroup.or.jp", "内容": "菜の花クリニック【2:診療所】【診療科目:内科_胃腸内科_外科_リハビリテーション科】長崎県南島原市南有馬町乙１５６５番地１" }, "geometry": { "type": "Point", "coordinates": [ 130.248485, 32.632498 ] } },
{ "type": "Feature", "properties": { "ID": "422cmi0083", "正式名称": "医療法人文湛会水田小児科医院", "機関区分": 2, "都道府県コード": 42, "市区町村コード": 203, "所在地": "長崎県島原市親和町７番地", "緯度": 32.762686, "経度": 130.369175, "url": "https://www.iryou.teikyouseido.mhlw.go.jp/znk-web/juminkanja/S2430/initialize?prefCd=42&kikanCd=cmi0083&kikanKbn=2", "url2": null, "内容": "医療法人文湛会水田小児科医院【2:診療所】【診療科目:小児科】長崎県島原市親和町７番地" }, "geometry": { "type": "Point", "coordinates": [ 130.369175, 32.762686 ] } },
{ "type": "Feature", "properties": { "ID": "422cmi0086", "正式名称": "山内眼科クリニック", "機関区分": 2, "都道府県コード": 42, "市区町村コード": 203, "所在地": "長崎県島原市有明町大三東戊１１０ー１", "緯度": 32.848836, "経度": 130.338329, "url": "https://www.iryou.teikyouseido.mhlw.go.jp/znk-web/juminkanja/S2430/initialize?prefCd=42&kikanCd=cmi0086&kikanKbn=2", "url2": null, "内容": "山内眼科クリニック【2:診療所】【診療科目:眼科_美容皮膚科】長崎県島原市有明町大三東戊１１０ー１" }, "geometry": { "type": "Point", "coordinates": [ 130.338329, 32.848836 ] } },
{ "type": "Feature", "properties": { "ID": "422cmi0087", "正式名称": "医療法人前田内科胃腸科医院", "機関区分": 2, "都道府県コード": 42, "市区町村コード": 213, "所在地": "長崎県雲仙市瑞穂町西郷辛１５６－３", "緯度": 32.87236, "経度": 130.244492, "url": "https://www.iryou.teikyouseido.mhlw.go.jp/znk-web/juminkanja/S2430/initialize?prefCd=42&kikanCd=cmi0087&kikanKbn=2", "url2": null, "内容": "医療法人前田内科胃腸科医院【2:診療所】【診療科目:内科_胃腸内科】長崎県雲仙市瑞穂町西郷辛１５６－３" }, "geometry": { "type": "Point", "coordinates": [ 130.244492, 32.87236 ] } },
{ "type": "Feature", "properties": { "ID": "422cmi0089", "正式名称": "菅医院", "機関区分": 2, "都道府県コード": 42, "市区町村コード": 213, "所在地": "長崎県雲仙市小浜町北木指３０３５ー３", "緯度": 32.71834, "経度": 130.200771, "url": "https://www.iryou.teikyouseido.mhlw.go.jp/znk-web/juminkanja/S2430/initialize?prefCd=42&kikanCd=cmi0089&kikanKbn=2", "url2": null, "内容": "菅医院【2:診療所】【診療科目:内科_胃腸内科_外科】長崎県雲仙市小浜町北木指３０３５ー３" }, "geometry": { "type": "Point", "coordinates": [ 130.200771, 32.71834 ] } },
{ "type": "Feature", "properties": { "ID": "422cmi0095", "正式名称": "北有馬クリニック", "機関区分": 2, "都道府県コード": 42, "市区町村コード": 214, "所在地": "長崎県南島原市北有馬町己７６０番地１", "緯度": 32.654496, "経度": 130.257898, "url": "https://www.iryou.teikyouseido.mhlw.go.jp/znk-web/juminkanja/S2430/initialize?prefCd=42&kikanCd=cmi0095&kikanKbn=2", "url2": null, "内容": "北有馬クリニック【2:診療所】【診療科目:消化器内科_胃腸内科_外科_肛門外科_整形外科_リハビリテーション科】長崎県南島原市北有馬町己７６０番地１" }, "geometry": { "type": "Point", "coordinates": [ 130.257898, 32.654496 ] } },
{ "type": "Feature", "properties": { "ID": "422cmi0096", "正式名称": "医療法人松本内科医院", "機関区分": 2, "都道府県コード": 42, "市区町村コード": 213, "所在地": "長崎県雲仙市国見町神代己２５７－１", "緯度": 32.87527, "経度": 130.282201, "url": "https://www.iryou.teikyouseido.mhlw.go.jp/znk-web/juminkanja/S2430/initialize?prefCd=42&kikanCd=cmi0096&kikanKbn=2", "url2": "http://matsumoto.clinic/", "内容": "医療法人松本内科医院【2:診療所】【診療科目:内科_呼吸器内科_消化器内科_小児科】長崎県雲仙市国見町神代己２５７－１" }, "geometry": { "type": "Point", "coordinates": [ 130.282201, 32.87527 ] } },
{ "type": "Feature", "properties": { "ID": "422cmi0097", "正式名称": "医療法人　坂上整形外科", "機関区分": 2, "都道府県コード": 42, "市区町村コード": 214, "所在地": "長崎県南島原市有家町山川３７８－１", "緯度": 32.663934, "経度": 130.313608, "url": "https://www.iryou.teikyouseido.mhlw.go.jp/znk-web/juminkanja/S2430/initialize?prefCd=42&kikanCd=cmi0097&kikanKbn=2", "url2": "https://sakaue-seikeigeka.com", "内容": "医療法人　坂上整形外科【2:診療所】【診療科目:整形外科】長崎県南島原市有家町山川３７８－１" }, "geometry": { "type": "Point", "coordinates": [ 130.313608, 32.663934 ] } },
{ "type": "Feature", "properties": { "ID": "422cmi0101", "正式名称": "ストレスクリニックウイング", "機関区分": 2, "都道府県コード": 42, "市区町村コード": 203, "所在地": "長崎県島原市片町６４３番地２", "緯度": 32.791028, "経度": 130.369673, "url": "https://www.iryou.teikyouseido.mhlw.go.jp/znk-web/juminkanja/S2430/initialize?prefCd=42&kikanCd=cmi0101&kikanKbn=2", "url2": "http://www.takagihp.or.jp", "内容": "ストレスクリニックウイング【2:診療所】【診療科目:精神科】長崎県島原市片町６４３番地２" }, "geometry": { "type": "Point", "coordinates": [ 130.369673, 32.791028 ] } },
{ "type": "Feature", "properties": { "ID": "422cmi0102", "正式名称": "うちだ耳鼻咽喉科クリニック", "機関区分": 2, "都道府県コード": 42, "市区町村コード": 203, "所在地": "長崎県島原市弁天町２丁目１２９１", "緯度": 32.781804, "経度": 130.373733, "url": "https://www.iryou.teikyouseido.mhlw.go.jp/znk-web/juminkanja/S2430/initialize?prefCd=42&kikanCd=cmi0102&kikanKbn=2", "url2": null, "内容": "うちだ耳鼻咽喉科クリニック【2:診療所】【診療科目:耳鼻いんこう科】長崎県島原市弁天町２丁目１２９１" }, "geometry": { "type": "Point", "coordinates": [ 130.373733, 32.781804 ] } },
{ "type": "Feature", "properties": { "ID": "422cmi0103", "正式名称": "医療法人本多南光堂医院", "機関区分": 2, "都道府県コード": 42, "市区町村コード": 214, "所在地": "長崎県南島原市南有馬町丁４１０", "緯度": 32.640884, "経度": 130.25206, "url": "https://www.iryou.teikyouseido.mhlw.go.jp/znk-web/juminkanja/S2430/initialize?prefCd=42&kikanCd=cmi0103&kikanKbn=2", "url2": null, "内容": "医療法人本多南光堂医院【2:診療所】【診療科目:内科_外科_整形外科_皮膚科_リハビリテーション科】長崎県南島原市南有馬町丁４１０" }, "geometry": { "type": "Point", "coordinates": [ 130.25206, 32.640884 ] } },
{ "type": "Feature", "properties": { "ID": "422cmi0107", "正式名称": "松下ひふ科", "機関区分": 2, "都道府県コード": 42, "市区町村コード": 203, "所在地": "長崎県島原市新馬場町８５２ー２", "緯度": 32.795979, "経度": 130.367841, "url": "https://www.iryou.teikyouseido.mhlw.go.jp/znk-web/juminkanja/S2430/initialize?prefCd=42&kikanCd=cmi0107&kikanKbn=2", "url2": "http://taizou.biz/", "内容": "松下ひふ科【2:診療所】【診療科目:皮膚科_アレルギー科】長崎県島原市新馬場町８５２ー２" }, "geometry": { "type": "Point", "coordinates": [ 130.367841, 32.795979 ] } },
{ "type": "Feature", "properties": { "ID": "422cmi0108", "正式名称": "医療法人社団ひらゆ医院", "機関区分": 2, "都道府県コード": 42, "市区町村コード": 213, "所在地": "長崎県雲仙市小浜町北野１０６９番地", "緯度": 32.744004, "経度": 130.211366, "url": "https://www.iryou.teikyouseido.mhlw.go.jp/znk-web/juminkanja/S2430/initialize?prefCd=42&kikanCd=cmi0108&kikanKbn=2", "url2": null, "内容": "医療法人社団ひらゆ医院【2:診療所】【診療科目:内科_小児科】長崎県雲仙市小浜町北野１０６９番地" }, "geometry": { "type": "Point", "coordinates": [ 130.211366, 32.744004 ] } },
{ "type": "Feature", "properties": { "ID": "422cmi0109", "正式名称": "医療法人社団穂仁会よこた医院", "機関区分": 2, "都道府県コード": 42, "市区町村コード": 213, "所在地": "長崎県雲仙市瑞穂町西郷辛１１７２", "緯度": 32.865328, "経度": 130.240335, "url": "https://www.iryou.teikyouseido.mhlw.go.jp/znk-web/juminkanja/S2430/initialize?prefCd=42&kikanCd=cmi0109&kikanKbn=2", "url2": "www.yokota-iin.jp", "内容": "医療法人社団穂仁会よこた医院【2:診療所】【診療科目:内科_胃腸内科_腎臓内科_外科_肛門外科_整形外科_リハビリテーション科】長崎県雲仙市瑞穂町西郷辛１１７２" }, "geometry": { "type": "Point", "coordinates": [ 130.240335, 32.865328 ] } },
{ "type": "Feature", "properties": { "ID": "422cmi0111", "正式名称": "医療法人　副島内科クリニック", "機関区分": 2, "都道府県コード": 42, "市区町村コード": 213, "所在地": "長崎県雲仙市小浜町北本町１１ー５", "緯度": 32.729859, "経度": 130.20783, "url": "https://www.iryou.teikyouseido.mhlw.go.jp/znk-web/juminkanja/S2430/initialize?prefCd=42&kikanCd=cmi0111&kikanKbn=2", "url2": null, "内容": "医療法人　副島内科クリニック【2:診療所】【診療科目:内科_消化器内科_胃腸内科】長崎県雲仙市小浜町北本町１１ー５" }, "geometry": { "type": "Point", "coordinates": [ 130.20783, 32.729859 ] } },
{ "type": "Feature", "properties": { "ID": "422cmi0113", "正式名称": "木戸眼科", "機関区分": 2, "都道府県コード": 42, "市区町村コード": 213, "所在地": "長崎県雲仙市小浜町北本町１６８２－５２", "緯度": 32.724301, "経度": 130.204288, "url": "https://www.iryou.teikyouseido.mhlw.go.jp/znk-web/juminkanja/S2430/initialize?prefCd=42&kikanCd=cmi0113&kikanKbn=2", "url2": "http://www.kido-clinic.com", "内容": "木戸眼科【2:診療所】【診療科目:眼科_アレルギー科】長崎県雲仙市小浜町北本町１６８２－５２" }, "geometry": { "type": "Point", "coordinates": [ 130.204288, 32.724301 ] } },
{ "type": "Feature", "properties": { "ID": "422cmi0114", "正式名称": "医療法人　松本医院", "機関区分": 2, "都道府県コード": 42, "市区町村コード": 213, "所在地": "長崎県雲仙市愛野町乙　５９９", "緯度": 32.817016, "経度": 130.152703, "url": "https://www.iryou.teikyouseido.mhlw.go.jp/znk-web/juminkanja/S2430/initialize?prefCd=42&kikanCd=cmi0114&kikanKbn=2", "url2": "http://www17.ocn.ne.jp/~kmatsumo/", "内容": "医療法人　松本医院【2:診療所】【診療科目:内科_消化器内科_皮膚科】長崎県雲仙市愛野町乙　５９９" }, "geometry": { "type": "Point", "coordinates": [ 130.152703, 32.817016 ] } },
{ "type": "Feature", "properties": { "ID": "422cmi0116", "正式名称": "小嶺整形外科クリニック", "機関区分": 2, "都道府県コード": 42, "市区町村コード": 214, "所在地": "長崎県南島原市有家町中須川１９６－１", "緯度": 32.659466, "経度": 130.30248, "url": "https://www.iryou.teikyouseido.mhlw.go.jp/znk-web/juminkanja/S2430/initialize?prefCd=42&kikanCd=cmi0116&kikanKbn=2", "url2": "komine-seikei.com", "内容": "小嶺整形外科クリニック【2:診療所】【診療科目:整形外科_リウマチ科_リハビリテーション科】長崎県南島原市有家町中須川１９６－１" }, "geometry": { "type": "Point", "coordinates": [ 130.30248, 32.659466 ] } },
{ "type": "Feature", "properties": { "ID": "422cmi0118", "正式名称": "しろの医院", "機関区分": 2, "都道府県コード": 42, "市区町村コード": 214, "所在地": "長崎県南島原市深江町丙５４０－１", "緯度": 32.713152, "経度": 130.346475, "url": "https://www.iryou.teikyouseido.mhlw.go.jp/znk-web/juminkanja/S2430/initialize?prefCd=42&kikanCd=cmi0118&kikanKbn=2", "url2": null, "内容": "しろの医院【2:診療所】【診療科目:内科_消化器内科_リハビリテーション科】長崎県南島原市深江町丙５４０－１" }, "geometry": { "type": "Point", "coordinates": [ 130.346475, 32.713152 ] } },
{ "type": "Feature", "properties": { "ID": "422cmi0119", "正式名称": "医療法人社団披雲会　いとう整形外科", "機関区分": 2, "都道府県コード": 42, "市区町村コード": 203, "所在地": "長崎県島原市広馬場町３７３－１", "緯度": 32.775459, "経度": 130.373039, "url": "https://www.iryou.teikyouseido.mhlw.go.jp/znk-web/juminkanja/S2430/initialize?prefCd=42&kikanCd=cmi0119&kikanKbn=2", "url2": null, "内容": "医療法人社団披雲会　いとう整形外科【2:診療所】【診療科目:整形外科】長崎県島原市広馬場町３７３－１" }, "geometry": { "type": "Point", "coordinates": [ 130.373039, 32.775459 ] } },
{ "type": "Feature", "properties": { "ID": "422cmi0120", "正式名称": "松藤整形外科", "機関区分": 2, "都道府県コード": 42, "市区町村コード": 213, "所在地": "長崎県雲仙市小浜町北本町３５", "緯度": 32.835204, "経度": 130.187442, "url": "https://www.iryou.teikyouseido.mhlw.go.jp/znk-web/juminkanja/S2430/initialize?prefCd=42&kikanCd=cmi0120&kikanKbn=2", "url2": null, "内容": "松藤整形外科【2:診療所】【診療科目:整形外科_リウマチ科_リハビリテーション科】長崎県雲仙市小浜町北本町３５" }, "geometry": { "type": "Point", "coordinates": [ 130.187442, 32.835204 ] } },
{ "type": "Feature", "properties": { "ID": "422cmi0121", "正式名称": "しろたに内科クリニック", "機関区分": 2, "都道府県コード": 42, "市区町村コード": 203, "所在地": "長崎県島原市北門町１０３番地５", "緯度": 32.801264, "経度": 130.364573, "url": "https://www.iryou.teikyouseido.mhlw.go.jp/znk-web/juminkanja/S2430/initialize?prefCd=42&kikanCd=cmi0121&kikanKbn=2", "url2": "http://www.shimabara-shirotani-clinic.com/", "内容": "しろたに内科クリニック【2:診療所】【診療科目:内科_糖尿病内科_内分泌内科_循環器内科】長崎県島原市北門町１０３番地５" }, "geometry": { "type": "Point", "coordinates": [ 130.364573, 32.801264 ] } },
{ "type": "Feature", "properties": { "ID": "422cmi0122", "正式名称": "医療法人　喜多内科医院", "機関区分": 2, "都道府県コード": 42, "市区町村コード": 203, "所在地": "長崎県島原市弁天町２丁目７３８９番地１", "緯度": 32.782411, "経度": 130.373877, "url": "https://www.iryou.teikyouseido.mhlw.go.jp/znk-web/juminkanja/S2430/initialize?prefCd=42&kikanCd=cmi0122&kikanKbn=2", "url2": null, "内容": "医療法人　喜多内科医院【2:診療所】【診療科目:内科】長崎県島原市弁天町２丁目７３８９番地１" }, "geometry": { "type": "Point", "coordinates": [ 130.373877, 32.782411 ] } },
{ "type": "Feature", "properties": { "ID": "422cmi0123", "正式名称": "医療法人安徳会　わたなべ内科クリニック", "機関区分": 2, "都道府県コード": 42, "市区町村コード": 203, "所在地": "長崎県島原市中安徳町４３６４番地", "緯度": 32.745079, "経度": 130.366904, "url": "https://www.iryou.teikyouseido.mhlw.go.jp/znk-web/juminkanja/S2430/initialize?prefCd=42&kikanCd=cmi0123&kikanKbn=2", "url2": "http://watanabe-ime.jp/", "内容": "医療法人安徳会　わたなべ内科クリニック【2:診療所】【診療科目:内科_糖尿病内科_循環器内科】長崎県島原市中安徳町４３６４番地" }, "geometry": { "type": "Point", "coordinates": [ 130.366904, 32.745079 ] } },
{ "type": "Feature", "properties": { "ID": "422cmi0124", "正式名称": "医療法人あおば会こみね眼科", "機関区分": 2, "都道府県コード": 42, "市区町村コード": 203, "所在地": "長崎県島原市中安徳町丁４３１０", "緯度": 32.745079, "経度": 130.366904, "url": "https://www.iryou.teikyouseido.mhlw.go.jp/znk-web/juminkanja/S2430/initialize?prefCd=42&kikanCd=cmi0124&kikanKbn=2", "url2": null, "内容": "医療法人あおば会こみね眼科【2:診療所】【診療科目:眼科】長崎県島原市中安徳町丁４３１０" }, "geometry": { "type": "Point", "coordinates": [ 130.366904, 32.745079 ] } },
{ "type": "Feature", "properties": { "ID": "422cmi0125", "正式名称": "医療法人志誠会　中村眼科医院", "機関区分": 2, "都道府県コード": 42, "市区町村コード": 213, "所在地": "長崎県雲仙市愛野町乙５７５－１", "緯度": 32.816652, "経度": 130.152451, "url": "https://www.iryou.teikyouseido.mhlw.go.jp/znk-web/juminkanja/S2430/initialize?prefCd=42&kikanCd=cmi0125&kikanKbn=2", "url2": "http://nakamura.main.jp/index.html", "内容": "医療法人志誠会　中村眼科医院【2:診療所】【診療科目:眼科】長崎県雲仙市愛野町乙５７５－１" }, "geometry": { "type": "Point", "coordinates": [ 130.152451, 32.816652 ] } },
{ "type": "Feature", "properties": { "ID": "422cmi0126", "正式名称": "つねおかクリニック", "機関区分": 2, "都道府県コード": 42, "市区町村コード": 214, "所在地": "長崎県南島原市有家町久保２１－１", "緯度": 32.666122, "経度": 130.304335, "url": "https://www.iryou.teikyouseido.mhlw.go.jp/znk-web/juminkanja/S2430/initialize?prefCd=42&kikanCd=cmi0126&kikanKbn=2", "url2": "http://website2.infomity.net/8370000084/", "内容": "つねおかクリニック【2:診療所】【診療科目:内科_消化器内科_外科_乳腺外科_リハビリテーション科】長崎県南島原市有家町久保２１－１" }, "geometry": { "type": "Point", "coordinates": [ 130.304335, 32.666122 ] } },
{ "type": "Feature", "properties": { "ID": "422cmi0128", "正式名称": "島原こころのクリニック", "機関区分": 2, "都道府県コード": 42, "市区町村コード": 203, "所在地": "長崎県島原市広馬場町３７５－２", "緯度": 32.77529, "経度": 130.373368, "url": "https://www.iryou.teikyouseido.mhlw.go.jp/znk-web/juminkanja/S2430/initialize?prefCd=42&kikanCd=cmi0128&kikanKbn=2", "url2": "http://www.shimabara.jp/hps/kokoro/", "内容": "島原こころのクリニック【2:診療所】【診療科目:精神科_心療内科_漢方精神科】長崎県島原市広馬場町３７５－２" }, "geometry": { "type": "Point", "coordinates": [ 130.373368, 32.77529 ] } },
{ "type": "Feature", "properties": { "ID": "422cmi0131", "正式名称": "なおみレディースクリニック", "機関区分": 2, "都道府県コード": 42, "市区町村コード": 203, "所在地": "長崎県島原市南安徳町４４５２", "緯度": 32.742224, "経度": 130.368179, "url": "https://www.iryou.teikyouseido.mhlw.go.jp/znk-web/juminkanja/S2430/initialize?prefCd=42&kikanCd=cmi0131&kikanKbn=2", "url2": "http://www.naomi-lc.com", "内容": "なおみレディースクリニック【2:診療所】【診療科目:婦人科】長崎県島原市南安徳町４４５２" }, "geometry": { "type": "Point", "coordinates": [ 130.368179, 32.742224 ] } },
{ "type": "Feature", "properties": { "ID": "422cmi0136", "正式名称": "いでた整形外科クリニック", "機関区分": 2, "都道府県コード": 42, "市区町村コード": 203, "所在地": "長崎県島原市親和町３５６３ー１１", "緯度": 32.761781, "経度": 130.367223, "url": "https://www.iryou.teikyouseido.mhlw.go.jp/znk-web/juminkanja/S2430/initialize?prefCd=42&kikanCd=cmi0136&kikanKbn=2", "url2": "https://www.ideta-ortho.com/", "内容": "いでた整形外科クリニック【2:診療所】【診療科目:整形外科_リハビリテーション科】長崎県島原市親和町３５６３ー１１" }, "geometry": { "type": "Point", "coordinates": [ 130.367223, 32.761781 ] } },
{ "type": "Feature", "properties": { "ID": "422cmi0137", "正式名称": "まつしま内科クリニック", "機関区分": 2, "都道府県コード": 42, "市区町村コード": 203, "所在地": "長崎県島原市柏野町１４７２番", "緯度": 32.79907, "経度": 130.35616, "url": "https://www.iryou.teikyouseido.mhlw.go.jp/znk-web/juminkanja/S2430/initialize?prefCd=42&kikanCd=cmi0137&kikanKbn=2", "url2": "www.matsunaikaclinic.com", "内容": "まつしま内科クリニック【2:診療所】【診療科目:内科_循環器内科_リハビリテーション科】長崎県島原市柏野町１４７２番" }, "geometry": { "type": "Point", "coordinates": [ 130.35616, 32.79907 ] } },
{ "type": "Feature", "properties": { "ID": "422cmi0138", "正式名称": "医療法人祐和会　安藤医院", "機関区分": 2, "都道府県コード": 42, "市区町村コード": 213, "所在地": "長崎県雲仙市吾妻町牛口名３７８ー２", "緯度": 32.837063, "経度": 130.19026, "url": "https://www.iryou.teikyouseido.mhlw.go.jp/znk-web/juminkanja/S2430/initialize?prefCd=42&kikanCd=cmi0138&kikanKbn=2", "url2": null, "内容": "医療法人祐和会　安藤医院【2:診療所】【診療科目:内科_外科_耳鼻いんこう科_リハビリテーション科_放射線治療科】長崎県雲仙市吾妻町牛口名３７８ー２" }, "geometry": { "type": "Point", "coordinates": [ 130.19026, 32.837063 ] } },
{ "type": "Feature", "properties": { "ID": "422cna0001", "正式名称": "あいウーマンズクリニック", "機関区分": 2, "都道府県コード": 42, "市区町村コード": 201, "所在地": "長崎県長崎市五島町５番地３８号", "緯度": 32.748107, "経度": 129.872976, "url": "https://www.iryou.teikyouseido.mhlw.go.jp/znk-web/juminkanja/S2430/initialize?prefCd=42&kikanCd=cna0001&kikanKbn=2", "url2": "http//wwwai-woman.jp", "内容": "あいウーマンズクリニック【2:診療所】【診療科目:婦人科】長崎県長崎市五島町５番地３８号" }, "geometry": { "type": "Point", "coordinates": [ 129.872976, 32.748107 ] } },
{ "type": "Feature", "properties": { "ID": "422cna0002", "正式名称": "医療法人大輪会愛育小児科医院", "機関区分": 2, "都道府県コード": 42, "市区町村コード": 201, "所在地": "長崎県長崎市新戸町３丁目１７ー２７　中山ビル", "緯度": 32.712338, "経度": 129.866932, "url": "https://www.iryou.teikyouseido.mhlw.go.jp/znk-web/juminkanja/S2430/initialize?prefCd=42&kikanCd=cna0002&kikanKbn=2", "url2": null, "内容": "医療法人大輪会愛育小児科医院【2:診療所】【診療科目:小児科】長崎県長崎市新戸町３丁目１７ー２７　中山ビル" }, "geometry": { "type": "Point", "coordinates": [ 129.866932, 32.712338 ] } },
{ "type": "Feature", "properties": { "ID": "422cna0006", "正式名称": "医療法人あおぞら内科クリニック", "機関区分": 2, "都道府県コード": 42, "市区町村コード": 201, "所在地": "長崎県長崎市元船町５番４号メディカルモール元船２階", "緯度": 32.748918, "経度": 129.871954, "url": "https://www.iryou.teikyouseido.mhlw.go.jp/znk-web/juminkanja/S2430/initialize?prefCd=42&kikanCd=cna0006&kikanKbn=2", "url2": null, "内容": "医療法人あおぞら内科クリニック【2:診療所】【診療科目:内科_感染症内科_呼吸器内科_循環器内科_アレルギー疾患内科_アレルギー科】長崎県長崎市元船町５番４号メディカルモール元船２階" }, "geometry": { "type": "Point", "coordinates": [ 129.871954, 32.748918 ] } },
{ "type": "Feature", "properties": { "ID": "422cna0009", "正式名称": "赤澤内科クリニック", "機関区分": 2, "都道府県コード": 42, "市区町村コード": 201, "所在地": "長崎県長崎市千歳町９番２６号", "緯度": 32.789935, "経度": 129.862439, "url": "https://www.iryou.teikyouseido.mhlw.go.jp/znk-web/juminkanja/S2430/initialize?prefCd=42&kikanCd=cna0009&kikanKbn=2", "url2": "http://www.akazawa-naika-clinic.com", "内容": "赤澤内科クリニック【2:診療所】【診療科目:内科_糖尿病内科】長崎県長崎市千歳町９番２６号" }, "geometry": { "type": "Point", "coordinates": [ 129.862439, 32.789935 ] } },
{ "type": "Feature", "properties": { "ID": "422cna0010", "正式名称": "医療法人　赤司消化器クリニック", "機関区分": 2, "都道府県コード": 42, "市区町村コード": 201, "所在地": "長崎県長崎市桜町６番１０号", "緯度": 32.750175, "経度": 129.879222, "url": "https://www.iryou.teikyouseido.mhlw.go.jp/znk-web/juminkanja/S2430/initialize?prefCd=42&kikanCd=cna0010&kikanKbn=2", "url2": "https://www.akashiclinic-nagasaki.com/", "内容": "医療法人　赤司消化器クリニック【2:診療所】【診療科目:内科_消化器内科_外科_消化器外科】長崎県長崎市桜町６番１０号" }, "geometry": { "type": "Point", "coordinates": [ 129.879222, 32.750175 ] } },
{ "type": "Feature", "properties": { "ID": "422cna0011", "正式名称": "医療法人赤司内科消化器科医院", "機関区分": 2, "都道府県コード": 42, "市区町村コード": 201, "所在地": "長崎県長崎市若葉町１４－８", "緯度": 32.790265, "経度": 129.860574, "url": "https://www.iryou.teikyouseido.mhlw.go.jp/znk-web/juminkanja/S2430/initialize?prefCd=42&kikanCd=cna0011&kikanKbn=2", "url2": null, "内容": "医療法人赤司内科消化器科医院【2:診療所】【診療科目:内科_消化器内科】長崎県長崎市若葉町１４－８" }, "geometry": { "type": "Point", "coordinates": [ 129.860574, 32.790265 ] } },
{ "type": "Feature", "properties": { "ID": "422cna0012", "正式名称": "医療法人秋山眼科クリニック", "機関区分": 2, "都道府県コード": 42, "市区町村コード": 201, "所在地": "長崎県長崎市桜馬場１丁目７番７号", "緯度": 32.752976, "経度": 129.888266, "url": "https://www.iryou.teikyouseido.mhlw.go.jp/znk-web/juminkanja/S2430/initialize?prefCd=42&kikanCd=cna0012&kikanKbn=2", "url2": null, "内容": "医療法人秋山眼科クリニック【2:診療所】【診療科目:眼科】長崎県長崎市桜馬場１丁目７番７号" }, "geometry": { "type": "Point", "coordinates": [ 129.888266, 32.752976 ] } },
{ "type": "Feature", "properties": { "ID": "422cna0014", "正式名称": "秋山内科医院", "機関区分": 2, "都道府県コード": 42, "市区町村コード": 201, "所在地": "長崎県長崎市茂木町１６９４", "緯度": 32.705078, "経度": 129.909308, "url": "https://www.iryou.teikyouseido.mhlw.go.jp/znk-web/juminkanja/S2430/initialize?prefCd=42&kikanCd=cna0014&kikanKbn=2", "url2": null, "内容": "秋山内科医院【2:診療所】【診療科目:内科_呼吸器内科】長崎県長崎市茂木町１６９４" }, "geometry": { "type": "Point", "coordinates": [ 129.909308, 32.705078 ] } },
{ "type": "Feature", "properties": { "ID": "422cna0016", "正式名称": "あきよし都美内科クリニック", "機関区分": 2, "都道府県コード": 42, "市区町村コード": 201, "所在地": "長崎県長崎市若葉町１－２４", "緯度": 32.78558, "経度": 129.862171, "url": "https://www.iryou.teikyouseido.mhlw.go.jp/znk-web/juminkanja/S2430/initialize?prefCd=42&kikanCd=cna0016&kikanKbn=2", "url2": null, "内容": "あきよし都美内科クリニック【2:診療所】【診療科目:内科_消化器内科_心療内科】長崎県長崎市若葉町１－２４" }, "geometry": { "type": "Point", "coordinates": [ 129.862171, 32.78558 ] } },
{ "type": "Feature", "properties": { "ID": "422cna0018", "正式名称": "あじさいクリニック", "機関区分": 2, "都道府県コード": 42, "市区町村コード": 201, "所在地": "長崎県長崎市銅座町７－２９ＴＮメデイカルビル３Ｆ", "緯度": 32.742413, "経度": 129.876293, "url": "https://www.iryou.teikyouseido.mhlw.go.jp/znk-web/juminkanja/S2430/initialize?prefCd=42&kikanCd=cna0018&kikanKbn=2", "url2": null, "内容": "あじさいクリニック【2:診療所】【診療科目:整形外科_リウマチ科】長崎県長崎市銅座町７－２９ＴＮメデイカルビル３Ｆ" }, "geometry": { "type": "Point", "coordinates": [ 129.876293, 32.742413 ] } },
{ "type": "Feature", "properties": { "ID": "422cna0019", "正式名称": "医療法人麻生外科医院", "機関区分": 2, "都道府県コード": 42, "市区町村コード": 201, "所在地": "長崎県長崎市滑石２丁目２番８号", "緯度": 32.807925, "経度": 129.84495, "url": "https://www.iryou.teikyouseido.mhlw.go.jp/znk-web/juminkanja/S2430/initialize?prefCd=42&kikanCd=cna0019&kikanKbn=2", "url2": "https://www.asougekaiin.com", "内容": "医療法人麻生外科医院【2:診療所】【診療科目:胃腸内科_外科_肛門外科_整形外科_リハビリテーション科】長崎県長崎市滑石２丁目２番８号" }, "geometry": { "type": "Point", "coordinates": [ 129.84495, 32.807925 ] } },
{ "type": "Feature", "properties": { "ID": "422cna0020", "正式名称": "医療法人社団麻生整形外科医院", "機関区分": 2, "都道府県コード": 42, "市区町村コード": 201, "所在地": "長崎県長崎市横尾２丁目１３－１８", "緯度": 32.813717, "経度": 129.83627, "url": "https://www.iryou.teikyouseido.mhlw.go.jp/znk-web/juminkanja/S2430/initialize?prefCd=42&kikanCd=cna0020&kikanKbn=2", "url2": "https://asouseikei.jp/", "内容": "医療法人社団麻生整形外科医院【2:診療所】【診療科目:整形外科_リウマチ科_リハビリテーション科】長崎県長崎市横尾２丁目１３－１８" }, "geometry": { "type": "Point", "coordinates": [ 129.83627, 32.813717 ] } },
{ "type": "Feature", "properties": { "ID": "422cna0021", "正式名称": "医療法人常照会　はまのまち内科循環器内科", "機関区分": 2, "都道府県コード": 42, "市区町村コード": 201, "所在地": "長崎県長崎市浜町７ー２３松永ビル３Ｆ", "緯度": 32.743453, "経度": 129.878824, "url": "https://www.iryou.teikyouseido.mhlw.go.jp/znk-web/juminkanja/S2430/initialize?prefCd=42&kikanCd=cna0021&kikanKbn=2", "url2": "https://itp.ne.jp/info/428594800137281180/", "内容": "医療法人常照会　はまのまち内科循環器内科【2:診療所】【診療科目:内科_循環器内科】長崎県長崎市浜町７ー２３松永ビル３Ｆ" }, "geometry": { "type": "Point", "coordinates": [ 129.878824, 32.743453 ] } },
{ "type": "Feature", "properties": { "ID": "422cna0023", "正式名称": "医療法人阿保外科医院", "機関区分": 2, "都道府県コード": 42, "市区町村コード": 201, "所在地": "長崎県長崎市宿町２８番地１", "緯度": 32.759175, "経度": 129.941696, "url": "https://www.iryou.teikyouseido.mhlw.go.jp/znk-web/juminkanja/S2430/initialize?prefCd=42&kikanCd=cna0023&kikanKbn=2", "url2": "http://abogeka.com/", "内容": "医療法人阿保外科医院【2:診療所】【診療科目:胃腸内科_外科_肛門外科_リハビリテーション科_放射線科】長崎県長崎市宿町２８番地１" }, "geometry": { "type": "Point", "coordinates": [ 129.941696, 32.759175 ] } },
{ "type": "Feature", "properties": { "ID": "422cna0024", "正式名称": "医療法人社団天本内科医院", "機関区分": 2, "都道府県コード": 42, "市区町村コード": 201, "所在地": "長崎県長崎市万才町７番地１号ＴＢＭ長崎ビル３階", "緯度": 32.74754, "経度": 129.875745, "url": "https://www.iryou.teikyouseido.mhlw.go.jp/znk-web/juminkanja/S2430/initialize?prefCd=42&kikanCd=cna0024&kikanKbn=2", "url2": null, "内容": "医療法人社団天本内科医院【2:診療所】【診療科目:内科_糖尿病・代謝内科_循環器内科_消化器内科_放射線科】長崎県長崎市万才町７番地１号ＴＢＭ長崎ビル３階" }, "geometry": { "type": "Point", "coordinates": [ 129.875745, 32.74754 ] } },
{ "type": "Feature", "properties": { "ID": "422cna0028", "正式名称": "心療内科新クリニック", "機関区分": 2, "都道府県コード": 42, "市区町村コード": 201, "所在地": "長崎県長崎市若葉町１６－１１－２階", "緯度": 32.790212, "経度": 129.859627, "url": "https://www.iryou.teikyouseido.mhlw.go.jp/znk-web/juminkanja/S2430/initialize?prefCd=42&kikanCd=cna0028&kikanKbn=2", "url2": "https://www.arataclinic.com/", "内容": "心療内科新クリニック【2:診療所】【診療科目:精神科_心療内科】長崎県長崎市若葉町１６－１１－２階" }, "geometry": { "type": "Point", "coordinates": [ 129.859627, 32.790212 ] } },
{ "type": "Feature", "properties": { "ID": "422cna0030", "正式名称": "有高クリニック", "機関区分": 2, "都道府県コード": 42, "市区町村コード": 201, "所在地": "長崎県長崎市万屋町４－１９", "緯度": 32.744925, "経度": 129.87847, "url": "https://www.iryou.teikyouseido.mhlw.go.jp/znk-web/juminkanja/S2430/initialize?prefCd=42&kikanCd=cna0030&kikanKbn=2", "url2": null, "内容": "有高クリニック【2:診療所】【診療科目:内科_呼吸器内科_循環器内科_消化器内科】長崎県長崎市万屋町４－１９" }, "geometry": { "type": "Point", "coordinates": [ 129.87847, 32.744925 ] } },
{ "type": "Feature", "properties": { "ID": "422cna0031", "正式名称": "有冨内科医院", "機関区分": 2, "都道府県コード": 42, "市区町村コード": 201, "所在地": "長崎県長崎市江の浦町１ー１２", "緯度": 32.750611, "経度": 129.862375, "url": "https://www.iryou.teikyouseido.mhlw.go.jp/znk-web/juminkanja/S2430/initialize?prefCd=42&kikanCd=cna0031&kikanKbn=2", "url2": null, "内容": "有冨内科医院【2:診療所】【診療科目:内科_消化器内科_胃腸内科】長崎県長崎市江の浦町１ー１２" }, "geometry": { "type": "Point", "coordinates": [ 129.862375, 32.750611 ] } },
{ "type": "Feature", "properties": { "ID": "422cna0032", "正式名称": "粟津外科医院", "機関区分": 2, "都道府県コード": 42, "市区町村コード": 201, "所在地": "長崎県長崎市田上２丁目８番１８号", "緯度": 32.72653, "経度": 129.889845, "url": "https://www.iryou.teikyouseido.mhlw.go.jp/znk-web/juminkanja/S2430/initialize?prefCd=42&kikanCd=cna0032&kikanKbn=2", "url2": null, "内容": "粟津外科医院【2:診療所】【診療科目:消化器内科_外科_肛門外科_整形外科】長崎県長崎市田上２丁目８番１８号" }, "geometry": { "type": "Point", "coordinates": [ 129.889845, 32.72653 ] } },
{ "type": "Feature", "properties": { "ID": "422cna0033", "正式名称": "飯田内科医院", "機関区分": 2, "都道府県コード": 42, "市区町村コード": 201, "所在地": "長崎県長崎市横尾２－１３－６", "緯度": 32.813602, "経度": 129.836035, "url": "https://www.iryou.teikyouseido.mhlw.go.jp/znk-web/juminkanja/S2430/initialize?prefCd=42&kikanCd=cna0033&kikanKbn=2", "url2": null, "内容": "飯田内科医院【2:診療所】【診療科目:内科_小児科_放射線科】長崎県長崎市横尾２－１３－６" }, "geometry": { "type": "Point", "coordinates": [ 129.836035, 32.813602 ] } },
{ "type": "Feature", "properties": { "ID": "422cna0034", "正式名称": "長崎市伊王島国民健康保険診療所", "機関区分": 2, "都道府県コード": 42, "市区町村コード": 201, "所在地": "長崎県長崎市伊王島町２丁目８４６番地６", "緯度": 32.701171, "経度": 129.77813, "url": "https://www.iryou.teikyouseido.mhlw.go.jp/znk-web/juminkanja/S2430/initialize?prefCd=42&kikanCd=cna0034&kikanKbn=2", "url2": null, "内容": "長崎市伊王島国民健康保険診療所【2:診療所】【診療科目:内科_外科_歯科】長崎県長崎市伊王島町２丁目８４６番地６" }, "geometry": { "type": "Point", "coordinates": [ 129.77813, 32.701171 ] } },
{ "type": "Feature", "properties": { "ID": "422cna0035", "正式名称": "医療法人猪狩医院", "機関区分": 2, "都道府県コード": 42, "市区町村コード": 201, "所在地": "長崎県長崎市小瀬戸町１５５", "緯度": 32.72497, "経度": 129.837147, "url": "https://www.iryou.teikyouseido.mhlw.go.jp/znk-web/juminkanja/S2430/initialize?prefCd=42&kikanCd=cna0035&kikanKbn=2", "url2": null, "内容": "医療法人猪狩医院【2:診療所】【診療科目:内科_小児科】長崎県長崎市小瀬戸町１５５" }, "geometry": { "type": "Point", "coordinates": [ 129.837147, 32.72497 ] } },
{ "type": "Feature", "properties": { "ID": "422cna0037", "正式名称": "池田産科‐ＹＯＵ‐婦人科医院", "機関区分": 2, "都道府県コード": 42, "市区町村コード": 201, "所在地": "長崎県長崎市矢上町３１番６号", "緯度": 32.7781, "経度": 129.952073, "url": "https://www.iryou.teikyouseido.mhlw.go.jp/znk-web/juminkanja/S2430/initialize?prefCd=42&kikanCd=cna0037&kikanKbn=2", "url2": "ikeda-you-clinic.jp", "内容": "池田産科‐ＹＯＵ‐婦人科医院【2:診療所】【診療科目:産婦人科】長崎県長崎市矢上町３１番６号" }, "geometry": { "type": "Point", "coordinates": [ 129.952073, 32.7781 ] } },
{ "type": "Feature", "properties": { "ID": "422cna0038", "正式名称": "医療法人賢倫雄会　池田整形外科クリニック", "機関区分": 2, "都道府県コード": 42, "市区町村コード": 201, "所在地": "長崎県長崎市金屋町２－１０平田ビル５階", "緯度": 32.74837, "経度": 129.87405, "url": "https://www.iryou.teikyouseido.mhlw.go.jp/znk-web/juminkanja/S2430/initialize?prefCd=42&kikanCd=cna0038&kikanKbn=2", "url2": "https://kenrinyu-ikedaseikei.com", "内容": "医療法人賢倫雄会　池田整形外科クリニック【2:診療所】【診療科目:整形外科_リハビリテーション科】長崎県長崎市金屋町２－１０平田ビル５階" }, "geometry": { "type": "Point", "coordinates": [ 129.87405, 32.74837 ] } },
{ "type": "Feature", "properties": { "ID": "422cna0039", "正式名称": "医療法人社団池田胃腸内科医院", "機関区分": 2, "都道府県コード": 42, "市区町村コード": 201, "所在地": "長崎県長崎市相生町５−１", "緯度": 32.733423, "経度": 129.872437, "url": "https://www.iryou.teikyouseido.mhlw.go.jp/znk-web/juminkanja/S2430/initialize?prefCd=42&kikanCd=cna0039&kikanKbn=2", "url2": "http://www.ikeda-ichounaikaclinic.jp/", "内容": "医療法人社団池田胃腸内科医院【2:診療所】【診療科目:内科_呼吸器内科_循環器内科_消化器内科_胃腸内科_内視鏡内科】長崎県長崎市相生町５−１" }, "geometry": { "type": "Point", "coordinates": [ 129.872437, 32.733423 ] } },
{ "type": "Feature", "properties": { "ID": "422cna0043", "正式名称": "長崎市医師会医療センター診療所", "機関区分": 2, "都道府県コード": 42, "市区町村コード": 201, "所在地": "長崎県長崎市栄町２番２２号", "緯度": 32.748042, "経度": 129.87779, "url": "https://www.iryou.teikyouseido.mhlw.go.jp/znk-web/juminkanja/S2430/initialize?prefCd=42&kikanCd=cna0043&kikanKbn=2", "url2": "http://www.nagasaki.med.or.jp/n-city/", "内容": "長崎市医師会医療センター診療所【2:診療所】【診療科目:内科_外科】長崎県長崎市栄町２番２２号" }, "geometry": { "type": "Point", "coordinates": [ 129.87779, 32.748042 ] } },
{ "type": "Feature", "properties": { "ID": "422cna0044", "正式名称": "医療法人石川内科医院", "機関区分": 2, "都道府県コード": 42, "市区町村コード": 201, "所在地": "長崎県長崎市五島町３番１７ー１０３号", "緯度": 32.74902, "経度": 129.873112, "url": "https://www.iryou.teikyouseido.mhlw.go.jp/znk-web/juminkanja/S2430/initialize?prefCd=42&kikanCd=cna0044&kikanKbn=2", "url2": null, "内容": "医療法人石川内科医院【2:診療所】【診療科目:内科】長崎県長崎市五島町３番１７ー１０３号" }, "geometry": { "type": "Point", "coordinates": [ 129.873112, 32.74902 ] } },
{ "type": "Feature", "properties": { "ID": "422cna0046", "正式名称": "石野皮膚科医院", "機関区分": 2, "都道府県コード": 42, "市区町村コード": 201, "所在地": "長崎県長崎市目覚町３番２号", "緯度": 32.763076, "経度": 129.865281, "url": "https://www.iryou.teikyouseido.mhlw.go.jp/znk-web/juminkanja/S2430/initialize?prefCd=42&kikanCd=cna0046&kikanKbn=2", "url2": null, "内容": "石野皮膚科医院【2:診療所】【診療科目:皮膚科】長崎県長崎市目覚町３番２号" }, "geometry": { "type": "Point", "coordinates": [ 129.865281, 32.763076 ] } },
{ "type": "Feature", "properties": { "ID": "422cna0049", "正式名称": "医療法人泉田外科", "機関区分": 2, "都道府県コード": 42, "市区町村コード": 201, "所在地": "長崎県長崎市宿町３６番地", "緯度": 32.758477, "経度": 129.941758, "url": "https://www.iryou.teikyouseido.mhlw.go.jp/znk-web/juminkanja/S2430/initialize?prefCd=42&kikanCd=cna0049&kikanKbn=2", "url2": null, "内容": "医療法人泉田外科【2:診療所】【診療科目:外科_消化器外科_整形外科_リハビリテーション科_放射線科】長崎県長崎市宿町３６番地" }, "geometry": { "type": "Point", "coordinates": [ 129.941758, 32.758477 ] } },
{ "type": "Feature", "properties": { "ID": "422cna0051", "正式名称": "医療法人社団　レディースクリニックＩＣＨＩＲＯ", "機関区分": 2, "都道府県コード": 42, "市区町村コード": 201, "所在地": "長崎県長崎市京泊３丁目１０－１５", "緯度": 32.823036, "経度": 129.77115, "url": "https://www.iryou.teikyouseido.mhlw.go.jp/znk-web/juminkanja/S2430/initialize?prefCd=42&kikanCd=cna0051&kikanKbn=2", "url2": "Ladys-c-ichiro.come.", "内容": "医療法人社団　レディースクリニックＩＣＨＩＲＯ【2:診療所】【診療科目:産婦人科】長崎県長崎市京泊３丁目１０－１５" }, "geometry": { "type": "Point", "coordinates": [ 129.77115, 32.823036 ] } },
{ "type": "Feature", "properties": { "ID": "422cna0052", "正式名称": "井手外科形成外科医院", "機関区分": 2, "都道府県コード": 42, "市区町村コード": 201, "所在地": "長崎県長崎市丸山町７－２", "緯度": 32.742115, "経度": 129.880889, "url": "https://www.iryou.teikyouseido.mhlw.go.jp/znk-web/juminkanja/S2430/initialize?prefCd=42&kikanCd=cna0052&kikanKbn=2", "url2": "http://idegeka-keiseigeka.com", "内容": "井手外科形成外科医院【2:診療所】【診療科目:内科_外科_整形外科_形成外科_リハビリテーション科】長崎県長崎市丸山町７－２" }, "geometry": { "type": "Point", "coordinates": [ 129.880889, 32.742115 ] } },
{ "type": "Feature", "properties": { "ID": "422cna0053", "正式名称": "井手外科医院", "機関区分": 2, "都道府県コード": 42, "市区町村コード": 201, "所在地": "長崎県長崎市樺島町４番１号", "緯度": 32.746687, "経度": 129.872875, "url": "https://www.iryou.teikyouseido.mhlw.go.jp/znk-web/juminkanja/S2430/initialize?prefCd=42&kikanCd=cna0053&kikanKbn=2", "url2": null, "内容": "井手外科医院【2:診療所】【診療科目:消化器内科_胃腸内科_外科_胃腸外科_大腸外科_肛門外科_整形外科_リハビリテーション科_放射線科】長崎県長崎市樺島町４番１号" }, "geometry": { "type": "Point", "coordinates": [ 129.872875, 32.746687 ] } },
{ "type": "Feature", "properties": { "ID": "422cna0054", "正式名称": "医療法人井手内科クリニック", "機関区分": 2, "都道府県コード": 42, "市区町村コード": 201, "所在地": "長崎県長崎市家野町２番２２号", "緯度": 32.786474, "経度": 129.862745, "url": "https://www.iryou.teikyouseido.mhlw.go.jp/znk-web/juminkanja/S2430/initialize?prefCd=42&kikanCd=cna0054&kikanKbn=2", "url2": null, "内容": "医療法人井手内科クリニック【2:診療所】【診療科目:内科_呼吸器内科】長崎県長崎市家野町２番２２号" }, "geometry": { "type": "Point", "coordinates": [ 129.862745, 32.786474 ] } },
{ "type": "Feature", "properties": { "ID": "422cna0056", "正式名称": "医療法人伊藤クリニック", "機関区分": 2, "都道府県コード": 42, "市区町村コード": 201, "所在地": "長崎県長崎市大橋町７番２０号栄久ビルＢ－２Ｆ", "緯度": 32.782544, "経度": 129.862191, "url": "https://www.iryou.teikyouseido.mhlw.go.jp/znk-web/juminkanja/S2430/initialize?prefCd=42&kikanCd=cna0056&kikanKbn=2", "url2": null, "内容": "医療法人伊藤クリニック【2:診療所】【診療科目:内科_胃腸内科_外科_肛門外科_放射線科】長崎県長崎市大橋町７番２０号栄久ビルＢ－２Ｆ" }, "geometry": { "type": "Point", "coordinates": [ 129.862191, 32.782544 ] } },
{ "type": "Feature", "properties": { "ID": "422cna0058", "正式名称": "いとう内科医院", "機関区分": 2, "都道府県コード": 42, "市区町村コード": 201, "所在地": "長崎県長崎市滑３丁目２５番１８号", "緯度": 32.808548, "経度": 129.833155, "url": "https://www.iryou.teikyouseido.mhlw.go.jp/znk-web/juminkanja/S2430/initialize?prefCd=42&kikanCd=cna0058&kikanKbn=2", "url2": null, "内容": "いとう内科医院【2:診療所】【診療科目:内科_消化器内科_胃腸内科_老年内科_疼痛緩和内科_アレルギー科】長崎県長崎市滑３丁目２５番１８号" }, "geometry": { "type": "Point", "coordinates": [ 129.833155, 32.808548 ] } },
{ "type": "Feature", "properties": { "ID": "422cna0059", "正式名称": "稲佐の森診療所", "機関区分": 2, "都道府県コード": 42, "市区町村コード": 201, "所在地": "長崎県長崎市大谷町４１８番地１", "緯度": 32.748489, "経度": 129.851004, "url": "https://www.iryou.teikyouseido.mhlw.go.jp/znk-web/juminkanja/S2430/initialize?prefCd=42&kikanCd=cna0059&kikanKbn=2", "url2": "http://www.nagasaki-kouseifukushidan.or.jp", "内容": "稲佐の森診療所【2:診療所】【診療科目:内科】長崎県長崎市大谷町４１８番地１" }, "geometry": { "type": "Point", "coordinates": [ 129.851004, 32.748489 ] } },
{ "type": "Feature", "properties": { "ID": "422cna0064", "正式名称": "医療法人いまむら整形外科医院", "機関区分": 2, "都道府県コード": 42, "市区町村コード": 201, "所在地": "長崎県長崎市葉山１丁目２８番１号", "緯度": 32.805959, "経度": 129.848367, "url": "https://www.iryou.teikyouseido.mhlw.go.jp/znk-web/juminkanja/S2430/initialize?prefCd=42&kikanCd=cna0064&kikanKbn=2", "url2": null, "内容": "医療法人いまむら整形外科医院【2:診療所】【診療科目:整形外科_リウマチ科_リハビリテーション科】長崎県長崎市葉山１丁目２８番１号" }, "geometry": { "type": "Point", "coordinates": [ 129.848367, 32.805959 ] } },
{ "type": "Feature", "properties": { "ID": "422cna0065", "正式名称": "医療法人今村　たちばなベイクリニック", "機関区分": 2, "都道府県コード": 42, "市区町村コード": 201, "所在地": "長崎県長崎市網場町４８７番８", "緯度": 32.755206, "経度": 129.946267, "url": "https://www.iryou.teikyouseido.mhlw.go.jp/znk-web/juminkanja/S2430/initialize?prefCd=42&kikanCd=cna0065&kikanKbn=2", "url2": null, "内容": "医療法人今村　たちばなベイクリニック【2:診療所】【診療科目:内科_循環器内科_消化器内科_整形外科_眼科_リハビリテーション科_麻酔科】長崎県長崎市網場町４８７番８" }, "geometry": { "type": "Point", "coordinates": [ 129.946267, 32.755206 ] } },
{ "type": "Feature", "properties": { "ID": "422cna0066", "正式名称": "医療法人中田内科", "機関区分": 2, "都道府県コード": 42, "市区町村コード": 201, "所在地": "長崎県長崎市桜馬場１丁目２－２５", "緯度": 32.752526, "経度": 129.887713, "url": "https://www.iryou.teikyouseido.mhlw.go.jp/znk-web/juminkanja/S2430/initialize?prefCd=42&kikanCd=cna0066&kikanKbn=2", "url2": "http://www.nakata-naika.net", "内容": "医療法人中田内科【2:診療所】【診療科目:内科_胃腸内科】長崎県長崎市桜馬場１丁目２－２５" }, "geometry": { "type": "Point", "coordinates": [ 129.887713, 32.752526 ] } },
{ "type": "Feature", "properties": { "ID": "422cna0071", "正式名称": "医療法人社団昭成会岩永医院", "機関区分": 2, "都道府県コード": 42, "市区町村コード": 201, "所在地": "長崎県長崎市平和町８番７号", "緯度": 32.775509, "経度": 129.86742, "url": "https://www.iryou.teikyouseido.mhlw.go.jp/znk-web/juminkanja/S2430/initialize?prefCd=42&kikanCd=cna0071&kikanKbn=2", "url2": "http://www.iwanagaiin.jp", "内容": "医療法人社団昭成会岩永医院【2:診療所】【診療科目:内科_循環器内科_消化器内科_リウマチ科】長崎県長崎市平和町８番７号" }, "geometry": { "type": "Point", "coordinates": [ 129.86742, 32.775509 ] } },
{ "type": "Feature", "properties": { "ID": "422cna0073", "正式名称": "医療法人岩永整形外科医院", "機関区分": 2, "都道府県コード": 42, "市区町村コード": 201, "所在地": "長崎県長崎市柳田町２番地", "緯度": 32.685758, "経度": 129.842964, "url": "https://www.iryou.teikyouseido.mhlw.go.jp/znk-web/juminkanja/S2430/initialize?prefCd=42&kikanCd=cna0073&kikanKbn=2", "url2": null, "内容": "医療法人岩永整形外科医院【2:診療所】【診療科目:整形外科_リハビリテーション科】長崎県長崎市柳田町２番地" }, "geometry": { "type": "Point", "coordinates": [ 129.842964, 32.685758 ] } },
{ "type": "Feature", "properties": { "ID": "422cna0075", "正式名称": "医療法人　植松整形外科医院", "機関区分": 2, "都道府県コード": 42, "市区町村コード": 201, "所在地": "長崎県長崎市田中町２６６番地２", "緯度": 32.764151, "経度": 129.950643, "url": "https://www.iryou.teikyouseido.mhlw.go.jp/znk-web/juminkanja/S2430/initialize?prefCd=42&kikanCd=cna0075&kikanKbn=2", "url2": null, "内容": "医療法人　植松整形外科医院【2:診療所】【診療科目:整形外科_リウマチ科_リハビリテーション科】長崎県長崎市田中町２６６番地２" }, "geometry": { "type": "Point", "coordinates": [ 129.950643, 32.764151 ] } },
{ "type": "Feature", "properties": { "ID": "422cna0076", "正式名称": "うどの皮ふ科", "機関区分": 2, "都道府県コード": 42, "市区町村コード": 201, "所在地": "長崎県長崎市元船町５番４号", "緯度": 32.748925, "経度": 129.871953, "url": "https://www.iryou.teikyouseido.mhlw.go.jp/znk-web/juminkanja/S2430/initialize?prefCd=42&kikanCd=cna0076&kikanKbn=2", "url2": "http://www.udono-hifuka.com", "内容": "うどの皮ふ科【2:診療所】【診療科目:皮膚科】長崎県長崎市元船町５番４号" }, "geometry": { "type": "Point", "coordinates": [ 129.871953, 32.748925 ] } },
{ "type": "Feature", "properties": { "ID": "422cna0081", "正式名称": "うらべ耳鼻咽喉科医院", "機関区分": 2, "都道府県コード": 42, "市区町村コード": 201, "所在地": "長崎県長崎市滑石３－１９－６", "緯度": 32.807799, "経度": 129.836308, "url": "https://www.iryou.teikyouseido.mhlw.go.jp/znk-web/juminkanja/S2430/initialize?prefCd=42&kikanCd=cna0081&kikanKbn=2", "url2": "https://urabe-jibika.com/", "内容": "うらべ耳鼻咽喉科医院【2:診療所】【診療科目:小児耳鼻いんこう科_耳鼻いんこう科_アレルギー科】長崎県長崎市滑石３－１９－６" }, "geometry": { "type": "Point", "coordinates": [ 129.836308, 32.807799 ] } },
{ "type": "Feature", "properties": { "ID": "422cna0084", "正式名称": "医療法人　江上耳鼻咽喉科医院", "機関区分": 2, "都道府県コード": 42, "市区町村コード": 201, "所在地": "長崎県長崎市銅座町２－１５", "緯度": 32.74288, "経度": 129.875309, "url": "https://www.iryou.teikyouseido.mhlw.go.jp/znk-web/juminkanja/S2430/initialize?prefCd=42&kikanCd=cna0084&kikanKbn=2", "url2": "http://egami-ent.com", "内容": "医療法人　江上耳鼻咽喉科医院【2:診療所】【診療科目:頭頸部外科_小児耳鼻いんこう科_耳鼻いんこう科_気管食道・耳鼻いんこう科_頭頸部・耳鼻いんこう科_アレルギー科】長崎県長崎市銅座町２－１５" }, "geometry": { "type": "Point", "coordinates": [ 129.875309, 32.74288 ] } },
{ "type": "Feature", "properties": { "ID": "422cna0086", "正式名称": "医療法人江口クリニック", "機関区分": 2, "都道府県コード": 42, "市区町村コード": 201, "所在地": "長崎県長崎市今博多町４５番地", "緯度": 32.750611, "経度": 129.882178, "url": "https://www.iryou.teikyouseido.mhlw.go.jp/znk-web/juminkanja/S2430/initialize?prefCd=42&kikanCd=cna0086&kikanKbn=2", "url2": null, "内容": "医療法人江口クリニック【2:診療所】【診療科目:内科】長崎県長崎市今博多町４５番地" }, "geometry": { "type": "Point", "coordinates": [ 129.882178, 32.750611 ] } },
{ "type": "Feature", "properties": { "ID": "422cna0088", "正式名称": "江良医院", "機関区分": 2, "都道府県コード": 42, "市区町村コード": 201, "所在地": "長崎県長崎市住吉町５番１５号", "緯度": 32.792042, "経度": 129.860632, "url": "https://www.iryou.teikyouseido.mhlw.go.jp/znk-web/juminkanja/S2430/initialize?prefCd=42&kikanCd=cna0088&kikanKbn=2", "url2": null, "内容": "江良医院【2:診療所】【診療科目:内科_循環器内科】長崎県長崎市住吉町５番１５号" }, "geometry": { "type": "Point", "coordinates": [ 129.860632, 32.792042 ] } },
{ "type": "Feature", "properties": { "ID": "422cna0092", "正式名称": "社会医療法人健友会大浦診療所", "機関区分": 2, "都道府県コード": 42, "市区町村コード": 201, "所在地": "長崎県長崎市大浦町９－３０", "緯度": 32.734993, "経度": 129.872188, "url": "https://www.iryou.teikyouseido.mhlw.go.jp/znk-web/juminkanja/S2430/initialize?prefCd=42&kikanCd=cna0092&kikanKbn=2", "url2": "http://www.oura-shinryousyo.com", "内容": "社会医療法人健友会大浦診療所【2:診療所】【診療科目:内科_呼吸器内科_リウマチ科_リハビリテーション科】長崎県長崎市大浦町９－３０" }, "geometry": { "type": "Point", "coordinates": [ 129.872188, 32.734993 ] } },
{ "type": "Feature", "properties": { "ID": "422cna0094", "正式名称": "医療法人社団博生会大久保医院", "機関区分": 2, "都道府県コード": 42, "市区町村コード": 201, "所在地": "長崎県長崎市新地町４番１５号", "緯度": 32.741048, "経度": 129.873676, "url": "https://www.iryou.teikyouseido.mhlw.go.jp/znk-web/juminkanja/S2430/initialize?prefCd=42&kikanCd=cna0094&kikanKbn=2", "url2": "https://www.ookuboiin.net/", "内容": "医療法人社団博生会大久保医院【2:診療所】【診療科目:内科_循環器内科】長崎県長崎市新地町４番１５号" }, "geometry": { "type": "Point", "coordinates": [ 129.873676, 32.741048 ] } },
{ "type": "Feature", "properties": { "ID": "422cna0095", "正式名称": "おおつかこども医院", "機関区分": 2, "都道府県コード": 42, "市区町村コード": 201, "所在地": "長崎県長崎市滑石６丁目３番１号", "緯度": 32.80426, "経度": 129.834499, "url": "https://www.iryou.teikyouseido.mhlw.go.jp/znk-web/juminkanja/S2430/initialize?prefCd=42&kikanCd=cna0095&kikanKbn=2", "url2": "https://www.ohtsuka-kodomoclinic.com", "内容": "おおつかこども医院【2:診療所】【診療科目:小児科】長崎県長崎市滑石６丁目３番１号" }, "geometry": { "type": "Point", "coordinates": [ 129.834499, 32.80426 ] } },
{ "type": "Feature", "properties": { "ID": "422cna0097", "正式名称": "大坪整形外科", "機関区分": 2, "都道府県コード": 42, "市区町村コード": 201, "所在地": "長崎県長崎市川口町１番１－１０７号", "緯度": 32.764226, "経度": 129.864147, "url": "https://www.iryou.teikyouseido.mhlw.go.jp/znk-web/juminkanja/S2430/initialize?prefCd=42&kikanCd=cna0097&kikanKbn=2", "url2": null, "内容": "大坪整形外科【2:診療所】【診療科目:整形外科_リハビリテーション科】長崎県長崎市川口町１番１－１０７号" }, "geometry": { "type": "Point", "coordinates": [ 129.864147, 32.764226 ] } },
{ "type": "Feature", "properties": { "ID": "422cna0099", "正式名称": "医療法人耕雲会おおつる内科医院", "機関区分": 2, "都道府県コード": 42, "市区町村コード": 201, "所在地": "長崎県長崎市中町５番２７号", "緯度": 32.752543, "経度": 129.873441, "url": "https://www.iryou.teikyouseido.mhlw.go.jp/znk-web/juminkanja/S2430/initialize?prefCd=42&kikanCd=cna0099&kikanKbn=2", "url2": null, "内容": "医療法人耕雲会おおつる内科医院【2:診療所】【診療科目:内科_循環器内科_消化器内科_神経内科_リハビリテーション科】長崎県長崎市中町５番２７号" }, "geometry": { "type": "Point", "coordinates": [ 129.873441, 32.752543 ] } },
{ "type": "Feature", "properties": { "ID": "422cna0103", "正式名称": "医療法人大宮医院", "機関区分": 2, "都道府県コード": 42, "市区町村コード": 201, "所在地": "長崎県長崎市平山台１丁目１番１０号", "緯度": 32.662003, "経度": 129.834552, "url": "https://www.iryou.teikyouseido.mhlw.go.jp/znk-web/juminkanja/S2430/initialize?prefCd=42&kikanCd=cna0103&kikanKbn=2", "url2": null, "内容": "医療法人大宮医院【2:診療所】【診療科目:胃腸内科_外科_整形外科】長崎県長崎市平山台１丁目１番１０号" }, "geometry": { "type": "Point", "coordinates": [ 129.834552, 32.662003 ] } },
{ "type": "Feature", "properties": { "ID": "422cna0104", "正式名称": "医療法人おおみや小児科医院", "機関区分": 2, "都道府県コード": 42, "市区町村コード": 201, "所在地": "長崎県長崎市上野町２番１号", "緯度": 32.777036, "経度": 129.86871, "url": "https://www.iryou.teikyouseido.mhlw.go.jp/znk-web/juminkanja/S2430/initialize?prefCd=42&kikanCd=cna0104&kikanKbn=2", "url2": null, "内容": "医療法人おおみや小児科医院【2:診療所】【診療科目:小児科】長崎県長崎市上野町２番１号" }, "geometry": { "type": "Point", "coordinates": [ 129.86871, 32.777036 ] } },
{ "type": "Feature", "properties": { "ID": "422cna0106", "正式名称": "ＡＲＴ　岡本ウーマンズクリニック", "機関区分": 2, "都道府県コード": 42, "市区町村コード": 201, "所在地": "長崎県長崎市江戸町７番地１号", "緯度": 32.744469, "経度": 129.874686, "url": "https://www.iryou.teikyouseido.mhlw.go.jp/znk-web/juminkanja/S2430/initialize?prefCd=42&kikanCd=cna0106&kikanKbn=2", "url2": "https://www.okamotoclinic.gr.jp/access/", "内容": "ＡＲＴ　岡本ウーマンズクリニック【2:診療所】【診療科目:産科_婦人科_産婦人科（生殖医療）】長崎県長崎市江戸町７番地１号" }, "geometry": { "type": "Point", "coordinates": [ 129.874686, 32.744469 ] } },
{ "type": "Feature", "properties": { "ID": "422cna0107", "正式名称": "おがわクリニック", "機関区分": 2, "都道府県コード": 42, "市区町村コード": 201, "所在地": "長崎県長崎市田中町１０２７－４８", "緯度": 32.768282, "経度": 129.951515, "url": "https://www.iryou.teikyouseido.mhlw.go.jp/znk-web/juminkanja/S2430/initialize?prefCd=42&kikanCd=cna0107&kikanKbn=2", "url2": null, "内容": "おがわクリニック【2:診療所】【診療科目:消化器内科_外科_リハビリテーション科】長崎県長崎市田中町１０２７－４８" }, "geometry": { "type": "Point", "coordinates": [ 129.951515, 32.768282 ] } },
{ "type": "Feature", "properties": { "ID": "422cna0109", "正式名称": "医療法人おぐし内科眼科", "機関区分": 2, "都道府県コード": 42, "市区町村コード": 201, "所在地": "長崎県長崎市清水町１２番４号", "緯度": 32.784949, "経度": 129.857951, "url": "https://www.iryou.teikyouseido.mhlw.go.jp/znk-web/juminkanja/S2430/initialize?prefCd=42&kikanCd=cna0109&kikanKbn=2", "url2": null, "内容": "医療法人おぐし内科眼科【2:診療所】【診療科目:内科_循環器内科_眼科】長崎県長崎市清水町１２番４号" }, "geometry": { "type": "Point", "coordinates": [ 129.857951, 32.784949 ] } },
{ "type": "Feature", "properties": { "ID": "422cna0111", "正式名称": "医療法人奥内科医院", "機関区分": 2, "都道府県コード": 42, "市区町村コード": 201, "所在地": "長崎県長崎市西山２丁目１０－１０", "緯度": 32.760705, "経度": 129.88746, "url": "https://www.iryou.teikyouseido.mhlw.go.jp/znk-web/juminkanja/S2430/initialize?prefCd=42&kikanCd=cna0111&kikanKbn=2", "url2": null, "内容": "医療法人奥内科医院【2:診療所】【診療科目:内科_循環器内科】長崎県長崎市西山２丁目１０－１０" }, "geometry": { "type": "Point", "coordinates": [ 129.88746, 32.760705 ] } },
{ "type": "Feature", "properties": { "ID": "422cna0112", "正式名称": "おくの内科クリニック", "機関区分": 2, "都道府県コード": 42, "市区町村コード": 201, "所在地": "長崎県長崎市滑石３－８－５", "緯度": 32.807731, "経度": 129.838124, "url": "https://www.iryou.teikyouseido.mhlw.go.jp/znk-web/juminkanja/S2430/initialize?prefCd=42&kikanCd=cna0112&kikanKbn=2", "url2": null, "内容": "おくの内科クリニック【2:診療所】【診療科目:内科】長崎県長崎市滑石３－８－５" }, "geometry": { "type": "Point", "coordinates": [ 129.838124, 32.807731 ] } },
{ "type": "Feature", "properties": { "ID": "422cna0113", "正式名称": "医療法人社団奥平外科医院", "機関区分": 2, "都道府県コード": 42, "市区町村コード": 201, "所在地": "長崎県長崎市梁川町４番１５号", "緯度": 32.763021, "経度": 129.860348, "url": "https://www.iryou.teikyouseido.mhlw.go.jp/znk-web/juminkanja/S2430/initialize?prefCd=42&kikanCd=cna0113&kikanKbn=2", "url2": null, "内容": "医療法人社団奥平外科医院【2:診療所】【診療科目:消化器内科_肝臓内科_外科_整形外科】長崎県長崎市梁川町４番１５号" }, "geometry": { "type": "Point", "coordinates": [ 129.860348, 32.763021 ] } },
{ "type": "Feature", "properties": { "ID": "422cna0115", "正式名称": "小田循環器内科", "機関区分": 2, "都道府県コード": 42, "市区町村コード": 201, "所在地": "長崎県長崎市万屋町５－３８西川家ビル３Ｆ", "緯度": 32.744603, "経度": 129.879006, "url": "https://www.iryou.teikyouseido.mhlw.go.jp/znk-web/juminkanja/S2430/initialize?prefCd=42&kikanCd=cna0115&kikanKbn=2", "url2": null, "内容": "小田循環器内科【2:診療所】【診療科目:内科_循環器内科】長崎県長崎市万屋町５－３８西川家ビル３Ｆ" }, "geometry": { "type": "Point", "coordinates": [ 129.879006, 32.744603 ] } },
{ "type": "Feature", "properties": { "ID": "422cna0116", "正式名称": "医療法人落内科医院", "機関区分": 2, "都道府県コード": 42, "市区町村コード": 201, "所在地": "長崎県長崎市銅座町３番２４号木下ビル３階", "緯度": 32.742638, "経度": 129.875409, "url": "https://www.iryou.teikyouseido.mhlw.go.jp/znk-web/juminkanja/S2430/initialize?prefCd=42&kikanCd=cna0116&kikanKbn=2", "url2": null, "内容": "医療法人落内科医院【2:診療所】【診療科目:内科_呼吸器内科_循環器内科_消化器内科_放射線科】長崎県長崎市銅座町３番２４号木下ビル３階" }, "geometry": { "type": "Point", "coordinates": [ 129.875409, 32.742638 ] } },
{ "type": "Feature", "properties": { "ID": "422cna0117", "正式名称": "医療法人　おにつか内科・消化器科", "機関区分": 2, "都道府県コード": 42, "市区町村コード": 201, "所在地": "長崎県長崎市為石町２５２５－３", "緯度": 32.642813, "経度": 129.835148, "url": "https://www.iryou.teikyouseido.mhlw.go.jp/znk-web/juminkanja/S2430/initialize?prefCd=42&kikanCd=cna0117&kikanKbn=2", "url2": null, "内容": "医療法人　おにつか内科・消化器科【2:診療所】【診療科目:内科_循環器内科_消化器内科】長崎県長崎市為石町２５２５－３" }, "geometry": { "type": "Point", "coordinates": [ 129.835148, 32.642813 ] } },
{ "type": "Feature", "properties": { "ID": "422cna0118", "正式名称": "医療法人　小濱産婦人科医院", "機関区分": 2, "都道府県コード": 42, "市区町村コード": 201, "所在地": "長崎県長崎市丸山町１番５号", "緯度": 32.741277, "経度": 129.880051, "url": "https://www.iryou.teikyouseido.mhlw.go.jp/znk-web/juminkanja/S2430/initialize?prefCd=42&kikanCd=cna0118&kikanKbn=2", "url2": "http://www.obama-obgy-clinic.net/", "内容": "医療法人　小濱産婦人科医院【2:診療所】【診療科目:産婦人科】長崎県長崎市丸山町１番５号" }, "geometry": { "type": "Point", "coordinates": [ 129.880051, 32.741277 ] } },
{ "type": "Feature", "properties": { "ID": "422cna0121", "正式名称": "賀来医院", "機関区分": 2, "都道府県コード": 42, "市区町村コード": 201, "所在地": "長崎県長崎市三重町６２９番地１号", "緯度": 32.821549, "経度": 129.745027, "url": "https://www.iryou.teikyouseido.mhlw.go.jp/znk-web/juminkanja/S2430/initialize?prefCd=42&kikanCd=cna0121&kikanKbn=2", "url2": null, "内容": "賀来医院【2:診療所】【診療科目:内科_小児科_リハビリテーション科_放射線科】長崎県長崎市三重町６２９番地１号" }, "geometry": { "type": "Point", "coordinates": [ 129.745027, 32.821549 ] } },
{ "type": "Feature", "properties": { "ID": "422cna0124", "正式名称": "医療法人　影浦内科医院", "機関区分": 2, "都道府県コード": 42, "市区町村コード": 201, "所在地": "長崎県長崎市勝山町４番地", "緯度": 32.751163, "経度": 129.880873, "url": "https://www.iryou.teikyouseido.mhlw.go.jp/znk-web/juminkanja/S2430/initialize?prefCd=42&kikanCd=cna0124&kikanKbn=2", "url2": null, "内容": "医療法人　影浦内科医院【2:診療所】【診療科目:内科_循環器内科_消化器内科】長崎県長崎市勝山町４番地" }, "geometry": { "type": "Point", "coordinates": [ 129.880873, 32.751163 ] } },
{ "type": "Feature", "properties": { "ID": "422cna0131", "正式名称": "金子眼科クリニック", "機関区分": 2, "都道府県コード": 42, "市区町村コード": 201, "所在地": "長崎県長崎市銅座町２ー１５　イリスビル４階", "緯度": 32.74288, "経度": 129.875309, "url": "https://www.iryou.teikyouseido.mhlw.go.jp/znk-web/juminkanja/S2430/initialize?prefCd=42&kikanCd=cna0131&kikanKbn=2", "url2": null, "内容": "金子眼科クリニック【2:診療所】【診療科目:眼科】長崎県長崎市銅座町２ー１５　イリスビル４階" }, "geometry": { "type": "Point", "coordinates": [ 129.875309, 32.74288 ] } },
{ "type": "Feature", "properties": { "ID": "422cna0132", "正式名称": "かみむら小児科", "機関区分": 2, "都道府県コード": 42, "市区町村コード": 201, "所在地": "長崎県長崎市畝刈町１６１３－８５ニューポートメディカルビル１Ｆ", "緯度": 32.825517, "経度": 129.776955, "url": "https://www.iryou.teikyouseido.mhlw.go.jp/znk-web/juminkanja/S2430/initialize?prefCd=42&kikanCd=cna0132&kikanKbn=2", "url2": null, "内容": "かみむら小児科【2:診療所】【診療科目:小児科】長崎県長崎市畝刈町１６１３－８５ニューポートメディカルビル１Ｆ" }, "geometry": { "type": "Point", "coordinates": [ 129.776955, 32.825517 ] } },
{ "type": "Feature", "properties": { "ID": "422cna0135", "正式名称": "カリタス診療所", "機関区分": 2, "都道府県コード": 42, "市区町村コード": 201, "所在地": "長崎県長崎市西出津町６７番地５", "緯度": 32.851772, "経度": 129.699537, "url": "https://www.iryou.teikyouseido.mhlw.go.jp/znk-web/juminkanja/S2430/initialize?prefCd=42&kikanCd=cna0135&kikanKbn=2", "url2": null, "内容": "カリタス診療所【2:診療所】【診療科目:内科_循環器内科_消化器内科_リハビリテーション科】長崎県長崎市西出津町６７番地５" }, "geometry": { "type": "Point", "coordinates": [ 129.699537, 32.851772 ] } },
{ "type": "Feature", "properties": { "ID": "422cna0136", "正式名称": "カリタス西長崎クリニック", "機関区分": 2, "都道府県コード": 42, "市区町村コード": 201, "所在地": "長崎県長崎市三京町８１１－３３", "緯度": 32.821723, "経度": 129.756562, "url": "https://www.iryou.teikyouseido.mhlw.go.jp/znk-web/juminkanja/S2430/initialize?prefCd=42&kikanCd=cna0136&kikanKbn=2", "url2": null, "内容": "カリタス西長崎クリニック【2:診療所】【診療科目:内科】長崎県長崎市三京町８１１－３３" }, "geometry": { "type": "Point", "coordinates": [ 129.756562, 32.821723 ] } },
{ "type": "Feature", "properties": { "ID": "422cna0137", "正式名称": "医療法人川原内科クリニック", "機関区分": 2, "都道府県コード": 42, "市区町村コード": 201, "所在地": "長崎県長崎市滑石３丁目８番１号大久保ビル", "緯度": 32.807652, "経度": 129.838499, "url": "https://www.iryou.teikyouseido.mhlw.go.jp/znk-web/juminkanja/S2430/initialize?prefCd=42&kikanCd=cna0137&kikanKbn=2", "url2": "http://kawaharanaika.main.jp/", "内容": "医療法人川原内科クリニック【2:診療所】【診療科目:内科_循環器内科_消化器内科】長崎県長崎市滑石３丁目８番１号大久保ビル" }, "geometry": { "type": "Point", "coordinates": [ 129.838499, 32.807652 ] } },
{ "type": "Feature", "properties": { "ID": "422cna0142", "正式名称": "医療法人木下内科医院", "機関区分": 2, "都道府県コード": 42, "市区町村コード": 201, "所在地": "長崎県長崎市江戸町５番１４号", "緯度": 32.744323, "経度": 129.875168, "url": "https://www.iryou.teikyouseido.mhlw.go.jp/znk-web/juminkanja/S2430/initialize?prefCd=42&kikanCd=cna0142&kikanKbn=2", "url2": null, "内容": "医療法人木下内科医院【2:診療所】【診療科目:内科_呼吸器内科_循環器内科_消化器内科_内視鏡内科】長崎県長崎市江戸町５番１４号" }, "geometry": { "type": "Point", "coordinates": [ 129.875168, 32.744323 ] } },
{ "type": "Feature", "properties": { "ID": "422cna0145", "正式名称": "共立耳鼻咽喉科", "機関区分": 2, "都道府県コード": 42, "市区町村コード": 201, "所在地": "長崎県長崎市旭町２６番１８号", "緯度": 32.749802, "経度": 129.862708, "url": "https://www.iryou.teikyouseido.mhlw.go.jp/znk-web/juminkanja/S2430/initialize?prefCd=42&kikanCd=cna0145&kikanKbn=2", "url2": "http://kyouritu.in.coocan.jp/", "内容": "共立耳鼻咽喉科【2:診療所】【診療科目:耳鼻いんこう科】長崎県長崎市旭町２６番１８号" }, "geometry": { "type": "Point", "coordinates": [ 129.862708, 32.749802 ] } },
{ "type": "Feature", "properties": { "ID": "422cna0146", "正式名称": "医療法人長寿会清原龍内科", "機関区分": 2, "都道府県コード": 42, "市区町村コード": 201, "所在地": "長崎県長崎市川口町８－２０", "緯度": 32.768388, "経度": 129.863838, "url": "https://www.iryou.teikyouseido.mhlw.go.jp/znk-web/juminkanja/S2430/initialize?prefCd=42&kikanCd=cna0146&kikanKbn=2", "url2": "http://kiyohararyu-naika.com/", "内容": "医療法人長寿会清原龍内科【2:診療所】【診療科目:精神科_心療内科_老年精神科_リハビリテーション科】長崎県長崎市川口町８－２０" }, "geometry": { "type": "Point", "coordinates": [ 129.863838, 32.768388 ] } },
{ "type": "Feature", "properties": { "ID": "422cna0150", "正式名称": "医療法人倉田醫院内科婦人科", "機関区分": 2, "都道府県コード": 42, "市区町村コード": 201, "所在地": "長崎県長崎市小峰町３－６", "緯度": 32.78209, "経度": 129.871164, "url": "https://www.iryou.teikyouseido.mhlw.go.jp/znk-web/juminkanja/S2430/initialize?prefCd=42&kikanCd=cna0150&kikanKbn=2", "url2": null, "内容": "医療法人倉田醫院内科婦人科【2:診療所】【診療科目:内科_循環器内科_胃腸内科_婦人科_リウマチ科】長崎県長崎市小峰町３－６" }, "geometry": { "type": "Point", "coordinates": [ 129.871164, 32.78209 ] } },
{ "type": "Feature", "properties": { "ID": "422cna0152", "正式名称": "医療法人　黒部医院", "機関区分": 2, "都道府県コード": 42, "市区町村コード": 201, "所在地": "長崎県長崎市片淵１丁目１２－２２", "緯度": 32.753658, "経度": 129.887179, "url": "https://www.iryou.teikyouseido.mhlw.go.jp/znk-web/juminkanja/S2430/initialize?prefCd=42&kikanCd=cna0152&kikanKbn=2", "url2": "https://www.kurobe-clinic.com/", "内容": "医療法人　黒部医院【2:診療所】【診療科目:内科_循環器内科】長崎県長崎市片淵１丁目１２－２２" }, "geometry": { "type": "Point", "coordinates": [ 129.887179, 32.753658 ] } },
{ "type": "Feature", "properties": { "ID": "422cna0153", "正式名称": "くわつか医院", "機関区分": 2, "都道府県コード": 42, "市区町村コード": 201, "所在地": "長崎県長崎市平和町１５番７号", "緯度": 32.774209, "経度": 129.86468, "url": "https://www.iryou.teikyouseido.mhlw.go.jp/znk-web/juminkanja/S2430/initialize?prefCd=42&kikanCd=cna0153&kikanKbn=2", "url2": "https://kuwatsukaiin.com", "内容": "くわつか医院【2:診療所】【診療科目:内科_胃腸内科_小児科_リハビリテーション科】長崎県長崎市平和町１５番７号" }, "geometry": { "type": "Point", "coordinates": [ 129.86468, 32.774209 ] } },
{ "type": "Feature", "properties": { "ID": "422cna0157", "正式名称": "けんクリニック", "機関区分": 2, "都道府県コード": 42, "市区町村コード": 201, "所在地": "長崎県長崎市宝町７番５号第２イワテックビル２階", "緯度": 32.759521, "経度": 129.866704, "url": "https://www.iryou.teikyouseido.mhlw.go.jp/znk-web/juminkanja/S2430/initialize?prefCd=42&kikanCd=cna0157&kikanKbn=2", "url2": "http://r.goope.jp/ken-show", "内容": "けんクリニック【2:診療所】【診療科目:精神科_心療内科】長崎県長崎市宝町７番５号第２イワテックビル２階" }, "geometry": { "type": "Point", "coordinates": [ 129.866704, 32.759521 ] } },
{ "type": "Feature", "properties": { "ID": "422cna0158", "正式名称": "医療法人太寿会こうの医院", "機関区分": 2, "都道府県コード": 42, "市区町村コード": 201, "所在地": "長崎県長崎市京泊３丁目３５番１号", "緯度": 32.824663, "経度": 129.77347, "url": "https://www.iryou.teikyouseido.mhlw.go.jp/znk-web/juminkanja/S2430/initialize?prefCd=42&kikanCd=cna0158&kikanKbn=2", "url2": "http://www.taijukai.jp/", "内容": "医療法人太寿会こうの医院【2:診療所】【診療科目:内科_呼吸器内科_気管食道内科_循環器内科_小児科】長崎県長崎市京泊３丁目３５番１号" }, "geometry": { "type": "Point", "coordinates": [ 129.77347, 32.824663 ] } },
{ "type": "Feature", "properties": { "ID": "422cna0159", "正式名称": "医療法人宏和会神浦診療所", "機関区分": 2, "都道府県コード": 42, "市区町村コード": 201, "所在地": "長崎県長崎市神浦江川町５５４－３番地", "緯度": 32.880806, "経度": 129.679812, "url": "https://www.iryou.teikyouseido.mhlw.go.jp/znk-web/juminkanja/S2430/initialize?prefCd=42&kikanCd=cna0159&kikanKbn=2", "url2": null, "内容": "医療法人宏和会神浦診療所【2:診療所】【診療科目:内科】長崎県長崎市神浦江川町５５４－３番地" }, "geometry": { "type": "Point", "coordinates": [ 129.679812, 32.880806 ] } },
{ "type": "Feature", "properties": { "ID": "422cna0160", "正式名称": "医療法人こうの眼科医院", "機関区分": 2, "都道府県コード": 42, "市区町村コード": 201, "所在地": "長崎県長崎市大橋町７番２０号栄久ビル", "緯度": 32.782612, "経度": 129.862228, "url": "https://www.iryou.teikyouseido.mhlw.go.jp/znk-web/juminkanja/S2430/initialize?prefCd=42&kikanCd=cna0160&kikanKbn=2", "url2": null, "内容": "医療法人こうの眼科医院【2:診療所】【診療科目:眼科】長崎県長崎市大橋町７番２０号栄久ビル" }, "geometry": { "type": "Point", "coordinates": [ 129.862228, 32.782612 ] } },
{ "type": "Feature", "properties": { "ID": "422cna0161", "正式名称": "医療法人河野内科医院", "機関区分": 2, "都道府県コード": 42, "市区町村コード": 201, "所在地": "長崎県長崎市川平町１２０４番地　メディケアビル２Ｆ", "緯度": 32.793543, "経度": 129.88029, "url": "https://www.iryou.teikyouseido.mhlw.go.jp/znk-web/juminkanja/S2430/initialize?prefCd=42&kikanCd=cna0161&kikanKbn=2", "url2": "genkidane.net", "内容": "医療法人河野内科医院【2:診療所】【診療科目:内科】長崎県長崎市川平町１２０４番地　メディケアビル２Ｆ" }, "geometry": { "type": "Point", "coordinates": [ 129.88029, 32.793543 ] } },
{ "type": "Feature", "properties": { "ID": "422cna0162", "正式名称": "社会医療法人健友会　香焼民主診療所", "機関区分": 2, "都道府県コード": 42, "市区町村コード": 201, "所在地": "長崎県長崎市香焼町５０１", "緯度": 32.688881, "経度": 129.81353, "url": "https://www.iryou.teikyouseido.mhlw.go.jp/znk-web/juminkanja/S2430/initialize?prefCd=42&kikanCd=cna0162&kikanKbn=2", "url2": "http://www.kenyukai.or.jp", "内容": "社会医療法人健友会　香焼民主診療所【2:診療所】【診療科目:内科_外科_整形外科_リハビリテーション科】長崎県長崎市香焼町５０１" }, "geometry": { "type": "Point", "coordinates": [ 129.81353, 32.688881 ] } },
{ "type": "Feature", "properties": { "ID": "422cna0165", "正式名称": "医療法人もり脳神経外科クリニック", "機関区分": 2, "都道府県コード": 42, "市区町村コード": 201, "所在地": "長崎県長崎市新大工町５番７号", "緯度": 32.752724, "経度": 129.885885, "url": "https://www.iryou.teikyouseido.mhlw.go.jp/znk-web/juminkanja/S2430/initialize?prefCd=42&kikanCd=cna0165&kikanKbn=2", "url2": "http://www.moribrain.com/", "内容": "医療法人もり脳神経外科クリニック【2:診療所】【診療科目:脳神経外科_リハビリテーション科】長崎県長崎市新大工町５番７号" }, "geometry": { "type": "Point", "coordinates": [ 129.885885, 32.752724 ] } },
{ "type": "Feature", "properties": { "ID": "422cna0168", "正式名称": "医療法人　小島耳鼻咽喉科クリニック", "機関区分": 2, "都道府県コード": 42, "市区町村コード": 201, "所在地": "長崎県長崎市万屋町６－２０", "緯度": 32.744574, "経度": 129.880554, "url": "https://www.iryou.teikyouseido.mhlw.go.jp/znk-web/juminkanja/S2430/initialize?prefCd=42&kikanCd=cna0168&kikanKbn=2", "url2": null, "内容": "医療法人　小島耳鼻咽喉科クリニック【2:診療所】【診療科目:耳鼻いんこう科】長崎県長崎市万屋町６－２０" }, "geometry": { "type": "Point", "coordinates": [ 129.880554, 32.744574 ] } },
{ "type": "Feature", "properties": { "ID": "422cna0169", "正式名称": "小林皮膚科医院", "機関区分": 2, "都道府県コード": 42, "市区町村コード": 201, "所在地": "長崎県長崎市滑石３丁目１９番２０号", "緯度": 32.808075, "経度": 129.834876, "url": "https://www.iryou.teikyouseido.mhlw.go.jp/znk-web/juminkanja/S2430/initialize?prefCd=42&kikanCd=cna0169&kikanKbn=2", "url2": "http://kobayashi-hifuka.jp", "内容": "小林皮膚科医院【2:診療所】【診療科目:皮膚科_美容皮膚科】長崎県長崎市滑石３丁目１９番２０号" }, "geometry": { "type": "Point", "coordinates": [ 129.834876, 32.808075 ] } },
{ "type": "Feature", "properties": { "ID": "422cna0171", "正式名称": "こもり内科", "機関区分": 2, "都道府県コード": 42, "市区町村コード": 201, "所在地": "長崎県長崎市恵美須町４－２平野ビル１Ｆ", "緯度": 32.750508, "経度": 129.875771, "url": "https://www.iryou.teikyouseido.mhlw.go.jp/znk-web/juminkanja/S2430/initialize?prefCd=42&kikanCd=cna0171&kikanKbn=2", "url2": null, "内容": "こもり内科【2:診療所】【診療科目:内科_呼吸器内科】長崎県長崎市恵美須町４－２平野ビル１Ｆ" }, "geometry": { "type": "Point", "coordinates": [ 129.875771, 32.750508 ] } },
{ "type": "Feature", "properties": { "ID": "422cna0175", "正式名称": "医療法人こんどう整形外科", "機関区分": 2, "都道府県コード": 42, "市区町村コード": 201, "所在地": "長崎県長崎市京泊３－３０－１１", "緯度": 32.823973, "経度": 129.771959, "url": "https://www.iryou.teikyouseido.mhlw.go.jp/znk-web/juminkanja/S2430/initialize?prefCd=42&kikanCd=cna0175&kikanKbn=2", "url2": "https://kondou-seikei.jp/", "内容": "医療法人こんどう整形外科【2:診療所】【診療科目:整形外科_リウマチ科_リハビリテーション科】長崎県長崎市京泊３－３０－１１" }, "geometry": { "type": "Point", "coordinates": [ 129.771959, 32.823973 ] } },
{ "type": "Feature", "properties": { "ID": "422cna0176", "正式名称": "医療法人社団明星会サイクサ外科医院", "機関区分": 2, "都道府県コード": 42, "市区町村コード": 201, "所在地": "長崎県長崎市新地町４－８", "緯度": 32.740978, "経度": 129.873832, "url": "https://www.iryou.teikyouseido.mhlw.go.jp/znk-web/juminkanja/S2430/initialize?prefCd=42&kikanCd=cna0176&kikanKbn=2", "url2": null, "内容": "医療法人社団明星会サイクサ外科医院【2:診療所】【診療科目:消化器内科_胃腸内科_外科_肛門外科_整形外科_リハビリテーション科】長崎県長崎市新地町４－８" }, "geometry": { "type": "Point", "coordinates": [ 129.873832, 32.740978 ] } },
{ "type": "Feature", "properties": { "ID": "422cna0177", "正式名称": "医療法人さいのお耳鼻咽喉科医院", "機関区分": 2, "都道府県コード": 42, "市区町村コード": 201, "所在地": "長崎県長崎市大橋町１０－２３", "緯度": 32.784731, "経度": 129.862177, "url": "https://www.iryou.teikyouseido.mhlw.go.jp/znk-web/juminkanja/S2430/initialize?prefCd=42&kikanCd=cna0177&kikanKbn=2", "url2": "www.sainoojibika.com", "内容": "医療法人さいのお耳鼻咽喉科医院【2:診療所】【診療科目:耳鼻いんこう科】長崎県長崎市大橋町１０－２３" }, "geometry": { "type": "Point", "coordinates": [ 129.862177, 32.784731 ] } },
{ "type": "Feature", "properties": { "ID": "422cna0178", "正式名称": "医療法人社団東和会サイノオ耳鼻咽喉科医院", "機関区分": 2, "都道府県コード": 42, "市区町村コード": 201, "所在地": "長崎県長崎市銅座町５－７", "緯度": 32.743389, "経度": 129.876707, "url": "https://www.iryou.teikyouseido.mhlw.go.jp/znk-web/juminkanja/S2430/initialize?prefCd=42&kikanCd=cna0178&kikanKbn=2", "url2": "ooent.wixsite.com/sainoo", "内容": "医療法人社団東和会サイノオ耳鼻咽喉科医院【2:診療所】【診療科目:耳鼻いんこう科_気管食道・耳鼻いんこう科_アレルギー科】長崎県長崎市銅座町５－７" }, "geometry": { "type": "Point", "coordinates": [ 129.876707, 32.743389 ] } },
{ "type": "Feature", "properties": { "ID": "422cna0179", "正式名称": "医療法人さかい循環器内科", "機関区分": 2, "都道府県コード": 42, "市区町村コード": 201, "所在地": "長崎県長崎市京泊３丁目３１番４号", "緯度": 32.824216, "経度": 129.772956, "url": "https://www.iryou.teikyouseido.mhlw.go.jp/znk-web/juminkanja/S2430/initialize?prefCd=42&kikanCd=cna0179&kikanKbn=2", "url2": null, "内容": "医療法人さかい循環器内科【2:診療所】【診療科目:内科_糖尿病内科_循環器内科】長崎県長崎市京泊３丁目３１番４号" }, "geometry": { "type": "Point", "coordinates": [ 129.772956, 32.824216 ] } },
{ "type": "Feature", "properties": { "ID": "422cna0180", "正式名称": "さかぐち耳鼻咽喉科", "機関区分": 2, "都道府県コード": 42, "市区町村コード": 201, "所在地": "長崎県長崎市田中町３３８", "緯度": 32.767709, "経度": 129.951327, "url": "https://www.iryou.teikyouseido.mhlw.go.jp/znk-web/juminkanja/S2430/initialize?prefCd=42&kikanCd=cna0180&kikanKbn=2", "url2": null, "内容": "さかぐち耳鼻咽喉科【2:診療所】【診療科目:耳鼻いんこう科】長崎県長崎市田中町３３８" }, "geometry": { "type": "Point", "coordinates": [ 129.951327, 32.767709 ] } },
{ "type": "Feature", "properties": { "ID": "422cna0181", "正式名称": "医療法人さかぐち泌尿器科医院", "機関区分": 2, "都道府県コード": 42, "市区町村コード": 201, "所在地": "長崎県長崎市川口町７番２０号", "緯度": 32.768185, "経度": 129.863326, "url": "https://www.iryou.teikyouseido.mhlw.go.jp/znk-web/juminkanja/S2430/initialize?prefCd=42&kikanCd=cna0181&kikanKbn=2", "url2": null, "内容": "医療法人さかぐち泌尿器科医院【2:診療所】【診療科目:泌尿器科_神経泌尿器科_腎臓・泌尿器科】長崎県長崎市川口町７番２０号" }, "geometry": { "type": "Point", "coordinates": [ 129.863326, 32.768185 ] } },
{ "type": "Feature", "properties": { "ID": "422cna0184", "正式名称": "坂本内科", "機関区分": 2, "都道府県コード": 42, "市区町村コード": 201, "所在地": "長崎県長崎市ダイヤランド２丁目２１－２", "緯度": 32.702599, "経度": 129.859131, "url": "https://www.iryou.teikyouseido.mhlw.go.jp/znk-web/juminkanja/S2430/initialize?prefCd=42&kikanCd=cna0184&kikanKbn=2", "url2": null, "内容": "坂本内科【2:診療所】【診療科目:内科_アレルギー疾患内科_アレルギー科】長崎県長崎市ダイヤランド２丁目２１－２" }, "geometry": { "type": "Point", "coordinates": [ 129.859131, 32.702599 ] } },
{ "type": "Feature", "properties": { "ID": "422cna0190", "正式名称": "かご町サトウ医院", "機関区分": 2, "都道府県コード": 42, "市区町村コード": 201, "所在地": "長崎県長崎市籠町８－４１", "緯度": 32.741015, "経度": 129.877118, "url": "https://www.iryou.teikyouseido.mhlw.go.jp/znk-web/juminkanja/S2430/initialize?prefCd=42&kikanCd=cna0190&kikanKbn=2", "url2": "http://kagomachi-sato.com", "内容": "かご町サトウ医院【2:診療所】【診療科目:内科_外科_乳腺外科_肛門外科_リハビリテーション科】長崎県長崎市籠町８－４１" }, "geometry": { "type": "Point", "coordinates": [ 129.877118, 32.741015 ] } },
{ "type": "Feature", "properties": { "ID": "422cna0191", "正式名称": "佐藤和眼科医院", "機関区分": 2, "都道府県コード": 42, "市区町村コード": 201, "所在地": "長崎県長崎市昭和２丁目１６番７号", "緯度": 32.790492, "経度": 129.86997, "url": "https://www.iryou.teikyouseido.mhlw.go.jp/znk-web/juminkanja/S2430/initialize?prefCd=42&kikanCd=cna0191&kikanKbn=2", "url2": null, "内容": "佐藤和眼科医院【2:診療所】【診療科目:眼科】長崎県長崎市昭和２丁目１６番７号" }, "geometry": { "type": "Point", "coordinates": [ 129.86997, 32.790492 ] } },
{ "type": "Feature", "properties": { "ID": "422cna0192", "正式名称": "サトウ眼科医院", "機関区分": 2, "都道府県コード": 42, "市区町村コード": 201, "所在地": "長崎県長崎市滑石３丁目２５番３２号", "緯度": 32.808859, "経度": 129.83169, "url": "https://www.iryou.teikyouseido.mhlw.go.jp/znk-web/juminkanja/S2430/initialize?prefCd=42&kikanCd=cna0192&kikanKbn=2", "url2": null, "内容": "サトウ眼科医院【2:診療所】【診療科目:眼科】長崎県長崎市滑石３丁目２５番３２号" }, "geometry": { "type": "Point", "coordinates": [ 129.83169, 32.808859 ] } },
{ "type": "Feature", "properties": { "ID": "422cna0193", "正式名称": "医療法人社団佐藤眼科医院", "機関区分": 2, "都道府県コード": 42, "市区町村コード": 201, "所在地": "長崎県長崎市本石灰町５－１１", "緯度": 32.742096, "経度": 129.879467, "url": "https://www.iryou.teikyouseido.mhlw.go.jp/znk-web/juminkanja/S2430/initialize?prefCd=42&kikanCd=cna0193&kikanKbn=2", "url2": null, "内容": "医療法人社団佐藤眼科医院【2:診療所】【診療科目:眼科】長崎県長崎市本石灰町５－１１" }, "geometry": { "type": "Point", "coordinates": [ 129.879467, 32.742096 ] } },
{ "type": "Feature", "properties": { "ID": "422cna0195", "正式名称": "さとう内科医院", "機関区分": 2, "都道府県コード": 42, "市区町村コード": 201, "所在地": "長崎県長崎市富士見町３－２５", "緯度": 32.771497, "経度": 129.856244, "url": "https://www.iryou.teikyouseido.mhlw.go.jp/znk-web/juminkanja/S2430/initialize?prefCd=42&kikanCd=cna0195&kikanKbn=2", "url2": "http://www.kouyukai.com", "内容": "さとう内科医院【2:診療所】【診療科目:内科_糖尿病内科_循環器内科_消化器内科_リハビリテーション科_放射線科】長崎県長崎市富士見町３－２５" }, "geometry": { "type": "Point", "coordinates": [ 129.856244, 32.771497 ] } },
{ "type": "Feature", "properties": { "ID": "422cna0197", "正式名称": "医療法人さとみ皮ふ科医院", "機関区分": 2, "都道府県コード": 42, "市区町村コード": 201, "所在地": "長崎県長崎市城山町３１ー１４", "緯度": 32.774191, "経度": 129.85576, "url": "https://www.iryou.teikyouseido.mhlw.go.jp/znk-web/juminkanja/S2430/initialize?prefCd=42&kikanCd=cna0197&kikanKbn=2", "url2": "http://www12.ocn.ne.jp/~satomi/", "内容": "医療法人さとみ皮ふ科医院【2:診療所】【診療科目:皮膚科】長崎県長崎市城山町３１ー１４" }, "geometry": { "type": "Point", "coordinates": [ 129.85576, 32.774191 ] } },
{ "type": "Feature", "properties": { "ID": "422cna0200", "正式名称": "医療法人　良幸会　思案橋ツダ眼科", "機関区分": 2, "都道府県コード": 42, "市区町村コード": 201, "所在地": "長崎県長崎市油屋町１番１２号", "緯度": 32.74277, "経度": 129.880913, "url": "https://www.iryou.teikyouseido.mhlw.go.jp/znk-web/juminkanja/S2430/initialize?prefCd=42&kikanCd=cna0200&kikanKbn=2", "url2": "http://tsuda.main.jp/s/", "内容": "医療法人　良幸会　思案橋ツダ眼科【2:診療所】【診療科目:眼科】長崎県長崎市油屋町１番１２号" }, "geometry": { "type": "Point", "coordinates": [ 129.880913, 32.74277 ] } },
{ "type": "Feature", "properties": { "ID": "422cna0201", "正式名称": "重野耳鼻咽喉科医院", "機関区分": 2, "都道府県コード": 42, "市区町村コード": 201, "所在地": "長崎県長崎市扇町１番２１号", "緯度": 32.783006, "経度": 129.870287, "url": "https://www.iryou.teikyouseido.mhlw.go.jp/znk-web/juminkanja/S2430/initialize?prefCd=42&kikanCd=cna0201&kikanKbn=2", "url2": "http://www.shigeno.info", "内容": "重野耳鼻咽喉科医院【2:診療所】【診療科目:頭頸部・耳鼻いんこう科_アレルギー科】長崎県長崎市扇町１番２１号" }, "geometry": { "type": "Point", "coordinates": [ 129.870287, 32.783006 ] } },
{ "type": "Feature", "properties": { "ID": "422cna0206", "正式名称": "じゅうばし内科医院", "機関区分": 2, "都道府県コード": 42, "市区町村コード": 201, "所在地": "長崎県長崎市滑石１丁目２５番１２号", "緯度": 32.810314, "経度": 129.846416, "url": "https://www.iryou.teikyouseido.mhlw.go.jp/znk-web/juminkanja/S2430/initialize?prefCd=42&kikanCd=cna0206&kikanKbn=2", "url2": null, "内容": "じゅうばし内科医院【2:診療所】【診療科目:内科_血液内科】長崎県長崎市滑石１丁目２５番１２号" }, "geometry": { "type": "Point", "coordinates": [ 129.846416, 32.810314 ] } },
{ "type": "Feature", "properties": { "ID": "422cna0211", "正式名称": "白井小児クリニック", "機関区分": 2, "都道府県コード": 42, "市区町村コード": 201, "所在地": "長崎県長崎市出島町１３番１号栗原ビル２階", "緯度": 32.741648, "経度": 129.873405, "url": "https://www.iryou.teikyouseido.mhlw.go.jp/znk-web/juminkanja/S2430/initialize?prefCd=42&kikanCd=cna0211&kikanKbn=2", "url2": "shirai-kids", "内容": "白井小児クリニック【2:診療所】【診療科目:小児科】長崎県長崎市出島町１３番１号栗原ビル２階" }, "geometry": { "type": "Point", "coordinates": [ 129.873405, 32.741648 ] } },
{ "type": "Feature", "properties": { "ID": "422cna0212", "正式名称": "医療法人しらはま整形外科クリニック", "機関区分": 2, "都道府県コード": 42, "市区町村コード": 201, "所在地": "長崎県長崎市けやき台町１番地１２号", "緯度": 32.795281, "経度": 129.880751, "url": "https://www.iryou.teikyouseido.mhlw.go.jp/znk-web/juminkanja/S2430/initialize?prefCd=42&kikanCd=cna0212&kikanKbn=2", "url2": "https://www.shirahama-seikeigeka.com", "内容": "医療法人しらはま整形外科クリニック【2:診療所】【診療科目:消化器内科_消化器外科_肛門外科_整形外科_リハビリテーション科】長崎県長崎市けやき台町１番地１２号" }, "geometry": { "type": "Point", "coordinates": [ 129.880751, 32.795281 ] } },
{ "type": "Feature", "properties": { "ID": "422cna0213", "正式名称": "白ひげ整形外科医院", "機関区分": 2, "都道府県コード": 42, "市区町村コード": 201, "所在地": "長崎県長崎市桶屋町４７番地", "緯度": 32.749338, "経度": 129.881405, "url": "https://www.iryou.teikyouseido.mhlw.go.jp/znk-web/juminkanja/S2430/initialize?prefCd=42&kikanCd=cna0213&kikanKbn=2", "url2": null, "内容": "白ひげ整形外科医院【2:診療所】【診療科目:整形外科_リハビリテーション科】長崎県長崎市桶屋町４７番地" }, "geometry": { "type": "Point", "coordinates": [ 129.881405, 32.749338 ] } },
{ "type": "Feature", "properties": { "ID": "422cna0214", "正式名称": "医療法人　白髭内科医院", "機関区分": 2, "都道府県コード": 42, "市区町村コード": 201, "所在地": "長崎県長崎市片淵１−１３−２８", "緯度": 32.754398, "経度": 129.886697, "url": "https://www.iryou.teikyouseido.mhlw.go.jp/znk-web/juminkanja/S2430/initialize?prefCd=42&kikanCd=cna0214&kikanKbn=2", "url2": "https://shirahige.square.site/", "内容": "医療法人　白髭内科医院【2:診療所】【診療科目:内科_呼吸器内科_循環器内科_消化器内科】長崎県長崎市片淵１−１３−２８" }, "geometry": { "type": "Point", "coordinates": [ 129.886697, 32.754398 ] } },
{ "type": "Feature", "properties": { "ID": "422cna0218", "正式名称": "医療法人社団健昌会新里クリニック城山台", "機関区分": 2, "都道府県コード": 42, "市区町村コード": 201, "所在地": "長崎県長崎市立岩町３４番１０号", "緯度": 32.767334, "経度": 129.844286, "url": "https://www.iryou.teikyouseido.mhlw.go.jp/znk-web/juminkanja/S2430/initialize?prefCd=42&kikanCd=cna0218&kikanKbn=2", "url2": "http://www.shinzato.or.jp", "内容": "医療法人社団健昌会新里クリニック城山台【2:診療所】【診療科目:内科_糖尿病内科_呼吸器内科_循環器内科_腎臓内科_放射線科】長崎県長崎市立岩町３４番１０号" }, "geometry": { "type": "Point", "coordinates": [ 129.844286, 32.767334 ] } },
{ "type": "Feature", "properties": { "ID": "422cna0221", "正式名称": "医療法人すがさきクリニック", "機関区分": 2, "都道府県コード": 42, "市区町村コード": 201, "所在地": "長崎県長崎市銅座町４ー１４青木ビル４階", "緯度": 32.743335, "経度": 129.876012, "url": "https://www.iryou.teikyouseido.mhlw.go.jp/znk-web/juminkanja/S2430/initialize?prefCd=42&kikanCd=cna0221&kikanKbn=2", "url2": null, "内容": "医療法人すがさきクリニック【2:診療所】【診療科目:精神科_神経科_心療内科】長崎県長崎市銅座町４ー１４青木ビル４階" }, "geometry": { "type": "Point", "coordinates": [ 129.876012, 32.743335 ] } },
{ "type": "Feature", "properties": { "ID": "422cna0222", "正式名称": "医療法人　杉田レディースクリニック", "機関区分": 2, "都道府県コード": 42, "市区町村コード": 201, "所在地": "長崎県長崎市松山町３－９４　松屋ビル３階", "緯度": 32.774178, "経度": 129.862211, "url": "https://www.iryou.teikyouseido.mhlw.go.jp/znk-web/juminkanja/S2430/initialize?prefCd=42&kikanCd=cna0222&kikanKbn=2", "url2": "http://www.sugita-lc.jp", "内容": "医療法人　杉田レディースクリニック【2:診療所】【診療科目:女性内科_婦人科】長崎県長崎市松山町３－９４　松屋ビル３階" }, "geometry": { "type": "Point", "coordinates": [ 129.862211, 32.774178 ] } },
{ "type": "Feature", "properties": { "ID": "422cna0223", "正式名称": "すぎやま内科クリニック", "機関区分": 2, "都道府県コード": 42, "市区町村コード": 201, "所在地": "長崎県長崎市琴海村松町７２９番地１", "緯度": 32.866019, "経度": 129.785334, "url": "https://www.iryou.teikyouseido.mhlw.go.jp/znk-web/juminkanja/S2430/initialize?prefCd=42&kikanCd=cna0223&kikanKbn=2", "url2": null, "内容": "すぎやま内科クリニック【2:診療所】【診療科目:内科_小児科_アレルギー科_リハビリテーション科】長崎県長崎市琴海村松町７２９番地１" }, "geometry": { "type": "Point", "coordinates": [ 129.785334, 32.866019 ] } },
{ "type": "Feature", "properties": { "ID": "422cna0231", "正式名称": "医療法人　せとぐち外科クリニック", "機関区分": 2, "都道府県コード": 42, "市区町村コード": 201, "所在地": "長崎県長崎市新地町８－１４", "緯度": 32.741101, "経度": 129.874773, "url": "https://www.iryou.teikyouseido.mhlw.go.jp/znk-web/juminkanja/S2430/initialize?prefCd=42&kikanCd=cna0231&kikanKbn=2", "url2": null, "内容": "医療法人　せとぐち外科クリニック【2:診療所】【診療科目:消化器内科_胃腸内科_外科_肛門外科_大腸・肛門外科_ペインクリニック外科_腫瘍外科_内視鏡外科_整形外科_リハビリテーション科】長崎県長崎市新地町８－１４" }, "geometry": { "type": "Point", "coordinates": [ 129.874773, 32.741101 ] } },
{ "type": "Feature", "properties": { "ID": "422cna0233", "正式名称": "そうだ眼科医院", "機関区分": 2, "都道府県コード": 42, "市区町村コード": 201, "所在地": "長崎県長崎市城山町３１番１４号さとみメディカル", "緯度": 32.774191, "経度": 129.85576, "url": "https://www.iryou.teikyouseido.mhlw.go.jp/znk-web/juminkanja/S2430/initialize?prefCd=42&kikanCd=cna0233&kikanKbn=2", "url2": null, "内容": "そうだ眼科医院【2:診療所】【診療科目:眼科】長崎県長崎市城山町３１番１４号さとみメディカル" }, "geometry": { "type": "Point", "coordinates": [ 129.85576, 32.774191 ] } },
{ "type": "Feature", "properties": { "ID": "422cna0237", "正式名称": "たかお内科クリニック", "機関区分": 2, "都道府県コード": 42, "市区町村コード": 201, "所在地": "長崎県長崎市銅座町７‐２９　ＴＮメディカルビル２階", "緯度": 32.742413, "経度": 129.876293, "url": "https://www.iryou.teikyouseido.mhlw.go.jp/znk-web/juminkanja/S2430/initialize?prefCd=42&kikanCd=cna0237&kikanKbn=2", "url2": null, "内容": "たかお内科クリニック【2:診療所】【診療科目:内科_循環器内科_消化器内科】長崎県長崎市銅座町７‐２９　ＴＮメディカルビル２階" }, "geometry": { "type": "Point", "coordinates": [ 129.876293, 32.742413 ] } },
{ "type": "Feature", "properties": { "ID": "422cna0238", "正式名称": "高尾産婦人科医院", "機関区分": 2, "都道府県コード": 42, "市区町村コード": 201, "所在地": "長崎県長崎市滑石４丁目３番３６号", "緯度": 32.806948, "経度": 129.832436, "url": "https://www.iryou.teikyouseido.mhlw.go.jp/znk-web/juminkanja/S2430/initialize?prefCd=42&kikanCd=cna0238&kikanKbn=2", "url2": null, "内容": "高尾産婦人科医院【2:診療所】【診療科目:産婦人科】長崎県長崎市滑石４丁目３番３６号" }, "geometry": { "type": "Point", "coordinates": [ 129.832436, 32.806948 ] } },
{ "type": "Feature", "properties": { "ID": "422cna0241", "正式名称": "高島医院", "機関区分": 2, "都道府県コード": 42, "市区町村コード": 201, "所在地": "長崎県長崎市大浜町１５４７", "緯度": 32.746247, "経度": 129.831243, "url": "https://www.iryou.teikyouseido.mhlw.go.jp/znk-web/juminkanja/S2430/initialize?prefCd=42&kikanCd=cna0241&kikanKbn=2", "url2": null, "内容": "高島医院【2:診療所】【診療科目:内科_胃腸内科】長崎県長崎市大浜町１５４７" }, "geometry": { "type": "Point", "coordinates": [ 129.831243, 32.746247 ] } },
{ "type": "Feature", "properties": { "ID": "422cna0242", "正式名称": "長崎市高島国民健康保険診療所", "機関区分": 2, "都道府県コード": 42, "市区町村コード": 201, "所在地": "長崎県長崎市高島町１７２７番地１", "緯度": 32.662083, "経度": 129.756641, "url": "https://www.iryou.teikyouseido.mhlw.go.jp/znk-web/juminkanja/S2430/initialize?prefCd=42&kikanCd=cna0242&kikanKbn=2", "url2": null, "内容": "長崎市高島国民健康保険診療所【2:診療所】【診療科目:内科_歯科】長崎県長崎市高島町１７２７番地１" }, "geometry": { "type": "Point", "coordinates": [ 129.756641, 32.662083 ] } },
{ "type": "Feature", "properties": { "ID": "422cna0244", "正式名称": "高野眼科医院", "機関区分": 2, "都道府県コード": 42, "市区町村コード": 201, "所在地": "長崎県長崎市平野町１１ー１３", "緯度": 32.770607, "経度": 129.864476, "url": "https://www.iryou.teikyouseido.mhlw.go.jp/znk-web/juminkanja/S2430/initialize?prefCd=42&kikanCd=cna0244&kikanKbn=2", "url2": "takanoganka.or.jp", "内容": "高野眼科医院【2:診療所】【診療科目:眼科】長崎県長崎市平野町１１ー１３" }, "geometry": { "type": "Point", "coordinates": [ 129.864476, 32.770607 ] } },
{ "type": "Feature", "properties": { "ID": "422cna0245", "正式名称": "医療法人高橋整形外科クリニック", "機関区分": 2, "都道府県コード": 42, "市区町村コード": 201, "所在地": "長崎県長崎市古川町５番２６号", "緯度": 32.746249, "経度": 129.879096, "url": "https://www.iryou.teikyouseido.mhlw.go.jp/znk-web/juminkanja/S2430/initialize?prefCd=42&kikanCd=cna0245&kikanKbn=2", "url2": null, "内容": "医療法人高橋整形外科クリニック【2:診療所】【診療科目:整形外科_リハビリテーション科】長崎県長崎市古川町５番２６号" }, "geometry": { "type": "Point", "coordinates": [ 129.879096, 32.746249 ] } },
{ "type": "Feature", "properties": { "ID": "422cna0252", "正式名称": "医療法人宝マタニティクリニック", "機関区分": 2, "都道府県コード": 42, "市区町村コード": 201, "所在地": "長崎県長崎市東町１７３２ー１", "緯度": 32.777893, "経度": 129.954882, "url": "https://www.iryou.teikyouseido.mhlw.go.jp/znk-web/juminkanja/S2430/initialize?prefCd=42&kikanCd=cna0252&kikanKbn=2", "url2": "http://www.takaramaternity.com/", "内容": "医療法人宝マタニティクリニック【2:診療所】【診療科目:産婦人科】長崎県長崎市東町１７３２ー１" }, "geometry": { "type": "Point", "coordinates": [ 129.954882, 32.777893 ] } },
{ "type": "Feature", "properties": { "ID": "422cna0253", "正式名称": "医療法人友愛会田川クリニック", "機関区分": 2, "都道府県コード": 42, "市区町村コード": 201, "所在地": "長崎県長崎市浜口町１４番１６号", "緯度": 32.769205, "経度": 129.866632, "url": "https://www.iryou.teikyouseido.mhlw.go.jp/znk-web/juminkanja/S2430/initialize?prefCd=42&kikanCd=cna0253&kikanKbn=2", "url2": "https://www.youi-med-psychiatry.com/clinic/", "内容": "医療法人友愛会田川クリニック【2:診療所】【診療科目:精神科_心療内科】長崎県長崎市浜口町１４番１６号" }, "geometry": { "type": "Point", "coordinates": [ 129.866632, 32.769205 ] } },
{ "type": "Feature", "properties": { "ID": "422cna0255", "正式名称": "たがわ内科", "機関区分": 2, "都道府県コード": 42, "市区町村コード": 201, "所在地": "長崎県長崎市浜口町１４－１６　ＴＳビル２階", "緯度": 32.768524, "経度": 129.86445, "url": "https://www.iryou.teikyouseido.mhlw.go.jp/znk-web/juminkanja/S2430/initialize?prefCd=42&kikanCd=cna0255&kikanKbn=2", "url2": null, "内容": "たがわ内科【2:診療所】【診療科目:内科_呼吸器内科_循環器内科】長崎県長崎市浜口町１４－１６　ＴＳビル２階" }, "geometry": { "type": "Point", "coordinates": [ 129.86445, 32.768524 ] } },
{ "type": "Feature", "properties": { "ID": "422cna0257", "正式名称": "たくま医院", "機関区分": 2, "都道府県コード": 42, "市区町村コード": 201, "所在地": "長崎県長崎市深堀町３ー２８５ー３", "緯度": 32.687172, "経度": 129.825413, "url": "https://www.iryou.teikyouseido.mhlw.go.jp/znk-web/juminkanja/S2430/initialize?prefCd=42&kikanCd=cna0257&kikanKbn=2", "url2": null, "内容": "たくま医院【2:診療所】【診療科目:内科_呼吸器内科_消化器内科_小児科】長崎県長崎市深堀町３ー２８５ー３" }, "geometry": { "type": "Point", "coordinates": [ 129.825413, 32.687172 ] } },
{ "type": "Feature", "properties": { "ID": "422cna0258", "正式名称": "田栗レディースクリニック", "機関区分": 2, "都道府県コード": 42, "市区町村コード": 201, "所在地": "長崎県長崎市中園町１０番２１号", "緯度": 32.792005, "経度": 129.859442, "url": "https://www.iryou.teikyouseido.mhlw.go.jp/znk-web/juminkanja/S2430/initialize?prefCd=42&kikanCd=cna0258&kikanKbn=2", "url2": null, "内容": "田栗レディースクリニック【2:診療所】【診療科目:産婦人科】長崎県長崎市中園町１０番２１号" }, "geometry": { "type": "Point", "coordinates": [ 129.859442, 32.792005 ] } },
{ "type": "Feature", "properties": { "ID": "422cna0260", "正式名称": "武田内科医院", "機関区分": 2, "都道府県コード": 42, "市区町村コード": 201, "所在地": "長崎県長崎市住吉町２番２２号", "緯度": 32.791, "経度": 129.86167, "url": "https://www.iryou.teikyouseido.mhlw.go.jp/znk-web/juminkanja/S2430/initialize?prefCd=42&kikanCd=cna0260&kikanKbn=2", "url2": "http://homepage3.nifty.com/takeda1/", "内容": "武田内科医院【2:診療所】【診療科目:内科_消化器内科】長崎県長崎市住吉町２番２２号" }, "geometry": { "type": "Point", "coordinates": [ 129.86167, 32.791 ] } },
{ "type": "Feature", "properties": { "ID": "422cna0262", "正式名称": "医療法人社団田島整形外科・外科・クリニック", "機関区分": 2, "都道府県コード": 42, "市区町村コード": 201, "所在地": "長崎県長崎市目覚町４番１５号", "緯度": 32.763683, "経度": 129.865743, "url": "https://www.iryou.teikyouseido.mhlw.go.jp/znk-web/juminkanja/S2430/initialize?prefCd=42&kikanCd=cna0262&kikanKbn=2", "url2": "http://www.tashima.or.jp/", "内容": "医療法人社団田島整形外科・外科・クリニック【2:診療所】【診療科目:胃腸内科_外科_整形外科_リハビリテーション科】長崎県長崎市目覚町４番１５号" }, "geometry": { "type": "Point", "coordinates": [ 129.865743, 32.763683 ] } },
{ "type": "Feature", "properties": { "ID": "422cna0268", "正式名称": "タナカクリニックひふ科・アレルギー科", "機関区分": 2, "都道府県コード": 42, "市区町村コード": 201, "所在地": "長崎県長崎市銅座町２－１５ＮＫイリスビル５Ｆ", "緯度": 32.74288, "経度": 129.875309, "url": "https://www.iryou.teikyouseido.mhlw.go.jp/znk-web/juminkanja/S2430/initialize?prefCd=42&kikanCd=cna0268&kikanKbn=2", "url2": "http://www1.cncm.ne.jp/~yotanaka/", "内容": "タナカクリニックひふ科・アレルギー科【2:診療所】【診療科目:皮膚科_アレルギー科】長崎県長崎市銅座町２－１５ＮＫイリスビル５Ｆ" }, "geometry": { "type": "Point", "coordinates": [ 129.875309, 32.74288 ] } },
{ "type": "Feature", "properties": { "ID": "422cna0273", "正式名称": "田中皮ふ科・アレルギー科医院", "機関区分": 2, "都道府県コード": 42, "市区町村コード": 201, "所在地": "長崎県長崎市平野町１２番１１号", "緯度": 32.769642, "経度": 129.866149, "url": "https://www.iryou.teikyouseido.mhlw.go.jp/znk-web/juminkanja/S2430/initialize?prefCd=42&kikanCd=cna0273&kikanKbn=2", "url2": "http://www.ric.hi-ho.ne.jp/t-hihual/", "内容": "田中皮ふ科・アレルギー科医院【2:診療所】【診療科目:皮膚科_アレルギー科】長崎県長崎市平野町１２番１１号" }, "geometry": { "type": "Point", "coordinates": [ 129.866149, 32.769642 ] } },
{ "type": "Feature", "properties": { "ID": "422cna0274", "正式名称": "医療法人田中皮ふ科医院", "機関区分": 2, "都道府県コード": 42, "市区町村コード": 201, "所在地": "長崎県長崎市若葉町１２番１９号", "緯度": 32.789863, "経度": 129.860218, "url": "https://www.iryou.teikyouseido.mhlw.go.jp/znk-web/juminkanja/S2430/initialize?prefCd=42&kikanCd=cna0274&kikanKbn=2", "url2": null, "内容": "医療法人田中皮ふ科医院【2:診療所】【診療科目:皮膚科_アレルギー科】長崎県長崎市若葉町１２番１９号" }, "geometry": { "type": "Point", "coordinates": [ 129.860218, 32.789863 ] } },
{ "type": "Feature", "properties": { "ID": "422cna0276", "正式名称": "医療法人谷川放射線科胃腸科医院", "機関区分": 2, "都道府県コード": 42, "市区町村コード": 201, "所在地": "長崎県長崎市若葉町６番１号", "緯度": 32.788424, "経度": 129.861006, "url": "https://www.iryou.teikyouseido.mhlw.go.jp/znk-web/juminkanja/S2430/initialize?prefCd=42&kikanCd=cna0276&kikanKbn=2", "url2": "https://tanigawa.clinic/", "内容": "医療法人谷川放射線科胃腸科医院【2:診療所】【診療科目:内科_脳神経内科_消化器内科_胃腸内科_放射線科】長崎県長崎市若葉町６番１号" }, "geometry": { "type": "Point", "coordinates": [ 129.861006, 32.788424 ] } },
{ "type": "Feature", "properties": { "ID": "422cna0280", "正式名称": "医療法人田村内科神経油木坂クリニック", "機関区分": 2, "都道府県コード": 42, "市区町村コード": 201, "所在地": "長崎県長崎市油木町８番４８号", "緯度": 32.779082, "経度": 129.856604, "url": "https://www.iryou.teikyouseido.mhlw.go.jp/znk-web/juminkanja/S2430/initialize?prefCd=42&kikanCd=cna0280&kikanKbn=2", "url2": "http://aburagizaka-clinic.com/", "内容": "医療法人田村内科神経油木坂クリニック【2:診療所】【診療科目:内科_神経内科】長崎県長崎市油木町８番４８号" }, "geometry": { "type": "Point", "coordinates": [ 129.856604, 32.779082 ] } },
{ "type": "Feature", "properties": { "ID": "422cna0283", "正式名称": "ちひろ内科クリニック", "機関区分": 2, "都道府県コード": 42, "市区町村コード": 201, "所在地": "長崎県長崎市馬町４７番地１号", "緯度": 32.752204, "経度": 129.881678, "url": "https://www.iryou.teikyouseido.mhlw.go.jp/znk-web/juminkanja/S2430/initialize?prefCd=42&kikanCd=cna0283&kikanKbn=2", "url2": null, "内容": "ちひろ内科クリニック【2:診療所】【診療科目:内科_消化器内科】長崎県長崎市馬町４７番地１号" }, "geometry": { "type": "Point", "coordinates": [ 129.881678, 32.752204 ] } },
{ "type": "Feature", "properties": { "ID": "422cna0286", "正式名称": "公益財団法人　長崎原子爆弾被爆者対策協議会　中央検診所", "機関区分": 2, "都道府県コード": 42, "市区町村コード": 201, "所在地": "長崎県長崎市茂里町２番４１号", "緯度": 32.76243, "経度": 129.86363, "url": "https://www.iryou.teikyouseido.mhlw.go.jp/znk-web/juminkanja/S2430/initialize?prefCd=42&kikanCd=cna0286&kikanKbn=2", "url2": "http://www.n-gentaikyo.or.jp/", "内容": "公益財団法人　長崎原子爆弾被爆者対策協議会　中央検診所【2:診療所】【診療科目:内科_外科_婦人科_放射線科】長崎県長崎市茂里町２番４１号" }, "geometry": { "type": "Point", "coordinates": [ 129.86363, 32.76243 ] } },
{ "type": "Feature", "properties": { "ID": "422cna0291", "正式名称": "医療法人社団津田眼科医院", "機関区分": 2, "都道府県コード": 42, "市区町村コード": 201, "所在地": "長崎県長崎市八百屋町２－１", "緯度": 32.751702, "経度": 129.880409, "url": "https://www.iryou.teikyouseido.mhlw.go.jp/znk-web/juminkanja/S2430/initialize?prefCd=42&kikanCd=cna0291&kikanKbn=2", "url2": "https://www.tsuda-eyeclinic.com", "内容": "医療法人社団津田眼科医院【2:診療所】【診療科目:眼科】長崎県長崎市八百屋町２－１" }, "geometry": { "type": "Point", "coordinates": [ 129.880409, 32.751702 ] } },
{ "type": "Feature", "properties": { "ID": "422cna0293", "正式名称": "津田やすお眼科", "機関区分": 2, "都道府県コード": 42, "市区町村コード": 201, "所在地": "長崎県長崎市元船町５ー４メディカルモール元船４階", "緯度": 32.748918, "経度": 129.871954, "url": "https://www.iryou.teikyouseido.mhlw.go.jp/znk-web/juminkanja/S2430/initialize?prefCd=42&kikanCd=cna0293&kikanKbn=2", "url2": "http://www15.ocn.ne.jp/~y-tsuda/", "内容": "津田やすお眼科【2:診療所】【診療科目:眼科】長崎県長崎市元船町５ー４メディカルモール元船４階" }, "geometry": { "type": "Point", "coordinates": [ 129.871954, 32.748918 ] } },
{ "type": "Feature", "properties": { "ID": "422cna0294", "正式名称": "医療法人　秀真会　土山内科クリニック", "機関区分": 2, "都道府県コード": 42, "市区町村コード": 201, "所在地": "長崎県長崎市銅座町２丁目１５番地　ＮＫイリスビル６Ｆ", "緯度": 32.74288, "経度": 129.875309, "url": "https://www.iryou.teikyouseido.mhlw.go.jp/znk-web/juminkanja/S2430/initialize?prefCd=42&kikanCd=cna0294&kikanKbn=2", "url2": "https://tsuchiyamanaika.com/", "内容": "医療法人　秀真会　土山内科クリニック【2:診療所】【診療科目:内科_心療内科】長崎県長崎市銅座町２丁目１５番地　ＮＫイリスビル６Ｆ" }, "geometry": { "type": "Point", "coordinates": [ 129.875309, 32.74288 ] } },
{ "type": "Feature", "properties": { "ID": "422cna0295", "正式名称": "つつみ内科クリニック", "機関区分": 2, "都道府県コード": 42, "市区町村コード": 201, "所在地": "長崎県長崎市富士見町１－４", "緯度": 32.770371, "経度": 129.856766, "url": "https://www.iryou.teikyouseido.mhlw.go.jp/znk-web/juminkanja/S2430/initialize?prefCd=42&kikanCd=cna0295&kikanKbn=2", "url2": null, "内容": "つつみ内科クリニック【2:診療所】【診療科目:内科_循環器内科】長崎県長崎市富士見町１－４" }, "geometry": { "type": "Point", "coordinates": [ 129.856766, 32.770371 ] } },
{ "type": "Feature", "properties": { "ID": "422cna0296", "正式名称": "つねだ形成外科医院", "機関区分": 2, "都道府県コード": 42, "市区町村コード": 201, "所在地": "長崎県長崎市古川町６番３４号", "緯度": 32.745306, "経度": 129.88019, "url": "https://www.iryou.teikyouseido.mhlw.go.jp/znk-web/juminkanja/S2430/initialize?prefCd=42&kikanCd=cna0296&kikanKbn=2", "url2": "https://tsuneda-keisei.com/", "内容": "つねだ形成外科医院【2:診療所】【診療科目:形成外科】長崎県長崎市古川町６番３４号" }, "geometry": { "type": "Point", "coordinates": [ 129.88019, 32.745306 ] } },
{ "type": "Feature", "properties": { "ID": "422cna0297", "正式名称": "つのだ医院", "機関区分": 2, "都道府県コード": 42, "市区町村コード": 201, "所在地": "長崎県長崎市つつじが丘１丁目１５ー２４", "緯度": 32.805928, "経度": 129.961063, "url": "https://www.iryou.teikyouseido.mhlw.go.jp/znk-web/juminkanja/S2430/initialize?prefCd=42&kikanCd=cna0297&kikanKbn=2", "url2": "http://sky.geocities.jp/tunoda_iin/", "内容": "つのだ医院【2:診療所】【診療科目:内科】長崎県長崎市つつじが丘１丁目１５ー２４" }, "geometry": { "type": "Point", "coordinates": [ 129.961063, 32.805928 ] } },
{ "type": "Feature", "properties": { "ID": "422cna0299", "正式名称": "医療法人秀和会釣船医院", "機関区分": 2, "都道府県コード": 42, "市区町村コード": 201, "所在地": "長崎県長崎市かき道３丁目２番３号", "緯度": 32.770296, "経度": 129.9616, "url": "https://www.iryou.teikyouseido.mhlw.go.jp/znk-web/juminkanja/S2430/initialize?prefCd=42&kikanCd=cna0299&kikanKbn=2", "url2": "http://syuuwakai.com", "内容": "医療法人秀和会釣船医院【2:診療所】【診療科目:胃腸内科_外科_肛門外科_リハビリテーション科】長崎県長崎市かき道３丁目２番３号" }, "geometry": { "type": "Point", "coordinates": [ 129.9616, 32.770296 ] } },
{ "type": "Feature", "properties": { "ID": "422cna0301", "正式名称": "つるた医院", "機関区分": 2, "都道府県コード": 42, "市区町村コード": 201, "所在地": "長崎県長崎市花園町７－７", "緯度": 32.772439, "経度": 129.850898, "url": "https://www.iryou.teikyouseido.mhlw.go.jp/znk-web/juminkanja/S2430/initialize?prefCd=42&kikanCd=cna0301&kikanKbn=2", "url2": null, "内容": "つるた医院【2:診療所】【診療科目:内科】長崎県長崎市花園町７－７" }, "geometry": { "type": "Point", "coordinates": [ 129.850898, 32.772439 ] } },
{ "type": "Feature", "properties": { "ID": "422cna0303", "正式名称": "出口外科眼科医院", "機関区分": 2, "都道府県コード": 42, "市区町村コード": 201, "所在地": "長崎県長崎市大浦町９ー１１", "緯度": 32.73495, "経度": 129.872517, "url": "https://www.iryou.teikyouseido.mhlw.go.jp/znk-web/juminkanja/S2430/initialize?prefCd=42&kikanCd=cna0303&kikanKbn=2", "url2": "https://deguchi-hp.org/", "内容": "出口外科眼科医院【2:診療所】【診療科目:呼吸器内科_消化器内科_胃腸内科_外科_呼吸器外科_肛門外科_整形外科_眼科_リハビリテーション科】長崎県長崎市大浦町９ー１１" }, "geometry": { "type": "Point", "coordinates": [ 129.872517, 32.73495 ] } },
{ "type": "Feature", "properties": { "ID": "422cna0304", "正式名称": "出口小児科内科医院", "機関区分": 2, "都道府県コード": 42, "市区町村コード": 201, "所在地": "長崎県長崎市花丘町１番２６号", "緯度": 32.791161, "経度": 129.862528, "url": "https://www.iryou.teikyouseido.mhlw.go.jp/znk-web/juminkanja/S2430/initialize?prefCd=42&kikanCd=cna0304&kikanKbn=2", "url2": null, "内容": "出口小児科内科医院【2:診療所】【診療科目:内科_小児科】長崎県長崎市花丘町１番２６号" }, "geometry": { "type": "Point", "coordinates": [ 129.862528, 32.791161 ] } },
{ "type": "Feature", "properties": { "ID": "422cna0305", "正式名称": "出島診療所", "機関区分": 2, "都道府県コード": 42, "市区町村コード": 201, "所在地": "長崎県長崎市万才町５－２２中村ビル１階", "緯度": 32.745321, "経度": 129.874443, "url": "https://www.iryou.teikyouseido.mhlw.go.jp/znk-web/juminkanja/S2430/initialize?prefCd=42&kikanCd=cna0305&kikanKbn=2", "url2": "http://www.hironaka-hp.e-doctor.info/", "内容": "出島診療所【2:診療所】【診療科目:精神科_心療内科】長崎県長崎市万才町５－２２中村ビル１階" }, "geometry": { "type": "Point", "coordinates": [ 129.874443, 32.745321 ] } },
{ "type": "Feature", "properties": { "ID": "422cna0306", "正式名称": "医療法人　哲翁内科医院", "機関区分": 2, "都道府県コード": 42, "市区町村コード": 201, "所在地": "長崎県長崎市浜口町１３番９号", "緯度": 32.768667, "経度": 129.866406, "url": "https://www.iryou.teikyouseido.mhlw.go.jp/znk-web/juminkanja/S2430/initialize?prefCd=42&kikanCd=cna0306&kikanKbn=2", "url2": "https://www.tetsuounaika.com/", "内容": "医療法人　哲翁内科医院【2:診療所】【診療科目:内科_循環器内科】長崎県長崎市浜口町１３番９号" }, "geometry": { "type": "Point", "coordinates": [ 129.866406, 32.768667 ] } },
{ "type": "Feature", "properties": { "ID": "422cna0308", "正式名称": "どい皮ふ科", "機関区分": 2, "都道府県コード": 42, "市区町村コード": 201, "所在地": "長崎県長崎市上戸町１丁目１０番３号", "緯度": 32.71849, "経度": 129.870264, "url": "https://www.iryou.teikyouseido.mhlw.go.jp/znk-web/juminkanja/S2430/initialize?prefCd=42&kikanCd=cna0308&kikanKbn=2", "url2": "http://www.doi-hifuka.jp/", "内容": "どい皮ふ科【2:診療所】【診療科目:皮膚科】長崎県長崎市上戸町１丁目１０番３号" }, "geometry": { "type": "Point", "coordinates": [ 129.870264, 32.71849 ] } },
{ "type": "Feature", "properties": { "ID": "422cna0310", "正式名称": "どうつ耳鼻咽喉科クリニック", "機関区分": 2, "都道府県コード": 42, "市区町村コード": 201, "所在地": "長崎県長崎市大浦町３番２７－１０１号", "緯度": 32.736393, "経度": 129.870946, "url": "https://www.iryou.teikyouseido.mhlw.go.jp/znk-web/juminkanja/S2430/initialize?prefCd=42&kikanCd=cna0310&kikanKbn=2", "url2": "https://doutsu-clinic.sakura.ne.jp/", "内容": "どうつ耳鼻咽喉科クリニック【2:診療所】【診療科目:耳鼻いんこう科】長崎県長崎市大浦町３番２７－１０１号" }, "geometry": { "type": "Point", "coordinates": [ 129.870946, 32.736393 ] } },
{ "type": "Feature", "properties": { "ID": "422cna0315", "正式名称": "冨永小児科医院", "機関区分": 2, "都道府県コード": 42, "市区町村コード": 201, "所在地": "長崎県長崎市かき道３−２−６", "緯度": 32.770263, "経度": 129.961881, "url": "https://www.iryou.teikyouseido.mhlw.go.jp/znk-web/juminkanja/S2430/initialize?prefCd=42&kikanCd=cna0315&kikanKbn=2", "url2": "http://www.tominaga-shounika.com", "内容": "冨永小児科医院【2:診療所】【診療科目:アレルギー疾患内科_小児科】長崎県長崎市かき道３−２−６" }, "geometry": { "type": "Point", "coordinates": [ 129.961881, 32.770263 ] } },
{ "type": "Feature", "properties": { "ID": "422cna0316", "正式名称": "朝長医院", "機関区分": 2, "都道府県コード": 42, "市区町村コード": 201, "所在地": "長崎県長崎市長浦町２５８３", "緯度": 32.910257, "経度": 129.784771, "url": "https://www.iryou.teikyouseido.mhlw.go.jp/znk-web/juminkanja/S2430/initialize?prefCd=42&kikanCd=cna0316&kikanKbn=2", "url2": null, "内容": "朝長医院【2:診療所】【診療科目:内科_小児科】長崎県長崎市長浦町２５８３" }, "geometry": { "type": "Point", "coordinates": [ 129.784771, 32.910257 ] } },
{ "type": "Feature", "properties": { "ID": "422cna0317", "正式名称": "朝長整形外科クリニック", "機関区分": 2, "都道府県コード": 42, "市区町村コード": 201, "所在地": "長崎県長崎市小峰町１４ー３", "緯度": 32.781236, "経度": 129.872088, "url": "https://www.iryou.teikyouseido.mhlw.go.jp/znk-web/juminkanja/S2430/initialize?prefCd=42&kikanCd=cna0317&kikanKbn=2", "url2": null, "内容": "朝長整形外科クリニック【2:診療所】【診療科目:整形外科_リハビリテーション科】長崎県長崎市小峰町１４ー３" }, "geometry": { "type": "Point", "coordinates": [ 129.872088, 32.781236 ] } },
{ "type": "Feature", "properties": { "ID": "422cna0318", "正式名称": "朝永整形外科医院", "機関区分": 2, "都道府県コード": 42, "市区町村コード": 201, "所在地": "長崎県長崎市城栄町１３－５", "緯度": 32.774626, "経度": 129.856581, "url": "https://www.iryou.teikyouseido.mhlw.go.jp/znk-web/juminkanja/S2430/initialize?prefCd=42&kikanCd=cna0318&kikanKbn=2", "url2": null, "内容": "朝永整形外科医院【2:診療所】【診療科目:整形外科_リハビリテーション科】長崎県長崎市城栄町１３－５" }, "geometry": { "type": "Point", "coordinates": [ 129.856581, 32.774626 ] } },
{ "type": "Feature", "properties": { "ID": "422cna0319", "正式名称": "とよしま皮ふ科医院", "機関区分": 2, "都道府県コード": 42, "市区町村コード": 201, "所在地": "長崎県長崎市滑石３丁目８－１", "緯度": 32.807661, "経度": 129.838463, "url": "https://www.iryou.teikyouseido.mhlw.go.jp/znk-web/juminkanja/S2430/initialize?prefCd=42&kikanCd=cna0319&kikanKbn=2", "url2": null, "内容": "とよしま皮ふ科医院【2:診療所】【診療科目:皮膚科】長崎県長崎市滑石３丁目８－１" }, "geometry": { "type": "Point", "coordinates": [ 129.838463, 32.807661 ] } },
{ "type": "Feature", "properties": { "ID": "422cna0320", "正式名称": "医療法人中浦皮膚科医院", "機関区分": 2, "都道府県コード": 42, "市区町村コード": 201, "所在地": "長崎県長崎市中里町１０３０番地２", "緯度": 32.801326, "経度": 129.963382, "url": "https://www.iryou.teikyouseido.mhlw.go.jp/znk-web/juminkanja/S2430/initialize?prefCd=42&kikanCd=cna0320&kikanKbn=2", "url2": null, "内容": "医療法人中浦皮膚科医院【2:診療所】【診療科目:皮膚科】長崎県長崎市中里町１０３０番地２" }, "geometry": { "type": "Point", "coordinates": [ 129.963382, 32.801326 ] } },
{ "type": "Feature", "properties": { "ID": "422cna0322", "正式名称": "医療法人中川外科医院", "機関区分": 2, "都道府県コード": 42, "市区町村コード": 201, "所在地": "長崎県長崎市岩屋町２０番２５号", "緯度": 32.801881, "経度": 129.85258, "url": "https://www.iryou.teikyouseido.mhlw.go.jp/znk-web/juminkanja/S2430/initialize?prefCd=42&kikanCd=cna0322&kikanKbn=2", "url2": "https://epark.jp/shopinfo/hpl12520/", "内容": "医療法人中川外科医院【2:診療所】【診療科目:胃腸内科_外科_脳神経外科_肛門外科_皮膚科】長崎県長崎市岩屋町２０番２５号" }, "geometry": { "type": "Point", "coordinates": [ 129.85258, 32.801881 ] } },
{ "type": "Feature", "properties": { "ID": "422cna0324", "正式名称": "長崎県赤十字血液センター浜町出張所", "機関区分": 2, "都道府県コード": 42, "市区町村コード": 201, "所在地": "長崎県長崎市浜町８番１０号　多真喜ビル３階", "緯度": 32.744358, "経度": 129.878784, "url": "https://www.iryou.teikyouseido.mhlw.go.jp/znk-web/juminkanja/S2430/initialize?prefCd=42&kikanCd=cna0324&kikanKbn=2", "url2": "http://www.bs.jrc.or.jp/bc9/nagasaki/", "内容": "長崎県赤十字血液センター浜町出張所【2:診療所】【診療科目:内科】長崎県長崎市浜町８番１０号　多真喜ビル３階" }, "geometry": { "type": "Point", "coordinates": [ 129.878784, 32.744358 ] } },
{ "type": "Feature", "properties": { "ID": "422cna0325", "正式名称": "長崎県赤十字血液センター", "機関区分": 2, "都道府県コード": 42, "市区町村コード": 201, "所在地": "長崎県長崎市昭和３丁目２５６番地１１", "緯度": 32.797881, "経度": 129.871613, "url": "https://www.iryou.teikyouseido.mhlw.go.jp/znk-web/juminkanja/S2430/initialize?prefCd=42&kikanCd=cna0325&kikanKbn=2", "url2": "http://www.bs.jrc.or.jp/bc9/nagasaki/", "内容": "長崎県赤十字血液センター【2:診療所】【診療科目:内科】長崎県長崎市昭和３丁目２５６番地１１" }, "geometry": { "type": "Point", "coordinates": [ 129.871613, 32.797881 ] } },
{ "type": "Feature", "properties": { "ID": "422cna0328", "正式名称": "長崎市池島診療所", "機関区分": 2, "都道府県コード": 42, "市区町村コード": 201, "所在地": "長崎県長崎市池島町１１３２番地８", "緯度": 32.883605, "経度": 129.597852, "url": "https://www.iryou.teikyouseido.mhlw.go.jp/znk-web/juminkanja/S2430/initialize?prefCd=42&kikanCd=cna0328&kikanKbn=2", "url2": null, "内容": "長崎市池島診療所【2:診療所】【診療科目:内科】長崎県長崎市池島町１１３２番地８" }, "geometry": { "type": "Point", "coordinates": [ 129.597852, 32.883605 ] } },
{ "type": "Feature", "properties": { "ID": "422cna0329", "正式名称": "長崎市小口診療所", "機関区分": 2, "都道府県コード": 42, "市区町村コード": 201, "所在地": "長崎県長崎市琴海尾戸町４００番地２", "緯度": 32.917327, "経度": 129.806331, "url": "https://www.iryou.teikyouseido.mhlw.go.jp/znk-web/juminkanja/S2430/initialize?prefCd=42&kikanCd=cna0329&kikanKbn=2", "url2": null, "内容": "長崎市小口診療所【2:診療所】【診療科目:内科】長崎県長崎市琴海尾戸町４００番地２" }, "geometry": { "type": "Point", "coordinates": [ 129.806331, 32.917327 ] } },
{ "type": "Feature", "properties": { "ID": "422cna0332", "正式名称": "長崎市こども発達センター診療所", "機関区分": 2, "都道府県コード": 42, "市区町村コード": 201, "所在地": "長崎県長崎市茂里町２番４１号もりまちハートセンター内", "緯度": 32.762422, "経度": 129.863816, "url": "https://www.iryou.teikyouseido.mhlw.go.jp/znk-web/juminkanja/S2430/initialize?prefCd=42&kikanCd=cna0332&kikanKbn=2", "url2": "https://nc-swc.com/", "内容": "長崎市こども発達センター診療所【2:診療所】【診療科目:整形外科_小児科_精神科_リハビリテーション科】長崎県長崎市茂里町２番４１号もりまちハートセンター内" }, "geometry": { "type": "Point", "coordinates": [ 129.863816, 32.762422 ] } },
{ "type": "Feature", "properties": { "ID": "422cna0334", "正式名称": "長崎市夜間急患センター", "機関区分": 2, "都道府県コード": 42, "市区町村コード": 201, "所在地": "長崎県長崎市栄町２－２２", "緯度": 32.748065, "経度": 129.87776, "url": "https://www.iryou.teikyouseido.mhlw.go.jp/znk-web/juminkanja/S2430/initialize?prefCd=42&kikanCd=cna0334&kikanKbn=2", "url2": "http://www.nagasaki.med.or.jp./n-city/yakan/yakan_main.html", "内容": "長崎市夜間急患センター【2:診療所】【診療科目:内科_小児科_耳鼻いんこう科】長崎県長崎市栄町２－２２" }, "geometry": { "type": "Point", "coordinates": [ 129.87776, 32.748065 ] } },
{ "type": "Feature", "properties": { "ID": "422cna0335", "正式名称": "医療法人秋桜会長崎新港診療所", "機関区分": 2, "都道府県コード": 42, "市区町村コード": 201, "所在地": "長崎県長崎市京泊３丁目３０番３号", "緯度": 32.823644, "経度": 129.772051, "url": "https://www.iryou.teikyouseido.mhlw.go.jp/znk-web/juminkanja/S2430/initialize?prefCd=42&kikanCd=cna0335&kikanKbn=2", "url2": "http://www.cosmos-garden.com", "内容": "医療法人秋桜会長崎新港診療所【2:診療所】【診療科目:内科_泌尿器科】長崎県長崎市京泊３丁目３０番３号" }, "geometry": { "type": "Point", "coordinates": [ 129.772051, 32.823644 ] } },
{ "type": "Feature", "properties": { "ID": "422cna0347", "正式名称": "医療法人中嶋クリニック", "機関区分": 2, "都道府県コード": 42, "市区町村コード": 201, "所在地": "長崎県長崎市三原２丁目１１番５０号", "緯度": 32.783972, "経度": 129.879417, "url": "https://www.iryou.teikyouseido.mhlw.go.jp/znk-web/juminkanja/S2430/initialize?prefCd=42&kikanCd=cna0347&kikanKbn=2", "url2": "nakajimaclinic-nagasaki.com/", "内容": "医療法人中嶋クリニック【2:診療所】【診療科目:整形外科_皮膚科_リハビリテーション科_麻酔科】長崎県長崎市三原２丁目１１番５０号" }, "geometry": { "type": "Point", "coordinates": [ 129.879417, 32.783972 ] } },
{ "type": "Feature", "properties": { "ID": "422cna0350", "正式名称": "ながすえ小児科医院", "機関区分": 2, "都道府県コード": 42, "市区町村コード": 201, "所在地": "長崎県長崎市竹の久保町１丁目１番地", "緯度": 32.764196, "経度": 129.860944, "url": "https://www.iryou.teikyouseido.mhlw.go.jp/znk-web/juminkanja/S2430/initialize?prefCd=42&kikanCd=cna0350&kikanKbn=2", "url2": null, "内容": "ながすえ小児科医院【2:診療所】【診療科目:小児科】長崎県長崎市竹の久保町１丁目１番地" }, "geometry": { "type": "Point", "coordinates": [ 129.860944, 32.764196 ] } },
{ "type": "Feature", "properties": { "ID": "422cna0352", "正式名称": "医療法人　ながたに整形外科", "機関区分": 2, "都道府県コード": 42, "市区町村コード": 201, "所在地": "長崎県長崎市元船町５番４号メディカルモール元船３階", "緯度": 32.748918, "経度": 129.871954, "url": "https://www.iryou.teikyouseido.mhlw.go.jp/znk-web/juminkanja/S2430/initialize?prefCd=42&kikanCd=cna0352&kikanKbn=2", "url2": null, "内容": "医療法人　ながたに整形外科【2:診療所】【診療科目:整形外科_リハビリテーション科】長崎県長崎市元船町５番４号メディカルモール元船３階" }, "geometry": { "type": "Point", "coordinates": [ 129.871954, 32.748918 ] } },
{ "type": "Feature", "properties": { "ID": "422cna0353", "正式名称": "中西内科", "機関区分": 2, "都道府県コード": 42, "市区町村コード": 201, "所在地": "長崎県長崎市金屋町２ー１０平田ビル４階", "緯度": 32.748328, "経度": 129.874285, "url": "https://www.iryou.teikyouseido.mhlw.go.jp/znk-web/juminkanja/S2430/initialize?prefCd=42&kikanCd=cna0353&kikanKbn=2", "url2": null, "内容": "中西内科【2:診療所】【診療科目:内科_糖尿病内科_脂質代謝内科_放射線科】長崎県長崎市金屋町２ー１０平田ビル４階" }, "geometry": { "type": "Point", "coordinates": [ 129.874285, 32.748328 ] } },
{ "type": "Feature", "properties": { "ID": "422cna0354", "正式名称": "医療法人中村眼科", "機関区分": 2, "都道府県コード": 42, "市区町村コード": 201, "所在地": "長崎県長崎市滑石３丁目８－１", "緯度": 32.807652, "経度": 129.838499, "url": "https://www.iryou.teikyouseido.mhlw.go.jp/znk-web/juminkanja/S2430/initialize?prefCd=42&kikanCd=cna0354&kikanKbn=2", "url2": "http://www.nakamuraganka.com", "内容": "医療法人中村眼科【2:診療所】【診療科目:眼科】長崎県長崎市滑石３丁目８－１" }, "geometry": { "type": "Point", "coordinates": [ 129.838499, 32.807652 ] } },
{ "type": "Feature", "properties": { "ID": "422cna0355", "正式名称": "医療法人　中村智整形外科クリニック", "機関区分": 2, "都道府県コード": 42, "市区町村コード": 201, "所在地": "長崎県長崎市滑石３丁目８番５号", "緯度": 32.807731, "経度": 129.838124, "url": "https://www.iryou.teikyouseido.mhlw.go.jp/znk-web/juminkanja/S2430/initialize?prefCd=42&kikanCd=cna0355&kikanKbn=2", "url2": null, "内容": "医療法人　中村智整形外科クリニック【2:診療所】【診療科目:整形外科_リウマチ科_リハビリテーション科】長崎県長崎市滑石３丁目８番５号" }, "geometry": { "type": "Point", "coordinates": [ 129.838124, 32.807731 ] } },
{ "type": "Feature", "properties": { "ID": "422cna0358", "正式名称": "医療法人社団中村整形外科", "機関区分": 2, "都道府県コード": 42, "市区町村コード": 201, "所在地": "長崎県長崎市上小島３丁目１番１１号", "緯度": 32.734607, "経度": 129.88907, "url": "https://www.iryou.teikyouseido.mhlw.go.jp/znk-web/juminkanja/S2430/initialize?prefCd=42&kikanCd=cna0358&kikanKbn=2", "url2": null, "内容": "医療法人社団中村整形外科【2:診療所】【診療科目:整形外科_リハビリテーション科】長崎県長崎市上小島３丁目１番１１号" }, "geometry": { "type": "Point", "coordinates": [ 129.88907, 32.734607 ] } },
{ "type": "Feature", "properties": { "ID": "422cna0359", "正式名称": "医療法人知正会　中村内科クリニック", "機関区分": 2, "都道府県コード": 42, "市区町村コード": 201, "所在地": "長崎県長崎市竹の久保町１番２号", "緯度": 32.764239, "経度": 129.860987, "url": "https://www.iryou.teikyouseido.mhlw.go.jp/znk-web/juminkanja/S2430/initialize?prefCd=42&kikanCd=cna0359&kikanKbn=2", "url2": null, "内容": "医療法人知正会　中村内科クリニック【2:診療所】【診療科目:内科_消化器内科】長崎県長崎市竹の久保町１番２号" }, "geometry": { "type": "Point", "coordinates": [ 129.860987, 32.764239 ] } },
{ "type": "Feature", "properties": { "ID": "422cna0360", "正式名称": "医療法人社団なかむら内科診療所", "機関区分": 2, "都道府県コード": 42, "市区町村コード": 201, "所在地": "長崎県長崎市万屋町５－７", "緯度": 32.744955, "経度": 129.879065, "url": "https://www.iryou.teikyouseido.mhlw.go.jp/znk-web/juminkanja/S2430/initialize?prefCd=42&kikanCd=cna0360&kikanKbn=2", "url2": null, "内容": "医療法人社団なかむら内科診療所【2:診療所】【診療科目:内科】長崎県長崎市万屋町５－７" }, "geometry": { "type": "Point", "coordinates": [ 129.879065, 32.744955 ] } },
{ "type": "Feature", "properties": { "ID": "422cna0361", "正式名称": "中村内科医院", "機関区分": 2, "都道府県コード": 42, "市区町村コード": 201, "所在地": "長崎県長崎市上戸町３丁目４－２１", "緯度": 32.716907, "経度": 129.870967, "url": "https://www.iryou.teikyouseido.mhlw.go.jp/znk-web/juminkanja/S2430/initialize?prefCd=42&kikanCd=cna0361&kikanKbn=2", "url2": null, "内容": "中村内科医院【2:診療所】【診療科目:内科】長崎県長崎市上戸町３丁目４－２１" }, "geometry": { "type": "Point", "coordinates": [ 129.870967, 32.716907 ] } },
{ "type": "Feature", "properties": { "ID": "422cna0363", "正式名称": "医療法人中山小児科クリニック", "機関区分": 2, "都道府県コード": 42, "市区町村コード": 201, "所在地": "長崎県長崎市本原町１番２３号", "緯度": 32.780296, "経度": 129.870092, "url": "https://www.iryou.teikyouseido.mhlw.go.jp/znk-web/juminkanja/S2430/initialize?prefCd=42&kikanCd=cna0363&kikanKbn=2", "url2": "http://nakayamashounika.blog.104.fc2.com/", "内容": "医療法人中山小児科クリニック【2:診療所】【診療科目:内科_小児科】長崎県長崎市本原町１番２３号" }, "geometry": { "type": "Point", "coordinates": [ 129.870092, 32.780296 ] } },
{ "type": "Feature", "properties": { "ID": "422cna0366", "正式名称": "医療法人楢林整形外科医院", "機関区分": 2, "都道府県コード": 42, "市区町村コード": 201, "所在地": "長崎県長崎市船大工町５－３２", "緯度": 32.741335, "経度": 129.878135, "url": "https://www.iryou.teikyouseido.mhlw.go.jp/znk-web/juminkanja/S2430/initialize?prefCd=42&kikanCd=cna0366&kikanKbn=2", "url2": "http://www1.cncm.ne.jp/~ynnarabayn/index.html", "内容": "医療法人楢林整形外科医院【2:診療所】【診療科目:整形外科_リウマチ科_リハビリテーション科】長崎県長崎市船大工町５－３２" }, "geometry": { "type": "Point", "coordinates": [ 129.878135, 32.741335 ] } },
{ "type": "Feature", "properties": { "ID": "422cna0367", "正式名称": "鳴見台山中クリニック", "機関区分": 2, "都道府県コード": 42, "市区町村コード": 201, "所在地": "長崎県長崎市鳴見台１丁目２８番５号", "緯度": 32.820406, "経度": 129.80681, "url": "https://www.iryou.teikyouseido.mhlw.go.jp/znk-web/juminkanja/S2430/initialize?prefCd=42&kikanCd=cna0367&kikanKbn=2", "url2": "yamanakaclinic.jp", "内容": "鳴見台山中クリニック【2:診療所】【診療科目:内科_消化器内科_外科_肛門外科_リハビリテーション科】長崎県長崎市鳴見台１丁目２８番５号" }, "geometry": { "type": "Point", "coordinates": [ 129.80681, 32.820406 ] } },
{ "type": "Feature", "properties": { "ID": "422cna0368", "正式名称": "にいみ整形外科医院", "機関区分": 2, "都道府県コード": 42, "市区町村コード": 201, "所在地": "長崎県長崎市小江原４丁目３８番８号", "緯度": 32.782073, "経度": 129.830271, "url": "https://www.iryou.teikyouseido.mhlw.go.jp/znk-web/juminkanja/S2430/initialize?prefCd=42&kikanCd=cna0368&kikanKbn=2", "url2": null, "内容": "にいみ整形外科医院【2:診療所】【診療科目:整形外科_リウマチ科_リハビリテーション科】長崎県長崎市小江原４丁目３８番８号" }, "geometry": { "type": "Point", "coordinates": [ 129.830271, 32.782073 ] } },
{ "type": "Feature", "properties": { "ID": "422cna0369", "正式名称": "西田内科胃腸内科医院", "機関区分": 2, "都道府県コード": 42, "市区町村コード": 201, "所在地": "長崎県長崎市油屋町６番１１号", "緯度": 32.7413, "経度": 129.883099, "url": "https://www.iryou.teikyouseido.mhlw.go.jp/znk-web/juminkanja/S2430/initialize?prefCd=42&kikanCd=cna0369&kikanKbn=2", "url2": null, "内容": "西田内科胃腸内科医院【2:診療所】【診療科目:内科_胃腸内科】長崎県長崎市油屋町６番１１号" }, "geometry": { "type": "Point", "coordinates": [ 129.883099, 32.7413 ] } },
{ "type": "Feature", "properties": { "ID": "422cna0371", "正式名称": "西山さとう眼科医院", "機関区分": 2, "都道府県コード": 42, "市区町村コード": 201, "所在地": "長崎県長崎市西山２丁目２番１１号", "緯度": 32.757583, "経度": 129.886898, "url": "https://www.iryou.teikyouseido.mhlw.go.jp/znk-web/juminkanja/S2430/initialize?prefCd=42&kikanCd=cna0371&kikanKbn=2", "url2": null, "内容": "西山さとう眼科医院【2:診療所】【診療科目:眼科】長崎県長崎市西山２丁目２番１１号" }, "geometry": { "type": "Point", "coordinates": [ 129.886898, 32.757583 ] } },
{ "type": "Feature", "properties": { "ID": "422cna0374", "正式名称": "みね形成外科・美容皮ふクリニック", "機関区分": 2, "都道府県コード": 42, "市区町村コード": 201, "所在地": "長崎県長崎市住吉町２－２２", "緯度": 32.79104, "経度": 129.861729, "url": "https://www.iryou.teikyouseido.mhlw.go.jp/znk-web/juminkanja/S2430/initialize?prefCd=42&kikanCd=cna0374&kikanKbn=2", "url2": "https://www.minekeisei.com/", "内容": "みね形成外科・美容皮ふクリニック【2:診療所】【診療科目:整形外科_形成外科_美容外科_皮膚科_美容皮膚科】長崎県長崎市住吉町２－２２" }, "geometry": { "type": "Point", "coordinates": [ 129.861729, 32.79104 ] } },
{ "type": "Feature", "properties": { "ID": "422cna0375", "正式名称": "野田消化器クリニック", "機関区分": 2, "都道府県コード": 42, "市区町村コード": 201, "所在地": "長崎県長崎市浜町２－１８クリエート長崎ビル２Ｆ", "緯度": 32.745117, "経度": 129.87786, "url": "https://www.iryou.teikyouseido.mhlw.go.jp/znk-web/juminkanja/S2430/initialize?prefCd=42&kikanCd=cna0375&kikanKbn=2", "url2": null, "内容": "野田消化器クリニック【2:診療所】【診療科目:消化器内科_外科_リハビリテーション科_放射線科】長崎県長崎市浜町２－１８クリエート長崎ビル２Ｆ" }, "geometry": { "type": "Point", "coordinates": [ 129.87786, 32.745117 ] } },
{ "type": "Feature", "properties": { "ID": "422cna0377", "正式名称": "医療法人乗松整形外科医院", "機関区分": 2, "都道府県コード": 42, "市区町村コード": 201, "所在地": "長崎県長崎市平和町４－２７", "緯度": 32.77591, "経度": 129.864959, "url": "https://www.iryou.teikyouseido.mhlw.go.jp/znk-web/juminkanja/S2430/initialize?prefCd=42&kikanCd=cna0377&kikanKbn=2", "url2": null, "内容": "医療法人乗松整形外科医院【2:診療所】【診療科目:整形外科_リハビリテーション科】長崎県長崎市平和町４－２７" }, "geometry": { "type": "Point", "coordinates": [ 129.864959, 32.77591 ] } },
{ "type": "Feature", "properties": { "ID": "422cna0379", "正式名称": "伯川皮膚科医院", "機関区分": 2, "都道府県コード": 42, "市区町村コード": 201, "所在地": "長崎県長崎市下西山町１ー２", "緯度": 32.753396, "経度": 129.884184, "url": "https://www.iryou.teikyouseido.mhlw.go.jp/znk-web/juminkanja/S2430/initialize?prefCd=42&kikanCd=cna0379&kikanKbn=2", "url2": "http://www.hakugawa-derma.com", "内容": "伯川皮膚科医院【2:診療所】【診療科目:皮膚科】長崎県長崎市下西山町１ー２" }, "geometry": { "type": "Point", "coordinates": [ 129.884184, 32.753396 ] } },
{ "type": "Feature", "properties": { "ID": "422cna0382", "正式名称": "橋本耳鼻咽喉科医院", "機関区分": 2, "都道府県コード": 42, "市区町村コード": 201, "所在地": "長崎県長崎市古川町５ー７", "緯度": 32.746295, "経度": 129.879384, "url": "https://www.iryou.teikyouseido.mhlw.go.jp/znk-web/juminkanja/S2430/initialize?prefCd=42&kikanCd=cna0382&kikanKbn=2", "url2": "http://www.hashimoto-jibika.com", "内容": "橋本耳鼻咽喉科医院【2:診療所】【診療科目:耳鼻いんこう科_アレルギー科_麻酔科】長崎県長崎市古川町５ー７" }, "geometry": { "type": "Point", "coordinates": [ 129.879384, 32.746295 ] } },
{ "type": "Feature", "properties": { "ID": "422cna0384", "正式名称": "医療法人長谷川医院", "機関区分": 2, "都道府県コード": 42, "市区町村コード": 201, "所在地": "長崎県長崎市京泊３丁目３０番１７号", "緯度": 32.824466, "経度": 129.771972, "url": "https://www.iryou.teikyouseido.mhlw.go.jp/znk-web/juminkanja/S2430/initialize?prefCd=42&kikanCd=cna0384&kikanKbn=2", "url2": "https://clinic-hasegawa.net/", "内容": "医療法人長谷川医院【2:診療所】【診療科目:呼吸器内科_胃腸内科_外科_リハビリテーション科_気管食道科】長崎県長崎市京泊３丁目３０番１７号" }, "geometry": { "type": "Point", "coordinates": [ 129.771972, 32.824466 ] } },
{ "type": "Feature", "properties": { "ID": "422cna0386", "正式名称": "医療法人　愛育会", "機関区分": 2, "都道府県コード": 42, "市区町村コード": 201, "所在地": "長崎県長崎市住吉町１３－１６", "緯度": 32.79333, "経度": 129.860632, "url": "https://www.iryou.teikyouseido.mhlw.go.jp/znk-web/juminkanja/S2430/initialize?prefCd=42&kikanCd=cna0386&kikanKbn=2", "url2": "http://www.hanamizuki.info", "内容": "医療法人　愛育会【2:診療所】【診療科目:産婦人科_産科_婦人科】長崎県長崎市住吉町１３－１６" }, "geometry": { "type": "Point", "coordinates": [ 129.860632, 32.79333 ] } },
{ "type": "Feature", "properties": { "ID": "422cna0387", "正式名称": "羽野内科", "機関区分": 2, "都道府県コード": 42, "市区町村コード": 201, "所在地": "長崎県長崎市上黒崎町２０番地", "緯度": 32.839019, "経度": 129.715939, "url": "https://www.iryou.teikyouseido.mhlw.go.jp/znk-web/juminkanja/S2430/initialize?prefCd=42&kikanCd=cna0387&kikanKbn=2", "url2": null, "内容": "羽野内科【2:診療所】【診療科目:内科_呼吸器内科_循環器内科_小児科_リハビリテーション科】長崎県長崎市上黒崎町２０番地" }, "geometry": { "type": "Point", "coordinates": [ 129.715939, 32.839019 ] } },
{ "type": "Feature", "properties": { "ID": "422cna0388", "正式名称": "医療法人馬場医院", "機関区分": 2, "都道府県コード": 42, "市区町村コード": 201, "所在地": "長崎県長崎市梅香崎町１－６", "緯度": 32.740005, "経度": 129.875389, "url": "https://www.iryou.teikyouseido.mhlw.go.jp/znk-web/juminkanja/S2430/initialize?prefCd=42&kikanCd=cna0388&kikanKbn=2", "url2": null, "内容": "医療法人馬場医院【2:診療所】【診療科目:内科_循環器内科】長崎県長崎市梅香崎町１－６" }, "geometry": { "type": "Point", "coordinates": [ 129.875389, 32.740005 ] } },
{ "type": "Feature", "properties": { "ID": "422cna0389", "正式名称": "永尾内科医院", "機関区分": 2, "都道府県コード": 42, "市区町村コード": 201, "所在地": "長崎県長崎市宝栄町１－１", "緯度": 32.767586, "経度": 129.861437, "url": "https://www.iryou.teikyouseido.mhlw.go.jp/znk-web/juminkanja/S2430/initialize?prefCd=42&kikanCd=cna0389&kikanKbn=2", "url2": null, "内容": "永尾内科医院【2:診療所】【診療科目:内科_呼吸器内科_循環器内科_胃腸内科_放射線科】長崎県長崎市宝栄町１－１" }, "geometry": { "type": "Point", "coordinates": [ 129.861437, 32.767586 ] } },
{ "type": "Feature", "properties": { "ID": "422cna0391", "正式名称": "浜崎外科医院", "機関区分": 2, "都道府県コード": 42, "市区町村コード": 201, "所在地": "長崎県長崎市曙町３番６号", "緯度": 32.754419, "経度": 129.861869, "url": "https://www.iryou.teikyouseido.mhlw.go.jp/znk-web/juminkanja/S2430/initialize?prefCd=42&kikanCd=cna0391&kikanKbn=2", "url2": null, "内容": "浜崎外科医院【2:診療所】【診療科目:内科_消化器内科_外科_リハビリテーション科】長崎県長崎市曙町３番６号" }, "geometry": { "type": "Point", "coordinates": [ 129.861869, 32.754419 ] } },
{ "type": "Feature", "properties": { "ID": "422cna0394", "正式名称": "濱辺外科クリニック", "機関区分": 2, "都道府県コード": 42, "市区町村コード": 201, "所在地": "長崎県長崎市下西山町２－２", "緯度": 32.754226, "経度": 129.884062, "url": "https://www.iryou.teikyouseido.mhlw.go.jp/znk-web/juminkanja/S2430/initialize?prefCd=42&kikanCd=cna0394&kikanKbn=2", "url2": null, "内容": "濱辺外科クリニック【2:診療所】【診療科目:消化器内科_外科_整形外科_美容外科_リハビリテーション科】長崎県長崎市下西山町２－２" }, "geometry": { "type": "Point", "coordinates": [ 129.884062, 32.754226 ] } },
{ "type": "Feature", "properties": { "ID": "422cna0395", "正式名称": "医療法人社団康仁会林医院", "機関区分": 2, "都道府県コード": 42, "市区町村コード": 201, "所在地": "長崎県長崎市弁天町１１ー２２", "緯度": 32.753218, "経度": 129.86302, "url": "https://www.iryou.teikyouseido.mhlw.go.jp/znk-web/juminkanja/S2430/initialize?prefCd=42&kikanCd=cna0395&kikanKbn=2", "url2": null, "内容": "医療法人社団康仁会林医院【2:診療所】【診療科目:内科_循環器内科_外科_整形外科】長崎県長崎市弁天町１１ー２２" }, "geometry": { "type": "Point", "coordinates": [ 129.86302, 32.753218 ] } },
{ "type": "Feature", "properties": { "ID": "422cna0396", "正式名称": "医療法人　はやし小児科", "機関区分": 2, "都道府県コード": 42, "市区町村コード": 201, "所在地": "長崎県長崎市かき道１丁目３３番１２号", "緯度": 32.772219, "経度": 129.953686, "url": "https://www.iryou.teikyouseido.mhlw.go.jp/znk-web/juminkanja/S2430/initialize?prefCd=42&kikanCd=cna0396&kikanKbn=2", "url2": null, "内容": "医療法人　はやし小児科【2:診療所】【診療科目:小児科】長崎県長崎市かき道１丁目３３番１２号" }, "geometry": { "type": "Point", "coordinates": [ 129.953686, 32.772219 ] } },
{ "type": "Feature", "properties": { "ID": "422cna0398", "正式名称": "医療法人原口医院", "機関区分": 2, "都道府県コード": 42, "市区町村コード": 201, "所在地": "長崎県長崎市鶴見台１丁目１４番１５号", "緯度": 32.688079, "経度": 129.841017, "url": "https://www.iryou.teikyouseido.mhlw.go.jp/znk-web/juminkanja/S2430/initialize?prefCd=42&kikanCd=cna0398&kikanKbn=2", "url2": null, "内容": "医療法人原口医院【2:診療所】【診療科目:内科_外科_泌尿器科_リハビリテーション科】長崎県長崎市鶴見台１丁目１４番１５号" }, "geometry": { "type": "Point", "coordinates": [ 129.841017, 32.688079 ] } },
{ "type": "Feature", "properties": { "ID": "422cna0399", "正式名称": "医療法人原田医院", "機関区分": 2, "都道府県コード": 42, "市区町村コード": 201, "所在地": "長崎県長崎市平和町１１番１１号", "緯度": 32.775619, "経度": 129.865244, "url": "https://www.iryou.teikyouseido.mhlw.go.jp/znk-web/juminkanja/S2430/initialize?prefCd=42&kikanCd=cna0399&kikanKbn=2", "url2": "http://haradaclinic.org", "内容": "医療法人原田医院【2:診療所】【診療科目:内科_感染症内科_呼吸器内科_循環器内科_消化器内科】長崎県長崎市平和町１１番１１号" }, "geometry": { "type": "Point", "coordinates": [ 129.865244, 32.775619 ] } },
{ "type": "Feature", "properties": { "ID": "422cna0401", "正式名称": "医療法人柴友会晴海台クリニック", "機関区分": 2, "都道府県コード": 42, "市区町村コード": 201, "所在地": "長崎県長崎市晴海台町４３番地５号", "緯度": 32.659561, "経度": 129.821411, "url": "https://www.iryou.teikyouseido.mhlw.go.jp/znk-web/juminkanja/S2430/initialize?prefCd=42&kikanCd=cna0401&kikanKbn=2", "url2": null, "内容": "医療法人柴友会晴海台クリニック【2:診療所】【診療科目:内科_呼吸器内科_循環器内科_消化器内科_リハビリテーション科】長崎県長崎市晴海台町４３番地５号" }, "geometry": { "type": "Point", "coordinates": [ 129.821411, 32.659561 ] } },
{ "type": "Feature", "properties": { "ID": "422cna0402", "正式名称": "医療法人社団健生会　東長崎医院", "機関区分": 2, "都道府県コード": 42, "市区町村コード": 201, "所在地": "長崎県長崎市田中町１０２７－１３", "緯度": 32.767693, "経度": 129.951758, "url": "https://www.iryou.teikyouseido.mhlw.go.jp/znk-web/juminkanja/S2430/initialize?prefCd=42&kikanCd=cna0402&kikanKbn=2", "url2": null, "内容": "医療法人社団健生会　東長崎医院【2:診療所】【診療科目:人工透析内科_泌尿器科】長崎県長崎市田中町１０２７－１３" }, "geometry": { "type": "Point", "coordinates": [ 129.951758, 32.767693 ] } },
{ "type": "Feature", "properties": { "ID": "422cna0404", "正式名称": "医療法人ひぐち医院", "機関区分": 2, "都道府県コード": 42, "市区町村コード": 201, "所在地": "長崎県長崎市彦見町２ー９", "緯度": 32.739864, "経度": 129.894655, "url": "https://www.iryou.teikyouseido.mhlw.go.jp/znk-web/juminkanja/S2430/initialize?prefCd=42&kikanCd=cna0404&kikanKbn=2", "url2": "http://www.higuchi-clinic.or.jp/", "内容": "医療法人ひぐち医院【2:診療所】【診療科目:内科_循環器内科_小児科】長崎県長崎市彦見町２ー９" }, "geometry": { "type": "Point", "coordinates": [ 129.894655, 32.739864 ] } },
{ "type": "Feature", "properties": { "ID": "422cna0410", "正式名称": "医療法人平田クリニック", "機関区分": 2, "都道府県コード": 42, "市区町村コード": 201, "所在地": "長崎県長崎市上野町１番５号", "緯度": 32.776854, "経度": 129.868421, "url": "https://www.iryou.teikyouseido.mhlw.go.jp/znk-web/juminkanja/S2430/initialize?prefCd=42&kikanCd=cna0410&kikanKbn=2", "url2": "http://hirataclinic-nagasaki.com", "内容": "医療法人平田クリニック【2:診療所】【診療科目:内科_循環器内科_消化器内科】長崎県長崎市上野町１番５号" }, "geometry": { "type": "Point", "coordinates": [ 129.868421, 32.776854 ] } },
{ "type": "Feature", "properties": { "ID": "422cna0412", "正式名称": "医療法人社団平松クリニック", "機関区分": 2, "都道府県コード": 42, "市区町村コード": 201, "所在地": "長崎県長崎市江川町３５０－１", "緯度": 32.683158, "経度": 129.840662, "url": "https://www.iryou.teikyouseido.mhlw.go.jp/znk-web/juminkanja/S2430/initialize?prefCd=42&kikanCd=cna0412&kikanKbn=2", "url2": null, "内容": "医療法人社団平松クリニック【2:診療所】【診療科目:消化器内科_胃腸内科_外科_胃腸外科_肛門外科_放射線科】長崎県長崎市江川町３５０－１" }, "geometry": { "type": "Point", "coordinates": [ 129.840662, 32.683158 ] } },
{ "type": "Feature", "properties": { "ID": "422cna0414", "正式名称": "ひろせ内科", "機関区分": 2, "都道府県コード": 42, "市区町村コード": 201, "所在地": "長崎県長崎市滑石１－２－５", "緯度": 32.805694, "経度": 129.851297, "url": "https://www.iryou.teikyouseido.mhlw.go.jp/znk-web/juminkanja/S2430/initialize?prefCd=42&kikanCd=cna0414&kikanKbn=2", "url2": "http://nttbj.itp.ne.jp/0958554611", "内容": "ひろせ内科【2:診療所】【診療科目:内科_呼吸器内科】長崎県長崎市滑石１－２－５" }, "geometry": { "type": "Point", "coordinates": [ 129.851297, 32.805694 ] } },
{ "type": "Feature", "properties": { "ID": "422cna0415", "正式名称": "医療法人陽蘭会広瀬クリニック", "機関区分": 2, "都道府県コード": 42, "市区町村コード": 201, "所在地": "長崎県長崎市伊勢町２番３１号", "緯度": 32.752192, "経度": 129.884408, "url": "https://www.iryou.teikyouseido.mhlw.go.jp/znk-web/juminkanja/S2430/initialize?prefCd=42&kikanCd=cna0415&kikanKbn=2", "url2": "https://hirose-yourankai.jp/", "内容": "医療法人陽蘭会広瀬クリニック【2:診療所】【診療科目:腎臓内科_人工透析内科_泌尿器科】長崎県長崎市伊勢町２番３１号" }, "geometry": { "type": "Point", "coordinates": [ 129.884408, 32.752192 ] } },
{ "type": "Feature", "properties": { "ID": "422cna0418", "正式名称": "深沢眼科", "機関区分": 2, "都道府県コード": 42, "市区町村コード": 201, "所在地": "長崎県長崎市矢上町４ー１１", "緯度": 32.772404, "経度": 129.948882, "url": "https://www.iryou.teikyouseido.mhlw.go.jp/znk-web/juminkanja/S2430/initialize?prefCd=42&kikanCd=cna0418&kikanKbn=2", "url2": null, "内容": "深沢眼科【2:診療所】【診療科目:眼科】長崎県長崎市矢上町４ー１１" }, "geometry": { "type": "Point", "coordinates": [ 129.948882, 32.772404 ] } },
{ "type": "Feature", "properties": { "ID": "422cna0419", "正式名称": "医療法人社団深堀内科医院", "機関区分": 2, "都道府県コード": 42, "市区町村コード": 201, "所在地": "長崎県長崎市小ケ倉町３丁目７６番地７７", "緯度": 32.702755, "経度": 129.847181, "url": "https://www.iryou.teikyouseido.mhlw.go.jp/znk-web/juminkanja/S2430/initialize?prefCd=42&kikanCd=cna0419&kikanKbn=2", "url2": null, "内容": "医療法人社団深堀内科医院【2:診療所】【診療科目:内科_呼吸器内科_循環器内科_消化器内科_小児科】長崎県長崎市小ケ倉町３丁目７６番地７７" }, "geometry": { "type": "Point", "coordinates": [ 129.847181, 32.702755 ] } },
{ "type": "Feature", "properties": { "ID": "422cna0426", "正式名称": "医療法人ふくしまクリニック", "機関区分": 2, "都道府県コード": 42, "市区町村コード": 201, "所在地": "長崎県長崎市宝町５－２１朝永ビル１Ｆ", "緯度": 32.758287, "経度": 129.869032, "url": "https://www.iryou.teikyouseido.mhlw.go.jp/znk-web/juminkanja/S2430/initialize?prefCd=42&kikanCd=cna0426&kikanKbn=2", "url2": "fukushimaclinic.jp", "内容": "医療法人ふくしまクリニック【2:診療所】【診療科目:精神科_心療内科】長崎県長崎市宝町５－２１朝永ビル１Ｆ" }, "geometry": { "type": "Point", "coordinates": [ 129.869032, 32.758287 ] } },
{ "type": "Feature", "properties": { "ID": "422cna0427", "正式名称": "医療法人福曜会福田医院", "機関区分": 2, "都道府県コード": 42, "市区町村コード": 201, "所在地": "長崎県長崎市鍛冶屋町６ー６", "緯度": 32.744104, "経度": 129.881037, "url": "https://www.iryou.teikyouseido.mhlw.go.jp/znk-web/juminkanja/S2430/initialize?prefCd=42&kikanCd=cna0427&kikanKbn=2", "url2": null, "内容": "医療法人福曜会福田医院【2:診療所】【診療科目:内科_外科_整形外科_小児科_リハビリテーション科】長崎県長崎市鍛冶屋町６ー６" }, "geometry": { "type": "Point", "coordinates": [ 129.881037, 32.744104 ] } },
{ "type": "Feature", "properties": { "ID": "422cna0428", "正式名称": "医療法人ふくだこどもクリニック", "機関区分": 2, "都道府県コード": 42, "市区町村コード": 201, "所在地": "長崎県長崎市江戸町５番１４号月香園ビル４階", "緯度": 32.744347, "経度": 129.875161, "url": "https://www.iryou.teikyouseido.mhlw.go.jp/znk-web/juminkanja/S2430/initialize?prefCd=42&kikanCd=cna0428&kikanKbn=2", "url2": null, "内容": "医療法人ふくだこどもクリニック【2:診療所】【診療科目:小児科】長崎県長崎市江戸町５番１４号月香園ビル４階" }, "geometry": { "type": "Point", "coordinates": [ 129.875161, 32.744347 ] } },
{ "type": "Feature", "properties": { "ID": "422cna0429", "正式名称": "医療法人　福田ゆたか外科医院", "機関区分": 2, "都道府県コード": 42, "市区町村コード": 201, "所在地": "長崎県長崎市浜口町３番５号", "緯度": 32.769817, "経度": 129.864491, "url": "https://www.iryou.teikyouseido.mhlw.go.jp/znk-web/juminkanja/S2430/initialize?prefCd=42&kikanCd=cna0429&kikanKbn=2", "url2": "https://www.fukudayutakageka.or.jp", "内容": "医療法人　福田ゆたか外科医院【2:診療所】【診療科目:内科_消化器内科_胃腸内科_内視鏡内科_外科_乳腺外科_肛門外科】長崎県長崎市浜口町３番５号" }, "geometry": { "type": "Point", "coordinates": [ 129.864491, 32.769817 ] } },
{ "type": "Feature", "properties": { "ID": "422cna0430", "正式名称": "藤井外科医院", "機関区分": 2, "都道府県コード": 42, "市区町村コード": 201, "所在地": "長崎県長崎市茂木町２１７２ー１３", "緯度": 32.702213, "経度": 129.912384, "url": "https://www.iryou.teikyouseido.mhlw.go.jp/znk-web/juminkanja/S2430/initialize?prefCd=42&kikanCd=cna0430&kikanKbn=2", "url2": null, "内容": "藤井外科医院【2:診療所】【診療科目:循環器内科_外科_整形外科_皮膚科_リハビリテーション科】長崎県長崎市茂木町２１７２ー１３" }, "geometry": { "type": "Point", "coordinates": [ 129.912384, 32.702213 ] } },
{ "type": "Feature", "properties": { "ID": "422cna0431", "正式名称": "藤樹整形外科", "機関区分": 2, "都道府県コード": 42, "市区町村コード": 201, "所在地": "長崎県長崎市伊勢町４−３", "緯度": 32.752023, "経度": 129.885804, "url": "https://www.iryou.teikyouseido.mhlw.go.jp/znk-web/juminkanja/S2430/initialize?prefCd=42&kikanCd=cna0431&kikanKbn=2", "url2": null, "内容": "藤樹整形外科【2:診療所】【診療科目:整形外科_リウマチ科_リハビリテーション科】長崎県長崎市伊勢町４−３" }, "geometry": { "type": "Point", "coordinates": [ 129.885804, 32.752023 ] } },
{ "type": "Feature", "properties": { "ID": "422cna0432", "正式名称": "藤田クリニック", "機関区分": 2, "都道府県コード": 42, "市区町村コード": 201, "所在地": "長崎県長崎市桜町７ー２", "緯度": 32.749535, "経度": 129.87697, "url": "https://www.iryou.teikyouseido.mhlw.go.jp/znk-web/juminkanja/S2430/initialize?prefCd=42&kikanCd=cna0432&kikanKbn=2", "url2": "https://babymassagefujita.jimdofree.com/", "内容": "藤田クリニック【2:診療所】【診療科目:産婦人科_麻酔科】長崎県長崎市桜町７ー２" }, "geometry": { "type": "Point", "coordinates": [ 129.87697, 32.749535 ] } },
{ "type": "Feature", "properties": { "ID": "422cna0437", "正式名称": "渕レディスクリニック", "機関区分": 2, "都道府県コード": 42, "市区町村コード": 201, "所在地": "長崎県長崎市麹屋町２−１６", "緯度": 32.748796, "経度": 129.88296, "url": "https://www.iryou.teikyouseido.mhlw.go.jp/znk-web/juminkanja/S2430/initialize?prefCd=42&kikanCd=cna0437&kikanKbn=2", "url2": "http://fuchi-ladies.or.jp", "内容": "渕レディスクリニック【2:診療所】【診療科目:産婦人科_産科_婦人科】長崎県長崎市麹屋町２−１６" }, "geometry": { "type": "Point", "coordinates": [ 129.88296, 32.748796 ] } },
{ "type": "Feature", "properties": { "ID": "422cna0439", "正式名称": "医療法人古市外科胃腸科医院", "機関区分": 2, "都道府県コード": 42, "市区町村コード": 201, "所在地": "長崎県長崎市緑が丘町２ー１", "緯度": 32.784345, "経度": 129.857177, "url": "https://www.iryou.teikyouseido.mhlw.go.jp/znk-web/juminkanja/S2430/initialize?prefCd=42&kikanCd=cna0439&kikanKbn=2", "url2": null, "内容": "医療法人古市外科胃腸科医院【2:診療所】【診療科目:消化器内科_胃腸内科_外科_肛門外科_整形外科_皮膚科】長崎県長崎市緑が丘町２ー１" }, "geometry": { "type": "Point", "coordinates": [ 129.857177, 32.784345 ] } },
{ "type": "Feature", "properties": { "ID": "422cna0440", "正式名称": "医療法人宮崎内科医院", "機関区分": 2, "都道府県コード": 42, "市区町村コード": 201, "所在地": "長崎県長崎市白鳥町３－１２", "緯度": 32.784952, "経度": 129.856927, "url": "https://www.iryou.teikyouseido.mhlw.go.jp/znk-web/juminkanja/S2430/initialize?prefCd=42&kikanCd=cna0440&kikanKbn=2", "url2": "http://www.miyazaki-naika.or.jp/", "内容": "医療法人宮崎内科医院【2:診療所】【診療科目:内科_糖尿病内科_循環器内科_腎臓内科】長崎県長崎市白鳥町３－１２" }, "geometry": { "type": "Point", "coordinates": [ 129.856927, 32.784952 ] } },
{ "type": "Feature", "properties": { "ID": "422cna0446", "正式名称": "医療法人星子医院", "機関区分": 2, "都道府県コード": 42, "市区町村コード": 201, "所在地": "長崎県長崎市新戸町１丁目１８番１号", "緯度": 32.712778, "経度": 129.864806, "url": "https://www.iryou.teikyouseido.mhlw.go.jp/znk-web/juminkanja/S2430/initialize?prefCd=42&kikanCd=cna0446&kikanKbn=2", "url2": null, "内容": "医療法人星子医院【2:診療所】【診療科目:内科_消化器内科_小児科】長崎県長崎市新戸町１丁目１８番１号" }, "geometry": { "type": "Point", "coordinates": [ 129.864806, 32.712778 ] } },
{ "type": "Feature", "properties": { "ID": "422cna0448", "正式名称": "ほりうち整形外科", "機関区分": 2, "都道府県コード": 42, "市区町村コード": 201, "所在地": "長崎県長崎市片淵１丁目１１番１０号", "緯度": 32.75425, "経度": 129.886369, "url": "https://www.iryou.teikyouseido.mhlw.go.jp/znk-web/juminkanja/S2430/initialize?prefCd=42&kikanCd=cna0448&kikanKbn=2", "url2": null, "内容": "ほりうち整形外科【2:診療所】【診療科目:整形外科_リハビリテーション科】長崎県長崎市片淵１丁目１１番１０号" }, "geometry": { "type": "Point", "coordinates": [ 129.886369, 32.75425 ] } },
{ "type": "Feature", "properties": { "ID": "422cna0449", "正式名称": "医療法人社団堀皮膚科医院", "機関区分": 2, "都道府県コード": 42, "市区町村コード": 201, "所在地": "長崎県長崎市大橋町１６番７号", "緯度": 32.783188, "経度": 129.862689, "url": "https://www.iryou.teikyouseido.mhlw.go.jp/znk-web/juminkanja/S2430/initialize?prefCd=42&kikanCd=cna0449&kikanKbn=2", "url2": null, "内容": "医療法人社団堀皮膚科医院【2:診療所】【診療科目:皮膚科】長崎県長崎市大橋町１６番７号" }, "geometry": { "type": "Point", "coordinates": [ 129.862689, 32.783188 ] } },
{ "type": "Feature", "properties": { "ID": "422cna0451", "正式名称": "本田整形外科医院", "機関区分": 2, "都道府県コード": 42, "市区町村コード": 201, "所在地": "長崎県長崎市中里町１２８２", "緯度": 32.805626, "経度": 129.964282, "url": "https://www.iryou.teikyouseido.mhlw.go.jp/znk-web/juminkanja/S2430/initialize?prefCd=42&kikanCd=cna0451&kikanKbn=2", "url2": null, "内容": "本田整形外科医院【2:診療所】【診療科目:整形外科】長崎県長崎市中里町１２８２" }, "geometry": { "type": "Point", "coordinates": [ 129.964282, 32.805626 ] } },
{ "type": "Feature", "properties": { "ID": "422cna0452", "正式名称": "本田内科医院", "機関区分": 2, "都道府県コード": 42, "市区町村コード": 201, "所在地": "長崎県長崎市中里町２０番地", "緯度": 32.79986, "経度": 129.962242, "url": "https://www.iryou.teikyouseido.mhlw.go.jp/znk-web/juminkanja/S2430/initialize?prefCd=42&kikanCd=cna0452&kikanKbn=2", "url2": "http://www.nim.co.jp/", "内容": "本田内科医院【2:診療所】【診療科目:内科】長崎県長崎市中里町２０番地" }, "geometry": { "type": "Point", "coordinates": [ 129.962242, 32.79986 ] } },
{ "type": "Feature", "properties": { "ID": "422cna0455", "正式名称": "医療法人前川医院", "機関区分": 2, "都道府県コード": 42, "市区町村コード": 201, "所在地": "長崎県長崎市大園町５番３号", "緯度": 32.80677, "経度": 129.83807, "url": "https://www.iryou.teikyouseido.mhlw.go.jp/znk-web/juminkanja/S2430/initialize?prefCd=42&kikanCd=cna0455&kikanKbn=2", "url2": null, "内容": "医療法人前川医院【2:診療所】【診療科目:内科_胃腸内科_放射線科】長崎県長崎市大園町５番３号" }, "geometry": { "type": "Point", "coordinates": [ 129.83807, 32.80677 ] } },
{ "type": "Feature", "properties": { "ID": "422cna0456", "正式名称": "医療法人まえだ整形外科クリニック", "機関区分": 2, "都道府県コード": 42, "市区町村コード": 201, "所在地": "長崎県長崎市文教町５丁目２７番地", "緯度": 32.788534, "経度": 129.870367, "url": "https://www.iryou.teikyouseido.mhlw.go.jp/znk-web/juminkanja/S2430/initialize?prefCd=42&kikanCd=cna0456&kikanKbn=2", "url2": null, "内容": "医療法人まえだ整形外科クリニック【2:診療所】【診療科目:整形外科】長崎県長崎市文教町５丁目２７番地" }, "geometry": { "type": "Point", "coordinates": [ 129.870367, 32.788534 ] } },
{ "type": "Feature", "properties": { "ID": "422cna0457", "正式名称": "牧医院", "機関区分": 2, "都道府県コード": 42, "市区町村コード": 201, "所在地": "長崎県長崎市東立神町８番１３号", "緯度": 32.736081, "経度": 129.851381, "url": "https://www.iryou.teikyouseido.mhlw.go.jp/znk-web/juminkanja/S2430/initialize?prefCd=42&kikanCd=cna0457&kikanKbn=2", "url2": null, "内容": "牧医院【2:診療所】【診療科目:内科】長崎県長崎市東立神町８番１３号" }, "geometry": { "type": "Point", "coordinates": [ 129.851381, 32.736081 ] } },
{ "type": "Feature", "properties": { "ID": "422cna0459", "正式名称": "牧野くみ形成クリニック", "機関区分": 2, "都道府県コード": 42, "市区町村コード": 201, "所在地": "長崎県長崎市城栄町３２ー２０", "緯度": 32.775666, "経度": 129.854636, "url": "https://www.iryou.teikyouseido.mhlw.go.jp/znk-web/juminkanja/S2430/initialize?prefCd=42&kikanCd=cna0459&kikanKbn=2", "url2": "http://makino.keisei-clinic.info/", "内容": "牧野くみ形成クリニック【2:診療所】【診療科目:整形外科_形成外科_美容外科_皮膚科_リハビリテーション科】長崎県長崎市城栄町３２ー２０" }, "geometry": { "type": "Point", "coordinates": [ 129.854636, 32.775666 ] } },
{ "type": "Feature", "properties": { "ID": "422cna0464", "正式名称": "まつお産科・婦人科クリニック", "機関区分": 2, "都道府県コード": 42, "市区町村コード": 201, "所在地": "長崎県長崎市石神町１番１９号", "緯度": 32.783199, "経度": 129.871191, "url": "https://www.iryou.teikyouseido.mhlw.go.jp/znk-web/juminkanja/S2430/initialize?prefCd=42&kikanCd=cna0464&kikanKbn=2", "url2": "http://www.matsuo.justhpbs.jp/", "内容": "まつお産科・婦人科クリニック【2:診療所】【診療科目:産婦人科】長崎県長崎市石神町１番１９号" }, "geometry": { "type": "Point", "coordinates": [ 129.871191, 32.783199 ] } },
{ "type": "Feature", "properties": { "ID": "422cna0465", "正式名称": "松尾内科医院", "機関区分": 2, "都道府県コード": 42, "市区町村コード": 201, "所在地": "長崎県長崎市栄町３番１０号", "緯度": 32.748021, "経度": 129.878704, "url": "https://www.iryou.teikyouseido.mhlw.go.jp/znk-web/juminkanja/S2430/initialize?prefCd=42&kikanCd=cna0465&kikanKbn=2", "url2": "http://matsuonaika.p-kit.com/", "内容": "松尾内科医院【2:診療所】【診療科目:内科_循環器内科_消化器内科】長崎県長崎市栄町３番１０号" }, "geometry": { "type": "Point", "coordinates": [ 129.878704, 32.748021 ] } },
{ "type": "Feature", "properties": { "ID": "422cna0470", "正式名称": "松園眼科", "機関区分": 2, "都道府県コード": 42, "市区町村コード": 201, "所在地": "長崎県長崎市千歳町１０番３号", "緯度": 32.790829, "経度": 129.862432, "url": "https://www.iryou.teikyouseido.mhlw.go.jp/znk-web/juminkanja/S2430/initialize?prefCd=42&kikanCd=cna0470&kikanKbn=2", "url2": "http://www.matsuzono-ganka.com/", "内容": "松園眼科【2:診療所】【診療科目:眼科】長崎県長崎市千歳町１０番３号" }, "geometry": { "type": "Point", "coordinates": [ 129.862432, 32.790829 ] } },
{ "type": "Feature", "properties": { "ID": "422cna0472", "正式名称": "医療法人赤星徳真会松永皮膚科", "機関区分": 2, "都道府県コード": 42, "市区町村コード": 201, "所在地": "長崎県長崎市浜町７番２３号松永ビル", "緯度": 32.743453, "経度": 129.878824, "url": "https://www.iryou.teikyouseido.mhlw.go.jp/znk-web/juminkanja/S2430/initialize?prefCd=42&kikanCd=cna0472&kikanKbn=2", "url2": null, "内容": "医療法人赤星徳真会松永皮膚科【2:診療所】【診療科目:皮膚科】長崎県長崎市浜町７番２３号松永ビル" }, "geometry": { "type": "Point", "coordinates": [ 129.878824, 32.743453 ] } },
{ "type": "Feature", "properties": { "ID": "422cna0473", "正式名称": "松原牟田内科小児科医院", "機関区分": 2, "都道府県コード": 42, "市区町村コード": 201, "所在地": "長崎県長崎市松原町２５５０番地", "緯度": 32.795495, "経度": 129.953441, "url": "https://www.iryou.teikyouseido.mhlw.go.jp/znk-web/juminkanja/S2430/initialize?prefCd=42&kikanCd=cna0473&kikanKbn=2", "url2": null, "内容": "松原牟田内科小児科医院【2:診療所】【診療科目:内科_小児科】長崎県長崎市松原町２５５０番地" }, "geometry": { "type": "Point", "coordinates": [ 129.953441, 32.795495 ] } },
{ "type": "Feature", "properties": { "ID": "422cna0474", "正式名称": "松村医院", "機関区分": 2, "都道府県コード": 42, "市区町村コード": 201, "所在地": "長崎県長崎市滑石４丁目３番３９号", "緯度": 32.807242, "経度": 129.832409, "url": "https://www.iryou.teikyouseido.mhlw.go.jp/znk-web/juminkanja/S2430/initialize?prefCd=42&kikanCd=cna0474&kikanKbn=2", "url2": null, "内容": "松村医院【2:診療所】【診療科目:眼科】長崎県長崎市滑石４丁目３番３９号" }, "geometry": { "type": "Point", "coordinates": [ 129.832409, 32.807242 ] } },
{ "type": "Feature", "properties": { "ID": "422cna0475", "正式名称": "医療法人　きのこ会　松元クリニック", "機関区分": 2, "都道府県コード": 42, "市区町村コード": 201, "所在地": "長崎県長崎市新地町１番５号", "緯度": 32.742332, "経度": 129.874779, "url": "https://www.iryou.teikyouseido.mhlw.go.jp/znk-web/juminkanja/S2430/initialize?prefCd=42&kikanCd=cna0475&kikanKbn=2", "url2": null, "内容": "医療法人　きのこ会　松元クリニック【2:診療所】【診療科目:内科_消化器内科_外科_肛門外科_リハビリテーション科】長崎県長崎市新地町１番５号" }, "geometry": { "type": "Point", "coordinates": [ 129.874779, 32.742332 ] } },
{ "type": "Feature", "properties": { "ID": "422cna0477", "正式名称": "医療法人社団照和会松本循環器科内科医院", "機関区分": 2, "都道府県コード": 42, "市区町村コード": 201, "所在地": "長崎県長崎市柳田町５７番地１", "緯度": 32.685185, "経度": 129.843864, "url": "https://www.iryou.teikyouseido.mhlw.go.jp/znk-web/juminkanja/S2430/initialize?prefCd=42&kikanCd=cna0477&kikanKbn=2", "url2": null, "内容": "医療法人社団照和会松本循環器科内科医院【2:診療所】【診療科目:内科_呼吸器内科_循環器内科】長崎県長崎市柳田町５７番地１" }, "geometry": { "type": "Point", "coordinates": [ 129.843864, 32.685185 ] } },
{ "type": "Feature", "properties": { "ID": "422cna0478", "正式名称": "まつもと内科・麻酔科クリニック", "機関区分": 2, "都道府県コード": 42, "市区町村コード": 201, "所在地": "長崎県長崎市平山町８２８ー１", "緯度": 32.665489, "経度": 129.836321, "url": "https://www.iryou.teikyouseido.mhlw.go.jp/znk-web/juminkanja/S2430/initialize?prefCd=42&kikanCd=cna0478&kikanKbn=2", "url2": null, "内容": "まつもと内科・麻酔科クリニック【2:診療所】【診療科目:内科_麻酔科】長崎県長崎市平山町８２８ー１" }, "geometry": { "type": "Point", "coordinates": [ 129.836321, 32.665489 ] } },
{ "type": "Feature", "properties": { "ID": "422cna0483", "正式名称": "右田医院", "機関区分": 2, "都道府県コード": 42, "市区町村コード": 201, "所在地": "長崎県長崎市界１丁目１ー５", "緯度": 32.758877, "経度": 129.940323, "url": "https://www.iryou.teikyouseido.mhlw.go.jp/znk-web/juminkanja/S2430/initialize?prefCd=42&kikanCd=cna0483&kikanKbn=2", "url2": null, "内容": "右田医院【2:診療所】【診療科目:内科_循環器内科_小児科】長崎県長崎市界１丁目１ー５" }, "geometry": { "type": "Point", "coordinates": [ 129.940323, 32.758877 ] } },
{ "type": "Feature", "properties": { "ID": "422cna0484", "正式名称": "三島内科医院", "機関区分": 2, "都道府県コード": 42, "市区町村コード": 201, "所在地": "長崎県長崎市上戸町２丁目８ー１６", "緯度": 32.715725, "経度": 129.868031, "url": "https://www.iryou.teikyouseido.mhlw.go.jp/znk-web/juminkanja/S2430/initialize?prefCd=42&kikanCd=cna0484&kikanKbn=2", "url2": null, "内容": "三島内科医院【2:診療所】【診療科目:内科_消化器内科_リハビリテーション科】長崎県長崎市上戸町２丁目８ー１６" }, "geometry": { "type": "Point", "coordinates": [ 129.868031, 32.715725 ] } },
{ "type": "Feature", "properties": { "ID": "422cna0485", "正式名称": "みちクリニック", "機関区分": 2, "都道府県コード": 42, "市区町村コード": 201, "所在地": "長崎県長崎市桜町５番８号桜町ビル４階", "緯度": 32.749925, "経度": 129.878181, "url": "https://www.iryou.teikyouseido.mhlw.go.jp/znk-web/juminkanja/S2430/initialize?prefCd=42&kikanCd=cna0485&kikanKbn=2", "url2": null, "内容": "みちクリニック【2:診療所】【診療科目:精神科_心療内科】長崎県長崎市桜町５番８号桜町ビル４階" }, "geometry": { "type": "Point", "coordinates": [ 129.878181, 32.749925 ] } },
{ "type": "Feature", "properties": { "ID": "422cna0486", "正式名称": "みちのおメンタルクリニック", "機関区分": 2, "都道府県コード": 42, "市区町村コード": 201, "所在地": "長崎県長崎市松山町３番９４号　松屋ビル４階", "緯度": 32.774178, "経度": 129.862211, "url": "https://www.iryou.teikyouseido.mhlw.go.jp/znk-web/juminkanja/S2430/initialize?prefCd=42&kikanCd=cna0486&kikanKbn=2", "url2": "http://michinoo.or.jp/mmcl/index.html", "内容": "みちのおメンタルクリニック【2:診療所】【診療科目:精神科_心療内科】長崎県長崎市松山町３番９４号　松屋ビル４階" }, "geometry": { "type": "Point", "coordinates": [ 129.862211, 32.774178 ] } },
{ "type": "Feature", "properties": { "ID": "422cna0488", "正式名称": "医療法人　相生会たじま内科消化器内科", "機関区分": 2, "都道府県コード": 42, "市区町村コード": 201, "所在地": "長崎県長崎市銅座町４番１４号青木ビル６階", "緯度": 32.743335, "経度": 129.876012, "url": "https://www.iryou.teikyouseido.mhlw.go.jp/znk-web/juminkanja/S2430/initialize?prefCd=42&kikanCd=cna0488&kikanKbn=2", "url2": null, "内容": "医療法人　相生会たじま内科消化器内科【2:診療所】【診療科目:内科_消化器内科】長崎県長崎市銅座町４番１４号青木ビル６階" }, "geometry": { "type": "Point", "coordinates": [ 129.876012, 32.743335 ] } },
{ "type": "Feature", "properties": { "ID": "422cna0490", "正式名称": "医療法人　緑風会　みどりクリニック", "機関区分": 2, "都道府県コード": 42, "市区町村コード": 201, "所在地": "長崎県長崎市城栄町３２番２０号", "緯度": 32.775696, "経度": 129.854629, "url": "https://www.iryou.teikyouseido.mhlw.go.jp/znk-web/juminkanja/S2430/initialize?prefCd=42&kikanCd=cna0490&kikanKbn=2", "url2": "http://midorimidori.jp", "内容": "医療法人　緑風会　みどりクリニック【2:診療所】【診療科目:内科_呼吸器内科_循環器内科_消化器内科】長崎県長崎市城栄町３２番２０号" }, "geometry": { "type": "Point", "coordinates": [ 129.854629, 32.775696 ] } },
{ "type": "Feature", "properties": { "ID": "422cna0492", "正式名称": "医療法人社団春秋会南長崎クリニック", "機関区分": 2, "都道府県コード": 42, "市区町村コード": 201, "所在地": "長崎県長崎市松が枝町３番２０号", "緯度": 32.734706, "経度": 129.871452, "url": "https://www.iryou.teikyouseido.mhlw.go.jp/znk-web/juminkanja/S2430/initialize?prefCd=42&kikanCd=cna0492&kikanKbn=2", "url2": "http://www.syunjyu-kai.or.jp", "内容": "医療法人社団春秋会南長崎クリニック【2:診療所】【診療科目:内科_糖尿病内科_代謝内科_内分泌内科_循環器内科_消化器内科_神経内科_整形外科】長崎県長崎市松が枝町３番２０号" }, "geometry": { "type": "Point", "coordinates": [ 129.871452, 32.734706 ] } },
{ "type": "Feature", "properties": { "ID": "422cna0493", "正式名称": "医療法人　良幸会　南長崎ツダ眼科", "機関区分": 2, "都道府県コード": 42, "市区町村コード": 201, "所在地": "長崎県長崎市柳田町１－１０", "緯度": 32.685803, "経度": 129.843294, "url": "https://www.iryou.teikyouseido.mhlw.go.jp/znk-web/juminkanja/S2430/initialize?prefCd=42&kikanCd=cna0493&kikanKbn=2", "url2": "http://tsuda.main.jp/m/", "内容": "医療法人　良幸会　南長崎ツダ眼科【2:診療所】【診療科目:眼科】長崎県長崎市柳田町１－１０" }, "geometry": { "type": "Point", "coordinates": [ 129.843294, 32.685803 ] } },
{ "type": "Feature", "properties": { "ID": "422cna0494", "正式名称": "みのり会診療所", "機関区分": 2, "都道府県コード": 42, "市区町村コード": 201, "所在地": "長崎県長崎市梅香崎町２ー１４", "緯度": 32.740196, "経度": 129.874676, "url": "https://www.iryou.teikyouseido.mhlw.go.jp/znk-web/juminkanja/S2430/initialize?prefCd=42&kikanCd=cna0494&kikanKbn=2", "url2": null, "内容": "みのり会診療所【2:診療所】【診療科目:内科】長崎県長崎市梅香崎町２ー１４" }, "geometry": { "type": "Point", "coordinates": [ 129.874676, 32.740196 ] } },
{ "type": "Feature", "properties": { "ID": "422cna0496", "正式名称": "医療法人　築町クリニック", "機関区分": 2, "都道府県コード": 42, "市区町村コード": 201, "所在地": "長崎県長崎市築町３番１号", "緯度": 32.745396, "経度": 129.875724, "url": "https://www.iryou.teikyouseido.mhlw.go.jp/znk-web/juminkanja/S2430/initialize?prefCd=42&kikanCd=cna0496&kikanKbn=2", "url2": "https://tsukimachi-cl.com", "内容": "医療法人　築町クリニック【2:診療所】【診療科目:内科_呼吸器内科_リハビリテーション科】長崎県長崎市築町３番１号" }, "geometry": { "type": "Point", "coordinates": [ 129.875724, 32.745396 ] } },
{ "type": "Feature", "properties": { "ID": "422cna0497", "正式名称": "医療法人　三宅脳神経外科医院", "機関区分": 2, "都道府県コード": 42, "市区町村コード": 201, "所在地": "長崎県長崎市若草町３－２１", "緯度": 32.775685, "経度": 129.853873, "url": "https://www.iryou.teikyouseido.mhlw.go.jp/znk-web/juminkanja/S2430/initialize?prefCd=42&kikanCd=cna0497&kikanKbn=2", "url2": "https://miyake-brain.com/", "内容": "医療法人　三宅脳神経外科医院【2:診療所】【診療科目:脳神経外科】長崎県長崎市若草町３－２１" }, "geometry": { "type": "Point", "coordinates": [ 129.853873, 32.775685 ] } },
{ "type": "Feature", "properties": { "ID": "422cna0499", "正式名称": "みやぞえ小児科医院", "機関区分": 2, "都道府県コード": 42, "市区町村コード": 201, "所在地": "長崎県長崎市矢上町２８－３１", "緯度": 32.777636, "経度": 129.949836, "url": "https://www.iryou.teikyouseido.mhlw.go.jp/znk-web/juminkanja/S2430/initialize?prefCd=42&kikanCd=cna0499&kikanKbn=2", "url2": null, "内容": "みやぞえ小児科医院【2:診療所】【診療科目:小児科】長崎県長崎市矢上町２８－３１" }, "geometry": { "type": "Point", "coordinates": [ 129.949836, 32.777636 ] } },
{ "type": "Feature", "properties": { "ID": "422cna0500", "正式名称": "古川宮田整形外科内科クリニック", "機関区分": 2, "都道府県コード": 42, "市区町村コード": 201, "所在地": "長崎県長崎市中園町２２－１０", "緯度": 32.793527, "経度": 129.857088, "url": "https://www.iryou.teikyouseido.mhlw.go.jp/znk-web/juminkanja/S2430/initialize?prefCd=42&kikanCd=cna0500&kikanKbn=2", "url2": "http://www.fm-clinic.jp/", "内容": "古川宮田整形外科内科クリニック【2:診療所】【診療科目:内科_整形外科_リハビリテーション科】長崎県長崎市中園町２２－１０" }, "geometry": { "type": "Point", "coordinates": [ 129.857088, 32.793527 ] } },
{ "type": "Feature", "properties": { "ID": "422cna0501", "正式名称": "医療法人みやむら女性のクリニック", "機関区分": 2, "都道府県コード": 42, "市区町村コード": 201, "所在地": "長崎県長崎市川口町１番１ー１０８", "緯度": 32.764226, "経度": 129.864147, "url": "https://www.iryou.teikyouseido.mhlw.go.jp/znk-web/juminkanja/S2430/initialize?prefCd=42&kikanCd=cna0501&kikanKbn=2", "url2": "http://miyamura-joseiclinic.or.jp/", "内容": "医療法人みやむら女性のクリニック【2:診療所】【診療科目:産婦人科_産科_婦人科_産婦人科（生殖医療）】長崎県長崎市川口町１番１ー１０８" }, "geometry": { "type": "Point", "coordinates": [ 129.864147, 32.764226 ] } },
{ "type": "Feature", "properties": { "ID": "422cna0504", "正式名称": "医療法人鶴泉会牟田産婦人科", "機関区分": 2, "都道府県コード": 42, "市区町村コード": 201, "所在地": "長崎県長崎市万屋町６番３２号", "緯度": 32.744661, "経度": 129.880035, "url": "https://www.iryou.teikyouseido.mhlw.go.jp/znk-web/juminkanja/S2430/initialize?prefCd=42&kikanCd=cna0504&kikanKbn=2", "url2": "www.mutasanfujinka.com", "内容": "医療法人鶴泉会牟田産婦人科【2:診療所】【診療科目:産婦人科】長崎県長崎市万屋町６番３２号" }, "geometry": { "type": "Point", "coordinates": [ 129.880035, 32.744661 ] } },
{ "type": "Feature", "properties": { "ID": "422cna0505", "正式名称": "医療法人　牟田内科・循環器科医院", "機関区分": 2, "都道府県コード": 42, "市区町村コード": 201, "所在地": "長崎県長崎市八幡町４－１６", "緯度": 32.750031, "経度": 129.88378, "url": "https://www.iryou.teikyouseido.mhlw.go.jp/znk-web/juminkanja/S2430/initialize?prefCd=42&kikanCd=cna0505&kikanKbn=2", "url2": "https://muta-naika.com/", "内容": "医療法人　牟田内科・循環器科医院【2:診療所】【診療科目:内科_循環器内科】長崎県長崎市八幡町４－１６" }, "geometry": { "type": "Point", "coordinates": [ 129.88378, 32.750031 ] } },
{ "type": "Feature", "properties": { "ID": "422cna0506", "正式名称": "武藤内科循環器内科", "機関区分": 2, "都道府県コード": 42, "市区町村コード": 201, "所在地": "長崎県長崎市寄合町３番４１号", "緯度": 32.739606, "経度": 129.879784, "url": "https://www.iryou.teikyouseido.mhlw.go.jp/znk-web/juminkanja/S2430/initialize?prefCd=42&kikanCd=cna0506&kikanKbn=2", "url2": null, "内容": "武藤内科循環器内科【2:診療所】【診療科目:内科_循環器内科】長崎県長崎市寄合町３番４１号" }, "geometry": { "type": "Point", "coordinates": [ 129.879784, 32.739606 ] } },
{ "type": "Feature", "properties": { "ID": "422cna0508", "正式名称": "村上眼科クリニック", "機関区分": 2, "都道府県コード": 42, "市区町村コード": 201, "所在地": "長崎県長崎市新地町１０－１４中貿ビル３Ｆ", "緯度": 32.741789, "経度": 129.875691, "url": "https://www.iryou.teikyouseido.mhlw.go.jp/znk-web/juminkanja/S2430/initialize?prefCd=42&kikanCd=cna0508&kikanKbn=2", "url2": null, "内容": "村上眼科クリニック【2:診療所】【診療科目:眼科】長崎県長崎市新地町１０－１４中貿ビル３Ｆ" }, "geometry": { "type": "Point", "coordinates": [ 129.875691, 32.741789 ] } },
{ "type": "Feature", "properties": { "ID": "422cna0516", "正式名称": "元永内科クリニック", "機関区分": 2, "都道府県コード": 42, "市区町村コード": 201, "所在地": "長崎県長崎市田中町７６番地８号", "緯度": 32.760985, "経度": 129.947554, "url": "https://www.iryou.teikyouseido.mhlw.go.jp/znk-web/juminkanja/S2430/initialize?prefCd=42&kikanCd=cna0516&kikanKbn=2", "url2": null, "内容": "元永内科クリニック【2:診療所】【診療科目:内科】長崎県長崎市田中町７６番地８号" }, "geometry": { "type": "Point", "coordinates": [ 129.947554, 32.760985 ] } },
{ "type": "Feature", "properties": { "ID": "422cna0517", "正式名称": "もとむら産婦人科医院", "機関区分": 2, "都道府県コード": 42, "市区町村コード": 201, "所在地": "長崎県長崎市江川町５４２番地１", "緯度": 32.681132, "経度": 129.842083, "url": "https://www.iryou.teikyouseido.mhlw.go.jp/znk-web/juminkanja/S2430/initialize?prefCd=42&kikanCd=cna0517&kikanKbn=2", "url2": null, "内容": "もとむら産婦人科医院【2:診療所】【診療科目:産婦人科】長崎県長崎市江川町５４２番地１" }, "geometry": { "type": "Point", "coordinates": [ 129.842083, 32.681132 ] } },
{ "type": "Feature", "properties": { "ID": "422cna0519", "正式名称": "医療法人ＭＯＭＯクリニック", "機関区分": 2, "都道府県コード": 42, "市区町村コード": 201, "所在地": "長崎県長崎市勝山町１０番地１　プライムＭ勝山ビル２階", "緯度": 32.751052, "経度": 129.880531, "url": "https://www.iryou.teikyouseido.mhlw.go.jp/znk-web/juminkanja/S2430/initialize?prefCd=42&kikanCd=cna0519&kikanKbn=2", "url2": "http://www.momo-clinic.jp", "内容": "医療法人ＭＯＭＯクリニック【2:診療所】【診療科目:精神科_心療内科】長崎県長崎市勝山町１０番地１　プライムＭ勝山ビル２階" }, "geometry": { "type": "Point", "coordinates": [ 129.880531, 32.751052 ] } },
{ "type": "Feature", "properties": { "ID": "422cna0520", "正式名称": "医療法人森医院", "機関区分": 2, "都道府県コード": 42, "市区町村コード": 201, "所在地": "長崎県長崎市中里町１２８９－１", "緯度": 32.80518, "経度": 129.963906, "url": "https://www.iryou.teikyouseido.mhlw.go.jp/znk-web/juminkanja/S2430/initialize?prefCd=42&kikanCd=cna0520&kikanKbn=2", "url2": null, "内容": "医療法人森医院【2:診療所】【診療科目:内科_整形外科_小児科_耳鼻いんこう科_放射線科】長崎県長崎市中里町１２８９－１" }, "geometry": { "type": "Point", "coordinates": [ 129.963906, 32.80518 ] } },
{ "type": "Feature", "properties": { "ID": "422cna0521", "正式名称": "胃腸科もりクリニック", "機関区分": 2, "都道府県コード": 42, "市区町村コード": 201, "所在地": "長崎県長崎市松山町６－９", "緯度": 32.774206, "経度": 129.863356, "url": "https://www.iryou.teikyouseido.mhlw.go.jp/znk-web/juminkanja/S2430/initialize?prefCd=42&kikanCd=cna0521&kikanKbn=2", "url2": "http://www.mori-clinic.net", "内容": "胃腸科もりクリニック【2:診療所】【診療科目:内科_胃腸内科】長崎県長崎市松山町６－９" }, "geometry": { "type": "Point", "coordinates": [ 129.863356, 32.774206 ] } },
{ "type": "Feature", "properties": { "ID": "422cna0522", "正式名称": "森こどもクリニック", "機関区分": 2, "都道府県コード": 42, "市区町村コード": 201, "所在地": "長崎県長崎市川平町１２０４", "緯度": 32.793543, "経度": 129.88029, "url": "https://www.iryou.teikyouseido.mhlw.go.jp/znk-web/juminkanja/S2430/initialize?prefCd=42&kikanCd=cna0522&kikanKbn=2", "url2": "http://www.n-morikodomo.com", "内容": "森こどもクリニック【2:診療所】【診療科目:小児科】長崎県長崎市川平町１２０４" }, "geometry": { "type": "Point", "coordinates": [ 129.88029, 32.793543 ] } },
{ "type": "Feature", "properties": { "ID": "422cna0523", "正式名称": "森つとむ内科", "機関区分": 2, "都道府県コード": 42, "市区町村コード": 201, "所在地": "長崎県長崎市籠町２－２６", "緯度": 32.740825, "経度": 129.876349, "url": "https://www.iryou.teikyouseido.mhlw.go.jp/znk-web/juminkanja/S2430/initialize?prefCd=42&kikanCd=cna0523&kikanKbn=2", "url2": null, "内容": "森つとむ内科【2:診療所】【診療科目:内科_糖尿病内科_循環器内科】長崎県長崎市籠町２－２６" }, "geometry": { "type": "Point", "coordinates": [ 129.876349, 32.740825 ] } },
{ "type": "Feature", "properties": { "ID": "422cna0525", "正式名称": "医療法人諸岡整形外科医院", "機関区分": 2, "都道府県コード": 42, "市区町村コード": 201, "所在地": "長崎県長崎市三芳町２－２０", "緯度": 32.778131, "経度": 129.858994, "url": "https://www.iryou.teikyouseido.mhlw.go.jp/znk-web/juminkanja/S2430/initialize?prefCd=42&kikanCd=cna0525&kikanKbn=2", "url2": null, "内容": "医療法人諸岡整形外科医院【2:診療所】【診療科目:整形外科_リハビリテーション科】長崎県長崎市三芳町２－２０" }, "geometry": { "type": "Point", "coordinates": [ 129.858994, 32.778131 ] } },
{ "type": "Feature", "properties": { "ID": "422cna0526", "正式名称": "諸熊医院", "機関区分": 2, "都道府県コード": 42, "市区町村コード": 201, "所在地": "長崎県長崎市浜町４－２０", "緯度": 32.743865, "経度": 129.877568, "url": "https://www.iryou.teikyouseido.mhlw.go.jp/znk-web/juminkanja/S2430/initialize?prefCd=42&kikanCd=cna0526&kikanKbn=2", "url2": "http://www.morokumaiin.jp/", "内容": "諸熊医院【2:診療所】【診療科目:内科_糖尿病内科_内分泌内科_腎臓内科】長崎県長崎市浜町４－２０" }, "geometry": { "type": "Point", "coordinates": [ 129.877568, 32.743865 ] } },
{ "type": "Feature", "properties": { "ID": "422cna0527", "正式名称": "諸熊内科医院", "機関区分": 2, "都道府県コード": 42, "市区町村コード": 201, "所在地": "長崎県長崎市中園町１１番２２号", "緯度": 32.792089, "経度": 129.859578, "url": "https://www.iryou.teikyouseido.mhlw.go.jp/znk-web/juminkanja/S2430/initialize?prefCd=42&kikanCd=cna0527&kikanKbn=2", "url2": "https://morokuma-naika.com", "内容": "諸熊内科医院【2:診療所】【診療科目:内科】長崎県長崎市中園町１１番２２号" }, "geometry": { "type": "Point", "coordinates": [ 129.859578, 32.792089 ] } },
{ "type": "Feature", "properties": { "ID": "422cna0528", "正式名称": "医療法人星和会　矢上藤尾大坪外科胃腸科", "機関区分": 2, "都道府県コード": 42, "市区町村コード": 201, "所在地": "長崎県長崎市矢上町４８番３号", "緯度": 32.780273, "経度": 129.95151, "url": "https://www.iryou.teikyouseido.mhlw.go.jp/znk-web/juminkanja/S2430/initialize?prefCd=42&kikanCd=cna0528&kikanKbn=2", "url2": "y814-9000.com", "内容": "医療法人星和会　矢上藤尾大坪外科胃腸科【2:診療所】【診療科目:消化器内科_胃腸内科_外科_肛門外科_大腸・肛門外科】長崎県長崎市矢上町４８番３号" }, "geometry": { "type": "Point", "coordinates": [ 129.95151, 32.780273 ] } },
{ "type": "Feature", "properties": { "ID": "422cna0529", "正式名称": "医療法人安井小児科医院", "機関区分": 2, "都道府県コード": 42, "市区町村コード": 201, "所在地": "長崎県長崎市上西山町１番１８号２０２", "緯度": 32.753311, "経度": 129.883669, "url": "https://www.iryou.teikyouseido.mhlw.go.jp/znk-web/juminkanja/S2430/initialize?prefCd=42&kikanCd=cna0529&kikanKbn=2", "url2": null, "内容": "医療法人安井小児科医院【2:診療所】【診療科目:小児科】長崎県長崎市上西山町１番１８号２０２" }, "geometry": { "type": "Point", "coordinates": [ 129.883669, 32.753311 ] } },
{ "type": "Feature", "properties": { "ID": "422cna0531", "正式名称": "安中外科・脳神経外科医院", "機関区分": 2, "都道府県コード": 42, "市区町村コード": 201, "所在地": "長崎県長崎市丸山町２番６号", "緯度": 32.740781, "経度": 129.880391, "url": "https://www.iryou.teikyouseido.mhlw.go.jp/znk-web/juminkanja/S2430/initialize?prefCd=42&kikanCd=cna0531&kikanKbn=2", "url2": "http://www.yasunaka.jp/", "内容": "安中外科・脳神経外科医院【2:診療所】【診療科目:外科_脳神経外科_整形外科】長崎県長崎市丸山町２番６号" }, "geometry": { "type": "Point", "coordinates": [ 129.880391, 32.740781 ] } },
{ "type": "Feature", "properties": { "ID": "422cna0532", "正式名称": "医療法人　やすひウィメンズ・ヘルスクリニック", "機関区分": 2, "都道府県コード": 42, "市区町村コード": 201, "所在地": "長崎県長崎市銅座町２番１５号ＮＫイリスビル５Ｆ", "緯度": 32.74288, "経度": 129.875309, "url": "https://www.iryou.teikyouseido.mhlw.go.jp/znk-web/juminkanja/S2430/initialize?prefCd=42&kikanCd=cna0532&kikanKbn=2", "url2": "www.y-yasuhi.com", "内容": "医療法人　やすひウィメンズ・ヘルスクリニック【2:診療所】【診療科目:婦人科】長崎県長崎市銅座町２番１５号ＮＫイリスビル５Ｆ" }, "geometry": { "type": "Point", "coordinates": [ 129.875309, 32.74288 ] } },
{ "type": "Feature", "properties": { "ID": "422cna0534", "正式名称": "医療法人やない小児科医院", "機関区分": 2, "都道府県コード": 42, "市区町村コード": 201, "所在地": "長崎県長崎市岩見町５ー１３", "緯度": 32.770042, "経度": 129.856364, "url": "https://www.iryou.teikyouseido.mhlw.go.jp/znk-web/juminkanja/S2430/initialize?prefCd=42&kikanCd=cna0534&kikanKbn=2", "url2": "https://www.yanai-syounika.or.jp/", "内容": "医療法人やない小児科医院【2:診療所】【診療科目:小児科】長崎県長崎市岩見町５ー１３" }, "geometry": { "type": "Point", "coordinates": [ 129.856364, 32.770042 ] } },
{ "type": "Feature", "properties": { "ID": "422cna0539", "正式名称": "医療法人　山口整形外科医院", "機関区分": 2, "都道府県コード": 42, "市区町村コード": 201, "所在地": "長崎県長崎市中川１丁目８番３号", "緯度": 32.751276, "経度": 129.893339, "url": "https://www.iryou.teikyouseido.mhlw.go.jp/znk-web/juminkanja/S2430/initialize?prefCd=42&kikanCd=cna0539&kikanKbn=2", "url2": "http://www.geocities.jp/yamaguchiseikei/6ac/index.htm", "内容": "医療法人　山口整形外科医院【2:診療所】【診療科目:整形外科_リウマチ科_リハビリテーション科】長崎県長崎市中川１丁目８番３号" }, "geometry": { "type": "Point", "coordinates": [ 129.893339, 32.751276 ] } },
{ "type": "Feature", "properties": { "ID": "422cna0541", "正式名称": "山口内科・循環器内科", "機関区分": 2, "都道府県コード": 42, "市区町村コード": 201, "所在地": "長崎県長崎市竹の久保町１１ー１０", "緯度": 32.767017, "経度": 129.85769, "url": "https://www.iryou.teikyouseido.mhlw.go.jp/znk-web/juminkanja/S2430/initialize?prefCd=42&kikanCd=cna0541&kikanKbn=2", "url2": null, "内容": "山口内科・循環器内科【2:診療所】【診療科目:内科_循環器内科】長崎県長崎市竹の久保町１１ー１０" }, "geometry": { "type": "Point", "coordinates": [ 129.85769, 32.767017 ] } },
{ "type": "Feature", "properties": { "ID": "422cna0543", "正式名称": "山崎整形外科医院", "機関区分": 2, "都道府県コード": 42, "市区町村コード": 201, "所在地": "長崎県長崎市光町８ー１２", "緯度": 32.755459, "経度": 129.863617, "url": "https://www.iryou.teikyouseido.mhlw.go.jp/znk-web/juminkanja/S2430/initialize?prefCd=42&kikanCd=cna0543&kikanKbn=2", "url2": null, "内容": "山崎整形外科医院【2:診療所】【診療科目:整形外科】長崎県長崎市光町８ー１２" }, "geometry": { "type": "Point", "coordinates": [ 129.863617, 32.755459 ] } },
{ "type": "Feature", "properties": { "ID": "422cna0544", "正式名称": "やまさき内科医院", "機関区分": 2, "都道府県コード": 42, "市区町村コード": 201, "所在地": "長崎県長崎市千歳町２番６号いわさきビル", "緯度": 32.789602, "経度": 129.861297, "url": "https://www.iryou.teikyouseido.mhlw.go.jp/znk-web/juminkanja/S2430/initialize?prefCd=42&kikanCd=cna0544&kikanKbn=2", "url2": null, "内容": "やまさき内科医院【2:診療所】【診療科目:内科_循環器内科】長崎県長崎市千歳町２番６号いわさきビル" }, "geometry": { "type": "Point", "coordinates": [ 129.861297, 32.789602 ] } },
{ "type": "Feature", "properties": { "ID": "422cna0548", "正式名称": "山下内科クリニック", "機関区分": 2, "都道府県コード": 42, "市区町村コード": 201, "所在地": "長崎県長崎市文教町９番５号", "緯度": 32.788907, "経度": 129.871191, "url": "https://www.iryou.teikyouseido.mhlw.go.jp/znk-web/juminkanja/S2430/initialize?prefCd=42&kikanCd=cna0548&kikanKbn=2", "url2": "http://www.0958418226.com/index.html", "内容": "山下内科クリニック【2:診療所】【診療科目:内科_呼吸器内科】長崎県長崎市文教町９番５号" }, "geometry": { "type": "Point", "coordinates": [ 129.871191, 32.788907 ] } },
{ "type": "Feature", "properties": { "ID": "422cna0549", "正式名称": "医療法人やました内科", "機関区分": 2, "都道府県コード": 42, "市区町村コード": 201, "所在地": "長崎県長崎市城山町３１－１４サトミメディカルビル４階", "緯度": 32.774191, "経度": 129.85576, "url": "https://www.iryou.teikyouseido.mhlw.go.jp/znk-web/juminkanja/S2430/initialize?prefCd=42&kikanCd=cna0549&kikanKbn=2", "url2": null, "内容": "医療法人やました内科【2:診療所】【診療科目:内科】長崎県長崎市城山町３１－１４サトミメディカルビル４階" }, "geometry": { "type": "Point", "coordinates": [ 129.85576, 32.774191 ] } },
{ "type": "Feature", "properties": { "ID": "422cna0550", "正式名称": "医療法人山田医院", "機関区分": 2, "都道府県コード": 42, "市区町村コード": 201, "所在地": "長崎県長崎市茂木町７６番地７号", "緯度": 32.706684, "経度": 129.910583, "url": "https://www.iryou.teikyouseido.mhlw.go.jp/znk-web/juminkanja/S2430/initialize?prefCd=42&kikanCd=cna0550&kikanKbn=2", "url2": null, "内容": "医療法人山田医院【2:診療所】【診療科目:胃腸内科_外科_肛門外科_整形外科_リハビリテーション科】長崎県長崎市茂木町７６番地７号" }, "geometry": { "type": "Point", "coordinates": [ 129.910583, 32.706684 ] } },
{ "type": "Feature", "properties": { "ID": "422cna0553", "正式名称": "やまだ皮ふ科医院", "機関区分": 2, "都道府県コード": 42, "市区町村コード": 201, "所在地": "長崎県長崎市畝刈町１６１３－１１４", "緯度": 32.8248, "経度": 129.777065, "url": "https://www.iryou.teikyouseido.mhlw.go.jp/znk-web/juminkanja/S2430/initialize?prefCd=42&kikanCd=cna0553&kikanKbn=2", "url2": null, "内容": "やまだ皮ふ科医院【2:診療所】【診療科目:皮膚科】長崎県長崎市畝刈町１６１３－１１４" }, "geometry": { "type": "Point", "coordinates": [ 129.777065, 32.8248 ] } },
{ "type": "Feature", "properties": { "ID": "422cna0555", "正式名称": "医療法人山の手クリニック", "機関区分": 2, "都道府県コード": 42, "市区町村コード": 201, "所在地": "長崎県長崎市新地町１２－８理研ビル４階", "緯度": 32.740954, "経度": 129.87545, "url": "https://www.iryou.teikyouseido.mhlw.go.jp/znk-web/juminkanja/S2430/initialize?prefCd=42&kikanCd=cna0555&kikanKbn=2", "url2": null, "内容": "医療法人山の手クリニック【2:診療所】【診療科目:精神科_心療内科】長崎県長崎市新地町１２－８理研ビル４階" }, "geometry": { "type": "Point", "coordinates": [ 129.87545, 32.740954 ] } },
{ "type": "Feature", "properties": { "ID": "422cna0559", "正式名称": "医療法人山元内科", "機関区分": 2, "都道府県コード": 42, "市区町村コード": 201, "所在地": "長崎県長崎市柳谷町８－２０", "緯度": 32.793135, "経度": 129.856364, "url": "https://www.iryou.teikyouseido.mhlw.go.jp/znk-web/juminkanja/S2430/initialize?prefCd=42&kikanCd=cna0559&kikanKbn=2", "url2": "http://www.yamamoto-n-clinic.jp/index.php", "内容": "医療法人山元内科【2:診療所】【診療科目:内科_糖尿病内科_脂質代謝内科_循環器内科_リハビリテーション科】長崎県長崎市柳谷町８－２０" }, "geometry": { "type": "Point", "coordinates": [ 129.856364, 32.793135 ] } },
{ "type": "Feature", "properties": { "ID": "422cna0560", "正式名称": "弥生ヶ丘中口内科医院", "機関区分": 2, "都道府県コード": 42, "市区町村コード": 201, "所在地": "長崎県長崎市弥生町４ー５６", "緯度": 32.730468, "経度": 129.892907, "url": "https://www.iryou.teikyouseido.mhlw.go.jp/znk-web/juminkanja/S2430/initialize?prefCd=42&kikanCd=cna0560&kikanKbn=2", "url2": null, "内容": "弥生ヶ丘中口内科医院【2:診療所】【診療科目:内科_消化器内科_内視鏡内科_担当施設内認知症診療】長崎県長崎市弥生町４ー５６" }, "geometry": { "type": "Point", "coordinates": [ 129.892907, 32.730468 ] } },
{ "type": "Feature", "properties": { "ID": "422cna0562", "正式名称": "医療法人　ゆきなり・クリニック", "機関区分": 2, "都道府県コード": 42, "市区町村コード": 201, "所在地": "長崎県長崎市新大工町５－７　シーボルタウン２Ｆ", "緯度": 32.752431, "経度": 129.885946, "url": "https://www.iryou.teikyouseido.mhlw.go.jp/znk-web/juminkanja/S2430/initialize?prefCd=42&kikanCd=cna0562&kikanKbn=2", "url2": "https://www.kanwa-nagasaki.com/", "内容": "医療法人　ゆきなり・クリニック【2:診療所】【診療科目:疼痛緩和内科_ペインクリニック内科_緩和ケア内科_リハビリテーション科】長崎県長崎市新大工町５－７　シーボルタウン２Ｆ" }, "geometry": { "type": "Point", "coordinates": [ 129.885946, 32.752431 ] } },
{ "type": "Feature", "properties": { "ID": "422cna0567", "正式名称": "横田医院", "機関区分": 2, "都道府県コード": 42, "市区町村コード": 201, "所在地": "長崎県長崎市大園町１０番１２号", "緯度": 32.803085, "経度": 129.837594, "url": "https://www.iryou.teikyouseido.mhlw.go.jp/znk-web/juminkanja/S2430/initialize?prefCd=42&kikanCd=cna0567&kikanKbn=2", "url2": null, "内容": "横田医院【2:診療所】【診療科目:内科_糖尿病内科_代謝内科_内分泌内科_脂質代謝内科_循環器内科_消化器内科】長崎県長崎市大園町１０番１２号" }, "geometry": { "type": "Point", "coordinates": [ 129.837594, 32.803085 ] } },
{ "type": "Feature", "properties": { "ID": "422cna0568", "正式名称": "横田医院", "機関区分": 2, "都道府県コード": 42, "市区町村コード": 201, "所在地": "長崎県長崎市桜馬場２－１－１５", "緯度": 32.752927, "経度": 129.890103, "url": "https://www.iryou.teikyouseido.mhlw.go.jp/znk-web/juminkanja/S2430/initialize?prefCd=42&kikanCd=cna0568&kikanKbn=2", "url2": null, "内容": "横田医院【2:診療所】【診療科目:内科】長崎県長崎市桜馬場２－１－１５" }, "geometry": { "type": "Point", "coordinates": [ 129.890103, 32.752927 ] } },
{ "type": "Feature", "properties": { "ID": "422cna0570", "正式名称": "吉田医院", "機関区分": 2, "都道府県コード": 42, "市区町村コード": 201, "所在地": "長崎県長崎市桜馬場１丁目１０ー１７", "緯度": 32.753179, "経度": 129.888622, "url": "https://www.iryou.teikyouseido.mhlw.go.jp/znk-web/juminkanja/S2430/initialize?prefCd=42&kikanCd=cna0570&kikanKbn=2", "url2": null, "内容": "吉田医院【2:診療所】【診療科目:内科_小児科】長崎県長崎市桜馬場１丁目１０ー１７" }, "geometry": { "type": "Point", "coordinates": [ 129.888622, 32.753179 ] } },
{ "type": "Feature", "properties": { "ID": "422cna0572", "正式名称": "医療法人社団吉見耳鼻咽喉科", "機関区分": 2, "都道府県コード": 42, "市区町村コード": 201, "所在地": "長崎県長崎市千歳町１０番３号", "緯度": 32.790832, "経度": 129.862439, "url": "https://www.iryou.teikyouseido.mhlw.go.jp/znk-web/juminkanja/S2430/initialize?prefCd=42&kikanCd=cna0572&kikanKbn=2", "url2": null, "内容": "医療法人社団吉見耳鼻咽喉科【2:診療所】【診療科目:耳鼻いんこう科_気管食道・耳鼻いんこう科_アレルギー科】長崎県長崎市千歳町１０番３号" }, "geometry": { "type": "Point", "coordinates": [ 129.862439, 32.790832 ] } },
{ "type": "Feature", "properties": { "ID": "422cna0573", "正式名称": "医療法人吉見内科胃腸科", "機関区分": 2, "都道府県コード": 42, "市区町村コード": 201, "所在地": "長崎県長崎市千歳町１０ー３よしみビル５Ｆ", "緯度": 32.790829, "経度": 129.862432, "url": "https://www.iryou.teikyouseido.mhlw.go.jp/znk-web/juminkanja/S2430/initialize?prefCd=42&kikanCd=cna0573&kikanKbn=2", "url2": null, "内容": "医療法人吉見内科胃腸科【2:診療所】【診療科目:内科_胃腸内科】長崎県長崎市千歳町１０ー３よしみビル５Ｆ" }, "geometry": { "type": "Point", "coordinates": [ 129.862432, 32.790829 ] } },
{ "type": "Feature", "properties": { "ID": "422cna0575", "正式名称": "吉見皮ふ科", "機関区分": 2, "都道府県コード": 42, "市区町村コード": 201, "所在地": "長崎県長崎市千歳町１０番３号よしみビル３Ｆ", "緯度": 32.790829, "経度": 129.862432, "url": "https://www.iryou.teikyouseido.mhlw.go.jp/znk-web/juminkanja/S2430/initialize?prefCd=42&kikanCd=cna0575&kikanKbn=2", "url2": null, "内容": "吉見皮ふ科【2:診療所】【診療科目:小児皮膚科_皮膚科】長崎県長崎市千歳町１０番３号よしみビル３Ｆ" }, "geometry": { "type": "Point", "coordinates": [ 129.862432, 32.790829 ] } },
{ "type": "Feature", "properties": { "ID": "422cna0576", "正式名称": "医療法人きのしたこどもクリニック", "機関区分": 2, "都道府県コード": 42, "市区町村コード": 201, "所在地": "長崎県長崎市住吉町３ー１１ー２０４", "緯度": 32.791459, "経度": 129.861407, "url": "https://www.iryou.teikyouseido.mhlw.go.jp/znk-web/juminkanja/S2430/initialize?prefCd=42&kikanCd=cna0576&kikanKbn=2", "url2": "https://www.kinoshita-cc.com", "内容": "医療法人きのしたこどもクリニック【2:診療所】【診療科目:小児科】長崎県長崎市住吉町３ー１１ー２０４" }, "geometry": { "type": "Point", "coordinates": [ 129.861407, 32.791459 ] } },
{ "type": "Feature", "properties": { "ID": "422cna0577", "正式名称": "医療法人恵愛会ヨゼフクリニック", "機関区分": 2, "都道府県コード": 42, "市区町村コード": 201, "所在地": "長崎県長崎市坂本１丁目６番１号", "緯度": 32.768268, "経度": 129.867033, "url": "https://www.iryou.teikyouseido.mhlw.go.jp/znk-web/juminkanja/S2430/initialize?prefCd=42&kikanCd=cna0577&kikanKbn=2", "url2": "http://maple.life.coocan.jp/", "内容": "医療法人恵愛会ヨゼフクリニック【2:診療所】【診療科目:循環器内科_外科_循環器外科_心臓血管外科_リハビリテーション科】長崎県長崎市坂本１丁目６番１号" }, "geometry": { "type": "Point", "coordinates": [ 129.867033, 32.768268 ] } },
{ "type": "Feature", "properties": { "ID": "422cna0581", "正式名称": "医療法人　光徳会　わたなべ耳鼻咽喉科クリニック", "機関区分": 2, "都道府県コード": 42, "市区町村コード": 201, "所在地": "長崎県長崎市平和町５－２５", "緯度": 32.776178, "経度": 129.866309, "url": "https://www.iryou.teikyouseido.mhlw.go.jp/znk-web/juminkanja/S2430/initialize?prefCd=42&kikanCd=cna0581&kikanKbn=2", "url2": null, "内容": "医療法人　光徳会　わたなべ耳鼻咽喉科クリニック【2:診療所】【診療科目:頭頸部外科_小児耳鼻いんこう科_耳鼻いんこう科_頭頸部・耳鼻いんこう科】長崎県長崎市平和町５－２５" }, "geometry": { "type": "Point", "coordinates": [ 129.866309, 32.776178 ] } },
{ "type": "Feature", "properties": { "ID": "422cna0582", "正式名称": "医療法人わたなべ小児科医院", "機関区分": 2, "都道府県コード": 42, "市区町村コード": 201, "所在地": "長崎県長崎市滑石３丁目７番４号", "緯度": 32.807966, "経度": 129.838599, "url": "https://www.iryou.teikyouseido.mhlw.go.jp/znk-web/juminkanja/S2430/initialize?prefCd=42&kikanCd=cna0582&kikanKbn=2", "url2": "https://watanabe-shounika.com/", "内容": "医療法人わたなべ小児科医院【2:診療所】【診療科目:内科_小児科】長崎県長崎市滑石３丁目７番４号" }, "geometry": { "type": "Point", "coordinates": [ 129.838599, 32.807966 ] } },
{ "type": "Feature", "properties": { "ID": "422cna0583", "正式名称": "渡辺整形外科医院", "機関区分": 2, "都道府県コード": 42, "市区町村コード": 201, "所在地": "長崎県長崎市岩川町１９－１３", "緯度": 32.767862, "経度": 129.866636, "url": "https://www.iryou.teikyouseido.mhlw.go.jp/znk-web/juminkanja/S2430/initialize?prefCd=42&kikanCd=cna0583&kikanKbn=2", "url2": null, "内容": "渡辺整形外科医院【2:診療所】【診療科目:整形外科_リハビリテーション科】長崎県長崎市岩川町１９－１３" }, "geometry": { "type": "Point", "coordinates": [ 129.866636, 32.767862 ] } },
{ "type": "Feature", "properties": { "ID": "422cna0584", "正式名称": "わたべクリニック", "機関区分": 2, "都道府県コード": 42, "市区町村コード": 201, "所在地": "長崎県長崎市元船町１２番１１号藤村ビル２階", "緯度": 32.746161, "経度": 129.871605, "url": "https://www.iryou.teikyouseido.mhlw.go.jp/znk-web/juminkanja/S2430/initialize?prefCd=42&kikanCd=cna0584&kikanKbn=2", "url2": "https://watabe-clinic.net", "内容": "わたべクリニック【2:診療所】【診療科目:内科_消化器内科_外科】長崎県長崎市元船町１２番１１号藤村ビル２階" }, "geometry": { "type": "Point", "coordinates": [ 129.871605, 32.746161 ] } },
{ "type": "Feature", "properties": { "ID": "422cna0586", "正式名称": "伊藤デンタルクリニック本院", "機関区分": 2, "都道府県コード": 42, "市区町村コード": 201, "所在地": "長崎県長崎市万屋町１丁目５番地", "緯度": 32.745675, "経度": 129.878001, "url": "https://www.iryou.teikyouseido.mhlw.go.jp/znk-web/juminkanja/S2430/initialize?prefCd=42&kikanCd=cna0586&kikanKbn=2", "url2": "http://ww.idc-total.com", "内容": "伊藤デンタルクリニック本院【2:診療所】【診療科目:内科_歯科_歯科口腔外科_放射線科】長崎県長崎市万屋町１丁目５番地" }, "geometry": { "type": "Point", "coordinates": [ 129.878001, 32.745675 ] } },
{ "type": "Feature", "properties": { "ID": "422cna0588", "正式名称": "医療法人社団　あき山皮ふ科医院", "機関区分": 2, "都道府県コード": 42, "市区町村コード": 201, "所在地": "長崎県長崎市滑石１－２－６", "緯度": 32.80575, "経度": 129.851121, "url": "https://www.iryou.teikyouseido.mhlw.go.jp/znk-web/juminkanja/S2430/initialize?prefCd=42&kikanCd=cna0588&kikanKbn=2", "url2": "sites.google.com/view/akiyamahifuka/", "内容": "医療法人社団　あき山皮ふ科医院【2:診療所】【診療科目:皮膚科_アレルギー科】長崎県長崎市滑石１－２－６" }, "geometry": { "type": "Point", "coordinates": [ 129.851121, 32.80575 ] } },
{ "type": "Feature", "properties": { "ID": "422cna0591", "正式名称": "わたなべ皮ふ科", "機関区分": 2, "都道府県コード": 42, "市区町村コード": 201, "所在地": "長崎県長崎市古川町５番２５号　ブランディール鮫島１Ｆ", "緯度": 32.746229, "経度": 129.879226, "url": "https://www.iryou.teikyouseido.mhlw.go.jp/znk-web/juminkanja/S2430/initialize?prefCd=42&kikanCd=cna0591&kikanKbn=2", "url2": null, "内容": "わたなべ皮ふ科【2:診療所】【診療科目:皮膚科】長崎県長崎市古川町５番２５号　ブランディール鮫島１Ｆ" }, "geometry": { "type": "Point", "coordinates": [ 129.879226, 32.746229 ] } },
{ "type": "Feature", "properties": { "ID": "422cna0594", "正式名称": "医療法人　健真会　城本クリニック長崎院", "機関区分": 2, "都道府県コード": 42, "市区町村コード": 201, "所在地": "長崎県長崎市宝町２－２６", "緯度": 32.757638, "経度": 129.868291, "url": "https://www.iryou.teikyouseido.mhlw.go.jp/znk-web/juminkanja/S2430/initialize?prefCd=42&kikanCd=cna0594&kikanKbn=2", "url2": "http://107929.jp", "内容": "医療法人　健真会　城本クリニック長崎院【2:診療所】【診療科目:形成外科_美容外科_美容皮膚科】長崎県長崎市宝町２－２６" }, "geometry": { "type": "Point", "coordinates": [ 129.868291, 32.757638 ] } },
{ "type": "Feature", "properties": { "ID": "422cna0595", "正式名称": "糸柳ブレストクリニック", "機関区分": 2, "都道府県コード": 42, "市区町村コード": 201, "所在地": "長崎県長崎市新地町１番５号ＭＭＣビル４階", "緯度": 32.742332, "経度": 129.874779, "url": "https://www.iryou.teikyouseido.mhlw.go.jp/znk-web/juminkanja/S2430/initialize?prefCd=42&kikanCd=cna0595&kikanKbn=2", "url2": null, "内容": "糸柳ブレストクリニック【2:診療所】【診療科目:外科】長崎県長崎市新地町１番５号ＭＭＣビル４階" }, "geometry": { "type": "Point", "coordinates": [ 129.874779, 32.742332 ] } },
{ "type": "Feature", "properties": { "ID": "422cna0599", "正式名称": "森光泌尿器科クリニック", "機関区分": 2, "都道府県コード": 42, "市区町村コード": 201, "所在地": "長崎県長崎市住吉町３－１１サンシャイン住𠮷", "緯度": 32.791459, "経度": 129.861407, "url": "https://www.iryou.teikyouseido.mhlw.go.jp/znk-web/juminkanja/S2430/initialize?prefCd=42&kikanCd=cna0599&kikanKbn=2", "url2": null, "内容": "森光泌尿器科クリニック【2:診療所】【診療科目:小児泌尿器科_泌尿器科_男性泌尿器科_神経泌尿器科】長崎県長崎市住吉町３－１１サンシャイン住𠮷" }, "geometry": { "type": "Point", "coordinates": [ 129.861407, 32.791459 ] } },
{ "type": "Feature", "properties": { "ID": "422cna0600", "正式名称": "かわはら内科循環器科", "機関区分": 2, "都道府県コード": 42, "市区町村コード": 201, "所在地": "長崎県長崎市花園町１番５号", "緯度": 32.7711, "経度": 129.852467, "url": "https://www.iryou.teikyouseido.mhlw.go.jp/znk-web/juminkanja/S2430/initialize?prefCd=42&kikanCd=cna0600&kikanKbn=2", "url2": null, "内容": "かわはら内科循環器科【2:診療所】【診療科目:内科_循環器内科】長崎県長崎市花園町１番５号" }, "geometry": { "type": "Point", "coordinates": [ 129.852467, 32.7711 ] } },
{ "type": "Feature", "properties": { "ID": "422cna0602", "正式名称": "長崎病理診断科", "機関区分": 2, "都道府県コード": 42, "市区町村コード": 201, "所在地": "長崎県長崎市平野町２３－５", "緯度": 32.770399, "経度": 129.867198, "url": "https://www.iryou.teikyouseido.mhlw.go.jp/znk-web/juminkanja/S2430/initialize?prefCd=42&kikanCd=cna0602&kikanKbn=2", "url2": "https://nidp.net/index.html", "内容": "長崎病理診断科【2:診療所】【診療科目:病理診断科】長崎県長崎市平野町２３－５" }, "geometry": { "type": "Point", "coordinates": [ 129.867198, 32.770399 ] } },
{ "type": "Feature", "properties": { "ID": "422cna0604", "正式名称": "あんず整形外科", "機関区分": 2, "都道府県コード": 42, "市区町村コード": 201, "所在地": "長崎県長崎市畝刈町１６１３番地３３号サクセスカバーヒルズ１・３階", "緯度": 32.826033, "経度": 129.776402, "url": "https://www.iryou.teikyouseido.mhlw.go.jp/znk-web/juminkanja/S2430/initialize?prefCd=42&kikanCd=cna0604&kikanKbn=2", "url2": null, "内容": "あんず整形外科【2:診療所】【診療科目:整形外科_リウマチ科_リハビリテーション科】長崎県長崎市畝刈町１６１３番地３３号サクセスカバーヒルズ１・３階" }, "geometry": { "type": "Point", "coordinates": [ 129.776402, 32.826033 ] } },
{ "type": "Feature", "properties": { "ID": "422cna0605", "正式名称": "ハナキクリニック", "機関区分": 2, "都道府県コード": 42, "市区町村コード": 201, "所在地": "長崎県長崎市銅座町１４番９号ＩＣＮビル３階", "緯度": 32.742981, "経度": 129.878317, "url": "https://www.iryou.teikyouseido.mhlw.go.jp/znk-web/juminkanja/S2430/initialize?prefCd=42&kikanCd=cna0605&kikanKbn=2", "url2": null, "内容": "ハナキクリニック【2:診療所】【診療科目:形成外科_美容外科_皮膚科_美容皮膚科】長崎県長崎市銅座町１４番９号ＩＣＮビル３階" }, "geometry": { "type": "Point", "coordinates": [ 129.878317, 32.742981 ] } },
{ "type": "Feature", "properties": { "ID": "422cna0606", "正式名称": "くろき眼科", "機関区分": 2, "都道府県コード": 42, "市区町村コード": 201, "所在地": "長崎県長崎市畝刈町１６１３－３３　サクセスカバーヒルズ　２Ｆ", "緯度": 32.826033, "経度": 129.776402, "url": "https://www.iryou.teikyouseido.mhlw.go.jp/znk-web/juminkanja/S2430/initialize?prefCd=42&kikanCd=cna0606&kikanKbn=2", "url2": "https://kuroki.main.jp", "内容": "くろき眼科【2:診療所】【診療科目:眼科】長崎県長崎市畝刈町１６１３－３３　サクセスカバーヒルズ　２Ｆ" }, "geometry": { "type": "Point", "coordinates": [ 129.776402, 32.826033 ] } },
{ "type": "Feature", "properties": { "ID": "422cna0607", "正式名称": "医療法人津田耳鼻咽喉科医院", "機関区分": 2, "都道府県コード": 42, "市区町村コード": 201, "所在地": "長崎県長崎市江川町２８４番地", "緯度": 32.685042, "経度": 129.84032, "url": "https://www.iryou.teikyouseido.mhlw.go.jp/znk-web/juminkanja/S2430/initialize?prefCd=42&kikanCd=cna0607&kikanKbn=2", "url2": null, "内容": "医療法人津田耳鼻咽喉科医院【2:診療所】【診療科目:耳鼻いんこう科】長崎県長崎市江川町２８４番地" }, "geometry": { "type": "Point", "coordinates": [ 129.84032, 32.685042 ] } },
{ "type": "Feature", "properties": { "ID": "422cna0608", "正式名称": "諏訪の杜クリニック", "機関区分": 2, "都道府県コード": 42, "市区町村コード": 201, "所在地": "長崎県長崎市桜馬場１丁目２－８", "緯度": 32.752906, "経度": 129.8875, "url": "https://www.iryou.teikyouseido.mhlw.go.jp/znk-web/juminkanja/S2430/initialize?prefCd=42&kikanCd=cna0608&kikanKbn=2", "url2": "http://www.suwanomori-clinic.jp/", "内容": "諏訪の杜クリニック【2:診療所】【診療科目:精神科_心療内科】長崎県長崎市桜馬場１丁目２－８" }, "geometry": { "type": "Point", "coordinates": [ 129.8875, 32.752906 ] } },
{ "type": "Feature", "properties": { "ID": "422cna0609", "正式名称": "前田内科クリニック", "機関区分": 2, "都道府県コード": 42, "市区町村コード": 201, "所在地": "長崎県長崎市田中町１６４番地７", "緯度": 32.76202, "経度": 129.948155, "url": "https://www.iryou.teikyouseido.mhlw.go.jp/znk-web/juminkanja/S2430/initialize?prefCd=42&kikanCd=cna0609&kikanKbn=2", "url2": null, "内容": "前田内科クリニック【2:診療所】【診療科目:内科_糖尿病内科】長崎県長崎市田中町１６４番地７" }, "geometry": { "type": "Point", "coordinates": [ 129.948155, 32.76202 ] } },
{ "type": "Feature", "properties": { "ID": "422cna0610", "正式名称": "飛田内科クリニック", "機関区分": 2, "都道府県コード": 42, "市区町村コード": 201, "所在地": "長崎県長崎市琴海形上町１７８２－１", "緯度": 32.94454, "経度": 129.782679, "url": "https://www.iryou.teikyouseido.mhlw.go.jp/znk-web/juminkanja/S2430/initialize?prefCd=42&kikanCd=cna0610&kikanKbn=2", "url2": "http://www5.cncm.ne.jp/~hida-clinic/", "内容": "飛田内科クリニック【2:診療所】【診療科目:内科_内視鏡内科_肝臓・消化器内科_リハビリテーション科】長崎県長崎市琴海形上町１７８２－１" }, "geometry": { "type": "Point", "coordinates": [ 129.782679, 32.94454 ] } },
{ "type": "Feature", "properties": { "ID": "422cna0613", "正式名称": "医療法人あそう眼科", "機関区分": 2, "都道府県コード": 42, "市区町村コード": 201, "所在地": "長崎県長崎市宝町５ー５", "緯度": 32.758055, "経度": 129.869032, "url": "https://www.iryou.teikyouseido.mhlw.go.jp/znk-web/juminkanja/S2430/initialize?prefCd=42&kikanCd=cna0613&kikanKbn=2", "url2": "http://www.aso-ganka.com", "内容": "医療法人あそう眼科【2:診療所】【診療科目:眼科】長崎県長崎市宝町５ー５" }, "geometry": { "type": "Point", "coordinates": [ 129.869032, 32.758055 ] } },
{ "type": "Feature", "properties": { "ID": "422cna0614", "正式名称": "長崎宝在宅医療クリニック", "機関区分": 2, "都道府県コード": 42, "市区町村コード": 201, "所在地": "長崎県長崎市宝町９番１４号", "緯度": 32.759957, "経度": 129.866603, "url": "https://www.iryou.teikyouseido.mhlw.go.jp/znk-web/juminkanja/S2430/initialize?prefCd=42&kikanCd=cna0614&kikanKbn=2", "url2": null, "内容": "長崎宝在宅医療クリニック【2:診療所】【診療科目:内科_外科】長崎県長崎市宝町９番１４号" }, "geometry": { "type": "Point", "coordinates": [ 129.866603, 32.759957 ] } },
{ "type": "Feature", "properties": { "ID": "422cna0617", "正式名称": "井石内科医院", "機関区分": 2, "都道府県コード": 42, "市区町村コード": 201, "所在地": "長崎県長崎市滑石２丁目５－１７", "緯度": 32.806878, "経度": 129.845071, "url": "https://www.iryou.teikyouseido.mhlw.go.jp/znk-web/juminkanja/S2430/initialize?prefCd=42&kikanCd=cna0617&kikanKbn=2", "url2": null, "内容": "井石内科医院【2:診療所】【診療科目:内科_循環器内科_消化器内科】長崎県長崎市滑石２丁目５－１７" }, "geometry": { "type": "Point", "coordinates": [ 129.845071, 32.806878 ] } },
{ "type": "Feature", "properties": { "ID": "422cna0618", "正式名称": "江上皮ふ科医院", "機関区分": 2, "都道府県コード": 42, "市区町村コード": 201, "所在地": "長崎県長崎市住吉町３丁目１番地　サン住吉２Ｆ", "緯度": 32.791381, "経度": 129.860931, "url": "https://www.iryou.teikyouseido.mhlw.go.jp/znk-web/juminkanja/S2430/initialize?prefCd=42&kikanCd=cna0618&kikanKbn=2", "url2": null, "内容": "江上皮ふ科医院【2:診療所】【診療科目:皮膚科】長崎県長崎市住吉町３丁目１番地　サン住吉２Ｆ" }, "geometry": { "type": "Point", "coordinates": [ 129.860931, 32.791381 ] } },
{ "type": "Feature", "properties": { "ID": "422cna0619", "正式名称": "コムロ耳鼻咽喉科クリニック", "機関区分": 2, "都道府県コード": 42, "市区町村コード": 201, "所在地": "長崎県長崎市大黒町１１－１８ー２階", "緯度": 32.751099, "経度": 129.872557, "url": "https://www.iryou.teikyouseido.mhlw.go.jp/znk-web/juminkanja/S2430/initialize?prefCd=42&kikanCd=cna0619&kikanKbn=2", "url2": "http://komuro.nagasaki.jp/", "内容": "コムロ耳鼻咽喉科クリニック【2:診療所】【診療科目:頭頸部外科_小児耳鼻いんこう科_耳鼻いんこう科_頭頸部・耳鼻いんこう科】長崎県長崎市大黒町１１－１８ー２階" }, "geometry": { "type": "Point", "coordinates": [ 129.872557, 32.751099 ] } },
{ "type": "Feature", "properties": { "ID": "422cna0621", "正式名称": "医療法人　萌悠会　耳鼻咽喉科　神田Ｅ・Ｎ・Ｔ医院", "機関区分": 2, "都道府県コード": 42, "市区町村コード": 201, "所在地": "長崎県長崎市若草町４－２５", "緯度": 32.776425, "経度": 129.852726, "url": "https://www.iryou.teikyouseido.mhlw.go.jp/znk-web/juminkanja/S2430/initialize?prefCd=42&kikanCd=cna0621&kikanKbn=2", "url2": "http://www.kanda-ent.com/", "内容": "医療法人　萌悠会　耳鼻咽喉科　神田Ｅ・Ｎ・Ｔ医院【2:診療所】【診療科目:耳鼻いんこう科】長崎県長崎市若草町４－２５" }, "geometry": { "type": "Point", "coordinates": [ 129.852726, 32.776425 ] } },
{ "type": "Feature", "properties": { "ID": "422cna0624", "正式名称": "ながさきハートクリニック", "機関区分": 2, "都道府県コード": 42, "市区町村コード": 201, "所在地": "長崎県長崎市恵美須町４番１号", "緯度": 32.750581, "経度": 129.8756, "url": "https://www.iryou.teikyouseido.mhlw.go.jp/znk-web/juminkanja/S2430/initialize?prefCd=42&kikanCd=cna0624&kikanKbn=2", "url2": "https://www.nagasaki-hc.com", "内容": "ながさきハートクリニック【2:診療所】【診療科目:循環器内科_心臓血管内科_ペインクリニック内科_リハビリテーション科】長崎県長崎市恵美須町４番１号" }, "geometry": { "type": "Point", "coordinates": [ 129.8756, 32.750581 ] } },
{ "type": "Feature", "properties": { "ID": "422cna0626", "正式名称": "西谷クリニック", "機関区分": 2, "都道府県コード": 42, "市区町村コード": 201, "所在地": "長崎県長崎市西海町１６９４番地６", "緯度": 32.862914, "経度": 129.786143, "url": "https://www.iryou.teikyouseido.mhlw.go.jp/znk-web/juminkanja/S2430/initialize?prefCd=42&kikanCd=cna0626&kikanKbn=2", "url2": null, "内容": "西谷クリニック【2:診療所】【診療科目:外科_消化器外科_リハビリテーション科】長崎県長崎市西海町１６９４番地６" }, "geometry": { "type": "Point", "coordinates": [ 129.786143, 32.862914 ] } },
{ "type": "Feature", "properties": { "ID": "422cna0628", "正式名称": "医療法人　ながた大腸肛門クリニック", "機関区分": 2, "都道府県コード": 42, "市区町村コード": 201, "所在地": "長崎県長崎市江戸町５－１４月香園ビル５階", "緯度": 32.744333, "経度": 129.875168, "url": "https://www.iryou.teikyouseido.mhlw.go.jp/znk-web/juminkanja/S2430/initialize?prefCd=42&kikanCd=cna0628&kikanKbn=2", "url2": "http://www.nagata-clinic.com", "内容": "医療法人　ながた大腸肛門クリニック【2:診療所】【診療科目:胃腸内科_肛門外科】長崎県長崎市江戸町５－１４月香園ビル５階" }, "geometry": { "type": "Point", "coordinates": [ 129.875168, 32.744333 ] } },
{ "type": "Feature", "properties": { "ID": "422cna0629", "正式名称": "医療法人　さくら形成クリニック", "機関区分": 2, "都道府県コード": 42, "市区町村コード": 201, "所在地": "長崎県長崎市葉山１丁目４４－１", "緯度": 32.806393, "経度": 129.847482, "url": "https://www.iryou.teikyouseido.mhlw.go.jp/znk-web/juminkanja/S2430/initialize?prefCd=42&kikanCd=cna0629&kikanKbn=2", "url2": "http://sakuraclinic.com", "内容": "医療法人　さくら形成クリニック【2:診療所】【診療科目:外科_形成外科_美容外科_皮膚科_美容皮膚科】長崎県長崎市葉山１丁目４４－１" }, "geometry": { "type": "Point", "coordinates": [ 129.847482, 32.806393 ] } },
{ "type": "Feature", "properties": { "ID": "422cna0630", "正式名称": "宗耳鼻咽喉科クリニック", "機関区分": 2, "都道府県コード": 42, "市区町村コード": 201, "所在地": "長崎県長崎市平野町１０－２－３０１", "緯度": 32.770466, "経度": 129.864444, "url": "https://www.iryou.teikyouseido.mhlw.go.jp/znk-web/juminkanja/S2430/initialize?prefCd=42&kikanCd=cna0630&kikanKbn=2", "url2": null, "内容": "宗耳鼻咽喉科クリニック【2:診療所】【診療科目:耳鼻いんこう科】長崎県長崎市平野町１０－２－３０１" }, "geometry": { "type": "Point", "coordinates": [ 129.864444, 32.770466 ] } },
{ "type": "Feature", "properties": { "ID": "422cna0632", "正式名称": "山根内科胃腸科医院", "機関区分": 2, "都道府県コード": 42, "市区町村コード": 201, "所在地": "長崎県長崎市幸町６−２０", "緯度": 32.757333, "経度": 129.865453, "url": "https://www.iryou.teikyouseido.mhlw.go.jp/znk-web/juminkanja/S2430/initialize?prefCd=42&kikanCd=cna0632&kikanKbn=2", "url2": null, "内容": "山根内科胃腸科医院【2:診療所】【診療科目:内科_消化器内科_胃腸内科】長崎県長崎市幸町６−２０" }, "geometry": { "type": "Point", "coordinates": [ 129.865453, 32.757333 ] } },
{ "type": "Feature", "properties": { "ID": "422cna0634", "正式名称": "中島川クリニック", "機関区分": 2, "都道府県コード": 42, "市区町村コード": 201, "所在地": "長崎県長崎市築町４番１５号　鈴文ビル５階", "緯度": 32.74559, "経度": 129.876615, "url": "https://www.iryou.teikyouseido.mhlw.go.jp/znk-web/juminkanja/S2430/initialize?prefCd=42&kikanCd=cna0634&kikanKbn=2", "url2": "http://homepage3.nifty.com/nakashimagawa-clinic", "内容": "中島川クリニック【2:診療所】【診療科目:精神科_心療内科_老年精神科】長崎県長崎市築町４番１５号　鈴文ビル５階" }, "geometry": { "type": "Point", "coordinates": [ 129.876615, 32.74559 ] } },
{ "type": "Feature", "properties": { "ID": "422cna0635", "正式名称": "宮村眼科", "機関区分": 2, "都道府県コード": 42, "市区町村コード": 201, "所在地": "長崎県長崎市本原町１２番１１号", "緯度": 32.782547, "経度": 129.870217, "url": "https://www.iryou.teikyouseido.mhlw.go.jp/znk-web/juminkanja/S2430/initialize?prefCd=42&kikanCd=cna0635&kikanKbn=2", "url2": "http://miyamura-ganka.com/", "内容": "宮村眼科【2:診療所】【診療科目:眼科】長崎県長崎市本原町１２番１１号" }, "geometry": { "type": "Point", "coordinates": [ 129.870217, 32.782547 ] } },
{ "type": "Feature", "properties": { "ID": "422cna0638", "正式名称": "はらかわ内科クリニック", "機関区分": 2, "都道府県コード": 42, "市区町村コード": 201, "所在地": "長崎県長崎市扇町１３番３号", "緯度": 32.782911, "経度": 129.866905, "url": "https://www.iryou.teikyouseido.mhlw.go.jp/znk-web/juminkanja/S2430/initialize?prefCd=42&kikanCd=cna0638&kikanKbn=2", "url2": null, "内容": "はらかわ内科クリニック【2:診療所】【診療科目:内科】長崎県長崎市扇町１３番３号" }, "geometry": { "type": "Point", "coordinates": [ 129.866905, 32.782911 ] } },
{ "type": "Feature", "properties": { "ID": "422cna0639", "正式名称": "医療法人　しもむら産婦人科", "機関区分": 2, "都道府県コード": 42, "市区町村コード": 201, "所在地": "長崎県長崎市古川町８番１１号", "緯度": 32.746212, "経度": 129.881181, "url": "https://www.iryou.teikyouseido.mhlw.go.jp/znk-web/juminkanja/S2430/initialize?prefCd=42&kikanCd=cna0639&kikanKbn=2", "url2": "https://www.shimomura-goh.com/", "内容": "医療法人　しもむら産婦人科【2:診療所】【診療科目:産婦人科_麻酔科】長崎県長崎市古川町８番１１号" }, "geometry": { "type": "Point", "coordinates": [ 129.881181, 32.746212 ] } },
{ "type": "Feature", "properties": { "ID": "422cna0640", "正式名称": "ドーズ美容外科長崎院", "機関区分": 2, "都道府県コード": 42, "市区町村コード": 201, "所在地": "長崎県長崎市銅座町４－１", "緯度": 32.744275, "経度": 129.878904, "url": "https://www.iryou.teikyouseido.mhlw.go.jp/znk-web/juminkanja/S2430/initialize?prefCd=42&kikanCd=cna0640&kikanKbn=2", "url2": "http://www.do-s.net", "内容": "ドーズ美容外科長崎院【2:診療所】【診療科目:美容外科】長崎県長崎市銅座町４－１" }, "geometry": { "type": "Point", "coordinates": [ 129.878904, 32.744275 ] } },
{ "type": "Feature", "properties": { "ID": "422cna0641", "正式名称": "医療法人里佳会　ダイヤランドまつざきクリニック", "機関区分": 2, "都道府県コード": 42, "市区町村コード": 201, "所在地": "長崎県長崎市ダイヤランド２丁目１９番地２５号", "緯度": 32.703366, "経度": 129.860111, "url": "https://www.iryou.teikyouseido.mhlw.go.jp/znk-web/juminkanja/S2430/initialize?prefCd=42&kikanCd=cna0641&kikanKbn=2", "url2": null, "内容": "医療法人里佳会　ダイヤランドまつざきクリニック【2:診療所】【診療科目:外科_消化器外科_リハビリテーション科】長崎県長崎市ダイヤランド２丁目１９番地２５号" }, "geometry": { "type": "Point", "coordinates": [ 129.860111, 32.703366 ] } },
{ "type": "Feature", "properties": { "ID": "422cna0642", "正式名称": "社会医療法人　健友会　花丘診療所", "機関区分": 2, "都道府県コード": 42, "市区町村コード": 201, "所在地": "長崎県長崎市花丘町１３ー１９", "緯度": 32.791407, "経度": 129.863865, "url": "https://www.iryou.teikyouseido.mhlw.go.jp/znk-web/juminkanja/S2430/initialize?prefCd=42&kikanCd=cna0642&kikanKbn=2", "url2": "http://www.hanaoka-shinryousyo.com/", "内容": "社会医療法人　健友会　花丘診療所【2:診療所】【診療科目:内科_リウマチ科_リハビリテーション科】長崎県長崎市花丘町１３ー１９" }, "geometry": { "type": "Point", "coordinates": [ 129.863865, 32.791407 ] } },
{ "type": "Feature", "properties": { "ID": "422cna0643", "正式名称": "医療法人社団　健昌会　新里クリニック浦上", "機関区分": 2, "都道府県コード": 42, "市区町村コード": 201, "所在地": "長崎県長崎市茂里町３番２０号", "緯度": 32.766124, "経度": 129.862687, "url": "https://www.iryou.teikyouseido.mhlw.go.jp/znk-web/juminkanja/S2430/initialize?prefCd=42&kikanCd=cna0643&kikanKbn=2", "url2": "https://shinzato.jp/", "内容": "医療法人社団　健昌会　新里クリニック浦上【2:診療所】【診療科目:内科_糖尿病内科_呼吸器内科_循環器内科_腎臓内科_人工透析内科_整形外科_リハビリテーション科_放射線科】長崎県長崎市茂里町３番２０号" }, "geometry": { "type": "Point", "coordinates": [ 129.862687, 32.766124 ] } },
{ "type": "Feature", "properties": { "ID": "422cna0645", "正式名称": "（医）ぜにや眼科", "機関区分": 2, "都道府県コード": 42, "市区町村コード": 201, "所在地": "長崎県長崎市浜町７ー１５ゼニヤメディカルビル２階", "緯度": 32.743547, "経度": 129.879065, "url": "https://www.iryou.teikyouseido.mhlw.go.jp/znk-web/juminkanja/S2430/initialize?prefCd=42&kikanCd=cna0645&kikanKbn=2", "url2": null, "内容": "（医）ぜにや眼科【2:診療所】【診療科目:眼科】長崎県長崎市浜町７ー１５ゼニヤメディカルビル２階" }, "geometry": { "type": "Point", "coordinates": [ 129.879065, 32.743547 ] } },
{ "type": "Feature", "properties": { "ID": "422cna0646", "正式名称": "しながわ内科クリニック", "機関区分": 2, "都道府県コード": 42, "市区町村コード": 201, "所在地": "長崎県長崎市愛宕２－１１－３３", "緯度": 32.736014, "経度": 129.889985, "url": "https://www.iryou.teikyouseido.mhlw.go.jp/znk-web/juminkanja/S2430/initialize?prefCd=42&kikanCd=cna0646&kikanKbn=2", "url2": "http://www.shinagawa-clinic.com", "内容": "しながわ内科クリニック【2:診療所】【診療科目:内科_循環器内科】長崎県長崎市愛宕２－１１－３３" }, "geometry": { "type": "Point", "coordinates": [ 129.889985, 32.736014 ] } },
{ "type": "Feature", "properties": { "ID": "422cna0648", "正式名称": "星野内科呼吸器科クリニック", "機関区分": 2, "都道府県コード": 42, "市区町村コード": 201, "所在地": "長崎県長崎市目覚町１０番３号", "緯度": 32.764834, "経度": 129.86635, "url": "https://www.iryou.teikyouseido.mhlw.go.jp/znk-web/juminkanja/S2430/initialize?prefCd=42&kikanCd=cna0648&kikanKbn=2", "url2": "http://hoshino-naika.jp/", "内容": "星野内科呼吸器科クリニック【2:診療所】【診療科目:内科_呼吸器内科】長崎県長崎市目覚町１０番３号" }, "geometry": { "type": "Point", "coordinates": [ 129.86635, 32.764834 ] } },
{ "type": "Feature", "properties": { "ID": "422cna0649", "正式名称": "こころ元気クリニック", "機関区分": 2, "都道府県コード": 42, "市区町村コード": 201, "所在地": "長崎県長崎市元船町１２番１号タカラビル２階", "緯度": 32.746888, "経度": 129.871834, "url": "https://www.iryou.teikyouseido.mhlw.go.jp/znk-web/juminkanja/S2430/initialize?prefCd=42&kikanCd=cna0649&kikanKbn=2", "url2": "http://www.cocorogenki.jp", "内容": "こころ元気クリニック【2:診療所】【診療科目:心臓内科_精神科_心療内科】長崎県長崎市元船町１２番１号タカラビル２階" }, "geometry": { "type": "Point", "coordinates": [ 129.871834, 32.746888 ] } },
{ "type": "Feature", "properties": { "ID": "422cna0651", "正式名称": "（医）たしろ耳鼻咽喉科", "機関区分": 2, "都道府県コード": 42, "市区町村コード": 201, "所在地": "長崎県長崎市万屋町３番１６号", "緯度": 32.745436, "経度": 129.879153, "url": "https://www.iryou.teikyouseido.mhlw.go.jp/znk-web/juminkanja/S2430/initialize?prefCd=42&kikanCd=cna0651&kikanKbn=2", "url2": null, "内容": "（医）たしろ耳鼻咽喉科【2:診療所】【診療科目:耳鼻いんこう科_アレルギー科】長崎県長崎市万屋町３番１６号" }, "geometry": { "type": "Point", "coordinates": [ 129.879153, 32.745436 ] } },
{ "type": "Feature", "properties": { "ID": "422cna0652", "正式名称": "長崎市野母崎診療所", "機関区分": 2, "都道府県コード": 42, "市区町村コード": 201, "所在地": "長崎県長崎市野母町２２８３番地７", "緯度": 32.579806, "経度": 129.753582, "url": "https://www.iryou.teikyouseido.mhlw.go.jp/znk-web/juminkanja/S2430/initialize?prefCd=42&kikanCd=cna0652&kikanKbn=2", "url2": null, "内容": "長崎市野母崎診療所【2:診療所】【診療科目:内科_外科_眼科_耳鼻いんこう科_皮膚科】長崎県長崎市野母町２２８３番地７" }, "geometry": { "type": "Point", "coordinates": [ 129.753582, 32.579806 ] } },
{ "type": "Feature", "properties": { "ID": "422cna0655", "正式名称": "ちとせ町整形外科クリニック", "機関区分": 2, "都道府県コード": 42, "市区町村コード": 201, "所在地": "長崎県長崎市千歳町２１番１号１階", "緯度": 32.790815, "経度": 129.86562, "url": "https://www.iryou.teikyouseido.mhlw.go.jp/znk-web/juminkanja/S2430/initialize?prefCd=42&kikanCd=cna0655&kikanKbn=2", "url2": null, "内容": "ちとせ町整形外科クリニック【2:診療所】【診療科目:整形外科】長崎県長崎市千歳町２１番１号１階" }, "geometry": { "type": "Point", "coordinates": [ 129.86562, 32.790815 ] } },
{ "type": "Feature", "properties": { "ID": "422cna0656", "正式名称": "医療法人　やなぎクリニック", "機関区分": 2, "都道府県コード": 42, "市区町村コード": 201, "所在地": "長崎県長崎市万屋町６−１５アイキッズビル２Ｆ", "緯度": 32.744907, "経度": 129.880241, "url": "https://www.iryou.teikyouseido.mhlw.go.jp/znk-web/juminkanja/S2430/initialize?prefCd=42&kikanCd=cna0656&kikanKbn=2", "url2": "http://yanagi-clinic.jp/", "内容": "医療法人　やなぎクリニック【2:診療所】【診療科目:内科_小児科】長崎県長崎市万屋町６−１５アイキッズビル２Ｆ" }, "geometry": { "type": "Point", "coordinates": [ 129.880241, 32.744907 ] } },
{ "type": "Feature", "properties": { "ID": "422cna0657", "正式名称": "医療法人　天野内科", "機関区分": 2, "都道府県コード": 42, "市区町村コード": 201, "所在地": "長崎県長崎市小江原２－３５－１６", "緯度": 32.78057, "経度": 129.838117, "url": "https://www.iryou.teikyouseido.mhlw.go.jp/znk-web/juminkanja/S2430/initialize?prefCd=42&kikanCd=cna0657&kikanKbn=2", "url2": "https://www.amanonaika.net", "内容": "医療法人　天野内科【2:診療所】【診療科目:内科_感染症内科_呼吸器内科_アレルギー疾患内科】長崎県長崎市小江原２－３５－１６" }, "geometry": { "type": "Point", "coordinates": [ 129.838117, 32.78057 ] } },
{ "type": "Feature", "properties": { "ID": "422cna0660", "正式名称": "のぼる内科クリニック", "機関区分": 2, "都道府県コード": 42, "市区町村コード": 201, "所在地": "長崎県長崎市中園１０番５号", "緯度": 32.791717, "経度": 129.859217, "url": "https://www.iryou.teikyouseido.mhlw.go.jp/znk-web/juminkanja/S2430/initialize?prefCd=42&kikanCd=cna0660&kikanKbn=2", "url2": "http://noborunaika.jp/", "内容": "のぼる内科クリニック【2:診療所】【診療科目:内科_消化器内科_リハビリテーション科】長崎県長崎市中園１０番５号" }, "geometry": { "type": "Point", "coordinates": [ 129.859217, 32.791717 ] } },
{ "type": "Feature", "properties": { "ID": "422cna0661", "正式名称": "ささの耳鼻咽喉科クリニック", "機関区分": 2, "都道府県コード": 42, "市区町村コード": 201, "所在地": "長崎県長崎市桜馬場１－４－１７", "緯度": 32.753198, "経度": 129.887788, "url": "https://www.iryou.teikyouseido.mhlw.go.jp/znk-web/juminkanja/S2430/initialize?prefCd=42&kikanCd=cna0661&kikanKbn=2", "url2": "http://sasano-ent.com", "内容": "ささの耳鼻咽喉科クリニック【2:診療所】【診療科目:耳鼻いんこう科_アレルギー科】長崎県長崎市桜馬場１－４－１７" }, "geometry": { "type": "Point", "coordinates": [ 129.887788, 32.753198 ] } },
{ "type": "Feature", "properties": { "ID": "422cna0665", "正式名称": "「関係者以外の診療は行っておりません。」地域密着型介護老人福祉施設　山の木　医務室", "機関区分": 2, "都道府県コード": 42, "市区町村コード": 201, "所在地": "長崎県長崎市横尾", "緯度": 32.814592, "経度": 129.826727, "url": "https://www.iryou.teikyouseido.mhlw.go.jp/znk-web/juminkanja/S2430/initialize?prefCd=42&kikanCd=cna0665&kikanKbn=2", "url2": null, "内容": "「関係者以外の診療は行っておりません。」地域密着型介護老人福祉施設　山の木　医務室【2:診療所】【診療科目:内科】長崎県長崎市横尾" }, "geometry": { "type": "Point", "coordinates": [ 129.826727, 32.814592 ] } },
{ "type": "Feature", "properties": { "ID": "422cna0666", "正式名称": "西じま内科クリニック", "機関区分": 2, "都道府県コード": 42, "市区町村コード": 201, "所在地": "長崎県長崎市新地町８番１６号　ミナトパークビル２Ｆ", "緯度": 32.741253, "経度": 129.874566, "url": "https://www.iryou.teikyouseido.mhlw.go.jp/znk-web/juminkanja/S2430/initialize?prefCd=42&kikanCd=cna0666&kikanKbn=2", "url2": "http://www.nishijima-clinic.net", "内容": "西じま内科クリニック【2:診療所】【診療科目:内科_呼吸器内科_循環器内科】長崎県長崎市新地町８番１６号　ミナトパークビル２Ｆ" }, "geometry": { "type": "Point", "coordinates": [ 129.874566, 32.741253 ] } },
{ "type": "Feature", "properties": { "ID": "422cna0669", "正式名称": "おおぞら整形外科", "機関区分": 2, "都道府県コード": 42, "市区町村コード": 201, "所在地": "長崎県長崎市新大工町５番１６号", "緯度": 32.752827, "経度": 129.886721, "url": "https://www.iryou.teikyouseido.mhlw.go.jp/znk-web/juminkanja/S2430/initialize?prefCd=42&kikanCd=cna0669&kikanKbn=2", "url2": null, "内容": "おおぞら整形外科【2:診療所】【診療科目:整形外科_リウマチ科_リハビリテーション科】長崎県長崎市新大工町５番１６号" }, "geometry": { "type": "Point", "coordinates": [ 129.886721, 32.752827 ] } },
{ "type": "Feature", "properties": { "ID": "422cna0671", "正式名称": "医療法人杏会　杏クリニック", "機関区分": 2, "都道府県コード": 42, "市区町村コード": 201, "所在地": "長崎県長崎市中町１番２２号３階", "緯度": 32.751199, "経度": 129.874927, "url": "https://www.iryou.teikyouseido.mhlw.go.jp/znk-web/juminkanja/S2430/initialize?prefCd=42&kikanCd=cna0671&kikanKbn=2", "url2": "http://www.anne-cl.com", "内容": "医療法人杏会　杏クリニック【2:診療所】【診療科目:皮膚科_美容皮膚科】長崎県長崎市中町１番２２号３階" }, "geometry": { "type": "Point", "coordinates": [ 129.874927, 32.751199 ] } },
{ "type": "Feature", "properties": { "ID": "422cna0673", "正式名称": "（医）田中外科眼科クリニック", "機関区分": 2, "都道府県コード": 42, "市区町村コード": 201, "所在地": "長崎県長崎市宝栄町２３－１５", "緯度": 32.77074, "経度": 129.858406, "url": "https://www.iryou.teikyouseido.mhlw.go.jp/znk-web/juminkanja/S2430/initialize?prefCd=42&kikanCd=cna0673&kikanKbn=2", "url2": "https://n-tanaka-clinic.net", "内容": "（医）田中外科眼科クリニック【2:診療所】【診療科目:外科_消化器外科_整形外科_眼科】長崎県長崎市宝栄町２３－１５" }, "geometry": { "type": "Point", "coordinates": [ 129.858406, 32.77074 ] } },
{ "type": "Feature", "properties": { "ID": "422cna0674", "正式名称": "医療法人琉櫻会　櫻川循環器内科クリニック", "機関区分": 2, "都道府県コード": 42, "市区町村コード": 201, "所在地": "長崎県長崎市東町１９１８－２", "緯度": 32.780535, "経度": 129.954319, "url": "https://www.iryou.teikyouseido.mhlw.go.jp/znk-web/juminkanja/S2430/initialize?prefCd=42&kikanCd=cna0674&kikanKbn=2", "url2": "https://www.sakuragawa-cl.com/", "内容": "医療法人琉櫻会　櫻川循環器内科クリニック【2:診療所】【診療科目:内科_循環器内科】長崎県長崎市東町１９１８－２" }, "geometry": { "type": "Point", "coordinates": [ 129.954319, 32.780535 ] } },
{ "type": "Feature", "properties": { "ID": "422cna0675", "正式名称": "医療法人清潮会　さんクリニック", "機関区分": 2, "都道府県コード": 42, "市区町村コード": 201, "所在地": "長崎県長崎市新地町８－１６　ミナトパークビル４階", "緯度": 32.741253, "経度": 129.874566, "url": "https://www.iryou.teikyouseido.mhlw.go.jp/znk-web/juminkanja/S2430/initialize?prefCd=42&kikanCd=cna0675&kikanKbn=2", "url2": "http://www.sanwa.or.jp/sanclinic/", "内容": "医療法人清潮会　さんクリニック【2:診療所】【診療科目:精神科_心療内科】長崎県長崎市新地町８－１６　ミナトパークビル４階" }, "geometry": { "type": "Point", "coordinates": [ 129.874566, 32.741253 ] } },
{ "type": "Feature", "properties": { "ID": "422cna0676", "正式名称": "清水皮膚クリニック", "機関区分": 2, "都道府県コード": 42, "市区町村コード": 201, "所在地": "長崎県長崎市小峰町３ー２４", "緯度": 32.782081, "経度": 129.871393, "url": "https://www.iryou.teikyouseido.mhlw.go.jp/znk-web/juminkanja/S2430/initialize?prefCd=42&kikanCd=cna0676&kikanKbn=2", "url2": "http://www.shimizuhifuclinic.com/", "内容": "清水皮膚クリニック【2:診療所】【診療科目:皮膚科_アレルギー科】長崎県長崎市小峰町３ー２４" }, "geometry": { "type": "Point", "coordinates": [ 129.871393, 32.782081 ] } },
{ "type": "Feature", "properties": { "ID": "422cna0678", "正式名称": "医療法人　楓　塚崎整形クリニック", "機関区分": 2, "都道府県コード": 42, "市区町村コード": 201, "所在地": "長崎県長崎市東町１９１８番地１", "緯度": 32.780073, "経度": 129.95456, "url": "https://www.iryou.teikyouseido.mhlw.go.jp/znk-web/juminkanja/S2430/initialize?prefCd=42&kikanCd=cna0678&kikanKbn=2", "url2": "http://www.tsuka-ortho.com/", "内容": "医療法人　楓　塚崎整形クリニック【2:診療所】【診療科目:整形外科_リハビリテーション科】長崎県長崎市東町１９１８番地１" }, "geometry": { "type": "Point", "coordinates": [ 129.95456, 32.780073 ] } },
{ "type": "Feature", "properties": { "ID": "422cna0680", "正式名称": "藤瀬クリニック", "機関区分": 2, "都道府県コード": 42, "市区町村コード": 201, "所在地": "長崎県長崎市住吉町３丁目１番地", "緯度": 32.79136, "経度": 129.861029, "url": "https://www.iryou.teikyouseido.mhlw.go.jp/znk-web/juminkanja/S2430/initialize?prefCd=42&kikanCd=cna0680&kikanKbn=2", "url2": "http://www.fujise-clinic.com", "内容": "藤瀬クリニック【2:診療所】【診療科目:消化器内科_外科_肛門外科】長崎県長崎市住吉町３丁目１番地" }, "geometry": { "type": "Point", "coordinates": [ 129.861029, 32.79136 ] } },
{ "type": "Feature", "properties": { "ID": "422cna0681", "正式名称": "医療法人いなさ内科・胃腸クリニック", "機関区分": 2, "都道府県コード": 42, "市区町村コード": 201, "所在地": "長崎県長崎市弁天町１３ー１２", "緯度": 32.753418, "経度": 129.862162, "url": "https://www.iryou.teikyouseido.mhlw.go.jp/znk-web/juminkanja/S2430/initialize?prefCd=42&kikanCd=cna0681&kikanKbn=2", "url2": "http://inasa-clinic.com/", "内容": "医療法人いなさ内科・胃腸クリニック【2:診療所】【診療科目:内科_胃腸内科_内視鏡内科】長崎県長崎市弁天町１３ー１２" }, "geometry": { "type": "Point", "coordinates": [ 129.862162, 32.753418 ] } },
{ "type": "Feature", "properties": { "ID": "422cna0683", "正式名称": "医療法人　みしま内科・消化器内科クリニック", "機関区分": 2, "都道府県コード": 42, "市区町村コード": 201, "所在地": "長崎県長崎市大手１丁目２８ー１５", "緯度": 32.789244, "経度": 129.875267, "url": "https://www.iryou.teikyouseido.mhlw.go.jp/znk-web/juminkanja/S2430/initialize?prefCd=42&kikanCd=cna0683&kikanKbn=2", "url2": "http://mishima-clinic.com/", "内容": "医療法人　みしま内科・消化器内科クリニック【2:診療所】【診療科目:内科_消化器内科_内視鏡内科】長崎県長崎市大手１丁目２８ー１５" }, "geometry": { "type": "Point", "coordinates": [ 129.875267, 32.789244 ] } },
{ "type": "Feature", "properties": { "ID": "422cna0684", "正式名称": "りゅうキッズクリニック", "機関区分": 2, "都道府県コード": 42, "市区町村コード": 201, "所在地": "長崎県長崎市滑石", "緯度": 32.807688, "経度": 129.84439, "url": "https://www.iryou.teikyouseido.mhlw.go.jp/znk-web/juminkanja/S2430/initialize?prefCd=42&kikanCd=cna0684&kikanKbn=2", "url2": "www.ryukids.jp", "内容": "りゅうキッズクリニック【2:診療所】【診療科目:小児科】長崎県長崎市滑石" }, "geometry": { "type": "Point", "coordinates": [ 129.84439, 32.807688 ] } },
{ "type": "Feature", "properties": { "ID": "422cna0685", "正式名称": "よろずや町クリニック", "機関区分": 2, "都道府県コード": 42, "市区町村コード": 201, "所在地": "長崎県長崎市万屋町２ー１１ー２Ｆ", "緯度": 32.746095, "経度": 129.878877, "url": "https://www.iryou.teikyouseido.mhlw.go.jp/znk-web/juminkanja/S2430/initialize?prefCd=42&kikanCd=cna0685&kikanKbn=2", "url2": "http://www.yorozuyamachi-clinic.com", "内容": "よろずや町クリニック【2:診療所】【診療科目:内科_精神科_心療内科】長崎県長崎市万屋町２ー１１ー２Ｆ" }, "geometry": { "type": "Point", "coordinates": [ 129.878877, 32.746095 ] } },
{ "type": "Feature", "properties": { "ID": "422cna0686", "正式名称": "せいごうクリニック", "機関区分": 2, "都道府県コード": 42, "市区町村コード": 201, "所在地": "長崎県長崎市畝刈町１６１３ー８５ニューポートメディカルビル", "緯度": 32.825517, "経度": 129.776955, "url": "https://www.iryou.teikyouseido.mhlw.go.jp/znk-web/juminkanja/S2430/initialize?prefCd=42&kikanCd=cna0686&kikanKbn=2", "url2": null, "内容": "せいごうクリニック【2:診療所】【診療科目:内科_外科_リハビリテーション科】長崎県長崎市畝刈町１６１３ー８５ニューポートメディカルビル" }, "geometry": { "type": "Point", "coordinates": [ 129.776955, 32.825517 ] } },
{ "type": "Feature", "properties": { "ID": "422cna0687", "正式名称": "医療法人太樹会　のりむらクリニック", "機関区分": 2, "都道府県コード": 42, "市区町村コード": 201, "所在地": "長崎県長崎市葉山１丁目５番２号　浜福ビル２Ｆ・３Ｆ", "緯度": 32.803286, "経度": 129.851655, "url": "https://www.iryou.teikyouseido.mhlw.go.jp/znk-web/juminkanja/S2430/initialize?prefCd=42&kikanCd=cna0687&kikanKbn=2", "url2": "http://norimuraclinic.jp", "内容": "医療法人太樹会　のりむらクリニック【2:診療所】【診療科目:内科_消化器内科_胃腸内科_内視鏡内科_リハビリテーション科】長崎県長崎市葉山１丁目５番２号　浜福ビル２Ｆ・３Ｆ" }, "geometry": { "type": "Point", "coordinates": [ 129.851655, 32.803286 ] } },
{ "type": "Feature", "properties": { "ID": "422cna0688", "正式名称": "山川内科", "機関区分": 2, "都道府県コード": 42, "市区町村コード": 201, "所在地": "長崎県長崎市岩屋町２３－３", "緯度": 32.802686, "経度": 129.851597, "url": "https://www.iryou.teikyouseido.mhlw.go.jp/znk-web/juminkanja/S2430/initialize?prefCd=42&kikanCd=cna0688&kikanKbn=2", "url2": "https://www.yamakawa-naika.net/", "内容": "山川内科【2:診療所】【診療科目:内科_糖尿病・代謝内科】長崎県長崎市岩屋町２３－３" }, "geometry": { "type": "Point", "coordinates": [ 129.851597, 32.802686 ] } },
{ "type": "Feature", "properties": { "ID": "422cna0690", "正式名称": "おがわ皮ふ科・アレルギー科", "機関区分": 2, "都道府県コード": 42, "市区町村コード": 201, "所在地": "長崎県長崎市矢上町４７−３", "緯度": 32.780476, "経度": 129.950929, "url": "https://www.iryou.teikyouseido.mhlw.go.jp/znk-web/juminkanja/S2430/initialize?prefCd=42&kikanCd=cna0690&kikanKbn=2", "url2": null, "内容": "おがわ皮ふ科・アレルギー科【2:診療所】【診療科目:皮膚科_アレルギー科】長崎県長崎市矢上町４７−３" }, "geometry": { "type": "Point", "coordinates": [ 129.950929, 32.780476 ] } },
{ "type": "Feature", "properties": { "ID": "422cna0691", "正式名称": "サイノオ脳神経外科", "機関区分": 2, "都道府県コード": 42, "市区町村コード": 201, "所在地": "長崎県長崎市築町５ー１４トラッド中央橋２階", "緯度": 32.744589, "経度": 129.875932, "url": "https://www.iryou.teikyouseido.mhlw.go.jp/znk-web/juminkanja/S2430/initialize?prefCd=42&kikanCd=cna0691&kikanKbn=2", "url2": "https://www.saino-ns.com/", "内容": "サイノオ脳神経外科【2:診療所】【診療科目:神経内科_脳神経外科_リハビリテーション科】長崎県長崎市築町５ー１４トラッド中央橋２階" }, "geometry": { "type": "Point", "coordinates": [ 129.875932, 32.744589 ] } },
{ "type": "Feature", "properties": { "ID": "422cna0692", "正式名称": "長崎血管外科クリニック", "機関区分": 2, "都道府県コード": 42, "市区町村コード": 201, "所在地": "長崎県長崎市樺島町１－２", "緯度": 32.747232, "経度": 129.872595, "url": "https://www.iryou.teikyouseido.mhlw.go.jp/znk-web/juminkanja/S2430/initialize?prefCd=42&kikanCd=cna0692&kikanKbn=2", "url2": "http://nvs.clinic", "内容": "長崎血管外科クリニック【2:診療所】【診療科目:循環器内科_心臓血管外科】長崎県長崎市樺島町１－２" }, "geometry": { "type": "Point", "coordinates": [ 129.872595, 32.747232 ] } },
{ "type": "Feature", "properties": { "ID": "422cna0693", "正式名称": "しまながクリニック", "機関区分": 2, "都道府県コード": 42, "市区町村コード": 201, "所在地": "長崎県長崎市興善町４番５号カクヨウＢＬＤ．２Ｆ", "緯度": 32.748255, "経度": 129.876174, "url": "https://www.iryou.teikyouseido.mhlw.go.jp/znk-web/juminkanja/S2430/initialize?prefCd=42&kikanCd=cna0693&kikanKbn=2", "url2": "http://shima-cl.jp/", "内容": "しまながクリニック【2:診療所】【診療科目:精神科_心療内科】長崎県長崎市興善町４番５号カクヨウＢＬＤ．２Ｆ" }, "geometry": { "type": "Point", "coordinates": [ 129.876174, 32.748255 ] } },
{ "type": "Feature", "properties": { "ID": "422cna0694", "正式名称": "ひさまつ腎・泌尿器科クリニック", "機関区分": 2, "都道府県コード": 42, "市区町村コード": 201, "所在地": "長崎県長崎市銅座町ＮＫイリスビル２階", "緯度": 32.74288, "経度": 129.875309, "url": "https://www.iryou.teikyouseido.mhlw.go.jp/znk-web/juminkanja/S2430/initialize?prefCd=42&kikanCd=cna0694&kikanKbn=2", "url2": "http://hisamatsu-urology.com/", "内容": "ひさまつ腎・泌尿器科クリニック【2:診療所】【診療科目:小児泌尿器科_泌尿器科_男性泌尿器科_神経泌尿器科_腎臓・泌尿器科】長崎県長崎市銅座町ＮＫイリスビル２階" }, "geometry": { "type": "Point", "coordinates": [ 129.875309, 32.74288 ] } },
{ "type": "Feature", "properties": { "ID": "422cna0698", "正式名称": "ももスキンクリニック", "機関区分": 2, "都道府県コード": 42, "市区町村コード": 201, "所在地": "長崎県長崎市鍛冶屋町２－１１銀嶺ビル２階", "緯度": 32.744288, "経度": 129.880772, "url": "https://www.iryou.teikyouseido.mhlw.go.jp/znk-web/juminkanja/S2430/initialize?prefCd=42&kikanCd=cna0698&kikanKbn=2", "url2": "http://www.momo-skin.com/", "内容": "ももスキンクリニック【2:診療所】【診療科目:形成外科_皮膚科_美容皮膚科】長崎県長崎市鍛冶屋町２－１１銀嶺ビル２階" }, "geometry": { "type": "Point", "coordinates": [ 129.880772, 32.744288 ] } },
{ "type": "Feature", "properties": { "ID": "422cna0700", "正式名称": "医療法人徳心会いしまる耳鼻咽喉科", "機関区分": 2, "都道府県コード": 42, "市区町村コード": 201, "所在地": "長崎県長崎市文教町７ー１１ー１０２", "緯度": 32.79011, "経度": 129.87086, "url": "https://www.iryou.teikyouseido.mhlw.go.jp/znk-web/juminkanja/S2430/initialize?prefCd=42&kikanCd=cna0700&kikanKbn=2", "url2": "http://ishimaru-jibika.jp/", "内容": "医療法人徳心会いしまる耳鼻咽喉科【2:診療所】【診療科目:耳鼻いんこう科】長崎県長崎市文教町７ー１１ー１０２" }, "geometry": { "type": "Point", "coordinates": [ 129.87086, 32.79011 ] } },
{ "type": "Feature", "properties": { "ID": "422cna0701", "正式名称": "いまむらウィミンズクリニック", "機関区分": 2, "都道府県コード": 42, "市区町村コード": 201, "所在地": "長崎県長崎市大浦町", "緯度": 32.737996, "経度": 129.871039, "url": "https://www.iryou.teikyouseido.mhlw.go.jp/znk-web/juminkanja/S2430/initialize?prefCd=42&kikanCd=cna0701&kikanKbn=2", "url2": "http://imamura-womens-clinic.com/", "内容": "いまむらウィミンズクリニック【2:診療所】【診療科目:産婦人科】長崎県長崎市大浦町" }, "geometry": { "type": "Point", "coordinates": [ 129.871039, 32.737996 ] } },
{ "type": "Feature", "properties": { "ID": "422cna0706", "正式名称": "すみよし内科　内分泌・代謝クリニック", "機関区分": 2, "都道府県コード": 42, "市区町村コード": 201, "所在地": "長崎県長崎市住吉町３－１８", "緯度": 32.791492, "経度": 129.861796, "url": "https://www.iryou.teikyouseido.mhlw.go.jp/znk-web/juminkanja/S2430/initialize?prefCd=42&kikanCd=cna0706&kikanKbn=2", "url2": "http://www.sumiyoshinaika.jp/", "内容": "すみよし内科　内分泌・代謝クリニック【2:診療所】【診療科目:内科_代謝内科_内分泌内科】長崎県長崎市住吉町３－１８" }, "geometry": { "type": "Point", "coordinates": [ 129.861796, 32.791492 ] } },
{ "type": "Feature", "properties": { "ID": "422cna0707", "正式名称": "みきクリニック", "機関区分": 2, "都道府県コード": 42, "市区町村コード": 201, "所在地": "長崎県長崎市横尾１－１０－３", "緯度": 32.811481, "経度": 129.837152, "url": "https://www.iryou.teikyouseido.mhlw.go.jp/znk-web/juminkanja/S2430/initialize?prefCd=42&kikanCd=cna0707&kikanKbn=2", "url2": "https://miki-uro-clinic.com", "内容": "みきクリニック【2:診療所】【診療科目:美容皮膚科_泌尿器科】長崎県長崎市横尾１－１０－３" }, "geometry": { "type": "Point", "coordinates": [ 129.837152, 32.811481 ] } },
{ "type": "Feature", "properties": { "ID": "422cna0708", "正式名称": "もとしま内科", "機関区分": 2, "都道府県コード": 42, "市区町村コード": 201, "所在地": "長崎県長崎市矢上町２５ー１", "緯度": 32.776913, "経度": 129.952034, "url": "https://www.iryou.teikyouseido.mhlw.go.jp/znk-web/juminkanja/S2430/initialize?prefCd=42&kikanCd=cna0708&kikanKbn=2", "url2": null, "内容": "もとしま内科【2:診療所】【診療科目:内科_呼吸器内科_アレルギー科】長崎県長崎市矢上町２５ー１" }, "geometry": { "type": "Point", "coordinates": [ 129.952034, 32.776913 ] } },
{ "type": "Feature", "properties": { "ID": "422cna0709", "正式名称": "医療法人なかしま内科クリニック", "機関区分": 2, "都道府県コード": 42, "市区町村コード": 201, "所在地": "長崎県長崎市葉山１丁目２８番１５号", "緯度": 32.805372, "経度": 129.849574, "url": "https://www.iryou.teikyouseido.mhlw.go.jp/znk-web/juminkanja/S2430/initialize?prefCd=42&kikanCd=cna0709&kikanKbn=2", "url2": "https://nakashima-naika.com/", "内容": "医療法人なかしま内科クリニック【2:診療所】【診療科目:内科_糖尿病内科_循環器内科】長崎県長崎市葉山１丁目２８番１５号" }, "geometry": { "type": "Point", "coordinates": [ 129.849574, 32.805372 ] } },
{ "type": "Feature", "properties": { "ID": "422cna0710", "正式名称": "松元リカバリークリニック", "機関区分": 2, "都道府県コード": 42, "市区町村コード": 201, "所在地": "長崎県長崎市勝山町１０ー１", "緯度": 32.751052, "経度": 129.880531, "url": "https://www.iryou.teikyouseido.mhlw.go.jp/znk-web/juminkanja/S2430/initialize?prefCd=42&kikanCd=cna0710&kikanKbn=2", "url2": "https://www.recoveryclinic.jp", "内容": "松元リカバリークリニック【2:診療所】【診療科目:精神科_心療内科】長崎県長崎市勝山町１０ー１" }, "geometry": { "type": "Point", "coordinates": [ 129.880531, 32.751052 ] } },
{ "type": "Feature", "properties": { "ID": "422cna0711", "正式名称": "おおの乳腺・甲状腺クリニック", "機関区分": 2, "都道府県コード": 42, "市区町村コード": 201, "所在地": "長崎県長崎市金屋町２ー７坂本屋ビル３階", "緯度": 32.748563, "経度": 129.873963, "url": "https://www.iryou.teikyouseido.mhlw.go.jp/znk-web/juminkanja/S2430/initialize?prefCd=42&kikanCd=cna0711&kikanKbn=2", "url2": "https://ohno-clinic.info", "内容": "おおの乳腺・甲状腺クリニック【2:診療所】【診療科目:内分泌内科_外科_乳腺外科_乳腺・内分泌外科】長崎県長崎市金屋町２ー７坂本屋ビル３階" }, "geometry": { "type": "Point", "coordinates": [ 129.873963, 32.748563 ] } },
{ "type": "Feature", "properties": { "ID": "422cna0712", "正式名称": "呼吸器内科アレルギー科内科いわさきＪクリニック", "機関区分": 2, "都道府県コード": 42, "市区町村コード": 201, "所在地": "長崎県長崎市上町１－２７－１０１", "緯度": 32.751092, "経度": 129.877455, "url": "https://www.iryou.teikyouseido.mhlw.go.jp/znk-web/juminkanja/S2430/initialize?prefCd=42&kikanCd=cna0712&kikanKbn=2", "url2": "www.iwasakijclinic.com", "内容": "呼吸器内科アレルギー科内科いわさきＪクリニック【2:診療所】【診療科目:内科_呼吸器内科_アレルギー疾患内科】長崎県長崎市上町１－２７－１０１" }, "geometry": { "type": "Point", "coordinates": [ 129.877455, 32.751092 ] } },
{ "type": "Feature", "properties": { "ID": "422cna0713", "正式名称": "はたち耳鼻咽喉科クリニック", "機関区分": 2, "都道府県コード": 42, "市区町村コード": 201, "所在地": "長崎県長崎市新戸町３丁目２６－３", "緯度": 32.709739, "経度": 129.864401, "url": "https://www.iryou.teikyouseido.mhlw.go.jp/znk-web/juminkanja/S2430/initialize?prefCd=42&kikanCd=cna0713&kikanKbn=2", "url2": null, "内容": "はたち耳鼻咽喉科クリニック【2:診療所】【診療科目:耳鼻いんこう科】長崎県長崎市新戸町３丁目２６－３" }, "geometry": { "type": "Point", "coordinates": [ 129.864401, 32.709739 ] } },
{ "type": "Feature", "properties": { "ID": "422cna0714", "正式名称": "かせ耳鼻咽喉科", "機関区分": 2, "都道府県コード": 42, "市区町村コード": 201, "所在地": "長崎県長崎市矢上町３－２４", "緯度": 32.771931, "経度": 129.949103, "url": "https://www.iryou.teikyouseido.mhlw.go.jp/znk-web/juminkanja/S2430/initialize?prefCd=42&kikanCd=cna0714&kikanKbn=2", "url2": "https://www.kase-ent.net", "内容": "かせ耳鼻咽喉科【2:診療所】【診療科目:耳鼻いんこう科】長崎県長崎市矢上町３－２４" }, "geometry": { "type": "Point", "coordinates": [ 129.949103, 32.771931 ] } },
{ "type": "Feature", "properties": { "ID": "422cna0716", "正式名称": "社会医療法人春回会　春回会クリニック", "機関区分": 2, "都道府県コード": 42, "市区町村コード": 201, "所在地": "長崎県長崎市目覚町７－２　ＨＣＳ長崎ビル６階", "緯度": 32.764667, "経度": 129.864712, "url": "https://www.iryou.teikyouseido.mhlw.go.jp/znk-web/juminkanja/S2430/initialize?prefCd=42&kikanCd=cna0716&kikanKbn=2", "url2": "http://www.shunkaikai.jp/medical/", "内容": "社会医療法人春回会　春回会クリニック【2:診療所】【診療科目:内科_乳腺外科_婦人科_放射線科】長崎県長崎市目覚町７－２　ＨＣＳ長崎ビル６階" }, "geometry": { "type": "Point", "coordinates": [ 129.864712, 32.764667 ] } },
{ "type": "Feature", "properties": { "ID": "422cna0718", "正式名称": "あしざわ内科", "機関区分": 2, "都道府県コード": 42, "市区町村コード": 201, "所在地": "長崎県長崎市小峰町３－１３ー２Ｆ", "緯度": 32.782046, "経度": 129.871251, "url": "https://www.iryou.teikyouseido.mhlw.go.jp/znk-web/juminkanja/S2430/initialize?prefCd=42&kikanCd=cna0718&kikanKbn=2", "url2": null, "内容": "あしざわ内科【2:診療所】【診療科目:内科_腎臓内科】長崎県長崎市小峰町３－１３ー２Ｆ" }, "geometry": { "type": "Point", "coordinates": [ 129.871251, 32.782046 ] } },
{ "type": "Feature", "properties": { "ID": "422cna0719", "正式名称": "なかやま内科診療所", "機関区分": 2, "都道府県コード": 42, "市区町村コード": 201, "所在地": "長崎県長崎市浜町３ー２０浜町くまビル６階", "緯度": 32.744377, "経度": 129.878317, "url": "https://www.iryou.teikyouseido.mhlw.go.jp/znk-web/juminkanja/S2430/initialize?prefCd=42&kikanCd=cna0719&kikanKbn=2", "url2": null, "内容": "なかやま内科診療所【2:診療所】【診療科目:内科_呼吸器内科_心臓内科】長崎県長崎市浜町３ー２０浜町くまビル６階" }, "geometry": { "type": "Point", "coordinates": [ 129.878317, 32.744377 ] } },
{ "type": "Feature", "properties": { "ID": "422cna0721", "正式名称": "医療法人明幸会やまだ眼科クリニック", "機関区分": 2, "都道府県コード": 42, "市区町村コード": 201, "所在地": "長崎県長崎市浜町３番２０号　浜町くまビル４階", "緯度": 32.744377, "経度": 129.878317, "url": "https://www.iryou.teikyouseido.mhlw.go.jp/znk-web/juminkanja/S2430/initialize?prefCd=42&kikanCd=cna0721&kikanKbn=2", "url2": "https://yamada-eye.jp/", "内容": "医療法人明幸会やまだ眼科クリニック【2:診療所】【診療科目:眼科】長崎県長崎市浜町３番２０号　浜町くまビル４階" }, "geometry": { "type": "Point", "coordinates": [ 129.878317, 32.744377 ] } },
{ "type": "Feature", "properties": { "ID": "422cna0722", "正式名称": "いなもと眼科", "機関区分": 2, "都道府県コード": 42, "市区町村コード": 201, "所在地": "長崎県長崎市中川１丁目３番７号", "緯度": 32.751738, "経度": 129.892521, "url": "https://www.iryou.teikyouseido.mhlw.go.jp/znk-web/juminkanja/S2430/initialize?prefCd=42&kikanCd=cna0722&kikanKbn=2", "url2": "inamoto-ganka.net", "内容": "いなもと眼科【2:診療所】【診療科目:眼科】長崎県長崎市中川１丁目３番７号" }, "geometry": { "type": "Point", "coordinates": [ 129.892521, 32.751738 ] } },
{ "type": "Feature", "properties": { "ID": "422cna0724", "正式名称": "おのクリニック", "機関区分": 2, "都道府県コード": 42, "市区町村コード": 201, "所在地": "長崎県長崎市桶屋町２９番１号　ネクサスコネクト桶屋町３階", "緯度": 32.75096, "経度": 129.878653, "url": "https://www.iryou.teikyouseido.mhlw.go.jp/znk-web/juminkanja/S2430/initialize?prefCd=42&kikanCd=cna0724&kikanKbn=2", "url2": "https://ono-clinic-nagasaki.com", "内容": "おのクリニック【2:診療所】【診療科目:精神科_心療内科】長崎県長崎市桶屋町２９番１号　ネクサスコネクト桶屋町３階" }, "geometry": { "type": "Point", "coordinates": [ 129.878653, 32.75096 ] } },
{ "type": "Feature", "properties": { "ID": "422cna0727", "正式名称": "エミナルクリニック長崎院", "機関区分": 2, "都道府県コード": 42, "市区町村コード": 201, "所在地": "長崎県長崎市浜町３－２０浜町くまビル３階", "緯度": 32.743756, "経度": 129.876514, "url": "https://www.iryou.teikyouseido.mhlw.go.jp/znk-web/juminkanja/S2430/initialize?prefCd=42&kikanCd=cna0727&kikanKbn=2", "url2": "https://eminal-clinic.jp/clinic/c_nagasaki/", "内容": "エミナルクリニック長崎院【2:診療所】【診療科目:美容皮膚科】長崎県長崎市浜町３－２０浜町くまビル３階" }, "geometry": { "type": "Point", "coordinates": [ 129.876514, 32.743756 ] } },
{ "type": "Feature", "properties": { "ID": "422cna0728", "正式名称": "ますだ内科消化器内科クリニック", "機関区分": 2, "都道府県コード": 42, "市区町村コード": 201, "所在地": "長崎県長崎市葉山１丁目６番１号　道の尾クリニックビル　２階", "緯度": 32.804017, "経度": 129.851063, "url": "https://www.iryou.teikyouseido.mhlw.go.jp/znk-web/juminkanja/S2430/initialize?prefCd=42&kikanCd=cna0728&kikanKbn=2", "url2": "https://masuda-naika.jp", "内容": "ますだ内科消化器内科クリニック【2:診療所】【診療科目:内科_消化器内科_胃腸内科_内視鏡内科】長崎県長崎市葉山１丁目６番１号　道の尾クリニックビル　２階" }, "geometry": { "type": "Point", "coordinates": [ 129.851063, 32.804017 ] } },
{ "type": "Feature", "properties": { "ID": "422cna0729", "正式名称": "ますみクリニック", "機関区分": 2, "都道府県コード": 42, "市区町村コード": 201, "所在地": "長崎県長崎市戸町２丁目２０－５７　ベアビル１０１", "緯度": 32.72038, "経度": 129.867117, "url": "https://www.iryou.teikyouseido.mhlw.go.jp/znk-web/juminkanja/S2430/initialize?prefCd=42&kikanCd=cna0729&kikanKbn=2", "url2": "https://masumi-clinic.com", "内容": "ますみクリニック【2:診療所】【診療科目:内科_女性内科】長崎県長崎市戸町２丁目２０－５７　ベアビル１０１" }, "geometry": { "type": "Point", "coordinates": [ 129.867117, 32.72038 ] } },
{ "type": "Feature", "properties": { "ID": "422cna0730", "正式名称": "ながさきひまわり眼科", "機関区分": 2, "都道府県コード": 42, "市区町村コード": 201, "所在地": "長崎県長崎市元船町１０―１　ゆめタウン夢彩都２Ｆ", "緯度": 32.746356, "経度": 129.869966, "url": "https://www.iryou.teikyouseido.mhlw.go.jp/znk-web/juminkanja/S2430/initialize?prefCd=42&kikanCd=cna0730&kikanKbn=2", "url2": "https://nagasakihimawari.navi-clinic.jp/", "内容": "ながさきひまわり眼科【2:診療所】【診療科目:眼科】長崎県長崎市元船町１０―１　ゆめタウン夢彩都２Ｆ" }, "geometry": { "type": "Point", "coordinates": [ 129.869966, 32.746356 ] } },
{ "type": "Feature", "properties": { "ID": "422cna0731", "正式名称": "医療法人　緑十字会　高原中央医院", "機関区分": 2, "都道府県コード": 42, "市区町村コード": 201, "所在地": "長崎県長崎市諏訪町６番２４号", "緯度": 32.746971, "経度": 129.880768, "url": "https://www.iryou.teikyouseido.mhlw.go.jp/znk-web/juminkanja/S2430/initialize?prefCd=42&kikanCd=cna0731&kikanKbn=2", "url2": "http://www.takahara-cl.com/", "内容": "医療法人　緑十字会　高原中央医院【2:診療所】【診療科目:内科_呼吸器内科_循環器内科_消化器内科_神経内科_リウマチ科】長崎県長崎市諏訪町６番２４号" }, "geometry": { "type": "Point", "coordinates": [ 129.880768, 32.746971 ] } },
{ "type": "Feature", "properties": { "ID": "422cna0732", "正式名称": "まさき内科呼吸器クリニック", "機関区分": 2, "都道府県コード": 42, "市区町村コード": 201, "所在地": "長崎県長崎市銅座町５番７号　サイイノオビル３階", "緯度": 32.743281, "経度": 129.876701, "url": "https://www.iryou.teikyouseido.mhlw.go.jp/znk-web/juminkanja/S2430/initialize?prefCd=42&kikanCd=cna0732&kikanKbn=2", "url2": null, "内容": "まさき内科呼吸器クリニック【2:診療所】【診療科目:内科_感染症内科_呼吸器内科_アレルギー科_リハビリテーション科】長崎県長崎市銅座町５番７号　サイイノオビル３階" }, "geometry": { "type": "Point", "coordinates": [ 129.876701, 32.743281 ] } },
{ "type": "Feature", "properties": { "ID": "422cna0733", "正式名称": "Ｔ・Ｉクリニック長崎　乳腺外科・婦人科", "機関区分": 2, "都道府県コード": 42, "市区町村コード": 201, "所在地": "長崎県長崎市八千代町１－８ロフィス長崎駅東通り１階２階", "緯度": 32.75466, "経度": 129.87019, "url": "https://www.iryou.teikyouseido.mhlw.go.jp/znk-web/juminkanja/S2430/initialize?prefCd=42&kikanCd=cna0733&kikanKbn=2", "url2": "https://t-i-clinic-nagasaki.com/", "内容": "Ｔ・Ｉクリニック長崎　乳腺外科・婦人科【2:診療所】【診療科目:乳腺外科_肛門外科_形成外科_婦人科_美容皮膚科】長崎県長崎市八千代町１－８ロフィス長崎駅東通り１階２階" }, "geometry": { "type": "Point", "coordinates": [ 129.87019, 32.75466 ] } },
{ "type": "Feature", "properties": { "ID": "422cna0734", "正式名称": "滑石まごころクリニック岩永内科", "機関区分": 2, "都道府県コード": 42, "市区町村コード": 201, "所在地": "長崎県長崎市滑石５丁目５番２４号", "緯度": 32.805637, "経度": 129.833885, "url": "https://www.iryou.teikyouseido.mhlw.go.jp/znk-web/juminkanja/S2430/initialize?prefCd=42&kikanCd=cna0734&kikanKbn=2", "url2": "https://website2.infomity.net/8370000256/", "内容": "滑石まごころクリニック岩永内科【2:診療所】【診療科目:内科】長崎県長崎市滑石５丁目５番２４号" }, "geometry": { "type": "Point", "coordinates": [ 129.833885, 32.805637 ] } },
{ "type": "Feature", "properties": { "ID": "422cna0735", "正式名称": "医療法人慈恵会　山崎医院", "機関区分": 2, "都道府県コード": 42, "市区町村コード": 201, "所在地": "長崎県長崎市四杖町１７３８番地３", "緯度": 32.78819, "経度": 129.790725, "url": "https://www.iryou.teikyouseido.mhlw.go.jp/znk-web/juminkanja/S2430/initialize?prefCd=42&kikanCd=cna0735&kikanKbn=2", "url2": null, "内容": "医療法人慈恵会　山崎医院【2:診療所】【診療科目:内科_外科】長崎県長崎市四杖町１７３８番地３" }, "geometry": { "type": "Point", "coordinates": [ 129.790725, 32.78819 ] } },
{ "type": "Feature", "properties": { "ID": "422cna0736", "正式名称": "はらだキッズクリニック", "機関区分": 2, "都道府県コード": 42, "市区町村コード": 201, "所在地": "長崎県長崎市尾上町８－４４", "緯度": 32.753842, "経度": 129.870214, "url": "https://www.iryou.teikyouseido.mhlw.go.jp/znk-web/juminkanja/S2430/initialize?prefCd=42&kikanCd=cna0736&kikanKbn=2", "url2": "https://harada-kids.clinic/", "内容": "はらだキッズクリニック【2:診療所】【診療科目:小児科】長崎県長崎市尾上町８－４４" }, "geometry": { "type": "Point", "coordinates": [ 129.870214, 32.753842 ] } },
{ "type": "Feature", "properties": { "ID": "422cna0737", "正式名称": "志田泌尿器クリニック", "機関区分": 2, "都道府県コード": 42, "市区町村コード": 201, "所在地": "長崎県長崎市尾上町８番４４号　酒井クリニックビル", "緯度": 32.753806, "経度": 129.870329, "url": "https://www.iryou.teikyouseido.mhlw.go.jp/znk-web/juminkanja/S2430/initialize?prefCd=42&kikanCd=cna0737&kikanKbn=2", "url2": null, "内容": "志田泌尿器クリニック【2:診療所】【診療科目:泌尿器科_男性泌尿器科】長崎県長崎市尾上町８番４４号　酒井クリニックビル" }, "geometry": { "type": "Point", "coordinates": [ 129.870329, 32.753806 ] } },
{ "type": "Feature", "properties": { "ID": "422cna0738", "正式名称": "かまだ脳神経外科　長崎駅前クリニック", "機関区分": 2, "都道府県コード": 42, "市区町村コード": 201, "所在地": "長崎県長崎市尾上町８番４４号", "緯度": 32.754521, "経度": 129.869162, "url": "https://www.iryou.teikyouseido.mhlw.go.jp/znk-web/juminkanja/S2430/initialize?prefCd=42&kikanCd=cna0738&kikanKbn=2", "url2": "https://kamada-nouge.com/", "内容": "かまだ脳神経外科　長崎駅前クリニック【2:診療所】【診療科目:神経内科_脳神経外科】長崎県長崎市尾上町８番４４号" }, "geometry": { "type": "Point", "coordinates": [ 129.869162, 32.754521 ] } },
{ "type": "Feature", "properties": { "ID": "422cna0740", "正式名称": "湘南美容クリニック長崎院", "機関区分": 2, "都道府県コード": 42, "市区町村コード": 201, "所在地": "長崎県長崎市尾上町１番１号アミュプラザ長崎　新館４階", "緯度": 32.752543, "経度": 129.869475, "url": "https://www.iryou.teikyouseido.mhlw.go.jp/znk-web/juminkanja/S2430/initialize?prefCd=42&kikanCd=cna0740&kikanKbn=2", "url2": "https://www.s-b-c.net/clinic/branch/nagasaki/", "内容": "湘南美容クリニック長崎院【2:診療所】【診療科目:美容外科_美容皮膚科】長崎県長崎市尾上町１番１号アミュプラザ長崎　新館４階" }, "geometry": { "type": "Point", "coordinates": [ 129.869475, 32.752543 ] } },
{ "type": "Feature", "properties": { "ID": "422cna0741", "正式名称": "ＴＣＢ　東京中央美容外科・ＴＣＢ　スキンクリニック　長崎院", "機関区分": 2, "都道府県コード": 42, "市区町村コード": 201, "所在地": "長崎県長崎市大黒町１４−５ニュー長崎ビルディング２階", "緯度": 32.752193, "経度": 129.87216, "url": "https://www.iryou.teikyouseido.mhlw.go.jp/znk-web/juminkanja/S2430/initialize?prefCd=42&kikanCd=cna0741&kikanKbn=2", "url2": null, "内容": "ＴＣＢ　東京中央美容外科・ＴＣＢ　スキンクリニック　長崎院【2:診療所】【診療科目:形成外科_美容外科_皮膚科_美容皮膚科】長崎県長崎市大黒町１４−５ニュー長崎ビルディング２階" }, "geometry": { "type": "Point", "coordinates": [ 129.87216, 32.752193 ] } },
{ "type": "Feature", "properties": { "ID": "422cna0748", "正式名称": "医療法人ＲＡながさき内科・リウマチ科医院", "機関区分": 2, "都道府県コード": 42, "市区町村コード": 201, "所在地": "長崎県長崎市油屋町１番２１号", "緯度": 32.742179, "経度": 129.881566, "url": "https://www.iryou.teikyouseido.mhlw.go.jp/znk-web/juminkanja/S2430/initialize?prefCd=42&kikanCd=cna0748&kikanKbn=2", "url2": "http://www.nagasaki-ra.or.jp/", "内容": "医療法人ＲＡながさき内科・リウマチ科医院【2:診療所】【診療科目:内科_リウマチ科_リハビリテーション科】長崎県長崎市油屋町１番２１号" }, "geometry": { "type": "Point", "coordinates": [ 129.881566, 32.742179 ] } },
{ "type": "Feature", "properties": { "ID": "422cna0749", "正式名称": "東京ノーストクリニック", "機関区分": 2, "都道府県コード": 42, "市区町村コード": 201, "所在地": "長崎県長崎市浜町７－１ベリービー５２　４Ｆ", "緯度": 32.743703, "経度": 129.880308, "url": "https://www.iryou.teikyouseido.mhlw.go.jp/znk-web/juminkanja/S2430/initialize?prefCd=42&kikanCd=cna0749&kikanKbn=2", "url2": null, "内容": "東京ノーストクリニック【2:診療所】【診療科目:形成外科_泌尿器科】長崎県長崎市浜町７－１ベリービー５２　４Ｆ" }, "geometry": { "type": "Point", "coordinates": [ 129.880308, 32.743703 ] } },
{ "type": "Feature", "properties": { "ID": "422cna0760", "正式名称": "山の手東長崎クリニック", "機関区分": 2, "都道府県コード": 42, "市区町村コード": 201, "所在地": "長崎県長崎市矢上町２－２", "緯度": 32.77156, "経度": 129.950467, "url": "https://www.iryou.teikyouseido.mhlw.go.jp/znk-web/juminkanja/S2430/initialize?prefCd=42&kikanCd=cna0760&kikanKbn=2", "url2": null, "内容": "山の手東長崎クリニック【2:診療所】【診療科目:精神科_心療内科】長崎県長崎市矢上町２－２" }, "geometry": { "type": "Point", "coordinates": [ 129.950467, 32.77156 ] } },
{ "type": "Feature", "properties": { "ID": "422cna0762", "正式名称": "長崎クリニック浜町", "機関区分": 2, "都道府県コード": 42, "市区町村コード": 201, "所在地": "長崎県長崎市浜町１１−２７浜町伊集院ビル５Ｆ", "緯度": 32.743393, "経度": 129.880103, "url": "https://www.iryou.teikyouseido.mhlw.go.jp/znk-web/juminkanja/S2430/initialize?prefCd=42&kikanCd=cna0762&kikanKbn=2", "url2": "https://ngskclinic.com ; https//q-pill.com/lp/ ; https//q-pill.com/", "内容": "長崎クリニック浜町【2:診療所】【診療科目:漢方内科】長崎県長崎市浜町１１−２７浜町伊集院ビル５Ｆ" }, "geometry": { "type": "Point", "coordinates": [ 129.880103, 32.743393 ] } },
{ "type": "Feature", "properties": { "ID": "422cna0765", "正式名称": "ふじやま耳鼻咽喉科", "機関区分": 2, "都道府県コード": 42, "市区町村コード": 201, "所在地": "長崎県長崎市川口町１番４９号ＩＥＳＨＩＴＡ　２Ｆ", "緯度": 32.765641, "経度": 129.863616, "url": "https://www.iryou.teikyouseido.mhlw.go.jp/znk-web/juminkanja/S2430/initialize?prefCd=42&kikanCd=cna0765&kikanKbn=2", "url2": null, "内容": "ふじやま耳鼻咽喉科【2:診療所】【診療科目:耳鼻いんこう科】長崎県長崎市川口町１番４９号ＩＥＳＨＩＴＡ　２Ｆ" }, "geometry": { "type": "Point", "coordinates": [ 129.863616, 32.765641 ] } },
{ "type": "Feature", "properties": { "ID": "422cna0770", "正式名称": "医療法人　民英会　すぎやま内科・消化器科", "機関区分": 2, "都道府県コード": 42, "市区町村コード": 201, "所在地": "長崎県長崎市千歳町６－１", "緯度": 32.788408, "経度": 129.861933, "url": "https://www.iryou.teikyouseido.mhlw.go.jp/znk-web/juminkanja/S2430/initialize?prefCd=42&kikanCd=cna0770&kikanKbn=2", "url2": "http://sugiyama-clinic.net/", "内容": "医療法人　民英会　すぎやま内科・消化器科【2:診療所】【診療科目:内科_消化器内科_胃腸内科】長崎県長崎市千歳町６－１" }, "geometry": { "type": "Point", "coordinates": [ 129.861933, 32.788408 ] } },
{ "type": "Feature", "properties": { "ID": "422cna9006", "正式名称": "地方職員共済組合長崎県診療所", "機関区分": 2, "都道府県コード": 42, "市区町村コード": 201, "所在地": "長崎県長崎市尾上町３番１号", "緯度": 32.750003, "経度": 129.867394, "url": "https://www.iryou.teikyouseido.mhlw.go.jp/znk-web/juminkanja/S2430/initialize?prefCd=42&kikanCd=cna9006&kikanKbn=2", "url2": null, "内容": "地方職員共済組合長崎県診療所【2:診療所】【診療科目:内科】長崎県長崎市尾上町３番１号" }, "geometry": { "type": "Point", "coordinates": [ 129.867394, 32.750003 ] } },
{ "type": "Feature", "properties": { "ID": "422cni0001", "正式名称": "医療法人田中クリニック", "機関区分": 2, "都道府県コード": 42, "市区町村コード": 212, "所在地": "長崎県西海市西彼町喰場郷１３２４番地２", "緯度": 32.988699, "経度": 129.766663, "url": "https://www.iryou.teikyouseido.mhlw.go.jp/znk-web/juminkanja/S2430/initialize?prefCd=42&kikanCd=cni0001&kikanKbn=2", "url2": null, "内容": "医療法人田中クリニック【2:診療所】【診療科目:胃腸内科_外科_肛門外科_リハビリテーション科】長崎県西海市西彼町喰場郷１３２４番地２" }, "geometry": { "type": "Point", "coordinates": [ 129.766663, 32.988699 ] } },
{ "type": "Feature", "properties": { "ID": "422cni0005", "正式名称": "井川内科医院", "機関区分": 2, "都道府県コード": 42, "市区町村コード": 307, "所在地": "長崎県西彼杵郡長与町２０２２ー７", "緯度": 32.825224, "経度": 129.875002, "url": "https://www.iryou.teikyouseido.mhlw.go.jp/znk-web/juminkanja/S2430/initialize?prefCd=42&kikanCd=cni0005&kikanKbn=2", "url2": "http://www.mmjp.or.jp/nishisonogi-med/annai/kobetu/nagayo/igawa/igawa.htm", "内容": "井川内科医院【2:診療所】【診療科目:内科_小児科_リウマチ科_放射線科】長崎県西彼杵郡長与町２０２２ー７" }, "geometry": { "type": "Point", "coordinates": [ 129.875002, 32.825224 ] } },
{ "type": "Feature", "properties": { "ID": "422cni0007", "正式名称": "もとかわ耳鼻咽喉科", "機関区分": 2, "都道府県コード": 42, "市区町村コード": 308, "所在地": "長崎県西彼杵郡時津町浜田郷１２－３", "緯度": 32.82976, "経度": 129.852145, "url": "https://www.iryou.teikyouseido.mhlw.go.jp/znk-web/juminkanja/S2430/initialize?prefCd=42&kikanCd=cni0007&kikanKbn=2", "url2": null, "内容": "もとかわ耳鼻咽喉科【2:診療所】【診療科目:耳鼻いんこう科_アレルギー科】長崎県西彼杵郡時津町浜田郷１２－３" }, "geometry": { "type": "Point", "coordinates": [ 129.852145, 32.82976 ] } },
{ "type": "Feature", "properties": { "ID": "422cni0011", "正式名称": "医療法人篤和たいら医院", "機関区分": 2, "都道府県コード": 42, "市区町村コード": 212, "所在地": "長崎県西海市西海町木場郷５２８ー２", "緯度": 33.045829, "経度": 129.698188, "url": "https://www.iryou.teikyouseido.mhlw.go.jp/znk-web/juminkanja/S2430/initialize?prefCd=42&kikanCd=cni0011&kikanKbn=2", "url2": null, "内容": "医療法人篤和たいら医院【2:診療所】【診療科目:呼吸器内科_循環器内科_胃腸内科_外科】長崎県西海市西海町木場郷５２８ー２" }, "geometry": { "type": "Point", "coordinates": [ 129.698188, 33.045829 ] } },
{ "type": "Feature", "properties": { "ID": "422cni0012", "正式名称": "原田外科・胃腸科クリニック", "機関区分": 2, "都道府県コード": 42, "市区町村コード": 307, "所在地": "長崎県西彼杵郡長与町高田郷８４９ー７", "緯度": 32.80613, "経度": 129.877057, "url": "https://www.iryou.teikyouseido.mhlw.go.jp/znk-web/juminkanja/S2430/initialize?prefCd=42&kikanCd=cni0012&kikanKbn=2", "url2": "http://www.mmjp.or.jp/nishisonogi-med/hos-nagayo18.html", "内容": "原田外科・胃腸科クリニック【2:診療所】【診療科目:内科_胃腸内科_外科_肛門外科_リハビリテーション科】長崎県西彼杵郡長与町高田郷８４９ー７" }, "geometry": { "type": "Point", "coordinates": [ 129.877057, 32.80613 ] } },
{ "type": "Feature", "properties": { "ID": "422cni0013", "正式名称": "やまもと内科", "機関区分": 2, "都道府県コード": 42, "市区町村コード": 308, "所在地": "長崎県西彼杵郡時津町左底郷７８－３", "緯度": 32.832887, "経度": 129.84075, "url": "https://www.iryou.teikyouseido.mhlw.go.jp/znk-web/juminkanja/S2430/initialize?prefCd=42&kikanCd=cni0013&kikanKbn=2", "url2": null, "内容": "やまもと内科【2:診療所】【診療科目:内科_呼吸器内科】長崎県西彼杵郡時津町左底郷７８－３" }, "geometry": { "type": "Point", "coordinates": [ 129.84075, 32.832887 ] } },
{ "type": "Feature", "properties": { "ID": "422cni0015", "正式名称": "黒﨑医院", "機関区分": 2, "都道府県コード": 42, "市区町村コード": 308, "所在地": "長崎県西彼杵郡時津町浦郷２７５番地４", "緯度": 32.829112, "経度": 129.84917, "url": "https://www.iryou.teikyouseido.mhlw.go.jp/znk-web/juminkanja/S2430/initialize?prefCd=42&kikanCd=cni0015&kikanKbn=2", "url2": null, "内容": "黒﨑医院【2:診療所】【診療科目:内科_女性内科_外科_小児科_小児外科】長崎県西彼杵郡時津町浦郷２７５番地４" }, "geometry": { "type": "Point", "coordinates": [ 129.84917, 32.829112 ] } },
{ "type": "Feature", "properties": { "ID": "422cni0016", "正式名称": "なづみリハビリテーションクリニック", "機関区分": 2, "都道府県コード": 42, "市区町村コード": 308, "所在地": "長崎県西彼杵郡時津町左底郷３８番地１", "緯度": 32.833353, "経度": 129.839978, "url": "https://www.iryou.teikyouseido.mhlw.go.jp/znk-web/juminkanja/S2430/initialize?prefCd=42&kikanCd=cni0016&kikanKbn=2", "url2": "www.nosc.or.jp/nadumi/", "内容": "なづみリハビリテーションクリニック【2:診療所】【診療科目:内科_外科_整形外科_皮膚科_リハビリテーション科】長崎県西彼杵郡時津町左底郷３８番地１" }, "geometry": { "type": "Point", "coordinates": [ 129.839978, 32.833353 ] } },
{ "type": "Feature", "properties": { "ID": "422cni0017", "正式名称": "長崎腎クリニック", "機関区分": 2, "都道府県コード": 42, "市区町村コード": 308, "所在地": "長崎県西彼杵郡時津町浦郷２７２－１４", "緯度": 32.828083, "経度": 129.848708, "url": "https://www.iryou.teikyouseido.mhlw.go.jp/znk-web/juminkanja/S2430/initialize?prefCd=42&kikanCd=cni0017&kikanKbn=2", "url2": "http://www.nagajin.jp/clinic/", "内容": "長崎腎クリニック【2:診療所】【診療科目:内科_腎臓内科_人工透析内科】長崎県西彼杵郡時津町浦郷２７２－１４" }, "geometry": { "type": "Point", "coordinates": [ 129.848708, 32.828083 ] } },
{ "type": "Feature", "properties": { "ID": "422cni0018", "正式名称": "成田内科医院", "機関区分": 2, "都道府県コード": 42, "市区町村コード": 307, "所在地": "長崎県西彼杵郡長与町吉無田郷２０２６－６", "緯度": 32.81918, "経度": 129.88015, "url": "https://www.iryou.teikyouseido.mhlw.go.jp/znk-web/juminkanja/S2430/initialize?prefCd=42&kikanCd=cni0018&kikanKbn=2", "url2": null, "内容": "成田内科医院【2:診療所】【診療科目:内科_感染症内科_呼吸器内科_小児科】長崎県西彼杵郡長与町吉無田郷２０２６－６" }, "geometry": { "type": "Point", "coordinates": [ 129.88015, 32.81918 ] } },
{ "type": "Feature", "properties": { "ID": "422cni0020", "正式名称": "時津中央クリニック", "機関区分": 2, "都道府県コード": 42, "市区町村コード": 308, "所在地": "長崎県西彼杵郡時津町浜田郷３８ー２", "緯度": 32.831129, "経度": 129.850979, "url": "https://www.iryou.teikyouseido.mhlw.go.jp/znk-web/juminkanja/S2430/initialize?prefCd=42&kikanCd=cni0020&kikanKbn=2", "url2": "http://www.yurinohp.jp", "内容": "時津中央クリニック【2:診療所】【診療科目:内科_糖尿病内科_内分泌内科_消化器内科_神経内科】長崎県西彼杵郡時津町浜田郷３８ー２" }, "geometry": { "type": "Point", "coordinates": [ 129.850979, 32.831129 ] } },
{ "type": "Feature", "properties": { "ID": "422cni0023", "正式名称": "医療法人　戸田内科", "機関区分": 2, "都道府県コード": 42, "市区町村コード": 308, "所在地": "長崎県西彼杵郡時津町元村郷９０８番地１５", "緯度": 32.817961, "経度": 129.84588, "url": "https://www.iryou.teikyouseido.mhlw.go.jp/znk-web/juminkanja/S2430/initialize?prefCd=42&kikanCd=cni0023&kikanKbn=2", "url2": "http://www.toda-naika.jp", "内容": "医療法人　戸田内科【2:診療所】【診療科目:内科_循環器内科_リハビリテーション科】長崎県西彼杵郡時津町元村郷９０８番地１５" }, "geometry": { "type": "Point", "coordinates": [ 129.84588, 32.817961 ] } },
{ "type": "Feature", "properties": { "ID": "422cni0029", "正式名称": "しらいし胃腸クリニック", "機関区分": 2, "都道府県コード": 42, "市区町村コード": 308, "所在地": "長崎県西彼杵郡時津町野田郷４８−２", "緯度": 32.826027, "経度": 129.847038, "url": "https://www.iryou.teikyouseido.mhlw.go.jp/znk-web/juminkanja/S2430/initialize?prefCd=42&kikanCd=cni0029&kikanKbn=2", "url2": "http://shiraishiclinic.com", "内容": "しらいし胃腸クリニック【2:診療所】【診療科目:内科_消化器内科_胃腸内科_内視鏡内科_外科_肛門外科】長崎県西彼杵郡時津町野田郷４８−２" }, "geometry": { "type": "Point", "coordinates": [ 129.847038, 32.826027 ] } },
{ "type": "Feature", "properties": { "ID": "422cni0030", "正式名称": "医療法人新緑会　長崎けやき医院", "機関区分": 2, "都道府県コード": 42, "市区町村コード": 307, "所在地": "長崎県西彼杵郡長与町高田郷３６０７－１", "緯度": 32.818417, "経度": 129.865747, "url": "https://www.iryou.teikyouseido.mhlw.go.jp/znk-web/juminkanja/S2430/initialize?prefCd=42&kikanCd=cni0030&kikanKbn=2", "url2": "http://www.keyaki3000.com", "内容": "医療法人新緑会　長崎けやき医院【2:診療所】【診療科目:内科_呼吸器内科_循環器内科_消化器内科_外科_肛門外科_心療内科_アレルギー科_リウマチ科_リハビリテーション科】長崎県西彼杵郡長与町高田郷３６０７－１" }, "geometry": { "type": "Point", "coordinates": [ 129.865747, 32.818417 ] } },
{ "type": "Feature", "properties": { "ID": "422cni0032", "正式名称": "金森医院", "機関区分": 2, "都道府県コード": 42, "市区町村コード": 212, "所在地": "長崎県西海市西海町川内郷１２５０番地", "緯度": 33.04735, "経度": 129.726465, "url": "https://www.iryou.teikyouseido.mhlw.go.jp/znk-web/juminkanja/S2430/initialize?prefCd=42&kikanCd=cni0032&kikanKbn=2", "url2": null, "内容": "金森医院【2:診療所】【診療科目:内科_消化器内科】長崎県西海市西海町川内郷１２５０番地" }, "geometry": { "type": "Point", "coordinates": [ 129.726465, 33.04735 ] } },
{ "type": "Feature", "properties": { "ID": "422cni0033", "正式名称": "医療法人　こが内科外科クリニック", "機関区分": 2, "都道府県コード": 42, "市区町村コード": 307, "所在地": "長崎県西彼杵郡長与町嬉里郷３７８－１", "緯度": 32.824406, "経度": 129.874204, "url": "https://www.iryou.teikyouseido.mhlw.go.jp/znk-web/juminkanja/S2430/initialize?prefCd=42&kikanCd=cni0033&kikanKbn=2", "url2": "http://www.kogaclinic.or.jp", "内容": "医療法人　こが内科外科クリニック【2:診療所】【診療科目:内科_消化器内科_胃腸内科_内視鏡内科_外科_大腸外科_肛門外科】長崎県西彼杵郡長与町嬉里郷３７８－１" }, "geometry": { "type": "Point", "coordinates": [ 129.874204, 32.824406 ] } },
{ "type": "Feature", "properties": { "ID": "422cni0034", "正式名称": "医療法人修樹会平井内科医院", "機関区分": 2, "都道府県コード": 42, "市区町村コード": 307, "所在地": "長崎県西彼杵郡長与町嬉里郷６６１番地", "緯度": 32.826697, "経度": 129.874124, "url": "https://www.iryou.teikyouseido.mhlw.go.jp/znk-web/juminkanja/S2430/initialize?prefCd=42&kikanCd=cni0034&kikanKbn=2", "url2": null, "内容": "医療法人修樹会平井内科医院【2:診療所】【診療科目:内科_腎臓内科】長崎県西彼杵郡長与町嬉里郷６６１番地" }, "geometry": { "type": "Point", "coordinates": [ 129.874124, 32.826697 ] } },
{ "type": "Feature", "properties": { "ID": "422cni0035", "正式名称": "近藤医院", "機関区分": 2, "都道府県コード": 42, "市区町村コード": 308, "所在地": "長崎県西彼杵郡時津町日並郷１３２５－８", "緯度": 32.848365, "経度": 129.826499, "url": "https://www.iryou.teikyouseido.mhlw.go.jp/znk-web/juminkanja/S2430/initialize?prefCd=42&kikanCd=cni0035&kikanKbn=2", "url2": "http://www.kondo-clinic.org", "内容": "近藤医院【2:診療所】【診療科目:内科_呼吸器内科_消化器内科_リハビリテーション科】長崎県西彼杵郡時津町日並郷１３２５－８" }, "geometry": { "type": "Point", "coordinates": [ 129.826499, 32.848365 ] } },
{ "type": "Feature", "properties": { "ID": "422cni0036", "正式名称": "医療法人社団孝成会　池田医院", "機関区分": 2, "都道府県コード": 42, "市区町村コード": 212, "所在地": "長崎県西海市西海町七釜郷１６２２", "緯度": 32.990049, "経度": 129.652965, "url": "https://www.iryou.teikyouseido.mhlw.go.jp/znk-web/juminkanja/S2430/initialize?prefCd=42&kikanCd=cni0036&kikanKbn=2", "url2": "https://www.ikedaiinclinic.jp/", "内容": "医療法人社団孝成会　池田医院【2:診療所】【診療科目:内科_循環器内科】長崎県西海市西海町七釜郷１６２２" }, "geometry": { "type": "Point", "coordinates": [ 129.652965, 32.990049 ] } },
{ "type": "Feature", "properties": { "ID": "422cni0038", "正式名称": "高木クリニック", "機関区分": 2, "都道府県コード": 42, "市区町村コード": 308, "所在地": "長崎県西彼杵郡時津町西時津郷７５－２０", "緯度": 32.833218, "経度": 129.862291, "url": "https://www.iryou.teikyouseido.mhlw.go.jp/znk-web/juminkanja/S2430/initialize?prefCd=42&kikanCd=cni0038&kikanKbn=2", "url2": "http://high-tree-clinic.com/index.html", "内容": "高木クリニック【2:診療所】【診療科目:外科_呼吸器外科_心臓血管外科_消化器外科_整形外科_リハビリテーション科】長崎県西彼杵郡時津町西時津郷７５－２０" }, "geometry": { "type": "Point", "coordinates": [ 129.862291, 32.833218 ] } },
{ "type": "Feature", "properties": { "ID": "422cni0040", "正式名称": "三浦産婦人科", "機関区分": 2, "都道府県コード": 42, "市区町村コード": 308, "所在地": "長崎県西彼杵郡時津町野田郷２５－１", "緯度": 32.826911, "経度": 129.847503, "url": "https://www.iryou.teikyouseido.mhlw.go.jp/znk-web/juminkanja/S2430/initialize?prefCd=42&kikanCd=cni0040&kikanKbn=2", "url2": "https://www.miurasanfujinka.com", "内容": "三浦産婦人科【2:診療所】【診療科目:小児科_産婦人科】長崎県西彼杵郡時津町野田郷２５－１" }, "geometry": { "type": "Point", "coordinates": [ 129.847503, 32.826911 ] } },
{ "type": "Feature", "properties": { "ID": "422cni0047", "正式名称": "医療法人社団尚健会佐藤内科医院", "機関区分": 2, "都道府県コード": 42, "市区町村コード": 307, "所在地": "長崎県西彼杵郡長与町嬉里郷４１３－４", "緯度": 32.822172, "経度": 129.875209, "url": "https://www.iryou.teikyouseido.mhlw.go.jp/znk-web/juminkanja/S2430/initialize?prefCd=42&kikanCd=cni0047&kikanKbn=2", "url2": null, "内容": "医療法人社団尚健会佐藤内科医院【2:診療所】【診療科目:内科_呼吸器内科_循環器内科_消化器内科_胃腸内科_小児科_放射線科】長崎県西彼杵郡長与町嬉里郷４１３－４" }, "geometry": { "type": "Point", "coordinates": [ 129.875209, 32.822172 ] } },
{ "type": "Feature", "properties": { "ID": "422cni0049", "正式名称": "西海市国民健康保険江島診療所", "機関区分": 2, "都道府県コード": 42, "市区町村コード": 212, "所在地": "長崎県西海市崎戸町江島２２７５番地１", "緯度": 33.003845, "経度": 129.350094, "url": "https://www.iryou.teikyouseido.mhlw.go.jp/znk-web/juminkanja/S2430/initialize?prefCd=42&kikanCd=cni0049&kikanKbn=2", "url2": null, "内容": "西海市国民健康保険江島診療所【2:診療所】【診療科目:内科_歯科】長崎県西海市崎戸町江島２２７５番地１" }, "geometry": { "type": "Point", "coordinates": [ 129.350094, 33.003845 ] } },
{ "type": "Feature", "properties": { "ID": "422cni0050", "正式名称": "鍬先医院", "機関区分": 2, "都道府県コード": 42, "市区町村コード": 308, "所在地": "長崎県西彼杵郡時津町浜田郷２０１番地３", "緯度": 32.83332, "経度": 129.853451, "url": "https://www.iryou.teikyouseido.mhlw.go.jp/znk-web/juminkanja/S2430/initialize?prefCd=42&kikanCd=cni0050&kikanKbn=2", "url2": "http://www.kuwasaki-clinic.com/", "内容": "鍬先医院【2:診療所】【診療科目:内科_循環器内科_神経内科_泌尿器科_リハビリテーション科】長崎県西彼杵郡時津町浜田郷２０１番地３" }, "geometry": { "type": "Point", "coordinates": [ 129.853451, 32.83332 ] } },
{ "type": "Feature", "properties": { "ID": "422cni0051", "正式名称": "しもぐち内科", "機関区分": 2, "都道府県コード": 42, "市区町村コード": 307, "所在地": "長崎県西彼杵郡長与町高田郷８４８番地１９", "緯度": 32.806176, "経度": 129.876697, "url": "https://www.iryou.teikyouseido.mhlw.go.jp/znk-web/juminkanja/S2430/initialize?prefCd=42&kikanCd=cni0051&kikanKbn=2", "url2": "shimoguchi-clinic.com", "内容": "しもぐち内科【2:診療所】【診療科目:内科_呼吸器内科_循環器内科_消化器内科_アレルギー科_リハビリテーション科】長崎県西彼杵郡長与町高田郷８４８番地１９" }, "geometry": { "type": "Point", "coordinates": [ 129.876697, 32.806176 ] } },
{ "type": "Feature", "properties": { "ID": "422cni0053", "正式名称": "医療法人社団馬場耳鼻咽喉科医院", "機関区分": 2, "都道府県コード": 42, "市区町村コード": 307, "所在地": "長崎県西彼杵郡長与町嬉里郷６６５番地", "緯度": 32.827333, "経度": 129.874204, "url": "https://www.iryou.teikyouseido.mhlw.go.jp/znk-web/juminkanja/S2430/initialize?prefCd=42&kikanCd=cni0053&kikanKbn=2", "url2": null, "内容": "医療法人社団馬場耳鼻咽喉科医院【2:診療所】【診療科目:耳鼻いんこう科】長崎県西彼杵郡長与町嬉里郷６６５番地" }, "geometry": { "type": "Point", "coordinates": [ 129.874204, 32.827333 ] } },
{ "type": "Feature", "properties": { "ID": "422cni0059", "正式名称": "中山整形外科医院", "機関区分": 2, "都道府県コード": 42, "市区町村コード": 308, "所在地": "長崎県西彼杵郡時津町左底郷７８－１８", "緯度": 32.833018, "経度": 129.840991, "url": "https://www.iryou.teikyouseido.mhlw.go.jp/znk-web/juminkanja/S2430/initialize?prefCd=42&kikanCd=cni0059&kikanKbn=2", "url2": "https://nakayamaseikeigeka.com/", "内容": "中山整形外科医院【2:診療所】【診療科目:整形外科_リハビリテーション科】長崎県西彼杵郡時津町左底郷７８－１８" }, "geometry": { "type": "Point", "coordinates": [ 129.840991, 32.833018 ] } },
{ "type": "Feature", "properties": { "ID": "422cni0060", "正式名称": "小川クリニック", "機関区分": 2, "都道府県コード": 42, "市区町村コード": 307, "所在地": "長崎県西彼杵郡長与町まなび野２丁目３０ー６", "緯度": 32.813474, "経度": 129.877619, "url": "https://www.iryou.teikyouseido.mhlw.go.jp/znk-web/juminkanja/S2430/initialize?prefCd=42&kikanCd=cni0060&kikanKbn=2", "url2": null, "内容": "小川クリニック【2:診療所】【診療科目:消化器内科_胃腸内科_外科_肛門外科_リハビリテーション科】長崎県西彼杵郡長与町まなび野２丁目３０ー６" }, "geometry": { "type": "Point", "coordinates": [ 129.877619, 32.813474 ] } },
{ "type": "Feature", "properties": { "ID": "422cni0065", "正式名称": "医療法人暁会安永脳神経外科", "機関区分": 2, "都道府県コード": 42, "市区町村コード": 308, "所在地": "長崎県西彼杵郡時津町浦郷２６４－３", "緯度": 32.828682, "経度": 129.84694, "url": "https://www.iryou.teikyouseido.mhlw.go.jp/znk-web/juminkanja/S2430/initialize?prefCd=42&kikanCd=cni0065&kikanKbn=2", "url2": "http://www.yasunaga-neurosurgery.jp/", "内容": "医療法人暁会安永脳神経外科【2:診療所】【診療科目:脳神経外科_リハビリテーション科】長崎県西彼杵郡時津町浦郷２６４－３" }, "geometry": { "type": "Point", "coordinates": [ 129.84694, 32.828682 ] } },
{ "type": "Feature", "properties": { "ID": "422cni0066", "正式名称": "森川内科クリニック", "機関区分": 2, "都道府県コード": 42, "市区町村コード": 307, "所在地": "長崎県西彼杵郡長与町三根郷８３番地１", "緯度": 32.817849, "経度": 129.887254, "url": "https://www.iryou.teikyouseido.mhlw.go.jp/znk-web/juminkanja/S2430/initialize?prefCd=42&kikanCd=cni0066&kikanKbn=2", "url2": "https://morikawa-naika.com", "内容": "森川内科クリニック【2:診療所】【診療科目:内科_消化器内科_リハビリテーション科】長崎県西彼杵郡長与町三根郷８３番地１" }, "geometry": { "type": "Point", "coordinates": [ 129.887254, 32.817849 ] } },
{ "type": "Feature", "properties": { "ID": "422cni0067", "正式名称": "医療法人真和会　山中内科消化器科医院", "機関区分": 2, "都道府県コード": 42, "市区町村コード": 308, "所在地": "長崎県西彼杵郡時津町西時津郷４６６ー１", "緯度": 32.835559, "経度": 129.857688, "url": "https://www.iryou.teikyouseido.mhlw.go.jp/znk-web/juminkanja/S2430/initialize?prefCd=42&kikanCd=cni0067&kikanKbn=2", "url2": null, "内容": "医療法人真和会　山中内科消化器科医院【2:診療所】【診療科目:内科_消化器内科】長崎県西彼杵郡時津町西時津郷４６６ー１" }, "geometry": { "type": "Point", "coordinates": [ 129.857688, 32.835559 ] } },
{ "type": "Feature", "properties": { "ID": "422cni0069", "正式名称": "西海市国民健康保険松島診療所", "機関区分": 2, "都道府県コード": 42, "市区町村コード": 212, "所在地": "長崎県西海市大瀬戸町松島内郷２８８番地", "緯度": 32.937933, "経度": 129.616909, "url": "https://www.iryou.teikyouseido.mhlw.go.jp/znk-web/juminkanja/S2430/initialize?prefCd=42&kikanCd=cni0069&kikanKbn=2", "url2": null, "内容": "西海市国民健康保険松島診療所【2:診療所】【診療科目:内科】長崎県西海市大瀬戸町松島内郷２８８番地" }, "geometry": { "type": "Point", "coordinates": [ 129.616909, 32.937933 ] } },
{ "type": "Feature", "properties": { "ID": "422cni0072", "正式名称": "医療法人　楓　つかざき皮ふ科", "機関区分": 2, "都道府県コード": 42, "市区町村コード": 308, "所在地": "長崎県西彼杵郡時津町浦郷４３６−５", "緯度": 32.830852, "経度": 129.848005, "url": "https://www.iryou.teikyouseido.mhlw.go.jp/znk-web/juminkanja/S2430/initialize?prefCd=42&kikanCd=cni0072&kikanKbn=2", "url2": "https://www.tsuka-der.com/", "内容": "医療法人　楓　つかざき皮ふ科【2:診療所】【診療科目:皮膚科】長崎県西彼杵郡時津町浦郷４３６−５" }, "geometry": { "type": "Point", "coordinates": [ 129.848005, 32.830852 ] } },
{ "type": "Feature", "properties": { "ID": "422cni0073", "正式名称": "医療法人　そのだ内科クリニック", "機関区分": 2, "都道府県コード": 42, "市区町村コード": 307, "所在地": "長崎県西彼杵郡長与町まなび野２丁目２―２", "緯度": 32.809912, "経度": 129.8733, "url": "https://www.iryou.teikyouseido.mhlw.go.jp/znk-web/juminkanja/S2430/initialize?prefCd=42&kikanCd=cni0073&kikanKbn=2", "url2": null, "内容": "医療法人　そのだ内科クリニック【2:診療所】【診療科目:内科_呼吸器内科_アレルギー科】長崎県西彼杵郡長与町まなび野２丁目２―２" }, "geometry": { "type": "Point", "coordinates": [ 129.8733, 32.809912 ] } },
{ "type": "Feature", "properties": { "ID": "422cni0075", "正式名称": "医療法人新成会川崎医院", "機関区分": 2, "都道府県コード": 42, "市区町村コード": 307, "所在地": "長崎県西彼杵郡長与町岡郷３７番地１１", "緯度": 32.835898, "経度": 129.872919, "url": "https://www.iryou.teikyouseido.mhlw.go.jp/znk-web/juminkanja/S2430/initialize?prefCd=42&kikanCd=cni0075&kikanKbn=2", "url2": "https://www.kawasakiiin.com/", "内容": "医療法人新成会川崎医院【2:診療所】【診療科目:内科_腎臓内科_外科_肛門外科_整形外科】長崎県西彼杵郡長与町岡郷３７番地１１" }, "geometry": { "type": "Point", "coordinates": [ 129.872919, 32.835898 ] } },
{ "type": "Feature", "properties": { "ID": "422cni0076", "正式名称": "西海市国民健康保険平島診療所", "機関区分": 2, "都道府県コード": 42, "市区町村コード": 212, "所在地": "長崎県西海市崎戸町平島７４１番地", "緯度": 33.00029, "経度": 129.240139, "url": "https://www.iryou.teikyouseido.mhlw.go.jp/znk-web/juminkanja/S2430/initialize?prefCd=42&kikanCd=cni0076&kikanKbn=2", "url2": null, "内容": "西海市国民健康保険平島診療所【2:診療所】【診療科目:内科_歯科】長崎県西海市崎戸町平島７４１番地" }, "geometry": { "type": "Point", "coordinates": [ 129.240139, 33.00029 ] } },
{ "type": "Feature", "properties": { "ID": "422cni0077", "正式名称": "森の木脳神経脊髄外科", "機関区分": 2, "都道府県コード": 42, "市区町村コード": 307, "所在地": "長崎県西彼杵郡長与町高田郷６９８－１", "緯度": 32.799273, "経度": 129.869122, "url": "https://www.iryou.teikyouseido.mhlw.go.jp/znk-web/juminkanja/S2430/initialize?prefCd=42&kikanCd=cni0077&kikanKbn=2", "url2": "http://morinoki-neurosurgery.com", "内容": "森の木脳神経脊髄外科【2:診療所】【診療科目:脳神経外科_リハビリテーション科】長崎県西彼杵郡長与町高田郷６９８－１" }, "geometry": { "type": "Point", "coordinates": [ 129.869122, 32.799273 ] } },
{ "type": "Feature", "properties": { "ID": "422cni0078", "正式名称": "医療法人社団　長沢医院", "機関区分": 2, "都道府県コード": 42, "市区町村コード": 307, "所在地": "長崎県西彼杵郡長与町嬉里郷７１５番地", "緯度": 32.829728, "経度": 129.874044, "url": "https://www.iryou.teikyouseido.mhlw.go.jp/znk-web/juminkanja/S2430/initialize?prefCd=42&kikanCd=cni0078&kikanKbn=2", "url2": null, "内容": "医療法人社団　長沢医院【2:診療所】【診療科目:内科_小児科】長崎県西彼杵郡長与町嬉里郷７１５番地" }, "geometry": { "type": "Point", "coordinates": [ 129.874044, 32.829728 ] } },
{ "type": "Feature", "properties": { "ID": "422cni0079", "正式名称": "とおやま内科", "機関区分": 2, "都道府県コード": 42, "市区町村コード": 308, "所在地": "長崎県西彼杵郡時津町浦郷３０１番２２", "緯度": 32.830218, "経度": 129.847724, "url": "https://www.iryou.teikyouseido.mhlw.go.jp/znk-web/juminkanja/S2430/initialize?prefCd=42&kikanCd=cni0079&kikanKbn=2", "url2": "https://toyamanaika.jp", "内容": "とおやま内科【2:診療所】【診療科目:内科_糖尿病・内分泌内科】長崎県西彼杵郡時津町浦郷３０１番２２" }, "geometry": { "type": "Point", "coordinates": [ 129.847724, 32.830218 ] } },
{ "type": "Feature", "properties": { "ID": "422cni0080", "正式名称": "医療法人社団　山田眼科医院", "機関区分": 2, "都道府県コード": 42, "市区町村コード": 307, "所在地": "長崎県西彼杵郡長与町嬉里郷７０３−９", "緯度": 32.829098, "経度": 129.874044, "url": "https://www.iryou.teikyouseido.mhlw.go.jp/znk-web/juminkanja/S2430/initialize?prefCd=42&kikanCd=cni0080&kikanKbn=2", "url2": "yamada-eye-institute.net", "内容": "医療法人社団　山田眼科医院【2:診療所】【診療科目:眼科】長崎県西彼杵郡長与町嬉里郷７０３−９" }, "geometry": { "type": "Point", "coordinates": [ 129.874044, 32.829098 ] } },
{ "type": "Feature", "properties": { "ID": "422cni0081", "正式名称": "医療法人　田中医院　こむかえクリニック", "機関区分": 2, "都道府県コード": 42, "市区町村コード": 212, "所在地": "長崎県西海市西彼町小迎郷２５４２ー５", "緯度": 33.04596, "経度": 129.747222, "url": "https://www.iryou.teikyouseido.mhlw.go.jp/znk-web/juminkanja/S2430/initialize?prefCd=42&kikanCd=cni0081&kikanKbn=2", "url2": "https://komukae-clinic.com", "内容": "医療法人　田中医院　こむかえクリニック【2:診療所】【診療科目:内科_漢方内科_整形外科_リハビリテーション科】長崎県西海市西彼町小迎郷２５４２ー５" }, "geometry": { "type": "Point", "coordinates": [ 129.747222, 33.04596 ] } },
{ "type": "Feature", "properties": { "ID": "422cni0084", "正式名称": "医療法人さがら整形外科", "機関区分": 2, "都道府県コード": 42, "市区町村コード": 308, "所在地": "長崎県西彼杵郡時津町野田郷９番地１", "緯度": 32.827232, "経度": 129.847683, "url": "https://www.iryou.teikyouseido.mhlw.go.jp/znk-web/juminkanja/S2430/initialize?prefCd=42&kikanCd=cni0084&kikanKbn=2", "url2": null, "内容": "医療法人さがら整形外科【2:診療所】【診療科目:整形外科_リハビリテーション科】長崎県西彼杵郡時津町野田郷９番地１" }, "geometry": { "type": "Point", "coordinates": [ 129.847683, 32.827232 ] } },
{ "type": "Feature", "properties": { "ID": "422cni0087", "正式名称": "医療法人なかむら整形外科", "機関区分": 2, "都道府県コード": 42, "市区町村コード": 307, "所在地": "長崎県西彼杵郡長与町嬉里郷１０８０－１", "緯度": 32.831349, "経度": 129.873252, "url": "https://www.iryou.teikyouseido.mhlw.go.jp/znk-web/juminkanja/S2430/initialize?prefCd=42&kikanCd=cni0087&kikanKbn=2", "url2": null, "内容": "医療法人なかむら整形外科【2:診療所】【診療科目:整形外科_リハビリテーション科】長崎県西彼杵郡長与町嬉里郷１０８０－１" }, "geometry": { "type": "Point", "coordinates": [ 129.873252, 32.831349 ] } },
{ "type": "Feature", "properties": { "ID": "422cni0088", "正式名称": "藤本クリニック", "機関区分": 2, "都道府県コード": 42, "市区町村コード": 308, "所在地": "長崎県西彼杵郡時津町久留里郷１４５８番地", "緯度": 32.8431, "経度": 129.835506, "url": "https://www.iryou.teikyouseido.mhlw.go.jp/znk-web/juminkanja/S2430/initialize?prefCd=42&kikanCd=cni0088&kikanKbn=2", "url2": null, "内容": "藤本クリニック【2:診療所】【診療科目:内科_消化器内科_外科_リハビリテーション科】長崎県西彼杵郡時津町久留里郷１４５８番地" }, "geometry": { "type": "Point", "coordinates": [ 129.835506, 32.8431 ] } },
{ "type": "Feature", "properties": { "ID": "422cni0091", "正式名称": "医療法人おがわ眼科クリニック", "機関区分": 2, "都道府県コード": 42, "市区町村コード": 308, "所在地": "長崎県西彼杵郡時津町西時津郷１８１－６", "緯度": 32.833973, "経度": 129.861086, "url": "https://www.iryou.teikyouseido.mhlw.go.jp/znk-web/juminkanja/S2430/initialize?prefCd=42&kikanCd=cni0091&kikanKbn=2", "url2": "http://www.ogawa-eye.jp/", "内容": "医療法人おがわ眼科クリニック【2:診療所】【診療科目:眼科】長崎県西彼杵郡時津町西時津郷１８１－６" }, "geometry": { "type": "Point", "coordinates": [ 129.861086, 32.833973 ] } },
{ "type": "Feature", "properties": { "ID": "422cni0093", "正式名称": "もりハートクリニック", "機関区分": 2, "都道府県コード": 42, "市区町村コード": 308, "所在地": "長崎県西彼杵郡時津町浜田郷字冬切３８番地３", "緯度": 32.829452, "経度": 129.855339, "url": "https://www.iryou.teikyouseido.mhlw.go.jp/znk-web/juminkanja/S2430/initialize?prefCd=42&kikanCd=cni0093&kikanKbn=2", "url2": "http://www.mori-heart.com", "内容": "もりハートクリニック【2:診療所】【診療科目:内科_循環器内科】長崎県西彼杵郡時津町浜田郷字冬切３８番地３" }, "geometry": { "type": "Point", "coordinates": [ 129.855339, 32.829452 ] } },
{ "type": "Feature", "properties": { "ID": "422cni0094", "正式名称": "医療法人　まつなが皮ふ科", "機関区分": 2, "都道府県コード": 42, "市区町村コード": 307, "所在地": "長崎県西彼杵郡長与町斉藤郷４５ー４", "緯度": 32.832221, "経度": 129.869343, "url": "https://www.iryou.teikyouseido.mhlw.go.jp/znk-web/juminkanja/S2430/initialize?prefCd=42&kikanCd=cni0094&kikanKbn=2", "url2": "http://www.mmjp.or.jp/nishisonogi-med/hos-nagayo22.html", "内容": "医療法人　まつなが皮ふ科【2:診療所】【診療科目:皮膚科】長崎県西彼杵郡長与町斉藤郷４５ー４" }, "geometry": { "type": "Point", "coordinates": [ 129.869343, 32.832221 ] } },
{ "type": "Feature", "properties": { "ID": "422cni0095", "正式名称": "医療法人たなか小児科クリニック", "機関区分": 2, "都道府県コード": 42, "市区町村コード": 308, "所在地": "長崎県西彼杵郡時津町浦郷３９６－１７", "緯度": 32.830718, "経度": 129.849331, "url": "https://www.iryou.teikyouseido.mhlw.go.jp/znk-web/juminkanja/S2430/initialize?prefCd=42&kikanCd=cni0095&kikanKbn=2", "url2": "http://www.tanaka-pediatric.com/", "内容": "医療法人たなか小児科クリニック【2:診療所】【診療科目:小児科_アレルギー科】長崎県西彼杵郡時津町浦郷３９６－１７" }, "geometry": { "type": "Point", "coordinates": [ 129.849331, 32.830718 ] } },
{ "type": "Feature", "properties": { "ID": "422cni0096", "正式名称": "医療法人ホーム・ホスピス　中尾クリニック", "機関区分": 2, "都道府県コード": 42, "市区町村コード": 307, "所在地": "長崎県西彼杵郡長与町高田郷２２０２－１", "緯度": 32.809077, "経度": 129.85323, "url": "https://www.iryou.teikyouseido.mhlw.go.jp/znk-web/juminkanja/S2430/initialize?prefCd=42&kikanCd=cni0096&kikanKbn=2", "url2": "http://www.hhp-nakao.jp", "内容": "医療法人ホーム・ホスピス　中尾クリニック【2:診療所】【診療科目:緩和ケア外科】長崎県西彼杵郡長与町高田郷２２０２－１" }, "geometry": { "type": "Point", "coordinates": [ 129.85323, 32.809077 ] } },
{ "type": "Feature", "properties": { "ID": "422cni0097", "正式名称": "もとやま心のクリニック", "機関区分": 2, "都道府県コード": 42, "市区町村コード": 307, "所在地": "長崎県西彼杵郡長与町高田郷４７", "緯度": 32.802871, "経度": 129.854636, "url": "https://www.iryou.teikyouseido.mhlw.go.jp/znk-web/juminkanja/S2430/initialize?prefCd=42&kikanCd=cni0097&kikanKbn=2", "url2": "http://www.motoyama-clinic.jp", "内容": "もとやま心のクリニック【2:診療所】【診療科目:精神科_心療内科】長崎県西彼杵郡長与町高田郷４７" }, "geometry": { "type": "Point", "coordinates": [ 129.854636, 32.802871 ] } },
{ "type": "Feature", "properties": { "ID": "422cni0098", "正式名称": "医療法人治光会　うらの眼科クリニック", "機関区分": 2, "都道府県コード": 42, "市区町村コード": 308, "所在地": "長崎県西彼杵郡時津町浦郷２７０－１２", "緯度": 32.830687, "経度": 129.847464, "url": "https://www.iryou.teikyouseido.mhlw.go.jp/znk-web/juminkanja/S2430/initialize?prefCd=42&kikanCd=cni0098&kikanKbn=2", "url2": "uranoeyeclinic.com/", "内容": "医療法人治光会　うらの眼科クリニック【2:診療所】【診療科目:眼科】長崎県西彼杵郡時津町浦郷２７０－１２" }, "geometry": { "type": "Point", "coordinates": [ 129.847464, 32.830687 ] } },
{ "type": "Feature", "properties": { "ID": "422cni0101", "正式名称": "社会福祉法人福医会　さいかいクリニック", "機関区分": 2, "都道府県コード": 42, "市区町村コード": 212, "所在地": "長崎県西海市大島町１８７６－５９", "緯度": 33.035387, "経度": 129.618966, "url": "https://www.iryou.teikyouseido.mhlw.go.jp/znk-web/juminkanja/S2430/initialize?prefCd=42&kikanCd=cni0101&kikanKbn=2", "url2": "http:www.fukuikai.com/", "内容": "社会福祉法人福医会　さいかいクリニック【2:診療所】【診療科目:内科_外科_整形外科_リハビリテーション科】長崎県西海市大島町１８７６－５９" }, "geometry": { "type": "Point", "coordinates": [ 129.618966, 33.035387 ] } },
{ "type": "Feature", "properties": { "ID": "422cni0102", "正式名称": "おひさまこどもクリニック", "機関区分": 2, "都道府県コード": 42, "市区町村コード": 307, "所在地": "長崎県西彼杵郡長与町高田郷９２３ー１", "緯度": 32.809458, "経度": 129.871286, "url": "https://www.iryou.teikyouseido.mhlw.go.jp/znk-web/juminkanja/S2430/initialize?prefCd=42&kikanCd=cni0102&kikanKbn=2", "url2": "http://www.ohisama-kids.jp", "内容": "おひさまこどもクリニック【2:診療所】【診療科目:小児科】長崎県西彼杵郡長与町高田郷９２３ー１" }, "geometry": { "type": "Point", "coordinates": [ 129.871286, 32.809458 ] } },
{ "type": "Feature", "properties": { "ID": "422cni0104", "正式名称": "医療法人　えのもと整形外科", "機関区分": 2, "都道府県コード": 42, "市区町村コード": 308, "所在地": "長崎県西彼杵郡時津町浜田郷７５６番地１", "緯度": 32.830551, "経度": 129.86274, "url": "https://www.iryou.teikyouseido.mhlw.go.jp/znk-web/juminkanja/S2430/initialize?prefCd=42&kikanCd=cni0104&kikanKbn=2", "url2": "http://enomotoclinic.web.fc2.com/", "内容": "医療法人　えのもと整形外科【2:診療所】【診療科目:整形外科_リウマチ科_リハビリテーション科】長崎県西彼杵郡時津町浜田郷７５６番地１" }, "geometry": { "type": "Point", "coordinates": [ 129.86274, 32.830551 ] } },
{ "type": "Feature", "properties": { "ID": "422cni0105", "正式名称": "せいひ中央クリニック", "機関区分": 2, "都道府県コード": 42, "市区町村コード": 212, "所在地": "長崎県西海市西彼町鳥加郷２２０１ー２", "緯度": 32.991136, "経度": 129.74855, "url": "https://www.iryou.teikyouseido.mhlw.go.jp/znk-web/juminkanja/S2430/initialize?prefCd=42&kikanCd=cni0105&kikanKbn=2", "url2": "http://www.seihikai.jp/", "内容": "せいひ中央クリニック【2:診療所】【診療科目:内科_循環器内科_老年内科_泌尿器科】長崎県西海市西彼町鳥加郷２２０１ー２" }, "geometry": { "type": "Point", "coordinates": [ 129.74855, 32.991136 ] } },
{ "type": "Feature", "properties": { "ID": "422cni0106", "正式名称": "腎・泌尿器科　松尾りょういちクリニック", "機関区分": 2, "都道府県コード": 42, "市区町村コード": 308, "所在地": "長崎県西彼杵郡時津町浦郷２７０番地８号", "緯度": 32.829169, "経度": 129.848045, "url": "https://www.iryou.teikyouseido.mhlw.go.jp/znk-web/juminkanja/S2430/initialize?prefCd=42&kikanCd=cni0106&kikanKbn=2", "url2": "http://www.matsuo-ryoichi-clinic.jp/", "内容": "腎・泌尿器科　松尾りょういちクリニック【2:診療所】【診療科目:泌尿器科】長崎県西彼杵郡時津町浦郷２７０番地８号" }, "geometry": { "type": "Point", "coordinates": [ 129.848045, 32.829169 ] } },
{ "type": "Feature", "properties": { "ID": "422cni0109", "正式名称": "医療法人　クローバー　長崎整形外科よつ葉クリニック", "機関区分": 2, "都道府県コード": 42, "市区町村コード": 307, "所在地": "長崎県西彼杵郡長与町嬉里郷６６２", "緯度": 32.826915, "経度": 129.874184, "url": "https://www.iryou.teikyouseido.mhlw.go.jp/znk-web/juminkanja/S2430/initialize?prefCd=42&kikanCd=cni0109&kikanKbn=2", "url2": "http://n-o-k-c.com", "内容": "医療法人　クローバー　長崎整形外科よつ葉クリニック【2:診療所】【診療科目:整形外科_リハビリテーション科】長崎県西彼杵郡長与町嬉里郷６６２" }, "geometry": { "type": "Point", "coordinates": [ 129.874184, 32.826915 ] } },
{ "type": "Feature", "properties": { "ID": "422cni0111", "正式名称": "かたやまハートケアクリニック", "機関区分": 2, "都道府県コード": 42, "市区町村コード": 307, "所在地": "長崎県西彼杵郡長与町北陽台１－２－１", "緯度": 32.822295, "経度": 129.872787, "url": "https://www.iryou.teikyouseido.mhlw.go.jp/znk-web/juminkanja/S2430/initialize?prefCd=42&kikanCd=cni0111&kikanKbn=2", "url2": "katayama-heartcare.jp", "内容": "かたやまハートケアクリニック【2:診療所】【診療科目:内科_循環器内科_精神科_心療内科】長崎県西彼杵郡長与町北陽台１－２－１" }, "geometry": { "type": "Point", "coordinates": [ 129.872787, 32.822295 ] } },
{ "type": "Feature", "properties": { "ID": "422cni0112", "正式名称": "長与よこた眼科", "機関区分": 2, "都道府県コード": 42, "市区町村コード": 307, "所在地": "長崎県西彼杵郡長与町吉無田郷２０２３－１長与駅南メディカルビル３－４階", "緯度": 32.818185, "経度": 129.879065, "url": "https://www.iryou.teikyouseido.mhlw.go.jp/znk-web/juminkanja/S2430/initialize?prefCd=42&kikanCd=cni0112&kikanKbn=2", "url2": "http://www.yokota-eye.com", "内容": "長与よこた眼科【2:診療所】【診療科目:眼科】長崎県西彼杵郡長与町吉無田郷２０２３－１長与駅南メディカルビル３－４階" }, "geometry": { "type": "Point", "coordinates": [ 129.879065, 32.818185 ] } },
{ "type": "Feature", "properties": { "ID": "422cni0113", "正式名称": "てつ耳鼻咽喉科", "機関区分": 2, "都道府県コード": 42, "市区町村コード": 307, "所在地": "長崎県西彼杵郡長与町北陽台１丁目２－１", "緯度": 32.822295, "経度": 129.872787, "url": "https://www.iryou.teikyouseido.mhlw.go.jp/znk-web/juminkanja/S2430/initialize?prefCd=42&kikanCd=cni0113&kikanKbn=2", "url2": "http://tetsu-j.com/", "内容": "てつ耳鼻咽喉科【2:診療所】【診療科目:耳鼻いんこう科_アレルギー科】長崎県西彼杵郡長与町北陽台１丁目２－１" }, "geometry": { "type": "Point", "coordinates": [ 129.872787, 32.822295 ] } },
{ "type": "Feature", "properties": { "ID": "422cni0114", "正式名称": "道ノ尾みやた整形外科", "機関区分": 2, "都道府県コード": 42, "市区町村コード": 307, "所在地": "長崎県西彼杵郡長与町高田郷８番地２", "緯度": 32.805502, "経度": 129.852294, "url": "https://www.iryou.teikyouseido.mhlw.go.jp/znk-web/juminkanja/S2430/initialize?prefCd=42&kikanCd=cni0114&kikanKbn=2", "url2": "https://mmoc.bona.jp/", "内容": "道ノ尾みやた整形外科【2:診療所】【診療科目:整形外科_リハビリテーション科】長崎県西彼杵郡長与町高田郷８番地２" }, "geometry": { "type": "Point", "coordinates": [ 129.852294, 32.805502 ] } },
{ "type": "Feature", "properties": { "ID": "422cni0115", "正式名称": "たかの耳鼻咽喉科", "機関区分": 2, "都道府県コード": 42, "市区町村コード": 307, "所在地": "長崎県西彼杵郡長与町高田郷８－３５", "緯度": 32.805502, "経度": 129.852294, "url": "https://www.iryou.teikyouseido.mhlw.go.jp/znk-web/juminkanja/S2430/initialize?prefCd=42&kikanCd=cni0115&kikanKbn=2", "url2": "https://takano-jibi.com/", "内容": "たかの耳鼻咽喉科【2:診療所】【診療科目:耳鼻いんこう科】長崎県西彼杵郡長与町高田郷８－３５" }, "geometry": { "type": "Point", "coordinates": [ 129.852294, 32.805502 ] } },
{ "type": "Feature", "properties": { "ID": "422cni0116", "正式名称": "きのした眼科", "機関区分": 2, "都道府県コード": 42, "市区町村コード": 307, "所在地": "長崎県西彼杵郡長与町高田郷１３－１", "緯度": 32.804643, "経度": 129.852316, "url": "https://www.iryou.teikyouseido.mhlw.go.jp/znk-web/juminkanja/S2430/initialize?prefCd=42&kikanCd=cni0116&kikanKbn=2", "url2": null, "内容": "きのした眼科【2:診療所】【診療科目:眼科】長崎県西彼杵郡長与町高田郷１３－１" }, "geometry": { "type": "Point", "coordinates": [ 129.852316, 32.804643 ] } },
{ "type": "Feature", "properties": { "ID": "422cni0118", "正式名称": "おおふくじ医院", "機関区分": 2, "都道府県コード": 42, "市区町村コード": 307, "所在地": "長崎県西彼杵郡長与町吉無田郷２２０２ー６", "緯度": 32.818065, "経度": 129.879869, "url": "https://www.iryou.teikyouseido.mhlw.go.jp/znk-web/juminkanja/S2430/initialize?prefCd=42&kikanCd=cni0118&kikanKbn=2", "url2": "https://ohfukuji-clinic.com", "内容": "おおふくじ医院【2:診療所】【診療科目:内科_胃腸内科_外科】長崎県西彼杵郡長与町吉無田郷２２０２ー６" }, "geometry": { "type": "Point", "coordinates": [ 129.879869, 32.818065 ] } },
{ "type": "Feature", "properties": { "ID": "422cni0119", "正式名称": "八木原わたなべクリニック", "機関区分": 2, "都道府県コード": 42, "市区町村コード": 212, "所在地": "長崎県西海市西彼町八木原郷１５２３－１", "緯度": 33.023677, "経度": 129.738362, "url": "https://www.iryou.teikyouseido.mhlw.go.jp/znk-web/juminkanja/S2430/initialize?prefCd=42&kikanCd=cni0119&kikanKbn=2", "url2": "https://yakihara-wc.com/", "内容": "八木原わたなべクリニック【2:診療所】【診療科目:内科_外科_人工透析外科】長崎県西海市西彼町八木原郷１５２３－１" }, "geometry": { "type": "Point", "coordinates": [ 129.738362, 33.023677 ] } },
{ "type": "Feature", "properties": { "ID": "422cni0120", "正式名称": "ひなみこどもクリニック", "機関区分": 2, "都道府県コード": 42, "市区町村コード": 308, "所在地": "長崎県西彼杵郡時津町日並郷１３０３－７", "緯度": 32.850109, "経度": 129.825614, "url": "https://www.iryou.teikyouseido.mhlw.go.jp/znk-web/juminkanja/S2430/initialize?prefCd=42&kikanCd=cni0120&kikanKbn=2", "url2": "https://hinamikodomo.com/", "内容": "ひなみこどもクリニック【2:診療所】【診療科目:小児科】長崎県西彼杵郡時津町日並郷１３０３－７" }, "geometry": { "type": "Point", "coordinates": [ 129.825614, 32.850109 ] } },
{ "type": "Feature", "properties": { "ID": "422cni0121", "正式名称": "大島ながたクリニック", "機関区分": 2, "都道府県コード": 42, "市区町村コード": 212, "所在地": "長崎県西海市大島町１８９５番地３", "緯度": 33.036134, "経度": 129.619776, "url": "https://www.iryou.teikyouseido.mhlw.go.jp/znk-web/juminkanja/S2430/initialize?prefCd=42&kikanCd=cni0121&kikanKbn=2", "url2": "https://oshima-nagata.com/", "内容": "大島ながたクリニック【2:診療所】【診療科目:内科_整形外科_小児科_リウマチ科_リハビリテーション科】長崎県西海市大島町１８９５番地３" }, "geometry": { "type": "Point", "coordinates": [ 129.619776, 33.036134 ] } },
{ "type": "Feature", "properties": { "ID": "422cni0123", "正式名称": "サザンこころのクリニック", "機関区分": 2, "都道府県コード": 42, "市区町村コード": 308, "所在地": "長崎県西彼杵郡時津町久留里郷１４４６", "緯度": 32.8419, "経度": 129.83663, "url": "https://www.iryou.teikyouseido.mhlw.go.jp/znk-web/juminkanja/S2430/initialize?prefCd=42&kikanCd=cni0123&kikanKbn=2", "url2": "https://www.southern-clinic.jp/", "内容": "サザンこころのクリニック【2:診療所】【診療科目:精神科_心療内科】長崎県西彼杵郡時津町久留里郷１４４６" }, "geometry": { "type": "Point", "coordinates": [ 129.83663, 32.8419 ] } },
{ "type": "Feature", "properties": { "ID": "422cni0124", "正式名称": "しらかわ小児科クリニック", "機関区分": 2, "都道府県コード": 42, "市区町村コード": 307, "所在地": "長崎県西彼杵郡長与町高田郷４７ブルーインの森　メディカルビル１Ｆ", "緯度": 32.802923, "経度": 129.854486, "url": "https://www.iryou.teikyouseido.mhlw.go.jp/znk-web/juminkanja/S2430/initialize?prefCd=42&kikanCd=cni0124&kikanKbn=2", "url2": "https://shirakawa-cl.com/", "内容": "しらかわ小児科クリニック【2:診療所】【診療科目:小児科】長崎県西彼杵郡長与町高田郷４７ブルーインの森　メディカルビル１Ｆ" }, "geometry": { "type": "Point", "coordinates": [ 129.854486, 32.802923 ] } },
{ "type": "Feature", "properties": { "ID": "422cni0125", "正式名称": "しょうへい内科クリニック", "機関区分": 2, "都道府県コード": 42, "市区町村コード": 307, "所在地": "長崎県西彼杵郡長与町嬉里郷１０９６ＡＳＫビル３階Ｂ", "緯度": 32.832132, "経度": 129.871316, "url": "https://www.iryou.teikyouseido.mhlw.go.jp/znk-web/juminkanja/S2430/initialize?prefCd=42&kikanCd=cni0125&kikanKbn=2", "url2": "https://website2.infomity.net/8370000265/", "内容": "しょうへい内科クリニック【2:診療所】【診療科目:内科_消化器内科_肝臓内科_内視鏡内科】長崎県西彼杵郡長与町嬉里郷１０９６ＡＳＫビル３階Ｂ" }, "geometry": { "type": "Point", "coordinates": [ 129.871316, 32.832132 ] } },
{ "type": "Feature", "properties": { "ID": "422cni9000", "正式名称": "大平往診診療所", "機関区分": 2, "都道府県コード": 42, "市区町村コード": 307, "所在地": "長崎県西彼杵郡長与町吉無田郷１２２１番地３３", "緯度": 32.807752, "経度": 129.883092, "url": "https://www.iryou.teikyouseido.mhlw.go.jp/znk-web/juminkanja/S2430/initialize?prefCd=42&kikanCd=cni9000&kikanKbn=2", "url2": null, "内容": "大平往診診療所【2:診療所】【診療科目:内科】長崎県西彼杵郡長与町吉無田郷１２２１番地３３" }, "geometry": { "type": "Point", "coordinates": [ 129.883092, 32.807752 ] } },
{ "type": "Feature", "properties": { "ID": "422coh0003", "正式名称": "医療法人本田皮ふ科アレルギー科", "機関区分": 2, "都道府県コード": 42, "市区町村コード": 205, "所在地": "長崎県大村市富の原２丁目２４３番地１", "緯度": 32.943081, "経度": 129.942683, "url": "https://www.iryou.teikyouseido.mhlw.go.jp/znk-web/juminkanja/S2430/initialize?prefCd=42&kikanCd=coh0003&kikanKbn=2", "url2": "http://www.honda-hifuka.jp/", "内容": "医療法人本田皮ふ科アレルギー科【2:診療所】【診療科目:小児皮膚科_皮膚科_アレルギー科】長崎県大村市富の原２丁目２４３番地１" }, "geometry": { "type": "Point", "coordinates": [ 129.942683, 32.943081 ] } },
{ "type": "Feature", "properties": { "ID": "422coh0004", "正式名称": "医療法人　藤原医院", "機関区分": 2, "都道府県コード": 42, "市区町村コード": 204, "所在地": "長崎県諫早市松里町３１番３", "緯度": 32.798769, "経度": 130.084171, "url": "https://www.iryou.teikyouseido.mhlw.go.jp/znk-web/juminkanja/S2430/initialize?prefCd=42&kikanCd=coh0004&kikanKbn=2", "url2": null, "内容": "医療法人　藤原医院【2:診療所】【診療科目:内科_外科_リハビリテーション科】長崎県諫早市松里町３１番３" }, "geometry": { "type": "Point", "coordinates": [ 130.084171, 32.798769 ] } },
{ "type": "Feature", "properties": { "ID": "422coh0005", "正式名称": "すみれ腎クリニック", "機関区分": 2, "都道府県コード": 42, "市区町村コード": 204, "所在地": "長崎県諫早市川内町１６７番地１", "緯度": 32.835647, "経度": 130.075363, "url": "https://www.iryou.teikyouseido.mhlw.go.jp/znk-web/juminkanja/S2430/initialize?prefCd=42&kikanCd=coh0005&kikanKbn=2", "url2": null, "内容": "すみれ腎クリニック【2:診療所】【診療科目:内科_腎臓内科】長崎県諫早市川内町１６７番地１" }, "geometry": { "type": "Point", "coordinates": [ 130.075363, 32.835647 ] } },
{ "type": "Feature", "properties": { "ID": "422coh0006", "正式名称": "貝田整形外科", "機関区分": 2, "都道府県コード": 42, "市区町村コード": 204, "所在地": "長崎県諫早市東小路町１２番地１０号", "緯度": 32.842143, "経度": 130.054598, "url": "https://www.iryou.teikyouseido.mhlw.go.jp/znk-web/juminkanja/S2430/initialize?prefCd=42&kikanCd=coh0006&kikanKbn=2", "url2": "https://www.kaida-seikeigeka.com/", "内容": "貝田整形外科【2:診療所】【診療科目:整形外科_リハビリテーション科】長崎県諫早市東小路町１２番地１０号" }, "geometry": { "type": "Point", "coordinates": [ 130.054598, 32.842143 ] } },
{ "type": "Feature", "properties": { "ID": "422coh0007", "正式名称": "たけさこ整形外科", "機関区分": 2, "都道府県コード": 42, "市区町村コード": 204, "所在地": "長崎県諫早市多良見町化屋１１００ー７", "緯度": 32.828234, "経度": 129.986087, "url": "https://www.iryou.teikyouseido.mhlw.go.jp/znk-web/juminkanja/S2430/initialize?prefCd=42&kikanCd=coh0007&kikanKbn=2", "url2": "http://takesako-ortho.com/", "内容": "たけさこ整形外科【2:診療所】【診療科目:整形外科_リハビリテーション科】長崎県諫早市多良見町化屋１１００ー７" }, "geometry": { "type": "Point", "coordinates": [ 129.986087, 32.828234 ] } },
{ "type": "Feature", "properties": { "ID": "422coh0009", "正式名称": "医療法人澤田胃腸科内科医院", "機関区分": 2, "都道府県コード": 42, "市区町村コード": 205, "所在地": "長崎県大村市小路口本町３３０番地１", "緯度": 32.938278, "経度": 129.95462, "url": "https://www.iryou.teikyouseido.mhlw.go.jp/znk-web/juminkanja/S2430/initialize?prefCd=42&kikanCd=coh0009&kikanKbn=2", "url2": "https://sawadaicho-omura.com", "内容": "医療法人澤田胃腸科内科医院【2:診療所】【診療科目:内科_消化器内科_胃腸内科_内視鏡内科】長崎県大村市小路口本町３３０番地１" }, "geometry": { "type": "Point", "coordinates": [ 129.95462, 32.938278 ] } },
{ "type": "Feature", "properties": { "ID": "422coh0014", "正式名称": "医療法人社団慈栄会池田外科医院", "機関区分": 2, "都道府県コード": 42, "市区町村コード": 204, "所在地": "長崎県諫早市山川町２－５", "緯度": 32.846871, "経度": 130.02467, "url": "https://www.iryou.teikyouseido.mhlw.go.jp/znk-web/juminkanja/S2430/initialize?prefCd=42&kikanCd=coh0014&kikanKbn=2", "url2": "www.ikedageka.com", "内容": "医療法人社団慈栄会池田外科医院【2:診療所】【診療科目:胃腸内科_外科_肛門外科_整形外科_リハビリテーション科_放射線科】長崎県諫早市山川町２－５" }, "geometry": { "type": "Point", "coordinates": [ 130.02467, 32.846871 ] } },
{ "type": "Feature", "properties": { "ID": "422coh0015", "正式名称": "医療法人社団晋友会野田医院", "機関区分": 2, "都道府県コード": 42, "市区町村コード": 204, "所在地": "長崎県諫早市西里町２３番地", "緯度": 32.85703, "経度": 130.076144, "url": "https://www.iryou.teikyouseido.mhlw.go.jp/znk-web/juminkanja/S2430/initialize?prefCd=42&kikanCd=coh0015&kikanKbn=2", "url2": "https://fdoc.jp/clinic/detail/index/id/53785/", "内容": "医療法人社団晋友会野田医院【2:診療所】【診療科目:内科_消化器内科_外科_消化器外科_整形外科】長崎県諫早市西里町２３番地" }, "geometry": { "type": "Point", "coordinates": [ 130.076144, 32.85703 ] } },
{ "type": "Feature", "properties": { "ID": "422coh0016", "正式名称": "医療法人社団　田渕医院", "機関区分": 2, "都道府県コード": 42, "市区町村コード": 322, "所在地": "長崎県東彼杵郡川棚町白石郷７番地８号", "緯度": 33.064235, "経度": 129.852808, "url": "https://www.iryou.teikyouseido.mhlw.go.jp/znk-web/juminkanja/S2430/initialize?prefCd=42&kikanCd=coh0016&kikanKbn=2", "url2": "http://tabuchi-clinic.jp/", "内容": "医療法人社団　田渕医院【2:診療所】【診療科目:内科_消化器内科_胃腸内科_外科_食道外科_消化器外科_大腸外科_膵臓外科_肛門外科_大腸・肛門外科_リハビリテーション科】長崎県東彼杵郡川棚町白石郷７番地８号" }, "geometry": { "type": "Point", "coordinates": [ 129.852808, 33.064235 ] } },
{ "type": "Feature", "properties": { "ID": "422coh0018", "正式名称": "医療法人社団野田小児科医院", "機関区分": 2, "都道府県コード": 42, "市区町村コード": 204, "所在地": "長崎県諫早市山川町２１－４", "緯度": 32.849288, "経度": 130.026474, "url": "https://www.iryou.teikyouseido.mhlw.go.jp/znk-web/juminkanja/S2430/initialize?prefCd=42&kikanCd=coh0018&kikanKbn=2", "url2": null, "内容": "医療法人社団野田小児科医院【2:診療所】【診療科目:小児科】長崎県諫早市山川町２１－４" }, "geometry": { "type": "Point", "coordinates": [ 130.026474, 32.849288 ] } },
{ "type": "Feature", "properties": { "ID": "422coh0019", "正式名称": "芦塚皮膚科医院", "機関区分": 2, "都道府県コード": 42, "市区町村コード": 204, "所在地": "長崎県諫早市永昌東町１番２号ライオンズ諌早ステーションスクエア１０１号", "緯度": 32.853465, "経度": 130.041641, "url": "https://www.iryou.teikyouseido.mhlw.go.jp/znk-web/juminkanja/S2430/initialize?prefCd=42&kikanCd=coh0019&kikanKbn=2", "url2": null, "内容": "芦塚皮膚科医院【2:診療所】【診療科目:皮膚科】長崎県諫早市永昌東町１番２号ライオンズ諌早ステーションスクエア１０１号" }, "geometry": { "type": "Point", "coordinates": [ 130.041641, 32.853465 ] } },
{ "type": "Feature", "properties": { "ID": "422coh0021", "正式名称": "医療法人助村眼科医院", "機関区分": 2, "都道府県コード": 42, "市区町村コード": 204, "所在地": "長崎県諫早市山川町２番９号", "緯度": 32.846736, "経度": 130.024831, "url": "https://www.iryou.teikyouseido.mhlw.go.jp/znk-web/juminkanja/S2430/initialize?prefCd=42&kikanCd=coh0021&kikanKbn=2", "url2": "https://www.sukemura-ganka.com", "内容": "医療法人助村眼科医院【2:診療所】【診療科目:眼科】長崎県諫早市山川町２番９号" }, "geometry": { "type": "Point", "coordinates": [ 130.024831, 32.846736 ] } },
{ "type": "Feature", "properties": { "ID": "422coh0024", "正式名称": "医療法人田崎医院", "機関区分": 2, "都道府県コード": 42, "市区町村コード": 205, "所在地": "長崎県大村市古町１丁目３１６番地１", "緯度": 32.920804, "経度": 129.955342, "url": "https://www.iryou.teikyouseido.mhlw.go.jp/znk-web/juminkanja/S2430/initialize?prefCd=42&kikanCd=coh0024&kikanKbn=2", "url2": null, "内容": "医療法人田崎医院【2:診療所】【診療科目:内科_胃腸内科_外科_リハビリテーション科】長崎県大村市古町１丁目３１６番地１" }, "geometry": { "type": "Point", "coordinates": [ 129.955342, 32.920804 ] } },
{ "type": "Feature", "properties": { "ID": "422coh0025", "正式名称": "医療法人つじもとこどもクリニック", "機関区分": 2, "都道府県コード": 42, "市区町村コード": 204, "所在地": "長崎県諫早市金谷町１５番３１号", "緯度": 32.850752, "経度": 130.051915, "url": "https://www.iryou.teikyouseido.mhlw.go.jp/znk-web/juminkanja/S2430/initialize?prefCd=42&kikanCd=coh0025&kikanKbn=2", "url2": null, "内容": "医療法人つじもとこどもクリニック【2:診療所】【診療科目:小児科_アレルギー科】長崎県諫早市金谷町１５番３１号" }, "geometry": { "type": "Point", "coordinates": [ 130.051915, 32.850752 ] } },
{ "type": "Feature", "properties": { "ID": "422coh0026", "正式名称": "医療法人ともなが内科クリニック", "機関区分": 2, "都道府県コード": 42, "市区町村コード": 205, "所在地": "長崎県大村市杭出津２丁目５５５番地", "緯度": 32.914648, "経度": 129.95456, "url": "https://www.iryou.teikyouseido.mhlw.go.jp/znk-web/juminkanja/S2430/initialize?prefCd=42&kikanCd=coh0026&kikanKbn=2", "url2": "https://www.tomonaga-clinic.net/", "内容": "医療法人ともなが内科クリニック【2:診療所】【診療科目:内科_呼吸器内科_胃腸内科_リハビリテーション科】長崎県大村市杭出津２丁目５５５番地" }, "geometry": { "type": "Point", "coordinates": [ 129.95456, 32.914648 ] } },
{ "type": "Feature", "properties": { "ID": "422coh0027", "正式名称": "医療法人　中島内科神経内科", "機関区分": 2, "都道府県コード": 42, "市区町村コード": 204, "所在地": "長崎県諫早市永昌東町１９番２８号ピュア２１　１Ｆ", "緯度": 32.853581, "経度": 130.042501, "url": "https://www.iryou.teikyouseido.mhlw.go.jp/znk-web/juminkanja/S2430/initialize?prefCd=42&kikanCd=coh0027&kikanKbn=2", "url2": null, "内容": "医療法人　中島内科神経内科【2:診療所】【診療科目:内科_神経内科_リハビリテーション科】長崎県諫早市永昌東町１９番２８号ピュア２１　１Ｆ" }, "geometry": { "type": "Point", "coordinates": [ 130.042501, 32.853581 ] } },
{ "type": "Feature", "properties": { "ID": "422coh0029", "正式名称": "医療法人橋爪外科胃腸科医院", "機関区分": 2, "都道府県コード": 42, "市区町村コード": 204, "所在地": "長崎県諫早市金谷町３番１７号", "緯度": 32.848139, "経度": 130.051254, "url": "https://www.iryou.teikyouseido.mhlw.go.jp/znk-web/juminkanja/S2430/initialize?prefCd=42&kikanCd=coh0029&kikanKbn=2", "url2": "http://hashizume-clinic.com/", "内容": "医療法人橋爪外科胃腸科医院【2:診療所】【診療科目:胃腸内科_内視鏡内科_外科_肛門外科】長崎県諫早市金谷町３番１７号" }, "geometry": { "type": "Point", "coordinates": [ 130.051254, 32.848139 ] } },
{ "type": "Feature", "properties": { "ID": "422coh0030", "正式名称": "医療法人福田消化器内科医院", "機関区分": 2, "都道府県コード": 42, "市区町村コード": 204, "所在地": "長崎県諫早市永昌町５ー２２", "緯度": 32.849967, "経度": 130.040269, "url": "https://www.iryou.teikyouseido.mhlw.go.jp/znk-web/juminkanja/S2430/initialize?prefCd=42&kikanCd=coh0030&kikanKbn=2", "url2": null, "内容": "医療法人福田消化器内科医院【2:診療所】【診療科目:内科_消化器内科】長崎県諫早市永昌町５ー２２" }, "geometry": { "type": "Point", "coordinates": [ 130.040269, 32.849967 ] } },
{ "type": "Feature", "properties": { "ID": "422coh0031", "正式名称": "医療法人フジイ胃腸科クリニック", "機関区分": 2, "都道府県コード": 42, "市区町村コード": 205, "所在地": "長崎県大村市東本町８番地１号", "緯度": 32.906033, "経度": 129.962583, "url": "https://www.iryou.teikyouseido.mhlw.go.jp/znk-web/juminkanja/S2430/initialize?prefCd=42&kikanCd=coh0031&kikanKbn=2", "url2": "http://www.fujiiclinic.jp/", "内容": "医療法人フジイ胃腸科クリニック【2:診療所】【診療科目:内科_呼吸器内科_消化器内科_胃腸内科】長崎県大村市東本町８番地１号" }, "geometry": { "type": "Point", "coordinates": [ 129.962583, 32.906033 ] } },
{ "type": "Feature", "properties": { "ID": "422coh0032", "正式名称": "マムレディースクリニック", "機関区分": 2, "都道府県コード": 42, "市区町村コード": 204, "所在地": "長崎県諫早市永昌東町２０－２３", "緯度": 32.853511, "経度": 130.043673, "url": "https://www.iryou.teikyouseido.mhlw.go.jp/znk-web/juminkanja/S2430/initialize?prefCd=42&kikanCd=coh0032&kikanKbn=2", "url2": "http://sanfujinkamom.com", "内容": "マムレディースクリニック【2:診療所】【診療科目:産科_婦人科】長崎県諫早市永昌東町２０－２３" }, "geometry": { "type": "Point", "coordinates": [ 130.043673, 32.853511 ] } },
{ "type": "Feature", "properties": { "ID": "422coh0033", "正式名称": "医療法人みね内科クリニック", "機関区分": 2, "都道府県コード": 42, "市区町村コード": 205, "所在地": "長崎県大村市富の原１丁目１１０１－３", "緯度": 32.946541, "経度": 129.979951, "url": "https://www.iryou.teikyouseido.mhlw.go.jp/znk-web/juminkanja/S2430/initialize?prefCd=42&kikanCd=coh0033&kikanKbn=2", "url2": null, "内容": "医療法人みね内科クリニック【2:診療所】【診療科目:内科_呼吸器内科_循環器内科_消化器内科】長崎県大村市富の原１丁目１１０１－３" }, "geometry": { "type": "Point", "coordinates": [ 129.979951, 32.946541 ] } },
{ "type": "Feature", "properties": { "ID": "422coh0034", "正式名称": "医療法人宮本外科", "機関区分": 2, "都道府県コード": 42, "市区町村コード": 204, "所在地": "長崎県諫早市西栄田町６８３番地", "緯度": 32.857961, "経度": 130.028357, "url": "https://www.iryou.teikyouseido.mhlw.go.jp/znk-web/juminkanja/S2430/initialize?prefCd=42&kikanCd=coh0034&kikanKbn=2", "url2": "https://www.miyamotogeka.com", "内容": "医療法人宮本外科【2:診療所】【診療科目:外科_消化器外科_肛門外科_リハビリテーション科】長崎県諫早市西栄田町６８３番地" }, "geometry": { "type": "Point", "coordinates": [ 130.028357, 32.857961 ] } },
{ "type": "Feature", "properties": { "ID": "422coh0035", "正式名称": "医療法人安永産婦人科医院", "機関区分": 2, "都道府県コード": 42, "市区町村コード": 204, "所在地": "長崎県諫早市泉町１７番２２号", "緯度": 32.847572, "経度": 130.056161, "url": "https://www.iryou.teikyouseido.mhlw.go.jp/znk-web/juminkanja/S2430/initialize?prefCd=42&kikanCd=coh0035&kikanKbn=2", "url2": "http://www.yasunaga-obgy.jp", "内容": "医療法人安永産婦人科医院【2:診療所】【診療科目:産婦人科】長崎県諫早市泉町１７番２２号" }, "geometry": { "type": "Point", "coordinates": [ 130.056161, 32.847572 ] } },
{ "type": "Feature", "properties": { "ID": "422coh0036", "正式名称": "岩永医院", "機関区分": 2, "都道府県コード": 42, "市区町村コード": 321, "所在地": "長崎県東彼杵郡東彼杵町瀬戸郷１１７９－３", "緯度": 33.020255, "経度": 129.939622, "url": "https://www.iryou.teikyouseido.mhlw.go.jp/znk-web/juminkanja/S2430/initialize?prefCd=42&kikanCd=coh0036&kikanKbn=2", "url2": null, "内容": "岩永医院【2:診療所】【診療科目:内科_消化器内科】長崎県東彼杵郡東彼杵町瀬戸郷１１７９－３" }, "geometry": { "type": "Point", "coordinates": [ 129.939622, 33.020255 ] } },
{ "type": "Feature", "properties": { "ID": "422coh0037", "正式名称": "植田クリニック", "機関区分": 2, "都道府県コード": 42, "市区町村コード": 204, "所在地": "長崎県諫早市馬渡町５丁目５８番地", "緯度": 32.843266, "経度": 130.025392, "url": "https://www.iryou.teikyouseido.mhlw.go.jp/znk-web/juminkanja/S2430/initialize?prefCd=42&kikanCd=coh0037&kikanKbn=2", "url2": null, "内容": "植田クリニック【2:診療所】【診療科目:内科_外科】長崎県諫早市馬渡町５丁目５８番地" }, "geometry": { "type": "Point", "coordinates": [ 130.025392, 32.843266 ] } },
{ "type": "Feature", "properties": { "ID": "422coh0038", "正式名称": "江藤外科消化器科医院", "機関区分": 2, "都道府県コード": 42, "市区町村コード": 204, "所在地": "長崎県諫早市小野島町１３２－１", "緯度": 32.837525, "経度": 130.093218, "url": "https://www.iryou.teikyouseido.mhlw.go.jp/znk-web/juminkanja/S2430/initialize?prefCd=42&kikanCd=coh0038&kikanKbn=2", "url2": null, "内容": "江藤外科消化器科医院【2:診療所】【診療科目:消化器内科_外科_肛門外科_リハビリテーション科】長崎県諫早市小野島町１３２－１" }, "geometry": { "type": "Point", "coordinates": [ 130.093218, 32.837525 ] } },
{ "type": "Feature", "properties": { "ID": "422coh0040", "正式名称": "おおすみ内科医院", "機関区分": 2, "都道府県コード": 42, "市区町村コード": 204, "所在地": "長崎県諫早市山川町２－１", "緯度": 32.847607, "経度": 130.02439, "url": "https://www.iryou.teikyouseido.mhlw.go.jp/znk-web/juminkanja/S2430/initialize?prefCd=42&kikanCd=coh0040&kikanKbn=2", "url2": null, "内容": "おおすみ内科医院【2:診療所】【診療科目:内科_感染症内科_糖尿病内科_脂質代謝内科_代謝・内分泌内科_呼吸器内科_循環器内科_漢方内科】長崎県諫早市山川町２－１" }, "geometry": { "type": "Point", "coordinates": [ 130.02439, 32.847607 ] } },
{ "type": "Feature", "properties": { "ID": "422coh0041", "正式名称": "おくむらクリニック", "機関区分": 2, "都道府県コード": 42, "市区町村コード": 204, "所在地": "長崎県諫早市西小路町７７４－５", "緯度": 32.843209, "経度": 130.04863, "url": "https://www.iryou.teikyouseido.mhlw.go.jp/znk-web/juminkanja/S2430/initialize?prefCd=42&kikanCd=coh0041&kikanKbn=2", "url2": "http://www.okumura-belle.com/", "内容": "おくむらクリニック【2:診療所】【診療科目:整形外科_形成外科_美容皮膚科】長崎県諫早市西小路町７７４－５" }, "geometry": { "type": "Point", "coordinates": [ 130.04863, 32.843209 ] } },
{ "type": "Feature", "properties": { "ID": "422coh0044", "正式名称": "神田クリニック", "機関区分": 2, "都道府県コード": 42, "市区町村コード": 205, "所在地": "長崎県大村市木場１丁目９４７－３", "緯度": 32.899564, "経度": 129.973895, "url": "https://www.iryou.teikyouseido.mhlw.go.jp/znk-web/juminkanja/S2430/initialize?prefCd=42&kikanCd=coh0044&kikanKbn=2", "url2": "http://www002.upp.so-net.ne.jp/kandakazuaki596/index.html", "内容": "神田クリニック【2:診療所】【診療科目:内科_消化器内科_外科_リハビリテーション科】長崎県大村市木場１丁目９４７－３" }, "geometry": { "type": "Point", "coordinates": [ 129.973895, 32.899564 ] } },
{ "type": "Feature", "properties": { "ID": "422coh0045", "正式名称": "くすもと内科クリニック", "機関区分": 2, "都道府県コード": 42, "市区町村コード": 205, "所在地": "長崎県大村市古賀島町８０－１", "緯度": 32.929807, "経度": 129.947077, "url": "https://www.iryou.teikyouseido.mhlw.go.jp/znk-web/juminkanja/S2430/initialize?prefCd=42&kikanCd=coh0045&kikanKbn=2", "url2": "http://www.kusumotonaika.jp", "内容": "くすもと内科クリニック【2:診療所】【診療科目:内科_腎臓内科_人工透析内科】長崎県大村市古賀島町８０－１" }, "geometry": { "type": "Point", "coordinates": [ 129.947077, 32.929807 ] } },
{ "type": "Feature", "properties": { "ID": "422coh0048", "正式名称": "佐伯皮ふ科医院", "機関区分": 2, "都道府県コード": 42, "市区町村コード": 205, "所在地": "長崎県大村市東本町５４３", "緯度": 32.900025, "経度": 129.957863, "url": "https://www.iryou.teikyouseido.mhlw.go.jp/znk-web/juminkanja/S2430/initialize?prefCd=42&kikanCd=coh0048&kikanKbn=2", "url2": null, "内容": "佐伯皮ふ科医院【2:診療所】【診療科目:皮膚科】長崎県大村市東本町５４３" }, "geometry": { "type": "Point", "coordinates": [ 129.957863, 32.900025 ] } },
{ "type": "Feature", "properties": { "ID": "422coh0049", "正式名称": "医療法人六敬会　澤田医院", "機関区分": 2, "都道府県コード": 42, "市区町村コード": 204, "所在地": "長崎県諫早市宗方町１６－５", "緯度": 32.833677, "経度": 130.084781, "url": "https://www.iryou.teikyouseido.mhlw.go.jp/znk-web/juminkanja/S2430/initialize?prefCd=42&kikanCd=coh0049&kikanKbn=2", "url2": null, "内容": "医療法人六敬会　澤田医院【2:診療所】【診療科目:内科】長崎県諫早市宗方町１６－５" }, "geometry": { "type": "Point", "coordinates": [ 130.084781, 32.833677 ] } },
{ "type": "Feature", "properties": { "ID": "422coh0050", "正式名称": "しば整形外科クリニック", "機関区分": 2, "都道府県コード": 42, "市区町村コード": 204, "所在地": "長崎県諫早市永昌東町２０番２５号", "緯度": 32.853571, "経度": 130.04338, "url": "https://www.iryou.teikyouseido.mhlw.go.jp/znk-web/juminkanja/S2430/initialize?prefCd=42&kikanCd=coh0050&kikanKbn=2", "url2": null, "内容": "しば整形外科クリニック【2:診療所】【診療科目:整形外科_リハビリテーション科】長崎県諫早市永昌東町２０番２５号" }, "geometry": { "type": "Point", "coordinates": [ 130.04338, 32.853571 ] } },
{ "type": "Feature", "properties": { "ID": "422coh0056", "正式名称": "高原内科循環器科医院", "機関区分": 2, "都道府県コード": 42, "市区町村コード": 204, "所在地": "長崎県諫早市小船越町１１４４ー８", "緯度": 32.840768, "経度": 130.031242, "url": "https://www.iryou.teikyouseido.mhlw.go.jp/znk-web/juminkanja/S2430/initialize?prefCd=42&kikanCd=coh0056&kikanKbn=2", "url2": null, "内容": "高原内科循環器科医院【2:診療所】【診療科目:内科_循環器内科】長崎県諫早市小船越町１１４４ー８" }, "geometry": { "type": "Point", "coordinates": [ 130.031242, 32.840768 ] } },
{ "type": "Feature", "properties": { "ID": "422coh0057", "正式名称": "立川医院", "機関区分": 2, "都道府県コード": 42, "市区町村コード": 204, "所在地": "長崎県諫早市高来町三部壱５２４番地４", "緯度": 32.907824, "経度": 130.142028, "url": "https://www.iryou.teikyouseido.mhlw.go.jp/znk-web/juminkanja/S2430/initialize?prefCd=42&kikanCd=coh0057&kikanKbn=2", "url2": null, "内容": "立川医院【2:診療所】【診療科目:内科_外科】長崎県諫早市高来町三部壱５２４番地４" }, "geometry": { "type": "Point", "coordinates": [ 130.142028, 32.907824 ] } },
{ "type": "Feature", "properties": { "ID": "422coh0058", "正式名称": "立石産婦人科医院", "機関区分": 2, "都道府県コード": 42, "市区町村コード": 204, "所在地": "長崎県諫早市栄町７番６号", "緯度": 32.841076, "経度": 130.055806, "url": "https://www.iryou.teikyouseido.mhlw.go.jp/znk-web/juminkanja/S2430/initialize?prefCd=42&kikanCd=coh0058&kikanKbn=2", "url2": null, "内容": "立石産婦人科医院【2:診療所】【診療科目:産婦人科】長崎県諫早市栄町７番６号" }, "geometry": { "type": "Point", "coordinates": [ 130.055806, 32.841076 ] } },
{ "type": "Feature", "properties": { "ID": "422coh0062", "正式名称": "中田クリニック", "機関区分": 2, "都道府県コード": 42, "市区町村コード": 205, "所在地": "長崎県大村市古賀島町３６８－１", "緯度": 32.927439, "経度": 129.940496, "url": "https://www.iryou.teikyouseido.mhlw.go.jp/znk-web/juminkanja/S2430/initialize?prefCd=42&kikanCd=coh0062&kikanKbn=2", "url2": "http://nakataclinic-omura.com/", "内容": "中田クリニック【2:診療所】【診療科目:内科_消化器内科_外科】長崎県大村市古賀島町３６８－１" }, "geometry": { "type": "Point", "coordinates": [ 129.940496, 32.927439 ] } },
{ "type": "Feature", "properties": { "ID": "422coh0063", "正式名称": "中村医院", "機関区分": 2, "都道府県コード": 42, "市区町村コード": 205, "所在地": "長崎県大村市東本町３３９番地", "緯度": 32.900025, "経度": 129.957863, "url": "https://www.iryou.teikyouseido.mhlw.go.jp/znk-web/juminkanja/S2430/initialize?prefCd=42&kikanCd=coh0063&kikanKbn=2", "url2": null, "内容": "中村医院【2:診療所】【診療科目:内科_糖尿病内科_代謝内科_糖尿病・内分泌内科_小児科】長崎県大村市東本町３３９番地" }, "geometry": { "type": "Point", "coordinates": [ 129.957863, 32.900025 ] } },
{ "type": "Feature", "properties": { "ID": "422coh0065", "正式名称": "にいむら整形外科", "機関区分": 2, "都道府県コード": 42, "市区町村コード": 322, "所在地": "長崎県東彼杵郡川棚町下組郷１４番地７", "緯度": 33.071622, "経度": 129.858976, "url": "https://www.iryou.teikyouseido.mhlw.go.jp/znk-web/juminkanja/S2430/initialize?prefCd=42&kikanCd=coh0065&kikanKbn=2", "url2": null, "内容": "にいむら整形外科【2:診療所】【診療科目:整形外科_リウマチ科_リハビリテーション科】長崎県東彼杵郡川棚町下組郷１４番地７" }, "geometry": { "type": "Point", "coordinates": [ 129.858976, 33.071622 ] } },
{ "type": "Feature", "properties": { "ID": "422coh0071", "正式名称": "前川漢方内科クリニック", "機関区分": 2, "都道府県コード": 42, "市区町村コード": 205, "所在地": "長崎県大村市植松１丁目４９７ー４", "緯度": 32.929429, "経度": 129.959902, "url": "https://www.iryou.teikyouseido.mhlw.go.jp/znk-web/juminkanja/S2430/initialize?prefCd=42&kikanCd=coh0071&kikanKbn=2", "url2": "http://www.kanpo-doc.com/", "内容": "前川漢方内科クリニック【2:診療所】【診療科目:内科_消化器内科_リハビリテーション科】長崎県大村市植松１丁目４９７ー４" }, "geometry": { "type": "Point", "coordinates": [ 129.959902, 32.929429 ] } },
{ "type": "Feature", "properties": { "ID": "422coh0072", "正式名称": "前田ひふ科・アレルギー科", "機関区分": 2, "都道府県コード": 42, "市区町村コード": 205, "所在地": "長崎県大村市西大村本町２１２番地２", "緯度": 32.925041, "経度": 129.950788, "url": "https://www.iryou.teikyouseido.mhlw.go.jp/znk-web/juminkanja/S2430/initialize?prefCd=42&kikanCd=coh0072&kikanKbn=2", "url2": "http://www.maeda-hifuka.jp", "内容": "前田ひふ科・アレルギー科【2:診療所】【診療科目:皮膚科_アレルギー科】長崎県大村市西大村本町２１２番地２" }, "geometry": { "type": "Point", "coordinates": [ 129.950788, 32.925041 ] } },
{ "type": "Feature", "properties": { "ID": "422coh0073", "正式名称": "ますだ小児科内科医院", "機関区分": 2, "都道府県コード": 42, "市区町村コード": 204, "所在地": "長崎県諫早市多良見町シーサイド２０ー１３５", "緯度": 32.840612, "経度": 129.988994, "url": "https://www.iryou.teikyouseido.mhlw.go.jp/znk-web/juminkanja/S2430/initialize?prefCd=42&kikanCd=coh0073&kikanKbn=2", "url2": "https://masudaiin.jp", "内容": "ますだ小児科内科医院【2:診療所】【診療科目:内科_アレルギー疾患内科_小児科_アレルギー科】長崎県諫早市多良見町シーサイド２０ー１３５" }, "geometry": { "type": "Point", "coordinates": [ 129.988994, 32.840612 ] } },
{ "type": "Feature", "properties": { "ID": "422coh0078", "正式名称": "むたクリニック", "機関区分": 2, "都道府県コード": 42, "市区町村コード": 205, "所在地": "長崎県大村市古町２－５３３－６", "緯度": 32.920058, "経度": 129.957176, "url": "https://www.iryou.teikyouseido.mhlw.go.jp/znk-web/juminkanja/S2430/initialize?prefCd=42&kikanCd=coh0078&kikanKbn=2", "url2": null, "内容": "むたクリニック【2:診療所】【診療科目:消化器内科_外科_整形外科】長崎県大村市古町２－５３３－６" }, "geometry": { "type": "Point", "coordinates": [ 129.957176, 32.920058 ] } },
{ "type": "Feature", "properties": { "ID": "422coh0086", "正式名称": "吉岡医院", "機関区分": 2, "都道府県コード": 42, "市区町村コード": 204, "所在地": "長崎県諫早市高来町町名４９－３", "緯度": 32.904838, "経度": 130.136914, "url": "https://www.iryou.teikyouseido.mhlw.go.jp/znk-web/juminkanja/S2430/initialize?prefCd=42&kikanCd=coh0086&kikanKbn=2", "url2": null, "内容": "吉岡医院【2:診療所】【診療科目:内科_消化器内科】長崎県諫早市高来町町名４９－３" }, "geometry": { "type": "Point", "coordinates": [ 130.136914, 32.904838 ] } },
{ "type": "Feature", "properties": { "ID": "422coh0090", "正式名称": "医療法人　星和会クリニック", "機関区分": 2, "都道府県コード": 42, "市区町村コード": 204, "所在地": "長崎県諫早市永昌東町２番１７号", "緯度": 32.850967, "経度": 130.042574, "url": "https://www.iryou.teikyouseido.mhlw.go.jp/znk-web/juminkanja/S2430/initialize?prefCd=42&kikanCd=coh0090&kikanKbn=2", "url2": null, "内容": "医療法人　星和会クリニック【2:診療所】【診療科目:内科_消化器内科_胃腸内科】長崎県諫早市永昌東町２番１７号" }, "geometry": { "type": "Point", "coordinates": [ 130.042574, 32.850967 ] } },
{ "type": "Feature", "properties": { "ID": "422coh0092", "正式名称": "博梓会いちのせ内科循環器科", "機関区分": 2, "都道府県コード": 42, "市区町村コード": 323, "所在地": "長崎県東彼杵郡波佐見町稗木場郷３２６番地", "緯度": 33.137419, "経度": 129.869443, "url": "https://www.iryou.teikyouseido.mhlw.go.jp/znk-web/juminkanja/S2430/initialize?prefCd=42&kikanCd=coh0092&kikanKbn=2", "url2": null, "内容": "博梓会いちのせ内科循環器科【2:診療所】【診療科目:内科_循環器内科】長崎県東彼杵郡波佐見町稗木場郷３２６番地" }, "geometry": { "type": "Point", "coordinates": [ 129.869443, 33.137419 ] } },
{ "type": "Feature", "properties": { "ID": "422coh0093", "正式名称": "医療法人　すが眼科", "機関区分": 2, "都道府県コード": 42, "市区町村コード": 323, "所在地": "長崎県東彼杵郡波佐見町宿郷３３３－５", "緯度": 33.135027, "経度": 129.887698, "url": "https://www.iryou.teikyouseido.mhlw.go.jp/znk-web/juminkanja/S2430/initialize?prefCd=42&kikanCd=coh0093&kikanKbn=2", "url2": null, "内容": "医療法人　すが眼科【2:診療所】【診療科目:眼科】長崎県東彼杵郡波佐見町宿郷３３３－５" }, "geometry": { "type": "Point", "coordinates": [ 129.887698, 33.135027 ] } },
{ "type": "Feature", "properties": { "ID": "422coh0094", "正式名称": "いわさき眼科医院", "機関区分": 2, "都道府県コード": 42, "市区町村コード": 205, "所在地": "長崎県大村市本町４３６－１", "緯度": 32.907998, "経度": 129.957589, "url": "https://www.iryou.teikyouseido.mhlw.go.jp/znk-web/juminkanja/S2430/initialize?prefCd=42&kikanCd=coh0094&kikanKbn=2", "url2": null, "内容": "いわさき眼科医院【2:診療所】【診療科目:眼科】長崎県大村市本町４３６－１" }, "geometry": { "type": "Point", "coordinates": [ 129.957589, 32.907998 ] } },
{ "type": "Feature", "properties": { "ID": "422coh0096", "正式名称": "医療法人ごんどう内科・脳神経内科クリニック", "機関区分": 2, "都道府県コード": 42, "市区町村コード": 204, "所在地": "長崎県諫早市幸町３番３２号", "緯度": 32.840699, "経度": 130.058477, "url": "https://www.iryou.teikyouseido.mhlw.go.jp/znk-web/juminkanja/S2430/initialize?prefCd=42&kikanCd=coh0096&kikanKbn=2", "url2": "https://www.gondo-clinic.jp/", "内容": "医療法人ごんどう内科・脳神経内科クリニック【2:診療所】【診療科目:内科_神経内科】長崎県諫早市幸町３番３２号" }, "geometry": { "type": "Point", "coordinates": [ 130.058477, 32.840699 ] } },
{ "type": "Feature", "properties": { "ID": "422coh0097", "正式名称": "西の原野中医院", "機関区分": 2, "都道府県コード": 42, "市区町村コード": 323, "所在地": "長崎県東彼杵郡波佐見町井石郷２２３４番地１", "緯度": 33.140511, "経度": 129.909648, "url": "https://www.iryou.teikyouseido.mhlw.go.jp/znk-web/juminkanja/S2430/initialize?prefCd=42&kikanCd=coh0097&kikanKbn=2", "url2": null, "内容": "西の原野中医院【2:診療所】【診療科目:内科_胃腸内科_外科_小児科】長崎県東彼杵郡波佐見町井石郷２２３４番地１" }, "geometry": { "type": "Point", "coordinates": [ 129.909648, 33.140511 ] } },
{ "type": "Feature", "properties": { "ID": "422coh0098", "正式名称": "医療法人吉田内科クリニック", "機関区分": 2, "都道府県コード": 42, "市区町村コード": 204, "所在地": "長崎県諫早市宇都町１９－１６", "緯度": 32.845917, "経度": 130.0418, "url": "https://www.iryou.teikyouseido.mhlw.go.jp/znk-web/juminkanja/S2430/initialize?prefCd=42&kikanCd=coh0098&kikanKbn=2", "url2": null, "内容": "医療法人吉田内科クリニック【2:診療所】【診療科目:内科_消化器内科】長崎県諫早市宇都町１９－１６" }, "geometry": { "type": "Point", "coordinates": [ 130.0418, 32.845917 ] } },
{ "type": "Feature", "properties": { "ID": "422coh0099", "正式名称": "医療法人　岡崎整形外科医院", "機関区分": 2, "都道府県コード": 42, "市区町村コード": 204, "所在地": "長崎県諫早市小船越町８－１４", "緯度": 32.848799, "経度": 130.032484, "url": "https://www.iryou.teikyouseido.mhlw.go.jp/znk-web/juminkanja/S2430/initialize?prefCd=42&kikanCd=coh0099&kikanKbn=2", "url2": "https://okazaki-seikei.com/", "内容": "医療法人　岡崎整形外科医院【2:診療所】【診療科目:整形外科_皮膚科_リハビリテーション科】長崎県諫早市小船越町８－１４" }, "geometry": { "type": "Point", "coordinates": [ 130.032484, 32.848799 ] } },
{ "type": "Feature", "properties": { "ID": "422coh0103", "正式名称": "山川医院", "機関区分": 2, "都道府県コード": 42, "市区町村コード": 321, "所在地": "長崎県東彼杵郡東彼杵町彼杵宿郷９３", "緯度": 33.036133, "経度": 129.914807, "url": "https://www.iryou.teikyouseido.mhlw.go.jp/znk-web/juminkanja/S2430/initialize?prefCd=42&kikanCd=coh0103&kikanKbn=2", "url2": null, "内容": "山川医院【2:診療所】【診療科目:内科】長崎県東彼杵郡東彼杵町彼杵宿郷９３" }, "geometry": { "type": "Point", "coordinates": [ 129.914807, 33.036133 ] } },
{ "type": "Feature", "properties": { "ID": "422coh0105", "正式名称": "金森こども診療所", "機関区分": 2, "都道府県コード": 42, "市区町村コード": 204, "所在地": "長崎県諫早市多良見町市布５１４番地１０号", "緯度": 32.818382, "経度": 129.964248, "url": "https://www.iryou.teikyouseido.mhlw.go.jp/znk-web/juminkanja/S2430/initialize?prefCd=42&kikanCd=coh0105&kikanKbn=2", "url2": null, "内容": "金森こども診療所【2:診療所】【診療科目:小児科】長崎県諫早市多良見町市布５１４番地１０号" }, "geometry": { "type": "Point", "coordinates": [ 129.964248, 32.818382 ] } },
{ "type": "Feature", "properties": { "ID": "422coh0106", "正式名称": "一ノ瀬皮膚科医院", "機関区分": 2, "都道府県コード": 42, "市区町村コード": 204, "所在地": "長崎県諫早市天満町５番１５号", "緯度": 32.848674, "経度": 130.044604, "url": "https://www.iryou.teikyouseido.mhlw.go.jp/znk-web/juminkanja/S2430/initialize?prefCd=42&kikanCd=coh0106&kikanKbn=2", "url2": null, "内容": "一ノ瀬皮膚科医院【2:診療所】【診療科目:皮膚科】長崎県諫早市天満町５番１５号" }, "geometry": { "type": "Point", "coordinates": [ 130.044604, 32.848674 ] } },
{ "type": "Feature", "properties": { "ID": "422coh0107", "正式名称": "医療法人福重会レディースクリニックしげまつ", "機関区分": 2, "都道府県コード": 42, "市区町村コード": 205, "所在地": "長崎県大村市古町１丁目５１４", "緯度": 32.919292, "経度": 129.957749, "url": "https://www.iryou.teikyouseido.mhlw.go.jp/znk-web/juminkanja/S2430/initialize?prefCd=42&kikanCd=coh0107&kikanKbn=2", "url2": "http://lc-shigematsu.jp/", "内容": "医療法人福重会レディースクリニックしげまつ【2:診療所】【診療科目:産婦人科_産科_婦人科_麻酔科】長崎県大村市古町１丁目５１４" }, "geometry": { "type": "Point", "coordinates": [ 129.957749, 32.919292 ] } },
{ "type": "Feature", "properties": { "ID": "422coh0108", "正式名称": "医療法人芳泉会まつなが眼科形成外科", "機関区分": 2, "都道府県コード": 42, "市区町村コード": 204, "所在地": "長崎県諫早市永昌町４３－１", "緯度": 32.848575, "経度": 130.038094, "url": "https://www.iryou.teikyouseido.mhlw.go.jp/znk-web/juminkanja/S2430/initialize?prefCd=42&kikanCd=coh0108&kikanKbn=2", "url2": "https://matsunaga-ganka-keisei.com", "内容": "医療法人芳泉会まつなが眼科形成外科【2:診療所】【診療科目:形成外科_美容外科_眼科】長崎県諫早市永昌町４３－１" }, "geometry": { "type": "Point", "coordinates": [ 130.038094, 32.848575 ] } },
{ "type": "Feature", "properties": { "ID": "422coh0112", "正式名称": "キッズ＆ファミリークリニック　出口小児科医院", "機関区分": 2, "都道府県コード": 42, "市区町村コード": 205, "所在地": "長崎県大村市諏訪３丁目７８番地", "緯度": 32.923584, "経度": 129.958712, "url": "https://www.iryou.teikyouseido.mhlw.go.jp/znk-web/juminkanja/S2430/initialize?prefCd=42&kikanCd=coh0112&kikanKbn=2", "url2": "http://www.deguchi-pc.com/", "内容": "キッズ＆ファミリークリニック　出口小児科医院【2:診療所】【診療科目:内科_小児科_精神科_心療内科_リハビリテーション科】長崎県大村市諏訪３丁目７８番地" }, "geometry": { "type": "Point", "coordinates": [ 129.958712, 32.923584 ] } },
{ "type": "Feature", "properties": { "ID": "422coh0114", "正式名称": "医療法人社団古川医院", "機関区分": 2, "都道府県コード": 42, "市区町村コード": 204, "所在地": "長崎県諫早市高天町２６１２－１", "緯度": 32.874548, "経度": 130.0958, "url": "https://www.iryou.teikyouseido.mhlw.go.jp/znk-web/juminkanja/S2430/initialize?prefCd=42&kikanCd=coh0114&kikanKbn=2", "url2": "http://www1.bbiq.jp/iansei", "内容": "医療法人社団古川医院【2:診療所】【診療科目:胃腸内科_外科_肛門外科_リハビリテーション科_放射線科】長崎県諫早市高天町２６１２－１" }, "geometry": { "type": "Point", "coordinates": [ 130.0958, 32.874548 ] } },
{ "type": "Feature", "properties": { "ID": "422coh0115", "正式名称": "医療法人　つるかわ内科", "機関区分": 2, "都道府県コード": 42, "市区町村コード": 204, "所在地": "長崎県諫早市東小路町４番２６", "緯度": 32.841802, "経度": 130.053557, "url": "https://www.iryou.teikyouseido.mhlw.go.jp/znk-web/juminkanja/S2430/initialize?prefCd=42&kikanCd=coh0115&kikanKbn=2", "url2": null, "内容": "医療法人　つるかわ内科【2:診療所】【診療科目:内科_呼吸器内科_循環器内科】長崎県諫早市東小路町４番２６" }, "geometry": { "type": "Point", "coordinates": [ 130.053557, 32.841802 ] } },
{ "type": "Feature", "properties": { "ID": "422coh0117", "正式名称": "楠木眼科医院", "機関区分": 2, "都道府県コード": 42, "市区町村コード": 205, "所在地": "長崎県大村市東三城町１５２番地", "緯度": 32.909451, "経度": 129.958431, "url": "https://www.iryou.teikyouseido.mhlw.go.jp/znk-web/juminkanja/S2430/initialize?prefCd=42&kikanCd=coh0117&kikanKbn=2", "url2": null, "内容": "楠木眼科医院【2:診療所】【診療科目:眼科】長崎県大村市東三城町１５２番地" }, "geometry": { "type": "Point", "coordinates": [ 129.958431, 32.909451 ] } },
{ "type": "Feature", "properties": { "ID": "422coh0122", "正式名称": "内川外科医院", "機関区分": 2, "都道府県コード": 42, "市区町村コード": 204, "所在地": "長崎県諫早市天満町１３番２３号", "緯度": 32.847318, "経度": 130.046447, "url": "https://www.iryou.teikyouseido.mhlw.go.jp/znk-web/juminkanja/S2430/initialize?prefCd=42&kikanCd=coh0122&kikanKbn=2", "url2": null, "内容": "内川外科医院【2:診療所】【診療科目:内科_外科_整形外科】長崎県諫早市天満町１３番２３号" }, "geometry": { "type": "Point", "coordinates": [ 130.046447, 32.847318 ] } },
{ "type": "Feature", "properties": { "ID": "422coh0123", "正式名称": "医療法人一翠会　下山耳鼻咽喉科医院", "機関区分": 2, "都道府県コード": 42, "市区町村コード": 205, "所在地": "長崎県大村市原口町１０４１番地", "緯度": 32.934999, "経度": 129.9482, "url": "https://www.iryou.teikyouseido.mhlw.go.jp/znk-web/juminkanja/S2430/initialize?prefCd=42&kikanCd=coh0123&kikanKbn=2", "url2": null, "内容": "医療法人一翠会　下山耳鼻咽喉科医院【2:診療所】【診療科目:耳鼻いんこう科_アレルギー科】長崎県大村市原口町１０４１番地" }, "geometry": { "type": "Point", "coordinates": [ 129.9482, 32.934999 ] } },
{ "type": "Feature", "properties": { "ID": "422coh0124", "正式名称": "松村内科・消化器科", "機関区分": 2, "都道府県コード": 42, "市区町村コード": 321, "所在地": "長崎県東彼杵郡東彼杵町駄地郷３９番地３番", "緯度": 33.014304, "経度": 129.947042, "url": "https://www.iryou.teikyouseido.mhlw.go.jp/znk-web/juminkanja/S2430/initialize?prefCd=42&kikanCd=coh0124&kikanKbn=2", "url2": null, "内容": "松村内科・消化器科【2:診療所】【診療科目:内科_消化器内科】長崎県東彼杵郡東彼杵町駄地郷３９番地３番" }, "geometry": { "type": "Point", "coordinates": [ 129.947042, 33.014304 ] } },
{ "type": "Feature", "properties": { "ID": "422coh0128", "正式名称": "医療法人　八並整形外科・リハビリテーション医院", "機関区分": 2, "都道府県コード": 42, "市区町村コード": 323, "所在地": "長崎県東彼杵郡波佐見町志折郷２１１４－６", "緯度": 33.113985, "経度": 129.867649, "url": "https://www.iryou.teikyouseido.mhlw.go.jp/znk-web/juminkanja/S2430/initialize?prefCd=42&kikanCd=coh0128&kikanKbn=2", "url2": null, "内容": "医療法人　八並整形外科・リハビリテーション医院【2:診療所】【診療科目:整形外科_リウマチ科_リハビリテーション科】長崎県東彼杵郡波佐見町志折郷２１１４－６" }, "geometry": { "type": "Point", "coordinates": [ 129.867649, 33.113985 ] } },
{ "type": "Feature", "properties": { "ID": "422coh0129", "正式名称": "諫早そよかぜクリニック", "機関区分": 2, "都道府県コード": 42, "市区町村コード": 204, "所在地": "長崎県諫早市津水町１６０番地", "緯度": 32.848076, "経度": 130.012386, "url": "https://www.iryou.teikyouseido.mhlw.go.jp/znk-web/juminkanja/S2430/initialize?prefCd=42&kikanCd=coh0129&kikanKbn=2", "url2": "http://www.soyokazeclin.com", "内容": "諫早そよかぜクリニック【2:診療所】【診療科目:内科_消化器内科_リウマチ科_リハビリテーション科】長崎県諫早市津水町１６０番地" }, "geometry": { "type": "Point", "coordinates": [ 130.012386, 32.848076 ] } },
{ "type": "Feature", "properties": { "ID": "422coh0130", "正式名称": "医療法人大村中央産婦人科", "機関区分": 2, "都道府県コード": 42, "市区町村コード": 205, "所在地": "長崎県大村市水主町", "緯度": 32.909488, "経度": 129.957609, "url": "https://www.iryou.teikyouseido.mhlw.go.jp/znk-web/juminkanja/S2430/initialize?prefCd=42&kikanCd=coh0130&kikanKbn=2", "url2": "http://www.omura-central.jp", "内容": "医療法人大村中央産婦人科【2:診療所】【診療科目:産婦人科】長崎県大村市水主町" }, "geometry": { "type": "Point", "coordinates": [ 129.957609, 32.909488 ] } },
{ "type": "Feature", "properties": { "ID": "422coh0132", "正式名称": "まつお産婦人科", "機関区分": 2, "都道府県コード": 42, "市区町村コード": 322, "所在地": "長崎県東彼杵郡川棚町百津郷４５２番地", "緯度": 33.067824, "経度": 129.863115, "url": "https://www.iryou.teikyouseido.mhlw.go.jp/znk-web/juminkanja/S2430/initialize?prefCd=42&kikanCd=coh0132&kikanKbn=2", "url2": "http://www.matsuo-obgyn.jp/", "内容": "まつお産婦人科【2:診療所】【診療科目:産婦人科】長崎県東彼杵郡川棚町百津郷４５２番地" }, "geometry": { "type": "Point", "coordinates": [ 129.863115, 33.067824 ] } },
{ "type": "Feature", "properties": { "ID": "422coh0134", "正式名称": "ありやま小児科", "機関区分": 2, "都道府県コード": 42, "市区町村コード": 205, "所在地": "長崎県大村市木場１丁目９４７番地４", "緯度": 32.899414, "経度": 129.973754, "url": "https://www.iryou.teikyouseido.mhlw.go.jp/znk-web/juminkanja/S2430/initialize?prefCd=42&kikanCd=coh0134&kikanKbn=2", "url2": "https://park.paa.jp/park2/clinics/1752/businesses/01", "内容": "ありやま小児科【2:診療所】【診療科目:小児科】長崎県大村市木場１丁目９４７番地４" }, "geometry": { "type": "Point", "coordinates": [ 129.973754, 32.899414 ] } },
{ "type": "Feature", "properties": { "ID": "422coh0141", "正式名称": "医療法人和光会出口医院レディースクリニック", "機関区分": 2, "都道府県コード": 42, "市区町村コード": 204, "所在地": "長崎県諫早市東小路町", "緯度": 32.841464, "経度": 130.053958, "url": "https://www.iryou.teikyouseido.mhlw.go.jp/znk-web/juminkanja/S2430/initialize?prefCd=42&kikanCd=coh0141&kikanKbn=2", "url2": "http://www.deguchi-lc.jp", "内容": "医療法人和光会出口医院レディースクリニック【2:診療所】【診療科目:産婦人科】長崎県諫早市東小路町" }, "geometry": { "type": "Point", "coordinates": [ 130.053958, 32.841464 ] } },
{ "type": "Feature", "properties": { "ID": "422coh0142", "正式名称": "医療法人橋本循環器内科", "機関区分": 2, "都道府県コード": 42, "市区町村コード": 204, "所在地": "長崎県諫早市永昌東町２－１７", "緯度": 32.850967, "経度": 130.042574, "url": "https://www.iryou.teikyouseido.mhlw.go.jp/znk-web/juminkanja/S2430/initialize?prefCd=42&kikanCd=coh0142&kikanKbn=2", "url2": null, "内容": "医療法人橋本循環器内科【2:診療所】【診療科目:内科_循環器内科】長崎県諫早市永昌東町２－１７" }, "geometry": { "type": "Point", "coordinates": [ 130.042574, 32.850967 ] } },
{ "type": "Feature", "properties": { "ID": "422coh0143", "正式名称": "甲状腺・乳腺クリニック", "機関区分": 2, "都道府県コード": 42, "市区町村コード": 204, "所在地": "長崎県諫早市貝津町１１２４番地", "緯度": 32.8377, "経度": 130.011733, "url": "https://www.iryou.teikyouseido.mhlw.go.jp/znk-web/juminkanja/S2430/initialize?prefCd=42&kikanCd=coh0143&kikanKbn=2", "url2": "http://uga.or.jp", "内容": "甲状腺・乳腺クリニック【2:診療所】【診療科目:外科_乳腺外科_甲状腺外科】長崎県諫早市貝津町１１２４番地" }, "geometry": { "type": "Point", "coordinates": [ 130.011733, 32.8377 ] } },
{ "type": "Feature", "properties": { "ID": "422coh0144", "正式名称": "医療法人　岡循環器内科", "機関区分": 2, "都道府県コード": 42, "市区町村コード": 205, "所在地": "長崎県大村市東三城町１９０", "緯度": 32.910803, "経度": 129.956345, "url": "https://www.iryou.teikyouseido.mhlw.go.jp/znk-web/juminkanja/S2430/initialize?prefCd=42&kikanCd=coh0144&kikanKbn=2", "url2": null, "内容": "医療法人　岡循環器内科【2:診療所】【診療科目:内科_循環器内科_胃腸内科】長崎県大村市東三城町１９０" }, "geometry": { "type": "Point", "coordinates": [ 129.956345, 32.910803 ] } },
{ "type": "Feature", "properties": { "ID": "422coh0146", "正式名称": "医療法人　おの小児科", "機関区分": 2, "都道府県コード": 42, "市区町村コード": 204, "所在地": "長崎県諫早市宇都町７番２１号", "緯度": 32.846683, "経度": 130.040137, "url": "https://www.iryou.teikyouseido.mhlw.go.jp/znk-web/juminkanja/S2430/initialize?prefCd=42&kikanCd=coh0146&kikanKbn=2", "url2": "http://www13.plala.or.jp/OnoPediatric/", "内容": "医療法人　おの小児科【2:診療所】【診療科目:小児科】長崎県諫早市宇都町７番２１号" }, "geometry": { "type": "Point", "coordinates": [ 130.040137, 32.846683 ] } },
{ "type": "Feature", "properties": { "ID": "422coh0147", "正式名称": "いかり内科クリニック", "機関区分": 2, "都道府県コード": 42, "市区町村コード": 204, "所在地": "長崎県諫早市福田町６番３２号", "緯度": 32.851319, "経度": 130.060086, "url": "https://www.iryou.teikyouseido.mhlw.go.jp/znk-web/juminkanja/S2430/initialize?prefCd=42&kikanCd=coh0147&kikanKbn=2", "url2": null, "内容": "いかり内科クリニック【2:診療所】【診療科目:内科】長崎県諫早市福田町６番３２号" }, "geometry": { "type": "Point", "coordinates": [ 130.060086, 32.851319 ] } },
{ "type": "Feature", "properties": { "ID": "422coh0149", "正式名称": "カナザワ内科クリニック", "機関区分": 2, "都道府県コード": 42, "市区町村コード": 322, "所在地": "長崎県東彼杵郡川棚町下組郷３９１－２", "緯度": 33.069998, "経度": 129.859335, "url": "https://www.iryou.teikyouseido.mhlw.go.jp/znk-web/juminkanja/S2430/initialize?prefCd=42&kikanCd=coh0149&kikanKbn=2", "url2": null, "内容": "カナザワ内科クリニック【2:診療所】【診療科目:内科_神経内科_アレルギー科_リウマチ科】長崎県東彼杵郡川棚町下組郷３９１－２" }, "geometry": { "type": "Point", "coordinates": [ 129.859335, 33.069998 ] } },
{ "type": "Feature", "properties": { "ID": "422coh0151", "正式名称": "医療法人社団仁愛会　中村医院", "機関区分": 2, "都道府県コード": 42, "市区町村コード": 204, "所在地": "長崎県諫早市多良見町化屋８４３番地", "緯度": 32.830995, "経度": 129.985786, "url": "https://www.iryou.teikyouseido.mhlw.go.jp/znk-web/juminkanja/S2430/initialize?prefCd=42&kikanCd=coh0151&kikanKbn=2", "url2": null, "内容": "医療法人社団仁愛会　中村医院【2:診療所】【診療科目:内科_消化器内科_小児科】長崎県諫早市多良見町化屋８４３番地" }, "geometry": { "type": "Point", "coordinates": [ 129.985786, 32.830995 ] } },
{ "type": "Feature", "properties": { "ID": "422coh0155", "正式名称": "ひろ皮ふ科クリニック", "機関区分": 2, "都道府県コード": 42, "市区町村コード": 322, "所在地": "長崎県東彼杵郡川棚町下組郷３８５－４", "緯度": 33.068802, "経度": 129.858132, "url": "https://www.iryou.teikyouseido.mhlw.go.jp/znk-web/juminkanja/S2430/initialize?prefCd=42&kikanCd=coh0155&kikanKbn=2", "url2": null, "内容": "ひろ皮ふ科クリニック【2:診療所】【診療科目:皮膚科_アレルギー科】長崎県東彼杵郡川棚町下組郷３８５－４" }, "geometry": { "type": "Point", "coordinates": [ 129.858132, 33.068802 ] } },
{ "type": "Feature", "properties": { "ID": "422coh0156", "正式名称": "平松整形外科医院", "機関区分": 2, "都道府県コード": 42, "市区町村コード": 205, "所在地": "長崎県大村市富の原２－２１８－４", "緯度": 32.943274, "経度": 129.940435, "url": "https://www.iryou.teikyouseido.mhlw.go.jp/znk-web/juminkanja/S2430/initialize?prefCd=42&kikanCd=coh0156&kikanKbn=2", "url2": "https://hiramatsu-seikei.com", "内容": "平松整形外科医院【2:診療所】【診療科目:整形外科_リウマチ科_リハビリテーション科】長崎県大村市富の原２－２１８－４" }, "geometry": { "type": "Point", "coordinates": [ 129.940435, 32.943274 ] } },
{ "type": "Feature", "properties": { "ID": "422coh0158", "正式名称": "たけした内科小児科医院", "機関区分": 2, "都道府県コード": 42, "市区町村コード": 204, "所在地": "長崎県諫早市山川町２丁目１３番地", "緯度": 32.846581, "経度": 130.02427, "url": "https://www.iryou.teikyouseido.mhlw.go.jp/znk-web/juminkanja/S2430/initialize?prefCd=42&kikanCd=coh0158&kikanKbn=2", "url2": null, "内容": "たけした内科小児科医院【2:診療所】【診療科目:内科_小児科】長崎県諫早市山川町２丁目１３番地" }, "geometry": { "type": "Point", "coordinates": [ 130.02427, 32.846581 ] } },
{ "type": "Feature", "properties": { "ID": "422coh0159", "正式名称": "医療法人紫雲会　本川医院", "機関区分": 2, "都道府県コード": 42, "市区町村コード": 322, "所在地": "長崎県東彼杵郡川棚町中組郷１４８９番地１", "緯度": 33.073616, "経度": 129.860825, "url": "https://www.iryou.teikyouseido.mhlw.go.jp/znk-web/juminkanja/S2430/initialize?prefCd=42&kikanCd=coh0159&kikanKbn=2", "url2": "https://www.shiunkai-komorebi.com/", "内容": "医療法人紫雲会　本川医院【2:診療所】【診療科目:内科_消化器内科_小児科】長崎県東彼杵郡川棚町中組郷１４８９番地１" }, "geometry": { "type": "Point", "coordinates": [ 129.860825, 33.073616 ] } },
{ "type": "Feature", "properties": { "ID": "422coh0160", "正式名称": "小松内科", "機関区分": 2, "都道府県コード": 42, "市区町村コード": 205, "所在地": "長崎県大村市上諏訪町８８３－１", "緯度": 32.922045, "経度": 129.96477, "url": "https://www.iryou.teikyouseido.mhlw.go.jp/znk-web/juminkanja/S2430/initialize?prefCd=42&kikanCd=coh0160&kikanKbn=2", "url2": null, "内容": "小松内科【2:診療所】【診療科目:内科_消化器内科】長崎県大村市上諏訪町８８３－１" }, "geometry": { "type": "Point", "coordinates": [ 129.96477, 32.922045 ] } },
{ "type": "Feature", "properties": { "ID": "422coh0161", "正式名称": "医療法人村岡内科医院", "機関区分": 2, "都道府県コード": 42, "市区町村コード": 204, "所在地": "長崎県諫早市東小路町９番１号", "緯度": 32.843597, "経度": 130.054278, "url": "https://www.iryou.teikyouseido.mhlw.go.jp/znk-web/juminkanja/S2430/initialize?prefCd=42&kikanCd=coh0161&kikanKbn=2", "url2": null, "内容": "医療法人村岡内科医院【2:診療所】【診療科目:内科_呼吸器内科_消化器内科】長崎県諫早市東小路町９番１号" }, "geometry": { "type": "Point", "coordinates": [ 130.054278, 32.843597 ] } },
{ "type": "Feature", "properties": { "ID": "422coh0162", "正式名称": "医療法人一省会　長崎医院", "機関区分": 2, "都道府県コード": 42, "市区町村コード": 205, "所在地": "長崎県大村市寿古町７６７", "緯度": 32.962441, "経度": 129.942923, "url": "https://www.iryou.teikyouseido.mhlw.go.jp/znk-web/juminkanja/S2430/initialize?prefCd=42&kikanCd=coh0162&kikanKbn=2", "url2": null, "内容": "医療法人一省会　長崎医院【2:診療所】【診療科目:内科_小児科】長崎県大村市寿古町７６７" }, "geometry": { "type": "Point", "coordinates": [ 129.942923, 32.962441 ] } },
{ "type": "Feature", "properties": { "ID": "422coh0163", "正式名称": "たぶち耳鼻咽喉科医院", "機関区分": 2, "都道府県コード": 42, "市区町村コード": 204, "所在地": "長崎県諫早市小野町２９３―１９", "緯度": 32.835808, "経度": 130.094419, "url": "https://www.iryou.teikyouseido.mhlw.go.jp/znk-web/juminkanja/S2430/initialize?prefCd=42&kikanCd=coh0163&kikanKbn=2", "url2": "http://ssc5.doctorqube.com/tabuchi-ent", "内容": "たぶち耳鼻咽喉科医院【2:診療所】【診療科目:耳鼻いんこう科】長崎県諫早市小野町２９３―１９" }, "geometry": { "type": "Point", "coordinates": [ 130.094419, 32.835808 ] } },
{ "type": "Feature", "properties": { "ID": "422coh0168", "正式名称": "玉川内科・歯科医院", "機関区分": 2, "都道府県コード": 42, "市区町村コード": 322, "所在地": "長崎県東彼杵郡川棚町下組郷２０４７番地４", "緯度": 33.06632, "経度": 129.856887, "url": "https://www.iryou.teikyouseido.mhlw.go.jp/znk-web/juminkanja/S2430/initialize?prefCd=42&kikanCd=coh0168&kikanKbn=2", "url2": null, "内容": "玉川内科・歯科医院【2:診療所】【診療科目:内科_循環器内科_歯科_歯科口腔外科_小児歯科】長崎県東彼杵郡川棚町下組郷２０４７番地４" }, "geometry": { "type": "Point", "coordinates": [ 129.856887, 33.06632 ] } },
{ "type": "Feature", "properties": { "ID": "422coh0169", "正式名称": "（医）浩愛会コムタ外科・整形外科医院", "機関区分": 2, "都道府県コード": 42, "市区町村コード": 204, "所在地": "長崎県諫早市幸町２５‐７", "緯度": 32.838441, "経度": 130.061848, "url": "https://www.iryou.teikyouseido.mhlw.go.jp/znk-web/juminkanja/S2430/initialize?prefCd=42&kikanCd=coh0169&kikanKbn=2", "url2": "https://komuta-geka.com/", "内容": "（医）浩愛会コムタ外科・整形外科医院【2:診療所】【診療科目:胃腸内科_外科_肛門外科_整形外科_リハビリテーション科】長崎県諫早市幸町２５‐７" }, "geometry": { "type": "Point", "coordinates": [ 130.061848, 32.838441 ] } },
{ "type": "Feature", "properties": { "ID": "422coh0171", "正式名称": "なかしまつねゆき内科循環器科", "機関区分": 2, "都道府県コード": 42, "市区町村コード": 204, "所在地": "長崎県諫早市栄田町３１－５", "緯度": 32.854841, "経度": 130.038534, "url": "https://www.iryou.teikyouseido.mhlw.go.jp/znk-web/juminkanja/S2430/initialize?prefCd=42&kikanCd=coh0171&kikanKbn=2", "url2": "http://nakashimatsuneyuki-naika.com", "内容": "なかしまつねゆき内科循環器科【2:診療所】【診療科目:内科_循環器内科】長崎県諫早市栄田町３１－５" }, "geometry": { "type": "Point", "coordinates": [ 130.038534, 32.854841 ] } },
{ "type": "Feature", "properties": { "ID": "422coh0173", "正式名称": "医療法人南野クリニック", "機関区分": 2, "都道府県コード": 42, "市区町村コード": 205, "所在地": "長崎県大村市乾馬場町８８５ー３", "緯度": 32.921105, "経度": 129.959875, "url": "https://www.iryou.teikyouseido.mhlw.go.jp/znk-web/juminkanja/S2430/initialize?prefCd=42&kikanCd=coh0173&kikanKbn=2", "url2": null, "内容": "医療法人南野クリニック【2:診療所】【診療科目:内科_消化器内科_胃腸内科】長崎県大村市乾馬場町８８５ー３" }, "geometry": { "type": "Point", "coordinates": [ 129.959875, 32.921105 ] } },
{ "type": "Feature", "properties": { "ID": "422coh0175", "正式名称": "さくらクリニック", "機関区分": 2, "都道府県コード": 42, "市区町村コード": 205, "所在地": "長崎県大村市池田１丁目５０番地１", "緯度": 32.930223, "経度": 129.962087, "url": "https://www.iryou.teikyouseido.mhlw.go.jp/znk-web/juminkanja/S2430/initialize?prefCd=42&kikanCd=coh0175&kikanKbn=2", "url2": "http://www.midori-group.com", "内容": "さくらクリニック【2:診療所】【診療科目:内科_糖尿病内科_脂質代謝内科_消化器内科_リウマチ科_リハビリテーション科】長崎県大村市池田１丁目５０番地１" }, "geometry": { "type": "Point", "coordinates": [ 129.962087, 32.930223 ] } },
{ "type": "Feature", "properties": { "ID": "422coh0176", "正式名称": "医療法人回春堂　犬尾内科医院", "機関区分": 2, "都道府県コード": 42, "市区町村コード": 204, "所在地": "長崎県諫早市泉町１４番２６号", "緯度": 32.84726, "経度": 130.05572, "url": "https://www.iryou.teikyouseido.mhlw.go.jp/znk-web/juminkanja/S2430/initialize?prefCd=42&kikanCd=coh0176&kikanKbn=2", "url2": null, "内容": "医療法人回春堂　犬尾内科医院【2:診療所】【診療科目:内科】長崎県諫早市泉町１４番２６号" }, "geometry": { "type": "Point", "coordinates": [ 130.05572, 32.84726 ] } },
{ "type": "Feature", "properties": { "ID": "422coh0178", "正式名称": "谷口整形外科", "機関区分": 2, "都道府県コード": 42, "市区町村コード": 205, "所在地": "長崎県大村市諏訪１丁目７５０番地２", "緯度": 32.921188, "経度": 129.964689, "url": "https://www.iryou.teikyouseido.mhlw.go.jp/znk-web/juminkanja/S2430/initialize?prefCd=42&kikanCd=coh0178&kikanKbn=2", "url2": null, "内容": "谷口整形外科【2:診療所】【診療科目:整形外科_リウマチ科_リハビリテーション科】長崎県大村市諏訪１丁目７５０番地２" }, "geometry": { "type": "Point", "coordinates": [ 129.964689, 32.921188 ] } },
{ "type": "Feature", "properties": { "ID": "422coh0180", "正式名称": "医療法人前田小児科", "機関区分": 2, "都道府県コード": 42, "市区町村コード": 204, "所在地": "長崎県諫早市城見町２２－１１", "緯度": 32.847172, "経度": 130.050833, "url": "https://www.iryou.teikyouseido.mhlw.go.jp/znk-web/juminkanja/S2430/initialize?prefCd=42&kikanCd=coh0180&kikanKbn=2", "url2": "http://www.e-maeda.jp/", "内容": "医療法人前田小児科【2:診療所】【診療科目:小児科】長崎県諫早市城見町２２－１１" }, "geometry": { "type": "Point", "coordinates": [ 130.050833, 32.847172 ] } },
{ "type": "Feature", "properties": { "ID": "422coh0182", "正式名称": "医療法人社団　諫早西口ひろこ内科", "機関区分": 2, "都道府県コード": 42, "市区町村コード": 204, "所在地": "長崎県諫早市永昌町９－２", "緯度": 32.850654, "経度": 130.040778, "url": "https://www.iryou.teikyouseido.mhlw.go.jp/znk-web/juminkanja/S2430/initialize?prefCd=42&kikanCd=coh0182&kikanKbn=2", "url2": "https://hironai.clinic/", "内容": "医療法人社団　諫早西口ひろこ内科【2:診療所】【診療科目:内科_消化器内科_内視鏡内科】長崎県諫早市永昌町９－２" }, "geometry": { "type": "Point", "coordinates": [ 130.040778, 32.850654 ] } },
{ "type": "Feature", "properties": { "ID": "422coh0183", "正式名称": "高島脳神経内科", "機関区分": 2, "都道府県コード": 42, "市区町村コード": 205, "所在地": "長崎県大村市池田２丁目３０４－１", "緯度": 32.933231, "経度": 129.963225, "url": "https://www.iryou.teikyouseido.mhlw.go.jp/znk-web/juminkanja/S2430/initialize?prefCd=42&kikanCd=coh0183&kikanKbn=2", "url2": "sinkeinaika.com", "内容": "高島脳神経内科【2:診療所】【診療科目:内科_脳神経内科_神経内科_渡航外来】長崎県大村市池田２丁目３０４－１" }, "geometry": { "type": "Point", "coordinates": [ 129.963225, 32.933231 ] } },
{ "type": "Feature", "properties": { "ID": "422coh0186", "正式名称": "医療法人　森眼科内科医院", "機関区分": 2, "都道府県コード": 42, "市区町村コード": 204, "所在地": "長崎県諫早市八坂町５番３号", "緯度": 32.842869, "経度": 130.056043, "url": "https://www.iryou.teikyouseido.mhlw.go.jp/znk-web/juminkanja/S2430/initialize?prefCd=42&kikanCd=coh0186&kikanKbn=2", "url2": null, "内容": "医療法人　森眼科内科医院【2:診療所】【診療科目:内科_胃腸内科_眼科】長崎県諫早市八坂町５番３号" }, "geometry": { "type": "Point", "coordinates": [ 130.056043, 32.842869 ] } },
{ "type": "Feature", "properties": { "ID": "422coh0187", "正式名称": "たしろ医院", "機関区分": 2, "都道府県コード": 42, "市区町村コード": 205, "所在地": "長崎県大村市大川田町９１７－１", "緯度": 32.943109, "経度": 129.943626, "url": "https://www.iryou.teikyouseido.mhlw.go.jp/znk-web/juminkanja/S2430/initialize?prefCd=42&kikanCd=coh0187&kikanKbn=2", "url2": null, "内容": "たしろ医院【2:診療所】【診療科目:内科_循環器内科_消化器内科_外科】長崎県大村市大川田町９１７－１" }, "geometry": { "type": "Point", "coordinates": [ 129.943626, 32.943109 ] } },
{ "type": "Feature", "properties": { "ID": "422coh0188", "正式名称": "長崎呼吸器リハビリクリニック", "機関区分": 2, "都道府県コード": 42, "市区町村コード": 204, "所在地": "長崎県諫早市貝津町１６９４番地", "緯度": 32.835361, "経度": 130.013228, "url": "https://www.iryou.teikyouseido.mhlw.go.jp/znk-web/juminkanja/S2430/initialize?prefCd=42&kikanCd=coh0188&kikanKbn=2", "url2": "https://www.nprc.jp/", "内容": "長崎呼吸器リハビリクリニック【2:診療所】【診療科目:内科_呼吸器内科_リハビリテーション科】長崎県諫早市貝津町１６９４番地" }, "geometry": { "type": "Point", "coordinates": [ 130.013228, 32.835361 ] } },
{ "type": "Feature", "properties": { "ID": "422coh0189", "正式名称": "医療法人　うえき心療内科クリニック", "機関区分": 2, "都道府県コード": 42, "市区町村コード": 205, "所在地": "長崎県大村市坂口町３７４－６", "緯度": 32.93631, "経度": 129.962282, "url": "https://www.iryou.teikyouseido.mhlw.go.jp/znk-web/juminkanja/S2430/initialize?prefCd=42&kikanCd=coh0189&kikanKbn=2", "url2": "http://www.uekiclinic.com/", "内容": "医療法人　うえき心療内科クリニック【2:診療所】【診療科目:精神科_心療内科】長崎県大村市坂口町３７４－６" }, "geometry": { "type": "Point", "coordinates": [ 129.962282, 32.93631 ] } },
{ "type": "Feature", "properties": { "ID": "422coh0190", "正式名称": "医療法人やまもと眼科", "機関区分": 2, "都道府県コード": 42, "市区町村コード": 204, "所在地": "長崎県諫早市福田町４２番３号", "緯度": 32.851396, "経度": 130.056326, "url": "https://www.iryou.teikyouseido.mhlw.go.jp/znk-web/juminkanja/S2430/initialize?prefCd=42&kikanCd=coh0190&kikanKbn=2", "url2": null, "内容": "医療法人やまもと眼科【2:診療所】【診療科目:眼科】長崎県諫早市福田町４２番３号" }, "geometry": { "type": "Point", "coordinates": [ 130.056326, 32.851396 ] } },
{ "type": "Feature", "properties": { "ID": "422coh0191", "正式名称": "檀野医院", "機関区分": 2, "都道府県コード": 42, "市区町村コード": 204, "所在地": "長崎県諫早市長田町２５９２", "緯度": 32.843434, "経度": 130.053112, "url": "https://www.iryou.teikyouseido.mhlw.go.jp/znk-web/juminkanja/S2430/initialize?prefCd=42&kikanCd=coh0191&kikanKbn=2", "url2": "http://danno-clover.com", "内容": "檀野医院【2:診療所】【診療科目:内科_リハビリテーション科】長崎県諫早市長田町２５９２" }, "geometry": { "type": "Point", "coordinates": [ 130.053112, 32.843434 ] } },
{ "type": "Feature", "properties": { "ID": "422coh0192", "正式名称": "大沢医院", "機関区分": 2, "都道府県コード": 42, "市区町村コード": 204, "所在地": "長崎県諫早市東本町２ー８", "緯度": 32.844411, "経度": 130.056401, "url": "https://www.iryou.teikyouseido.mhlw.go.jp/znk-web/juminkanja/S2430/initialize?prefCd=42&kikanCd=coh0192&kikanKbn=2", "url2": null, "内容": "大沢医院【2:診療所】【診療科目:内科_循環器内科_漢方内科_外科_心臓血管外科】長崎県諫早市東本町２ー８" }, "geometry": { "type": "Point", "coordinates": [ 130.056401, 32.844411 ] } },
{ "type": "Feature", "properties": { "ID": "422coh0193", "正式名称": "医療法人蓮輪会はすわ診療所", "機関区分": 2, "都道府県コード": 42, "市区町村コード": 323, "所在地": "長崎県東彼杵郡波佐見町稗木場郷１２７２番地", "緯度": 33.132898, "経度": 129.880833, "url": "https://www.iryou.teikyouseido.mhlw.go.jp/znk-web/juminkanja/S2430/initialize?prefCd=42&kikanCd=coh0193&kikanKbn=2", "url2": "http://hasuwa-medical.com/", "内容": "医療法人蓮輪会はすわ診療所【2:診療所】【診療科目:内科_消化器内科_外科_麻酔科】長崎県東彼杵郡波佐見町稗木場郷１２７２番地" }, "geometry": { "type": "Point", "coordinates": [ 129.880833, 33.132898 ] } },
{ "type": "Feature", "properties": { "ID": "422coh0194", "正式名称": "三村医院", "機関区分": 2, "都道府県コード": 42, "市区町村コード": 204, "所在地": "長崎県諫早市東本町３番１３号", "緯度": 32.844649, "経度": 130.056841, "url": "https://www.iryou.teikyouseido.mhlw.go.jp/znk-web/juminkanja/S2430/initialize?prefCd=42&kikanCd=coh0194&kikanKbn=2", "url2": null, "内容": "三村医院【2:診療所】【診療科目:内科_形成外科_美容外科_眼科】長崎県諫早市東本町３番１３号" }, "geometry": { "type": "Point", "coordinates": [ 130.056841, 32.844649 ] } },
{ "type": "Feature", "properties": { "ID": "422coh0196", "正式名称": "耳鼻咽喉科大久保クリニック", "機関区分": 2, "都道府県コード": 42, "市区町村コード": 204, "所在地": "長崎県諫早市多良見町化屋１８０５－２", "緯度": 32.831921, "経度": 129.982297, "url": "https://www.iryou.teikyouseido.mhlw.go.jp/znk-web/juminkanja/S2430/initialize?prefCd=42&kikanCd=coh0196&kikanKbn=2", "url2": null, "内容": "耳鼻咽喉科大久保クリニック【2:診療所】【診療科目:耳鼻いんこう科】長崎県諫早市多良見町化屋１８０５－２" }, "geometry": { "type": "Point", "coordinates": [ 129.982297, 32.831921 ] } },
{ "type": "Feature", "properties": { "ID": "422coh0197", "正式名称": "医療法人社団博仁会山道医院", "機関区分": 2, "都道府県コード": 42, "市区町村コード": 205, "所在地": "長崎県大村市桜馬場２丁目３３３番地１", "緯度": 32.930329, "経度": 129.951129, "url": "https://www.iryou.teikyouseido.mhlw.go.jp/znk-web/juminkanja/S2430/initialize?prefCd=42&kikanCd=coh0197&kikanKbn=2", "url2": "http://www.yamamichi-clinic.com", "内容": "医療法人社団博仁会山道医院【2:診療所】【診療科目:胃腸内科_大腸・肛門内科_外科_肛門外科】長崎県大村市桜馬場２丁目３３３番地１" }, "geometry": { "type": "Point", "coordinates": [ 129.951129, 32.930329 ] } },
{ "type": "Feature", "properties": { "ID": "422coh0202", "正式名称": "ふじた皮ふ科", "機関区分": 2, "都道府県コード": 42, "市区町村コード": 204, "所在地": "長崎県諫早市天満町１ー１３", "緯度": 32.850636, "経度": 130.044784, "url": "https://www.iryou.teikyouseido.mhlw.go.jp/znk-web/juminkanja/S2430/initialize?prefCd=42&kikanCd=coh0202&kikanKbn=2", "url2": null, "内容": "ふじた皮ふ科【2:診療所】【診療科目:皮膚科】長崎県諫早市天満町１ー１３" }, "geometry": { "type": "Point", "coordinates": [ 130.044784, 32.850636 ] } },
{ "type": "Feature", "properties": { "ID": "422coh0203", "正式名称": "医療法人マツオ内科クリニック", "機関区分": 2, "都道府県コード": 42, "市区町村コード": 204, "所在地": "長崎県諫早市永昌町４３番６号", "緯度": 32.84864, "経度": 130.038214, "url": "https://www.iryou.teikyouseido.mhlw.go.jp/znk-web/juminkanja/S2430/initialize?prefCd=42&kikanCd=coh0203&kikanKbn=2", "url2": null, "内容": "医療法人マツオ内科クリニック【2:診療所】【診療科目:内科_糖尿病内科】長崎県諫早市永昌町４３番６号" }, "geometry": { "type": "Point", "coordinates": [ 130.038214, 32.84864 ] } },
{ "type": "Feature", "properties": { "ID": "422coh0205", "正式名称": "医療法人社団健紘会田中クリニック", "機関区分": 2, "都道府県コード": 42, "市区町村コード": 204, "所在地": "長崎県諫早市天満町１１番３号", "緯度": 32.846789, "経度": 130.047248, "url": "https://www.iryou.teikyouseido.mhlw.go.jp/znk-web/juminkanja/S2430/initialize?prefCd=42&kikanCd=coh0205&kikanKbn=2", "url2": null, "内容": "医療法人社団健紘会田中クリニック【2:診療所】【診療科目:人工透析内科_耳鼻いんこう科_皮膚科_泌尿器科】長崎県諫早市天満町１１番３号" }, "geometry": { "type": "Point", "coordinates": [ 130.047248, 32.846789 ] } },
{ "type": "Feature", "properties": { "ID": "422coh0206", "正式名称": "医療法人藤山循環器内科医院", "機関区分": 2, "都道府県コード": 42, "市区町村コード": 204, "所在地": "長崎県諫早市高来町峰９－５", "緯度": 32.889791, "経度": 130.111529, "url": "https://www.iryou.teikyouseido.mhlw.go.jp/znk-web/juminkanja/S2430/initialize?prefCd=42&kikanCd=coh0206&kikanKbn=2", "url2": null, "内容": "医療法人藤山循環器内科医院【2:診療所】【診療科目:内科_循環器内科_放射線科】長崎県諫早市高来町峰９－５" }, "geometry": { "type": "Point", "coordinates": [ 130.111529, 32.889791 ] } },
{ "type": "Feature", "properties": { "ID": "422coh0208", "正式名称": "医療法人前田医院", "機関区分": 2, "都道府県コード": 42, "市区町村コード": 204, "所在地": "長崎県諫早市山川町２番地１０", "緯度": 32.846452, "経度": 130.024991, "url": "https://www.iryou.teikyouseido.mhlw.go.jp/znk-web/juminkanja/S2430/initialize?prefCd=42&kikanCd=coh0208&kikanKbn=2", "url2": null, "内容": "医療法人前田医院【2:診療所】【診療科目:耳鼻いんこう科】長崎県諫早市山川町２番地１０" }, "geometry": { "type": "Point", "coordinates": [ 130.024991, 32.846452 ] } },
{ "type": "Feature", "properties": { "ID": "422coh0210", "正式名称": "諫早天心診療所", "機関区分": 2, "都道府県コード": 42, "市区町村コード": 204, "所在地": "長崎県諫早市福田町４６－３２", "緯度": 32.851866, "経度": 130.055279, "url": "https://www.iryou.teikyouseido.mhlw.go.jp/znk-web/juminkanja/S2430/initialize?prefCd=42&kikanCd=coh0210&kikanKbn=2", "url2": null, "内容": "諫早天心診療所【2:診療所】【診療科目:内科】長崎県諫早市福田町４６－３２" }, "geometry": { "type": "Point", "coordinates": [ 130.055279, 32.851866 ] } },
{ "type": "Feature", "properties": { "ID": "422coh0211", "正式名称": "医療法人しまさき小児科医院", "機関区分": 2, "都道府県コード": 42, "市区町村コード": 204, "所在地": "長崎県諫早市森山町下井牟田１３５６番地１", "緯度": 32.826147, "経度": 130.111989, "url": "https://www.iryou.teikyouseido.mhlw.go.jp/znk-web/juminkanja/S2430/initialize?prefCd=42&kikanCd=coh0211&kikanKbn=2", "url2": "shimasaki-clinic.com", "内容": "医療法人しまさき小児科医院【2:診療所】【診療科目:小児科_アレルギー科】長崎県諫早市森山町下井牟田１３５６番地１" }, "geometry": { "type": "Point", "coordinates": [ 130.111989, 32.826147 ] } },
{ "type": "Feature", "properties": { "ID": "422coh0213", "正式名称": "医療法人八尾医院", "機関区分": 2, "都道府県コード": 42, "市区町村コード": 204, "所在地": "長崎県諫早市有喜町２４４－１", "緯度": 32.796665, "経度": 130.08247, "url": "https://www.iryou.teikyouseido.mhlw.go.jp/znk-web/juminkanja/S2430/initialize?prefCd=42&kikanCd=coh0213&kikanKbn=2", "url2": null, "内容": "医療法人八尾医院【2:診療所】【診療科目:内科_循環器内科_胃腸内科_小児科】長崎県諫早市有喜町２４４－１" }, "geometry": { "type": "Point", "coordinates": [ 130.08247, 32.796665 ] } },
{ "type": "Feature", "properties": { "ID": "422coh0215", "正式名称": "医療法人おおつか内科医院", "機関区分": 2, "都道府県コード": 42, "市区町村コード": 205, "所在地": "長崎県大村市西三城町１５番地１３", "緯度": 32.914389, "経度": 129.96148, "url": "https://www.iryou.teikyouseido.mhlw.go.jp/znk-web/juminkanja/S2430/initialize?prefCd=42&kikanCd=coh0215&kikanKbn=2", "url2": null, "内容": "医療法人おおつか内科医院【2:診療所】【診療科目:内科_呼吸器内科_循環器内科_胃腸内科_小児科】長崎県大村市西三城町１５番地１３" }, "geometry": { "type": "Point", "coordinates": [ 129.96148, 32.914389 ] } },
{ "type": "Feature", "properties": { "ID": "422coh0217", "正式名称": "医療法人野口内科こども医院", "機関区分": 2, "都道府県コード": 42, "市区町村コード": 205, "所在地": "長崎県大村市西大村本町２６４", "緯度": 32.925302, "経度": 129.95141, "url": "https://www.iryou.teikyouseido.mhlw.go.jp/znk-web/juminkanja/S2430/initialize?prefCd=42&kikanCd=coh0217&kikanKbn=2", "url2": null, "内容": "医療法人野口内科こども医院【2:診療所】【診療科目:内科_循環器内科_胃腸内科_小児科_小児外科_麻酔科】長崎県大村市西大村本町２６４" }, "geometry": { "type": "Point", "coordinates": [ 129.95141, 32.925302 ] } },
{ "type": "Feature", "properties": { "ID": "422coh0218", "正式名称": "山住医院", "機関区分": 2, "都道府県コード": 42, "市区町村コード": 321, "所在地": "長崎県東彼杵郡東彼杵町蔵本郷１７５９−９", "緯度": 33.034186, "経度": 129.92135, "url": "https://www.iryou.teikyouseido.mhlw.go.jp/znk-web/juminkanja/S2430/initialize?prefCd=42&kikanCd=coh0218&kikanKbn=2", "url2": null, "内容": "山住医院【2:診療所】【診療科目:内科_外科】長崎県東彼杵郡東彼杵町蔵本郷１７５９−９" }, "geometry": { "type": "Point", "coordinates": [ 129.92135, 33.034186 ] } },
{ "type": "Feature", "properties": { "ID": "422coh0219", "正式名称": "医療法人牧山医院", "機関区分": 2, "都道府県コード": 42, "市区町村コード": 205, "所在地": "長崎県大村市宮小路２丁目１４０８番地", "緯度": 32.950286, "経度": 129.942191, "url": "https://www.iryou.teikyouseido.mhlw.go.jp/znk-web/juminkanja/S2430/initialize?prefCd=42&kikanCd=coh0219&kikanKbn=2", "url2": null, "内容": "医療法人牧山医院【2:診療所】【診療科目:内科_消化器内科_外科_リハビリテーション科】長崎県大村市宮小路２丁目１４０８番地" }, "geometry": { "type": "Point", "coordinates": [ 129.942191, 32.950286 ] } },
{ "type": "Feature", "properties": { "ID": "422coh0220", "正式名称": "医療法人光風会　草野内科医院", "機関区分": 2, "都道府県コード": 42, "市区町村コード": 204, "所在地": "長崎県諫早市永昌東町１５−１", "緯度": 32.852652, "経度": 130.043863, "url": "https://www.iryou.teikyouseido.mhlw.go.jp/znk-web/juminkanja/S2430/initialize?prefCd=42&kikanCd=coh0220&kikanKbn=2", "url2": null, "内容": "医療法人光風会　草野内科医院【2:診療所】【診療科目:内科_呼吸器内科】長崎県諫早市永昌東町１５−１" }, "geometry": { "type": "Point", "coordinates": [ 130.043863, 32.852652 ] } },
{ "type": "Feature", "properties": { "ID": "422coh0221", "正式名称": "篠原皮ふ科クリニック", "機関区分": 2, "都道府県コード": 42, "市区町村コード": 205, "所在地": "長崎県大村市上諏訪町８３７－１", "緯度": 32.921746, "経度": 129.965437, "url": "https://www.iryou.teikyouseido.mhlw.go.jp/znk-web/juminkanja/S2430/initialize?prefCd=42&kikanCd=coh0221&kikanKbn=2", "url2": "http://www.shinohara-hifuka.com", "内容": "篠原皮ふ科クリニック【2:診療所】【診療科目:小児皮膚科_皮膚科_美容皮膚科_アレルギー科】長崎県大村市上諏訪町８３７－１" }, "geometry": { "type": "Point", "coordinates": [ 129.965437, 32.921746 ] } },
{ "type": "Feature", "properties": { "ID": "422coh0224", "正式名称": "うえだ記念内科クリニック", "機関区分": 2, "都道府県コード": 42, "市区町村コード": 205, "所在地": "長崎県大村市諏訪１丁目６７０番地１", "緯度": 32.924315, "経度": 129.962122, "url": "https://www.iryou.teikyouseido.mhlw.go.jp/znk-web/juminkanja/S2430/initialize?prefCd=42&kikanCd=coh0224&kikanKbn=2", "url2": "http;//www.juai.or.jp/", "内容": "うえだ記念内科クリニック【2:診療所】【診療科目:内科_リハビリテーション科】長崎県大村市諏訪１丁目６７０番地１" }, "geometry": { "type": "Point", "coordinates": [ 129.962122, 32.924315 ] } },
{ "type": "Feature", "properties": { "ID": "422coh0225", "正式名称": "医療法人あすなろ会　山下外科医院", "機関区分": 2, "都道府県コード": 42, "市区町村コード": 205, "所在地": "長崎県大村市西三城町１７番地１８", "緯度": 32.91572, "経度": 129.960658, "url": "https://www.iryou.teikyouseido.mhlw.go.jp/znk-web/juminkanja/S2430/initialize?prefCd=42&kikanCd=coh0225&kikanKbn=2", "url2": "http://www.yamashita-cl.jp/", "内容": "医療法人あすなろ会　山下外科医院【2:診療所】【診療科目:消化器内科_外科_乳腺外科_整形外科_リハビリテーション科】長崎県大村市西三城町１７番地１８" }, "geometry": { "type": "Point", "coordinates": [ 129.960658, 32.91572 ] } },
{ "type": "Feature", "properties": { "ID": "422coh0226", "正式名称": "松屋眼科医院", "機関区分": 2, "都道府県コード": 42, "市区町村コード": 204, "所在地": "長崎県諫早市多良見町化屋７２３－４", "緯度": 32.82974, "経度": 129.986407, "url": "https://www.iryou.teikyouseido.mhlw.go.jp/znk-web/juminkanja/S2430/initialize?prefCd=42&kikanCd=coh0226&kikanKbn=2", "url2": "https://www.matsuya-ganka.com/", "内容": "松屋眼科医院【2:診療所】【診療科目:眼科】長崎県諫早市多良見町化屋７２３－４" }, "geometry": { "type": "Point", "coordinates": [ 129.986407, 32.82974 ] } },
{ "type": "Feature", "properties": { "ID": "422coh0228", "正式名称": "医療法人ＴＡ会原口医院", "機関区分": 2, "都道府県コード": 42, "市区町村コード": 204, "所在地": "長崎県諫早市山川町２－４", "緯度": 32.84708, "経度": 130.02451, "url": "https://www.iryou.teikyouseido.mhlw.go.jp/znk-web/juminkanja/S2430/initialize?prefCd=42&kikanCd=coh0228&kikanKbn=2", "url2": null, "内容": "医療法人ＴＡ会原口医院【2:診療所】【診療科目:泌尿器科】長崎県諫早市山川町２－４" }, "geometry": { "type": "Point", "coordinates": [ 130.02451, 32.84708 ] } },
{ "type": "Feature", "properties": { "ID": "422coh0230", "正式名称": "野田耳鼻咽喉科", "機関区分": 2, "都道府県コード": 42, "市区町村コード": 205, "所在地": "長崎県大村市大川田町４０６－１０", "緯度": 32.943284, "経度": 129.947708, "url": "https://www.iryou.teikyouseido.mhlw.go.jp/znk-web/juminkanja/S2430/initialize?prefCd=42&kikanCd=coh0230&kikanKbn=2", "url2": null, "内容": "野田耳鼻咽喉科【2:診療所】【診療科目:耳鼻いんこう科】長崎県大村市大川田町４０６－１０" }, "geometry": { "type": "Point", "coordinates": [ 129.947708, 32.943284 ] } },
{ "type": "Feature", "properties": { "ID": "422coh0235", "正式名称": "おがわまちクリニック", "機関区分": 2, "都道府県コード": 42, "市区町村コード": 204, "所在地": "長崎県諫早市小川町２４６番１", "緯度": 32.831979, "経度": 130.059217, "url": "https://www.iryou.teikyouseido.mhlw.go.jp/znk-web/juminkanja/S2430/initialize?prefCd=42&kikanCd=coh0235&kikanKbn=2", "url2": "http://ogawamachi-clinic.com/", "内容": "おがわまちクリニック【2:診療所】【診療科目:アレルギー疾患内科_小児科_小児心療内科_アレルギー科】長崎県諫早市小川町２４６番１" }, "geometry": { "type": "Point", "coordinates": [ 130.059217, 32.831979 ] } },
{ "type": "Feature", "properties": { "ID": "422coh0236", "正式名称": "医療法人森医院", "機関区分": 2, "都道府県コード": 42, "市区町村コード": 204, "所在地": "長崎県諫早市山川町２番地１１", "緯度": 32.84644, "経度": 130.024831, "url": "https://www.iryou.teikyouseido.mhlw.go.jp/znk-web/juminkanja/S2430/initialize?prefCd=42&kikanCd=coh0236&kikanKbn=2", "url2": "http://wwwb.ocn.ne.jp/~moriiin/", "内容": "医療法人森医院【2:診療所】【診療科目:内科_循環器内科】長崎県諫早市山川町２番地１１" }, "geometry": { "type": "Point", "coordinates": [ 130.024831, 32.84644 ] } },
{ "type": "Feature", "properties": { "ID": "422coh0237", "正式名称": "医療法人圭光会　松尾医院", "機関区分": 2, "都道府県コード": 42, "市区町村コード": 323, "所在地": "長崎県東彼杵郡波佐見町折敷瀬郷１７０９－１", "緯度": 33.140056, "経度": 129.900211, "url": "https://www.iryou.teikyouseido.mhlw.go.jp/znk-web/juminkanja/S2430/initialize?prefCd=42&kikanCd=coh0237&kikanKbn=2", "url2": "http://www.keikoukai-matsuoiin.com", "内容": "医療法人圭光会　松尾医院【2:診療所】【診療科目:内科_外科_消化器外科_肛門外科_整形外科_リハビリテーション科】長崎県東彼杵郡波佐見町折敷瀬郷１７０９－１" }, "geometry": { "type": "Point", "coordinates": [ 129.900211, 33.140056 ] } },
{ "type": "Feature", "properties": { "ID": "422coh0239", "正式名称": "こうの内科医院", "機関区分": 2, "都道府県コード": 42, "市区町村コード": 323, "所在地": "長崎県東彼杵郡波佐見町湯無田郷１２８－１４", "緯度": 33.143679, "経度": 129.910812, "url": "https://www.iryou.teikyouseido.mhlw.go.jp/znk-web/juminkanja/S2430/initialize?prefCd=42&kikanCd=coh0239&kikanKbn=2", "url2": "http://kohno-iin.jp/", "内容": "こうの内科医院【2:診療所】【診療科目:内科_呼吸器内科_漢方内科_アレルギー科_リハビリテーション科】長崎県東彼杵郡波佐見町湯無田郷１２８－１４" }, "geometry": { "type": "Point", "coordinates": [ 129.910812, 33.143679 ] } },
{ "type": "Feature", "properties": { "ID": "422coh0242", "正式名称": "医療法人明和会伊崎脳神経外科・内科", "機関区分": 2, "都道府県コード": 42, "市区町村コード": 205, "所在地": "長崎県大村市東本町１６８番地", "緯度": 32.900025, "経度": 129.957863, "url": "https://www.iryou.teikyouseido.mhlw.go.jp/znk-web/juminkanja/S2430/initialize?prefCd=42&kikanCd=coh0242&kikanKbn=2", "url2": "http://www.izaki-med.com", "内容": "医療法人明和会伊崎脳神経外科・内科【2:診療所】【診療科目:内科_糖尿病内科_脳神経内科_脳神経外科_リハビリテーション科】長崎県大村市東本町１６８番地" }, "geometry": { "type": "Point", "coordinates": [ 129.957863, 32.900025 ] } },
{ "type": "Feature", "properties": { "ID": "422coh0243", "正式名称": "ふじえクリニック", "機関区分": 2, "都道府県コード": 42, "市区町村コード": 204, "所在地": "長崎県諫早市永昌東町９丁目２６番地３階", "緯度": 32.851235, "経度": 130.042881, "url": "https://www.iryou.teikyouseido.mhlw.go.jp/znk-web/juminkanja/S2430/initialize?prefCd=42&kikanCd=coh0243&kikanKbn=2", "url2": null, "内容": "ふじえクリニック【2:診療所】【診療科目:内科_疼痛緩和内科_ペインクリニック内科_ペインクリニック外科_リハビリテーション科_麻酔科】長崎県諫早市永昌東町９丁目２６番地３階" }, "geometry": { "type": "Point", "coordinates": [ 130.042881, 32.851235 ] } },
{ "type": "Feature", "properties": { "ID": "422coh0244", "正式名称": "黒木医院", "機関区分": 2, "都道府県コード": 42, "市区町村コード": 205, "所在地": "長崎県大村市西大村本町２１２ー２", "緯度": 32.925041, "経度": 129.950788, "url": "https://www.iryou.teikyouseido.mhlw.go.jp/znk-web/juminkanja/S2430/initialize?prefCd=42&kikanCd=coh0244&kikanKbn=2", "url2": null, "内容": "黒木医院【2:診療所】【診療科目:泌尿器科】長崎県大村市西大村本町２１２ー２" }, "geometry": { "type": "Point", "coordinates": [ 129.950788, 32.925041 ] } },
{ "type": "Feature", "properties": { "ID": "422coh0245", "正式名称": "まつお眼科医院", "機関区分": 2, "都道府県コード": 42, "市区町村コード": 204, "所在地": "長崎県諫早市幸町２番地２１号", "緯度": 32.840362, "経度": 130.059585, "url": "https://www.iryou.teikyouseido.mhlw.go.jp/znk-web/juminkanja/S2430/initialize?prefCd=42&kikanCd=coh0245&kikanKbn=2", "url2": null, "内容": "まつお眼科医院【2:診療所】【診療科目:眼科】長崎県諫早市幸町２番地２１号" }, "geometry": { "type": "Point", "coordinates": [ 130.059585, 32.840362 ] } },
{ "type": "Feature", "properties": { "ID": "422coh0246", "正式名称": "医療法人つのお内科", "機関区分": 2, "都道府県コード": 42, "市区町村コード": 204, "所在地": "長崎県諫早市城見町１３ー６", "緯度": 32.848382, "経度": 130.047657, "url": "https://www.iryou.teikyouseido.mhlw.go.jp/znk-web/juminkanja/S2430/initialize?prefCd=42&kikanCd=coh0246&kikanKbn=2", "url2": "http://www.tsunoo-clinic.jp/", "内容": "医療法人つのお内科【2:診療所】【診療科目:内科】長崎県諫早市城見町１３ー６" }, "geometry": { "type": "Point", "coordinates": [ 130.047657, 32.848382 ] } },
{ "type": "Feature", "properties": { "ID": "422coh0248", "正式名称": "医療法人社団光楓会　満岡内科・循環器科", "機関区分": 2, "都道府県コード": 42, "市区町村コード": 204, "所在地": "長崎県諫早市金谷町４番１号", "緯度": 32.848107, "経度": 130.050373, "url": "https://www.iryou.teikyouseido.mhlw.go.jp/znk-web/juminkanja/S2430/initialize?prefCd=42&kikanCd=coh0248&kikanKbn=2", "url2": "http://www.mitsuoka-naika.com/", "内容": "医療法人社団光楓会　満岡内科・循環器科【2:診療所】【診療科目:内科_循環器内科】長崎県諫早市金谷町４番１号" }, "geometry": { "type": "Point", "coordinates": [ 130.050373, 32.848107 ] } },
{ "type": "Feature", "properties": { "ID": "422coh0249", "正式名称": "医療法人松樹会うみの星眼科", "機関区分": 2, "都道府県コード": 42, "市区町村コード": 205, "所在地": "長崎県大村市竹松本町９４１番地９", "緯度": 32.93813, "経度": 129.94804, "url": "https://www.iryou.teikyouseido.mhlw.go.jp/znk-web/juminkanja/S2430/initialize?prefCd=42&kikanCd=coh0249&kikanKbn=2", "url2": "http://eye.boy.jp", "内容": "医療法人松樹会うみの星眼科【2:診療所】【診療科目:眼科】長崎県大村市竹松本町９４１番地９" }, "geometry": { "type": "Point", "coordinates": [ 129.94804, 32.93813 ] } },
{ "type": "Feature", "properties": { "ID": "422coh0250", "正式名称": "たきの内科クリニック", "機関区分": 2, "都道府県コード": 42, "市区町村コード": 204, "所在地": "長崎県諫早市永昌町１２－２ＫＲＰ諫早駅前ビル２Ｆ", "緯度": 32.851783, "経度": 130.040311, "url": "https://www.iryou.teikyouseido.mhlw.go.jp/znk-web/juminkanja/S2430/initialize?prefCd=42&kikanCd=coh0250&kikanKbn=2", "url2": "http://www7a.biglobe.ne.jp/~takinoclinic", "内容": "たきの内科クリニック【2:診療所】【診療科目:内科_糖尿病内科_糖尿病・代謝内科】長崎県諫早市永昌町１２－２ＫＲＰ諫早駅前ビル２Ｆ" }, "geometry": { "type": "Point", "coordinates": [ 130.040311, 32.851783 ] } },
{ "type": "Feature", "properties": { "ID": "422coh0251", "正式名称": "医療法人三島眼科医院", "機関区分": 2, "都道府県コード": 42, "市区町村コード": 321, "所在地": "長崎県東彼杵郡東彼杵町蔵本郷１７１６番地６", "緯度": 33.039416, "経度": 129.913344, "url": "https://www.iryou.teikyouseido.mhlw.go.jp/znk-web/juminkanja/S2430/initialize?prefCd=42&kikanCd=coh0251&kikanKbn=2", "url2": null, "内容": "医療法人三島眼科医院【2:診療所】【診療科目:眼科】長崎県東彼杵郡東彼杵町蔵本郷１７１６番地６" }, "geometry": { "type": "Point", "coordinates": [ 129.913344, 33.039416 ] } },
{ "type": "Feature", "properties": { "ID": "422coh0256", "正式名称": "医療法人　山本整形外科", "機関区分": 2, "都道府県コード": 42, "市区町村コード": 322, "所在地": "長崎県東彼杵郡川棚町下組郷３７５－８", "緯度": 33.068016, "経度": 129.857771, "url": "https://www.iryou.teikyouseido.mhlw.go.jp/znk-web/juminkanja/S2430/initialize?prefCd=42&kikanCd=coh0256&kikanKbn=2", "url2": "http://www.kawatana-seikei.jp", "内容": "医療法人　山本整形外科【2:診療所】【診療科目:整形外科_リハビリテーション科】長崎県東彼杵郡川棚町下組郷３７５－８" }, "geometry": { "type": "Point", "coordinates": [ 129.857771, 33.068016 ] } },
{ "type": "Feature", "properties": { "ID": "422coh0258", "正式名称": "山田クリニック", "機関区分": 2, "都道府県コード": 42, "市区町村コード": 204, "所在地": "長崎県諫早市飯盛町開１８２５番地１", "緯度": 32.779644, "経度": 130.021759, "url": "https://www.iryou.teikyouseido.mhlw.go.jp/znk-web/juminkanja/S2430/initialize?prefCd=42&kikanCd=coh0258&kikanKbn=2", "url2": null, "内容": "山田クリニック【2:診療所】【診療科目:消化器内科_胃腸内科_外科_肛門外科_リハビリテーション科】長崎県諫早市飯盛町開１８２５番地１" }, "geometry": { "type": "Point", "coordinates": [ 130.021759, 32.779644 ] } },
{ "type": "Feature", "properties": { "ID": "422coh0259", "正式名称": "医療法人　わたなべ耳鼻咽喉科医院", "機関区分": 2, "都道府県コード": 42, "市区町村コード": 205, "所在地": "長崎県大村市杭出津２ー５７９ー８", "緯度": 32.915205, "経度": 129.956345, "url": "https://www.iryou.teikyouseido.mhlw.go.jp/znk-web/juminkanja/S2430/initialize?prefCd=42&kikanCd=coh0259&kikanKbn=2", "url2": "https://watanabejibiinkouka.wixsite.com/home", "内容": "医療法人　わたなべ耳鼻咽喉科医院【2:診療所】【診療科目:耳鼻いんこう科_気管食道・耳鼻いんこう科_アレルギー科_気管食道科】長崎県大村市杭出津２ー５７９ー８" }, "geometry": { "type": "Point", "coordinates": [ 129.956345, 32.915205 ] } },
{ "type": "Feature", "properties": { "ID": "422coh0260", "正式名称": "医療法人　すばる診療所", "機関区分": 2, "都道府県コード": 42, "市区町村コード": 204, "所在地": "長崎県諫早市多良見町元釜５番地１５", "緯度": 32.857733, "経度": 129.932088, "url": "https://www.iryou.teikyouseido.mhlw.go.jp/znk-web/juminkanja/S2430/initialize?prefCd=42&kikanCd=coh0260&kikanKbn=2", "url2": "http://www.aiplease.com/subaru/", "内容": "医療法人　すばる診療所【2:診療所】【診療科目:内科_消化器内科_眼科_リハビリテーション科】長崎県諫早市多良見町元釜５番地１５" }, "geometry": { "type": "Point", "coordinates": [ 129.932088, 32.857733 ] } },
{ "type": "Feature", "properties": { "ID": "422coh0261", "正式名称": "大村市夜間初期診療センター", "機関区分": 2, "都道府県コード": 42, "市区町村コード": 205, "所在地": "長崎県大村市本町４１３番地２　大村市こどもセンター内", "緯度": 32.908845, "経度": 129.958144, "url": "https://www.iryou.teikyouseido.mhlw.go.jp/znk-web/juminkanja/S2430/initialize?prefCd=42&kikanCd=coh0261&kikanKbn=2", "url2": "http://www.city.omura.nagasaki.jp/index.asp", "内容": "大村市夜間初期診療センター【2:診療所】【診療科目:内科_小児科】長崎県大村市本町４１３番地２　大村市こどもセンター内" }, "geometry": { "type": "Point", "coordinates": [ 129.958144, 32.908845 ] } },
{ "type": "Feature", "properties": { "ID": "422coh0262", "正式名称": "末吉形成外科クリニック", "機関区分": 2, "都道府県コード": 42, "市区町村コード": 204, "所在地": "長崎県諫早市仲沖町２７３番地６号", "緯度": 32.842821, "経度": 130.06359, "url": "https://www.iryou.teikyouseido.mhlw.go.jp/znk-web/juminkanja/S2430/initialize?prefCd=42&kikanCd=coh0262&kikanKbn=2", "url2": "http://www.sueyoshi-keisei.com", "内容": "末吉形成外科クリニック【2:診療所】【診療科目:整形外科_形成外科_皮膚科】長崎県諫早市仲沖町２７３番地６号" }, "geometry": { "type": "Point", "coordinates": [ 130.06359, 32.842821 ] } },
{ "type": "Feature", "properties": { "ID": "422coh0263", "正式名称": "医療法人雄大会よしだレディースクリニック", "機関区分": 2, "都道府県コード": 42, "市区町村コード": 205, "所在地": "長崎県大村市富の原２丁目３６６ー３", "緯度": 32.942588, "経度": 129.93889, "url": "https://www.iryou.teikyouseido.mhlw.go.jp/znk-web/juminkanja/S2430/initialize?prefCd=42&kikanCd=coh0263&kikanKbn=2", "url2": "http://www.yoshida-ladies-clinic.com", "内容": "医療法人雄大会よしだレディースクリニック【2:診療所】【診療科目:産婦人科】長崎県大村市富の原２丁目３６６ー３" }, "geometry": { "type": "Point", "coordinates": [ 129.93889, 32.942588 ] } },
{ "type": "Feature", "properties": { "ID": "422coh0264", "正式名称": "神宮司クリニック", "機関区分": 2, "都道府県コード": 42, "市区町村コード": 204, "所在地": "長崎県諫早市永昌東町１５番７号", "緯度": 32.853075, "経度": 130.043894, "url": "https://www.iryou.teikyouseido.mhlw.go.jp/znk-web/juminkanja/S2430/initialize?prefCd=42&kikanCd=coh0264&kikanKbn=2", "url2": "http://www.seirankai-med.or.jp", "内容": "神宮司クリニック【2:診療所】【診療科目:精神科_心療内科】長崎県諫早市永昌東町１５番７号" }, "geometry": { "type": "Point", "coordinates": [ 130.043894, 32.853075 ] } },
{ "type": "Feature", "properties": { "ID": "422coh0267", "正式名称": "たなか循環器内科", "機関区分": 2, "都道府県コード": 42, "市区町村コード": 205, "所在地": "長崎県大村市久原２丁目９９９－１５", "緯度": 32.89792, "経度": 129.972631, "url": "https://www.iryou.teikyouseido.mhlw.go.jp/znk-web/juminkanja/S2430/initialize?prefCd=42&kikanCd=coh0267&kikanKbn=2", "url2": "https://clinic-tanaka.jp/", "内容": "たなか循環器内科【2:診療所】【診療科目:内科_循環器内科】長崎県大村市久原２丁目９９９－１５" }, "geometry": { "type": "Point", "coordinates": [ 129.972631, 32.89792 ] } },
{ "type": "Feature", "properties": { "ID": "422coh0268", "正式名称": "畑川小児科", "機関区分": 2, "都道府県コード": 42, "市区町村コード": 205, "所在地": "長崎県大村市東本町５４２番地", "緯度": 32.900025, "経度": 129.957863, "url": "https://www.iryou.teikyouseido.mhlw.go.jp/znk-web/juminkanja/S2430/initialize?prefCd=42&kikanCd=coh0268&kikanKbn=2", "url2": "itp.ne.jp/info/428576599400000899/", "内容": "畑川小児科【2:診療所】【診療科目:小児科_小児心療科_精神科】長崎県大村市東本町５４２番地" }, "geometry": { "type": "Point", "coordinates": [ 129.957863, 32.900025 ] } },
{ "type": "Feature", "properties": { "ID": "422coh0270", "正式名称": "中牟田消化器内科クリニック", "機関区分": 2, "都道府県コード": 42, "市区町村コード": 205, "所在地": "長崎県大村市植松３丁目６２５－２０", "緯度": 32.935141, "経度": 129.953055, "url": "https://www.iryou.teikyouseido.mhlw.go.jp/znk-web/juminkanja/S2430/initialize?prefCd=42&kikanCd=coh0270&kikanKbn=2", "url2": "1st.geocities.yahoo.co.jp/gl/daityocamera/view/~200907", "内容": "中牟田消化器内科クリニック【2:診療所】【診療科目:糖尿病内科_循環器内科_消化器内科_内視鏡内科】長崎県大村市植松３丁目６２５－２０" }, "geometry": { "type": "Point", "coordinates": [ 129.953055, 32.935141 ] } },
{ "type": "Feature", "properties": { "ID": "422coh0271", "正式名称": "美南の丘クリニック", "機関区分": 2, "都道府県コード": 42, "市区町村コード": 204, "所在地": "長崎県諫早市小川町５９５番地１", "緯度": 32.827041, "経度": 130.064015, "url": "https://www.iryou.teikyouseido.mhlw.go.jp/znk-web/juminkanja/S2430/initialize?prefCd=42&kikanCd=coh0271&kikanKbn=2", "url2": "http://minaminooka-clinic.com", "内容": "美南の丘クリニック【2:診療所】【診療科目:内科_消化器内科_リハビリテーション科】長崎県諫早市小川町５９５番地１" }, "geometry": { "type": "Point", "coordinates": [ 130.064015, 32.827041 ] } },
{ "type": "Feature", "properties": { "ID": "422coh0273", "正式名称": "ひかり診療所", "機関区分": 2, "都道府県コード": 42, "市区町村コード": 204, "所在地": "長崎県諫早市福田町３５７－４", "緯度": 32.853736, "経度": 130.060386, "url": "https://www.iryou.teikyouseido.mhlw.go.jp/znk-web/juminkanja/S2430/initialize?prefCd=42&kikanCd=coh0273&kikanKbn=2", "url2": null, "内容": "ひかり診療所【2:診療所】【診療科目:精神科_心療内科】長崎県諫早市福田町３５７－４" }, "geometry": { "type": "Point", "coordinates": [ 130.060386, 32.853736 ] } },
{ "type": "Feature", "properties": { "ID": "422coh0274", "正式名称": "ちくばクリニック", "機関区分": 2, "都道府県コード": 42, "市区町村コード": 205, "所在地": "長崎県大村市古賀島町５７９－５", "緯度": 32.926422, "経度": 129.941559, "url": "https://www.iryou.teikyouseido.mhlw.go.jp/znk-web/juminkanja/S2430/initialize?prefCd=42&kikanCd=coh0274&kikanKbn=2", "url2": "http://chikuba.web.fc2.com/", "内容": "ちくばクリニック【2:診療所】【診療科目:内科_糖尿病内科】長崎県大村市古賀島町５７９－５" }, "geometry": { "type": "Point", "coordinates": [ 129.941559, 32.926422 ] } },
{ "type": "Feature", "properties": { "ID": "422coh0275", "正式名称": "山口みのる外科", "機関区分": 2, "都道府県コード": 42, "市区町村コード": 204, "所在地": "長崎県諫早市野中町４７６", "緯度": 32.837789, "経度": 130.055835, "url": "https://www.iryou.teikyouseido.mhlw.go.jp/znk-web/juminkanja/S2430/initialize?prefCd=42&kikanCd=coh0275&kikanKbn=2", "url2": null, "内容": "山口みのる外科【2:診療所】【診療科目:消化器内科_外科_肛門外科_リハビリテーション科】長崎県諫早市野中町４７６" }, "geometry": { "type": "Point", "coordinates": [ 130.055835, 32.837789 ] } },
{ "type": "Feature", "properties": { "ID": "422coh0277", "正式名称": "山田整形外科スポーツクリニック", "機関区分": 2, "都道府県コード": 42, "市区町村コード": 205, "所在地": "長崎県大村市松原１丁目４７２ー８　ワールドビル本館", "緯度": 32.975048, "経度": 129.946966, "url": "https://www.iryou.teikyouseido.mhlw.go.jp/znk-web/juminkanja/S2430/initialize?prefCd=42&kikanCd=coh0277&kikanKbn=2", "url2": "http://yamada-gp.main.jp/", "内容": "山田整形外科スポーツクリニック【2:診療所】【診療科目:整形外科_リハビリテーション科】長崎県大村市松原１丁目４７２ー８　ワールドビル本館" }, "geometry": { "type": "Point", "coordinates": [ 129.946966, 32.975048 ] } },
{ "type": "Feature", "properties": { "ID": "422coh0280", "正式名称": "はら脳神経外科", "機関区分": 2, "都道府県コード": 42, "市区町村コード": 205, "所在地": "長崎県大村市富の原２丁目３５０ー１", "緯度": 32.942442, "経度": 129.937385, "url": "https://www.iryou.teikyouseido.mhlw.go.jp/znk-web/juminkanja/S2430/initialize?prefCd=42&kikanCd=coh0280&kikanKbn=2", "url2": "www.omura-nougeka.com", "内容": "はら脳神経外科【2:診療所】【診療科目:脳神経外科_リハビリテーション科】長崎県大村市富の原２丁目３５０ー１" }, "geometry": { "type": "Point", "coordinates": [ 129.937385, 32.942442 ] } },
{ "type": "Feature", "properties": { "ID": "422coh0281", "正式名称": "社会医療法人三佼会　宮崎診療所", "機関区分": 2, "都道府県コード": 42, "市区町村コード": 204, "所在地": "長崎県諫早市久山台９番地１０", "緯度": 32.82859, "経度": 129.995229, "url": "https://www.iryou.teikyouseido.mhlw.go.jp/znk-web/juminkanja/S2430/initialize?prefCd=42&kikanCd=coh0281&kikanKbn=2", "url2": "http://www.sankoukai.net", "内容": "社会医療法人三佼会　宮崎診療所【2:診療所】【診療科目:内科_消化器内科】長崎県諫早市久山台９番地１０" }, "geometry": { "type": "Point", "coordinates": [ 129.995229, 32.82859 ] } },
{ "type": "Feature", "properties": { "ID": "422coh0282", "正式名称": "たしろ整形外科", "機関区分": 2, "都道府県コード": 42, "市区町村コード": 204, "所在地": "長崎県諫早市久山台４４ー１　松永ビル久山台２カイ", "緯度": 32.827822, "経度": 129.996787, "url": "https://www.iryou.teikyouseido.mhlw.go.jp/znk-web/juminkanja/S2430/initialize?prefCd=42&kikanCd=coh0282&kikanKbn=2", "url2": null, "内容": "たしろ整形外科【2:診療所】【診療科目:整形外科_リハビリテーション科】長崎県諫早市久山台４４ー１　松永ビル久山台２カイ" }, "geometry": { "type": "Point", "coordinates": [ 129.996787, 32.827822 ] } },
{ "type": "Feature", "properties": { "ID": "422coh0283", "正式名称": "すぎやま内科", "機関区分": 2, "都道府県コード": 42, "市区町村コード": 204, "所在地": "長崎県諫早市真崎町８９７番地３", "緯度": 32.854437, "経度": 130.024731, "url": "https://www.iryou.teikyouseido.mhlw.go.jp/znk-web/juminkanja/S2430/initialize?prefCd=42&kikanCd=coh0283&kikanKbn=2", "url2": "http://www.sugiyama-naika.sakura.ne.jp", "内容": "すぎやま内科【2:診療所】【診療科目:内科_糖尿病内科_代謝内科_内分泌内科_糖尿病・内分泌内科_糖尿病・代謝内科_消化器内科】長崎県諫早市真崎町８９７番地３" }, "geometry": { "type": "Point", "coordinates": [ 130.024731, 32.854437 ] } },
{ "type": "Feature", "properties": { "ID": "422coh0284", "正式名称": "医療法人くすのき会　ふじもとこどもクリニック", "機関区分": 2, "都道府県コード": 42, "市区町村コード": 205, "所在地": "長崎県大村市大川田町３６３－１", "緯度": 32.944446, "経度": 129.947819, "url": "https://www.iryou.teikyouseido.mhlw.go.jp/znk-web/juminkanja/S2430/initialize?prefCd=42&kikanCd=coh0284&kikanKbn=2", "url2": "https://fujimoto-kc.server-shared.com/", "内容": "医療法人くすのき会　ふじもとこどもクリニック【2:診療所】【診療科目:小児科】長崎県大村市大川田町３６３－１" }, "geometry": { "type": "Point", "coordinates": [ 129.947819, 32.944446 ] } },
{ "type": "Feature", "properties": { "ID": "422coh0285", "正式名称": "北村理子クリニック皮ふ形成外科", "機関区分": 2, "都道府県コード": 42, "市区町村コード": 205, "所在地": "長崎県大村市久原２丁目９０２－１", "緯度": 32.895547, "経度": 129.967458, "url": "https://www.iryou.teikyouseido.mhlw.go.jp/znk-web/juminkanja/S2430/initialize?prefCd=42&kikanCd=coh0285&kikanKbn=2", "url2": "http://kitamurariko.com", "内容": "北村理子クリニック皮ふ形成外科【2:診療所】【診療科目:形成外科_美容皮膚科】長崎県大村市久原２丁目９０２－１" }, "geometry": { "type": "Point", "coordinates": [ 129.967458, 32.895547 ] } },
{ "type": "Feature", "properties": { "ID": "422coh0287", "正式名称": "もとやまファミリークリニック", "機関区分": 2, "都道府県コード": 42, "市区町村コード": 205, "所在地": "長崎県大村市古賀島町１７７７ー１", "緯度": 32.931221, "経度": 129.937566, "url": "https://www.iryou.teikyouseido.mhlw.go.jp/znk-web/juminkanja/S2430/initialize?prefCd=42&kikanCd=coh0287&kikanKbn=2", "url2": "http://motoyamafc.jp", "内容": "もとやまファミリークリニック【2:診療所】【診療科目:内科_小児科】長崎県大村市古賀島町１７７７ー１" }, "geometry": { "type": "Point", "coordinates": [ 129.937566, 32.931221 ] } },
{ "type": "Feature", "properties": { "ID": "422coh0288", "正式名称": "伊藤歯科クリニック", "機関区分": 2, "都道府県コード": 42, "市区町村コード": 204, "所在地": "長崎県諫早市高城町４番３号", "緯度": 32.845682, "経度": 130.052455, "url": "https://www.iryou.teikyouseido.mhlw.go.jp/znk-web/juminkanja/S2430/initialize?prefCd=42&kikanCd=coh0288&kikanKbn=2", "url2": "http://idc-ito.jp", "内容": "伊藤歯科クリニック【2:診療所】【診療科目:歯科_矯正歯科_歯科口腔外科_小児歯科_小児矯正歯科】長崎県諫早市高城町４番３号" }, "geometry": { "type": "Point", "coordinates": [ 130.052455, 32.845682 ] } },
{ "type": "Feature", "properties": { "ID": "422coh0289", "正式名称": "海江田耳鼻咽喉科", "機関区分": 2, "都道府県コード": 42, "市区町村コード": 205, "所在地": "長崎県大村市三城町６２９－６", "緯度": 32.914641, "経度": 129.965853, "url": "https://www.iryou.teikyouseido.mhlw.go.jp/znk-web/juminkanja/S2430/initialize?prefCd=42&kikanCd=coh0289&kikanKbn=2", "url2": null, "内容": "海江田耳鼻咽喉科【2:診療所】【診療科目:頭頸部・耳鼻いんこう科】長崎県大村市三城町６２９－６" }, "geometry": { "type": "Point", "coordinates": [ 129.965853, 32.914641 ] } },
{ "type": "Feature", "properties": { "ID": "422coh0291", "正式名称": "医療法人賜誠会　みやしたリウマチ内科クリニック", "機関区分": 2, "都道府県コード": 42, "市区町村コード": 205, "所在地": "長崎県大村市幸町２５－７４", "緯度": 32.90315, "経度": 129.955051, "url": "https://www.iryou.teikyouseido.mhlw.go.jp/znk-web/juminkanja/S2430/initialize?prefCd=42&kikanCd=coh0291&kikanKbn=2", "url2": "nagasaki-rheumatology.jp", "内容": "医療法人賜誠会　みやしたリウマチ内科クリニック【2:診療所】【診療科目:内科_リウマチ科】長崎県大村市幸町２５－７４" }, "geometry": { "type": "Point", "coordinates": [ 129.955051, 32.90315 ] } },
{ "type": "Feature", "properties": { "ID": "422coh0292", "正式名称": "医療法人十慶会　くしま内科クリニック", "機関区分": 2, "都道府県コード": 42, "市区町村コード": 205, "所在地": "長崎県大村市本町４３６‐１６", "緯度": 32.907685, "経度": 129.957273, "url": "https://www.iryou.teikyouseido.mhlw.go.jp/znk-web/juminkanja/S2430/initialize?prefCd=42&kikanCd=coh0292&kikanKbn=2", "url2": null, "内容": "医療法人十慶会　くしま内科クリニック【2:診療所】【診療科目:内科】長崎県大村市本町４３６‐１６" }, "geometry": { "type": "Point", "coordinates": [ 129.957273, 32.907685 ] } },
{ "type": "Feature", "properties": { "ID": "422coh0293", "正式名称": "たなかみのるクリニック", "機関区分": 2, "都道府県コード": 42, "市区町村コード": 205, "所在地": "長崎県大村市宮小路町３丁目１３３４番１", "緯度": 32.953706, "経度": 129.943596, "url": "https://www.iryou.teikyouseido.mhlw.go.jp/znk-web/juminkanja/S2430/initialize?prefCd=42&kikanCd=coh0293&kikanKbn=2", "url2": "http://www.tanakaminoru-clinic.jp/", "内容": "たなかみのるクリニック【2:診療所】【診療科目:内科_消化器内科】長崎県大村市宮小路町３丁目１３３４番１" }, "geometry": { "type": "Point", "coordinates": [ 129.943596, 32.953706 ] } },
{ "type": "Feature", "properties": { "ID": "422coh0296", "正式名称": "うすい心のクリニック", "機関区分": 2, "都道府県コード": 42, "市区町村コード": 204, "所在地": "長崎県諫早市東本町５－１７ねむの木ビル２０１号", "緯度": 32.844432, "経度": 130.057262, "url": "https://www.iryou.teikyouseido.mhlw.go.jp/znk-web/juminkanja/S2430/initialize?prefCd=42&kikanCd=coh0296&kikanKbn=2", "url2": "http://usuiclinic.net/", "内容": "うすい心のクリニック【2:診療所】【診療科目:精神科_心療内科】長崎県諫早市東本町５－１７ねむの木ビル２０１号" }, "geometry": { "type": "Point", "coordinates": [ 130.057262, 32.844432 ] } },
{ "type": "Feature", "properties": { "ID": "422coh0298", "正式名称": "チカラ整形外科スポーツリウマチクリニック", "機関区分": 2, "都道府県コード": 42, "市区町村コード": 204, "所在地": "長崎県諫早市新道町６８−１", "緯度": 32.833361, "経度": 130.049912, "url": "https://www.iryou.teikyouseido.mhlw.go.jp/znk-web/juminkanja/S2430/initialize?prefCd=42&kikanCd=coh0298&kikanKbn=2", "url2": "http://chikara-orthopaedics.com/", "内容": "チカラ整形外科スポーツリウマチクリニック【2:診療所】【診療科目:整形外科_リウマチ科_リハビリテーション科】長崎県諫早市新道町６８−１" }, "geometry": { "type": "Point", "coordinates": [ 130.049912, 32.833361 ] } },
{ "type": "Feature", "properties": { "ID": "422coh0299", "正式名称": "医療法人Ｐａｌｅｔｔｅ上田皮ふ科", "機関区分": 2, "都道府県コード": 42, "市区町村コード": 205, "所在地": "長崎県大村市植松３丁目１６０番地９", "緯度": 32.936446, "経度": 129.956847, "url": "https://www.iryou.teikyouseido.mhlw.go.jp/znk-web/juminkanja/S2430/initialize?prefCd=42&kikanCd=coh0299&kikanKbn=2", "url2": "http://uedahifuka.com", "内容": "医療法人Ｐａｌｅｔｔｅ上田皮ふ科【2:診療所】【診療科目:皮膚科_美容皮膚科_アレルギー科】長崎県大村市植松３丁目１６０番地９" }, "geometry": { "type": "Point", "coordinates": [ 129.956847, 32.936446 ] } },
{ "type": "Feature", "properties": { "ID": "422coh0301", "正式名称": "藤下内科医院", "機関区分": 2, "都道府県コード": 42, "市区町村コード": 323, "所在地": "長崎県東彼杵郡波佐見町長野郷５３８番地１", "緯度": 33.11667, "経度": 129.86858, "url": "https://www.iryou.teikyouseido.mhlw.go.jp/znk-web/juminkanja/S2430/initialize?prefCd=42&kikanCd=coh0301&kikanKbn=2", "url2": null, "内容": "藤下内科医院【2:診療所】【診療科目:内科_呼吸器内科_消化器内科_アレルギー疾患内科】長崎県東彼杵郡波佐見町長野郷５３８番地１" }, "geometry": { "type": "Point", "coordinates": [ 129.86858, 33.11667 ] } },
{ "type": "Feature", "properties": { "ID": "422coh0302", "正式名称": "医療法人　英恵会　川田整形外科", "機関区分": 2, "都道府県コード": 42, "市区町村コード": 205, "所在地": "長崎県大村市小路口町２４９－１", "緯度": 32.937667, "経度": 129.958973, "url": "https://www.iryou.teikyouseido.mhlw.go.jp/znk-web/juminkanja/S2430/initialize?prefCd=42&kikanCd=coh0302&kikanKbn=2", "url2": "https://kawata-ortho.wixsite.com/mysite", "内容": "医療法人　英恵会　川田整形外科【2:診療所】【診療科目:整形外科_リウマチ科_リハビリテーション科】長崎県大村市小路口町２４９－１" }, "geometry": { "type": "Point", "coordinates": [ 129.958973, 32.937667 ] } },
{ "type": "Feature", "properties": { "ID": "422coh0303", "正式名称": "おおむら海辺のクリニック", "機関区分": 2, "都道府県コード": 42, "市区町村コード": 205, "所在地": "長崎県大村市杭出津１丁目８２６－１７", "緯度": 32.911712, "経度": 129.949742, "url": "https://www.iryou.teikyouseido.mhlw.go.jp/znk-web/juminkanja/S2430/initialize?prefCd=42&kikanCd=coh0303&kikanKbn=2", "url2": null, "内容": "おおむら海辺のクリニック【2:診療所】【診療科目:内科_乳腺外科_精神科_心療内科_放射線科】長崎県大村市杭出津１丁目８２６－１７" }, "geometry": { "type": "Point", "coordinates": [ 129.949742, 32.911712 ] } },
{ "type": "Feature", "properties": { "ID": "422coh0304", "正式名称": "うのき眼科", "機関区分": 2, "都道府県コード": 42, "市区町村コード": 205, "所在地": "長崎県大村市東本町５８０番地", "緯度": 32.900025, "経度": 129.957863, "url": "https://www.iryou.teikyouseido.mhlw.go.jp/znk-web/juminkanja/S2430/initialize?prefCd=42&kikanCd=coh0304&kikanKbn=2", "url2": null, "内容": "うのき眼科【2:診療所】【診療科目:眼科】長崎県大村市東本町５８０番地" }, "geometry": { "type": "Point", "coordinates": [ 129.957863, 32.900025 ] } },
{ "type": "Feature", "properties": { "ID": "422coh0305", "正式名称": "にしむらクリニック", "機関区分": 2, "都道府県コード": 42, "市区町村コード": 204, "所在地": "長崎県諫早市永昌町４３－２２", "緯度": 32.848387, "経度": 130.038294, "url": "https://www.iryou.teikyouseido.mhlw.go.jp/znk-web/juminkanja/S2430/initialize?prefCd=42&kikanCd=coh0305&kikanKbn=2", "url2": "http://nsmr-c.com/", "内容": "にしむらクリニック【2:診療所】【診療科目:整形外科_小児皮膚科_皮膚科_アレルギー科_リウマチ科_リハビリテーション科】長崎県諫早市永昌町４３－２２" }, "geometry": { "type": "Point", "coordinates": [ 130.038294, 32.848387 ] } },
{ "type": "Feature", "properties": { "ID": "422coh0307", "正式名称": "特別養護老人ホームｆｌｏｒａ　医務室", "機関区分": 2, "都道府県コード": 42, "市区町村コード": 205, "所在地": "長崎県大村市皆同町４３８番地３", "緯度": 32.960236, "経度": 129.949939, "url": "https://www.iryou.teikyouseido.mhlw.go.jp/znk-web/juminkanja/S2430/initialize?prefCd=42&kikanCd=coh0307&kikanKbn=2", "url2": null, "内容": "特別養護老人ホームｆｌｏｒａ　医務室【2:診療所】【診療科目:内科】長崎県大村市皆同町４３８番地３" }, "geometry": { "type": "Point", "coordinates": [ 129.949939, 32.960236 ] } },
{ "type": "Feature", "properties": { "ID": "422coh0308", "正式名称": "社会福祉法人知六会　医務室", "機関区分": 2, "都道府県コード": 42, "市区町村コード": 204, "所在地": "長崎県諫早市多良見町化屋１８２９番地", "緯度": 32.830182, "経度": 129.983119, "url": "https://www.iryou.teikyouseido.mhlw.go.jp/znk-web/juminkanja/S2430/initialize?prefCd=42&kikanCd=coh0308&kikanKbn=2", "url2": "http://chirokukai.jp/", "内容": "社会福祉法人知六会　医務室【2:診療所】【診療科目:内科】長崎県諫早市多良見町化屋１８２９番地" }, "geometry": { "type": "Point", "coordinates": [ 129.983119, 32.830182 ] } },
{ "type": "Feature", "properties": { "ID": "422coh0309", "正式名称": "たかはた眼科クリニック", "機関区分": 2, "都道府県コード": 42, "市区町村コード": 205, "所在地": "長崎県大村市小路口町２４４－１２", "緯度": 32.938528, "経度": 129.958529, "url": "https://www.iryou.teikyouseido.mhlw.go.jp/znk-web/juminkanja/S2430/initialize?prefCd=42&kikanCd=coh0309&kikanKbn=2", "url2": "https://takahata-ganka.jp", "内容": "たかはた眼科クリニック【2:診療所】【診療科目:眼科】長崎県大村市小路口町２４４－１２" }, "geometry": { "type": "Point", "coordinates": [ 129.958529, 32.938528 ] } },
{ "type": "Feature", "properties": { "ID": "422coh0310", "正式名称": "たにおか脳神経外科", "機関区分": 2, "都道府県コード": 42, "市区町村コード": 204, "所在地": "長崎県諫早市小川町１２６３－１", "緯度": 32.832288, "経度": 130.053993, "url": "https://www.iryou.teikyouseido.mhlw.go.jp/znk-web/juminkanja/S2430/initialize?prefCd=42&kikanCd=coh0310&kikanKbn=2", "url2": "http://t-nc.com", "内容": "たにおか脳神経外科【2:診療所】【診療科目:脳神経外科】長崎県諫早市小川町１２６３－１" }, "geometry": { "type": "Point", "coordinates": [ 130.053993, 32.832288 ] } },
{ "type": "Feature", "properties": { "ID": "422coh0311", "正式名称": "医療法人明恒会　つねとう内科・循環器内科", "機関区分": 2, "都道府県コード": 42, "市区町村コード": 205, "所在地": "長崎県大村市小路口町２５８－４", "緯度": 32.936446, "経度": 129.956847, "url": "https://www.iryou.teikyouseido.mhlw.go.jp/znk-web/juminkanja/S2430/initialize?prefCd=42&kikanCd=coh0311&kikanKbn=2", "url2": "https://tsuneto-clinic.com/", "内容": "医療法人明恒会　つねとう内科・循環器内科【2:診療所】【診療科目:内科_循環器内科】長崎県大村市小路口町２５８－４" }, "geometry": { "type": "Point", "coordinates": [ 129.956847, 32.936446 ] } },
{ "type": "Feature", "properties": { "ID": "422coh0312", "正式名称": "ながさき・おおば内科・消化器内科クリニック", "機関区分": 2, "都道府県コード": 42, "市区町村コード": 205, "所在地": "長崎県大村市皆同町１６２－２", "緯度": 32.96404, "経度": 129.946575, "url": "https://www.iryou.teikyouseido.mhlw.go.jp/znk-web/juminkanja/S2430/initialize?prefCd=42&kikanCd=coh0312&kikanKbn=2", "url2": "https://nagasaki-ohba.jp", "内容": "ながさき・おおば内科・消化器内科クリニック【2:診療所】【診療科目:内科_消化器内科】長崎県大村市皆同町１６２－２" }, "geometry": { "type": "Point", "coordinates": [ 129.946575, 32.96404 ] } },
{ "type": "Feature", "properties": { "ID": "422coh0316", "正式名称": "きたじまクリニック", "機関区分": 2, "都道府県コード": 42, "市区町村コード": 204, "所在地": "長崎県諫早市高城町９−２ＴＫメディカルビル１Ｆ", "緯度": 32.844971, "経度": 130.053877, "url": "https://www.iryou.teikyouseido.mhlw.go.jp/znk-web/juminkanja/S2430/initialize?prefCd=42&kikanCd=coh0316&kikanKbn=2", "url2": "https://kitajima-c.jp", "内容": "きたじまクリニック【2:診療所】【診療科目:内科_消化器内科_外科_消化器外科_リハビリテーション科】長崎県諫早市高城町９−２ＴＫメディカルビル１Ｆ" }, "geometry": { "type": "Point", "coordinates": [ 130.053877, 32.844971 ] } },
{ "type": "Feature", "properties": { "ID": "422coh0317", "正式名称": "犬塚泌尿器科クリニック", "機関区分": 2, "都道府県コード": 42, "市区町村コード": 204, "所在地": "長崎県諫早市高城町９ー２　ＴＫメディカル２階", "緯度": 32.844971, "経度": 130.053877, "url": "https://www.iryou.teikyouseido.mhlw.go.jp/znk-web/juminkanja/S2430/initialize?prefCd=42&kikanCd=coh0317&kikanKbn=2", "url2": "https://inuzuka-clinic.com/iC_wp/", "内容": "犬塚泌尿器科クリニック【2:診療所】【診療科目:泌尿器科】長崎県諫早市高城町９ー２　ＴＫメディカル２階" }, "geometry": { "type": "Point", "coordinates": [ 130.053877, 32.844971 ] } },
{ "type": "Feature", "properties": { "ID": "422coh0319", "正式名称": "医療法人　すだこどもクリニック", "機関区分": 2, "都道府県コード": 42, "市区町村コード": 205, "所在地": "長崎県大村市植松３丁目６０８－５", "緯度": 32.934258, "経度": 129.953019, "url": "https://www.iryou.teikyouseido.mhlw.go.jp/znk-web/juminkanja/S2430/initialize?prefCd=42&kikanCd=coh0319&kikanKbn=2", "url2": "http://suda-kodomo.com", "内容": "医療法人　すだこどもクリニック【2:診療所】【診療科目:小児科】長崎県大村市植松３丁目６０８－５" }, "geometry": { "type": "Point", "coordinates": [ 129.953019, 32.934258 ] } },
{ "type": "Feature", "properties": { "ID": "422coh0320", "正式名称": "南島原クリニック", "機関区分": 2, "都道府県コード": 42, "市区町村コード": 214, "所在地": "長崎県南島原市布津町乙１４５４−１", "緯度": 32.69302, "経度": 130.353035, "url": "https://www.iryou.teikyouseido.mhlw.go.jp/znk-web/juminkanja/S2430/initialize?prefCd=42&kikanCd=coh0320&kikanKbn=2", "url2": "minamishimabara-clinic.com", "内容": "南島原クリニック【2:診療所】【診療科目:内科_泌尿器科】長崎県南島原市布津町乙１４５４−１" }, "geometry": { "type": "Point", "coordinates": [ 130.353035, 32.69302 ] } },
{ "type": "Feature", "properties": { "ID": "422coh0321", "正式名称": "医療法人まこと会　うちだキッズクリニック", "機関区分": 2, "都道府県コード": 42, "市区町村コード": 203, "所在地": "長崎県島原市新湊２丁目丁２５３４番地１", "緯度": 32.762057, "経度": 130.361166, "url": "https://www.iryou.teikyouseido.mhlw.go.jp/znk-web/juminkanja/S2430/initialize?prefCd=42&kikanCd=coh0321&kikanKbn=2", "url2": "uchidakidsclinic.or.jp", "内容": "医療法人まこと会　うちだキッズクリニック【2:診療所】【診療科目:小児科】長崎県島原市新湊２丁目丁２５３４番地１" }, "geometry": { "type": "Point", "coordinates": [ 130.361166, 32.762057 ] } },
{ "type": "Feature", "properties": { "ID": "422coh0322", "正式名称": "小鳥居内科脳神経内科クリニック", "機関区分": 2, "都道府県コード": 42, "市区町村コード": 323, "所在地": "長崎県東彼杵郡波佐見町岳辺田郷４６９", "緯度": 33.105264, "経度": 129.87314, "url": "https://www.iryou.teikyouseido.mhlw.go.jp/znk-web/juminkanja/S2430/initialize?prefCd=42&kikanCd=coh0322&kikanKbn=2", "url2": "www.kotorii-clinic.com/index.html", "内容": "小鳥居内科脳神経内科クリニック【2:診療所】【診療科目:内科_脳神経内科_神経内科_精神科_リハビリテーション科】長崎県東彼杵郡波佐見町岳辺田郷４６９" }, "geometry": { "type": "Point", "coordinates": [ 129.87314, 33.105264 ] } },
{ "type": "Feature", "properties": { "ID": "422coh0323", "正式名称": "ひろ耳鼻咽喉科", "機関区分": 2, "都道府県コード": 42, "市区町村コード": 205, "所在地": "長崎県大村市玖島１丁目５０番地２７", "緯度": 32.89824, "経度": 129.96069, "url": "https://www.iryou.teikyouseido.mhlw.go.jp/znk-web/juminkanja/S2430/initialize?prefCd=42&kikanCd=coh0323&kikanKbn=2", "url2": "https://www.hiro-ent.com/", "内容": "ひろ耳鼻咽喉科【2:診療所】【診療科目:耳鼻いんこう科】長崎県大村市玖島１丁目５０番地２７" }, "geometry": { "type": "Point", "coordinates": [ 129.96069, 32.89824 ] } },
{ "type": "Feature", "properties": { "ID": "422coh0324", "正式名称": "新大村アイクリニック", "機関区分": 2, "都道府県コード": 42, "市区町村コード": 205, "所在地": "長崎県大村市乾馬場町８４３－１２", "緯度": 32.918732, "経度": 129.959414, "url": "https://www.iryou.teikyouseido.mhlw.go.jp/znk-web/juminkanja/S2430/initialize?prefCd=42&kikanCd=coh0324&kikanKbn=2", "url2": null, "内容": "新大村アイクリニック【2:診療所】【診療科目:眼科】長崎県大村市乾馬場町８４３－１２" }, "geometry": { "type": "Point", "coordinates": [ 129.959414, 32.918732 ] } },
{ "type": "Feature", "properties": { "ID": "422coh0325", "正式名称": "医療法人おの小児科　おの小児科分院", "機関区分": 2, "都道府県コード": 42, "市区町村コード": 204, "所在地": "長崎県諫早市栄町１－１アエルウエスト", "緯度": 32.843591, "経度": 130.054925, "url": "https://www.iryou.teikyouseido.mhlw.go.jp/znk-web/juminkanja/S2430/initialize?prefCd=42&kikanCd=coh0325&kikanKbn=2", "url2": "http://www13.plala.or.jp/OnoPediatric/BranchCinic/index.html", "内容": "医療法人おの小児科　おの小児科分院【2:診療所】【診療科目:小児科】長崎県諫早市栄町１－１アエルウエスト" }, "geometry": { "type": "Point", "coordinates": [ 130.054925, 32.843591 ] } },
{ "type": "Feature", "properties": { "ID": "422coh0326", "正式名称": "やまのかぜ眼科", "機関区分": 2, "都道府県コード": 42, "市区町村コード": 204, "所在地": "長崎県諫早市真崎町８９７番地１", "緯度": 32.854446, "経度": 130.024536, "url": "https://www.iryou.teikyouseido.mhlw.go.jp/znk-web/juminkanja/S2430/initialize?prefCd=42&kikanCd=coh0326&kikanKbn=2", "url2": "https://yamanokazeganka.com/", "内容": "やまのかぜ眼科【2:診療所】【診療科目:眼科】長崎県諫早市真崎町８９７番地１" }, "geometry": { "type": "Point", "coordinates": [ 130.024536, 32.854446 ] } },
{ "type": "Feature", "properties": { "ID": "422coh0328", "正式名称": "よしかわ訪問クリニック", "機関区分": 2, "都道府県コード": 42, "市区町村コード": 204, "所在地": "長崎県諫早市小船越町１１５３－３", "緯度": 32.840237, "経度": 130.031459, "url": "https://www.iryou.teikyouseido.mhlw.go.jp/znk-web/juminkanja/S2430/initialize?prefCd=42&kikanCd=coh0328&kikanKbn=2", "url2": "www.yosi-kanwa.com", "内容": "よしかわ訪問クリニック【2:診療所】【診療科目:内科_腫瘍内科_疼痛緩和内科】長崎県諫早市小船越町１１５３－３" }, "geometry": { "type": "Point", "coordinates": [ 130.031459, 32.840237 ] } },
{ "type": "Feature", "properties": { "ID": "422coh0329", "正式名称": "わたのべ内科医院", "機関区分": 2, "都道府県コード": 42, "市区町村コード": 205, "所在地": "長崎県大村市鬼橋町８５番地２０号", "緯度": 32.94766, "経度": 129.951997, "url": "https://www.iryou.teikyouseido.mhlw.go.jp/znk-web/juminkanja/S2430/initialize?prefCd=42&kikanCd=coh0329&kikanKbn=2", "url2": "https://watanobe.com", "内容": "わたのべ内科医院【2:診療所】【診療科目:内科_内分泌内科_糖尿病・代謝内科】長崎県大村市鬼橋町８５番地２０号" }, "geometry": { "type": "Point", "coordinates": [ 129.951997, 32.94766 ] } },
{ "type": "Feature", "properties": { "ID": "422csa0001", "正式名称": "医療法人愛健会愛健医院", "機関区分": 2, "都道府県コード": 42, "市区町村コード": 202, "所在地": "長崎県佐世保市上本山町１０５９番地", "緯度": 33.208787, "経度": 129.692742, "url": "https://www.iryou.teikyouseido.mhlw.go.jp/znk-web/juminkanja/S2430/initialize?prefCd=42&kikanCd=csa0001&kikanKbn=2", "url2": "http//aikenkai.jp/", "内容": "医療法人愛健会愛健医院【2:診療所】【診療科目:内科_呼吸器内科_循環器内科_消化器内科_外科_整形外科_リハビリテーション科_放射線科】長崎県佐世保市上本山町１０５９番地" }, "geometry": { "type": "Point", "coordinates": [ 129.692742, 33.208787 ] } },
{ "type": "Feature", "properties": { "ID": "422csa0003", "正式名称": "あかがき内科循環器科", "機関区分": 2, "都道府県コード": 42, "市区町村コード": 202, "所在地": "長崎県佐世保市萩坂町１７４１", "緯度": 33.087897, "経度": 129.817157, "url": "https://www.iryou.teikyouseido.mhlw.go.jp/znk-web/juminkanja/S2430/initialize?prefCd=42&kikanCd=csa0003&kikanKbn=2", "url2": "https//www.akagaki-naika.com", "内容": "あかがき内科循環器科【2:診療所】【診療科目:内科_循環器内科_リハビリテーション科】長崎県佐世保市萩坂町１７４１" }, "geometry": { "type": "Point", "coordinates": [ 129.817157, 33.087897 ] } },
{ "type": "Feature", "properties": { "ID": "422csa0005", "正式名称": "医療法人あずま眼科医院", "機関区分": 2, "都道府県コード": 42, "市区町村コード": 202, "所在地": "長崎県佐世保市竹辺町８４５ー５", "緯度": 33.196166, "経度": 129.672706, "url": "https://www.iryou.teikyouseido.mhlw.go.jp/znk-web/juminkanja/S2430/initialize?prefCd=42&kikanCd=csa0005&kikanKbn=2", "url2": null, "内容": "医療法人あずま眼科医院【2:診療所】【診療科目:眼科】長崎県佐世保市竹辺町８４５ー５" }, "geometry": { "type": "Point", "coordinates": [ 129.672706, 33.196166 ] } },
{ "type": "Feature", "properties": { "ID": "422csa0007", "正式名称": "医療法人啓心会麻生胃腸科外科医院", "機関区分": 2, "都道府県コード": 42, "市区町村コード": 202, "所在地": "長崎県佐世保市針尾東町２９－５", "緯度": 33.103767, "経度": 129.767334, "url": "https://www.iryou.teikyouseido.mhlw.go.jp/znk-web/juminkanja/S2430/initialize?prefCd=42&kikanCd=csa0007&kikanKbn=2", "url2": "http://www.asouiin.com", "内容": "医療法人啓心会麻生胃腸科外科医院【2:診療所】【診療科目:内科_消化器内科_外科_整形外科_皮膚科】長崎県佐世保市針尾東町２９－５" }, "geometry": { "type": "Point", "coordinates": [ 129.767334, 33.103767 ] } },
{ "type": "Feature", "properties": { "ID": "422csa0008", "正式名称": "医療法人誠美会荒木内科クリニック", "機関区分": 2, "都道府県コード": 42, "市区町村コード": 202, "所在地": "長崎県佐世保市光月町４番４号", "緯度": 33.171521, "経度": 129.723757, "url": "https://www.iryou.teikyouseido.mhlw.go.jp/znk-web/juminkanja/S2430/initialize?prefCd=42&kikanCd=csa0008&kikanKbn=2", "url2": "https://araki-naika-clinic.com", "内容": "医療法人誠美会荒木内科クリニック【2:診療所】【診療科目:内科_呼吸器内科_循環器内科_婦人科】長崎県佐世保市光月町４番４号" }, "geometry": { "type": "Point", "coordinates": [ 129.723757, 33.171521 ] } },
{ "type": "Feature", "properties": { "ID": "422csa0009", "正式名称": "医療法人　荒木整形外科", "機関区分": 2, "都道府県コード": 42, "市区町村コード": 202, "所在地": "長崎県佐世保市早岐１丁目１５－８", "緯度": 33.133803, "経度": 129.79877, "url": "https://www.iryou.teikyouseido.mhlw.go.jp/znk-web/juminkanja/S2430/initialize?prefCd=42&kikanCd=csa0009&kikanKbn=2", "url2": "https://araki-seikeigeka.com/", "内容": "医療法人　荒木整形外科【2:診療所】【診療科目:整形外科_リハビリテーション科】長崎県佐世保市早岐１丁目１５－８" }, "geometry": { "type": "Point", "coordinates": [ 129.79877, 33.133803 ] } },
{ "type": "Feature", "properties": { "ID": "422csa0010", "正式名称": "いいづか消化器科・内科クリニック", "機関区分": 2, "都道府県コード": 42, "市区町村コード": 202, "所在地": "長崎県佐世保市島瀬町９番２号", "緯度": 33.171429, "経度": 129.721564, "url": "https://www.iryou.teikyouseido.mhlw.go.jp/znk-web/juminkanja/S2430/initialize?prefCd=42&kikanCd=csa0010&kikanKbn=2", "url2": null, "内容": "いいづか消化器科・内科クリニック【2:診療所】【診療科目:内科_消化器内科】長崎県佐世保市島瀬町９番２号" }, "geometry": { "type": "Point", "coordinates": [ 129.721564, 33.171429 ] } },
{ "type": "Feature", "properties": { "ID": "422csa0014", "正式名称": "医療法人社団いけだ小児科", "機関区分": 2, "都道府県コード": 42, "市区町村コード": 202, "所在地": "長崎県佐世保市万徳町８ー１５", "緯度": 33.18299, "経度": 129.715689, "url": "https://www.iryou.teikyouseido.mhlw.go.jp/znk-web/juminkanja/S2430/initialize?prefCd=42&kikanCd=csa0014&kikanKbn=2", "url2": "http://www.ikesyu-child.jp", "内容": "医療法人社団いけだ小児科【2:診療所】【診療科目:小児科】長崎県佐世保市万徳町８ー１５" }, "geometry": { "type": "Point", "coordinates": [ 129.715689, 33.18299 ] } },
{ "type": "Feature", "properties": { "ID": "422csa0015", "正式名称": "池永外科医院", "機関区分": 2, "都道府県コード": 42, "市区町村コード": 202, "所在地": "長崎県佐世保市俵町１－９", "緯度": 33.186422, "経度": 129.718249, "url": "https://www.iryou.teikyouseido.mhlw.go.jp/znk-web/juminkanja/S2430/initialize?prefCd=42&kikanCd=csa0015&kikanKbn=2", "url2": null, "内容": "池永外科医院【2:診療所】【診療科目:内科_呼吸器内科_循環器内科_消化器内科_外科_整形外科_放射線科】長崎県佐世保市俵町１－９" }, "geometry": { "type": "Point", "coordinates": [ 129.718249, 33.186422 ] } },
{ "type": "Feature", "properties": { "ID": "422csa0016", "正式名称": "医療法人社団　石坂脳神経外科", "機関区分": 2, "都道府県コード": 42, "市区町村コード": 202, "所在地": "長崎県佐世保市卸本町３０ー４２", "緯度": 33.152485, "経度": 129.771633, "url": "https://www.iryou.teikyouseido.mhlw.go.jp/znk-web/juminkanja/S2430/initialize?prefCd=42&kikanCd=csa0016&kikanKbn=2", "url2": "http://www.ishizaka-neurosurgery.com/", "内容": "医療法人社団　石坂脳神経外科【2:診療所】【診療科目:脳神経内科_脳神経外科_リハビリテーション科】長崎県佐世保市卸本町３０ー４２" }, "geometry": { "type": "Point", "coordinates": [ 129.771633, 33.152485 ] } },
{ "type": "Feature", "properties": { "ID": "422csa0018", "正式名称": "医療法人哺仁会一瀬診療所", "機関区分": 2, "都道府県コード": 42, "市区町村コード": 202, "所在地": "長崎県佐世保市本島町１－１１", "緯度": 33.171353, "経度": 129.722625, "url": "https://www.iryou.teikyouseido.mhlw.go.jp/znk-web/juminkanja/S2430/initialize?prefCd=42&kikanCd=csa0018&kikanKbn=2", "url2": "https://iog.jp", "内容": "医療法人哺仁会一瀬診療所【2:診療所】【診療科目:産婦人科】長崎県佐世保市本島町１－１１" }, "geometry": { "type": "Point", "coordinates": [ 129.722625, 33.171353 ] } },
{ "type": "Feature", "properties": { "ID": "422csa0019", "正式名称": "（医療法人翠山会）いちょうクリニック", "機関区分": 2, "都道府県コード": 42, "市区町村コード": 202, "所在地": "長崎県佐世保市赤崎町２９８", "緯度": 33.159546, "経度": 129.693705, "url": "https://www.iryou.teikyouseido.mhlw.go.jp/znk-web/juminkanja/S2430/initialize?prefCd=42&kikanCd=csa0019&kikanKbn=2", "url2": null, "内容": "（医療法人翠山会）いちょうクリニック【2:診療所】【診療科目:内科_消化器内科_神経内科_リハビリテーション科】長崎県佐世保市赤崎町２９８" }, "geometry": { "type": "Point", "coordinates": [ 129.693705, 33.159546 ] } },
{ "type": "Feature", "properties": { "ID": "422csa0020", "正式名称": "いつの内科整形外科", "機関区分": 2, "都道府県コード": 42, "市区町村コード": 202, "所在地": "長崎県佐世保市大宮町２３－４", "緯度": 33.157507, "経度": 129.740238, "url": "https://www.iryou.teikyouseido.mhlw.go.jp/znk-web/juminkanja/S2430/initialize?prefCd=42&kikanCd=csa0020&kikanKbn=2", "url2": "https://yushinkai-itsuno.com", "内容": "いつの内科整形外科【2:診療所】【診療科目:内科_消化器内科_胃腸内科_外科_整形外科_リウマチ科_リハビリテーション科】長崎県佐世保市大宮町２３－４" }, "geometry": { "type": "Point", "coordinates": [ 129.740238, 33.157507 ] } },
{ "type": "Feature", "properties": { "ID": "422csa0022", "正式名称": "医療法人社団犬塚内科循環器科医院", "機関区分": 2, "都道府県コード": 42, "市区町村コード": 202, "所在地": "長崎県佐世保市神島町１番１号", "緯度": 33.1682, "経度": 129.704175, "url": "https://www.iryou.teikyouseido.mhlw.go.jp/znk-web/juminkanja/S2430/initialize?prefCd=42&kikanCd=csa0022&kikanKbn=2", "url2": "https://www.sasebo-inuzukanaika.com/", "内容": "医療法人社団犬塚内科循環器科医院【2:診療所】【診療科目:内科_循環器内科】長崎県佐世保市神島町１番１号" }, "geometry": { "type": "Point", "coordinates": [ 129.704175, 33.1682 ] } },
{ "type": "Feature", "properties": { "ID": "422csa0023", "正式名称": "犬塚外科クリニック", "機関区分": 2, "都道府県コード": 42, "市区町村コード": 202, "所在地": "長崎県佐世保市三浦町３ー１０", "緯度": 33.166787, "経度": 129.725292, "url": "https://www.iryou.teikyouseido.mhlw.go.jp/znk-web/juminkanja/S2430/initialize?prefCd=42&kikanCd=csa0023&kikanKbn=2", "url2": null, "内容": "犬塚外科クリニック【2:診療所】【診療科目:内科_胃腸内科_外科_肛門外科_整形外科】長崎県佐世保市三浦町３ー１０" }, "geometry": { "type": "Point", "coordinates": [ 129.725292, 33.166787 ] } },
{ "type": "Feature", "properties": { "ID": "422csa0024", "正式名称": "医療法人犬塚皆春会犬塚医院", "機関区分": 2, "都道府県コード": 42, "市区町村コード": 202, "所在地": "長崎県佐世保市福石町", "緯度": 33.159958, "経度": 129.730543, "url": "https://www.iryou.teikyouseido.mhlw.go.jp/znk-web/juminkanja/S2430/initialize?prefCd=42&kikanCd=csa0024&kikanKbn=2", "url2": null, "内容": "医療法人犬塚皆春会犬塚医院【2:診療所】【診療科目:内科_外科】長崎県佐世保市福石町" }, "geometry": { "type": "Point", "coordinates": [ 129.730543, 33.159958 ] } },
{ "type": "Feature", "properties": { "ID": "422csa0027", "正式名称": "今里耳鼻咽喉科医院", "機関区分": 2, "都道府県コード": 42, "市区町村コード": 202, "所在地": "長崎県佐世保市川下町４４４－１", "緯度": 33.191732, "経度": 129.670613, "url": "https://www.iryou.teikyouseido.mhlw.go.jp/znk-web/juminkanja/S2430/initialize?prefCd=42&kikanCd=csa0027&kikanKbn=2", "url2": "https://imazato-ent.com/", "内容": "今里耳鼻咽喉科医院【2:診療所】【診療科目:耳鼻いんこう科】長崎県佐世保市川下町４４４－１" }, "geometry": { "type": "Point", "coordinates": [ 129.670613, 33.191732 ] } },
{ "type": "Feature", "properties": { "ID": "422csa0028", "正式名称": "地方独立行政法人　佐世保市総合医療センター宇久診療所", "機関区分": 2, "都道府県コード": 42, "市区町村コード": 202, "所在地": "長崎県佐世保市宇久町平２３４４番地", "緯度": 33.265514, "経度": 129.129588, "url": "https://www.iryou.teikyouseido.mhlw.go.jp/znk-web/juminkanja/S2430/initialize?prefCd=42&kikanCd=csa0028&kikanKbn=2", "url2": null, "内容": "地方独立行政法人　佐世保市総合医療センター宇久診療所【2:診療所】【診療科目:内科_外科_小児科_眼科】長崎県佐世保市宇久町平２３４４番地" }, "geometry": { "type": "Point", "coordinates": [ 129.129588, 33.265514 ] } },
{ "type": "Feature", "properties": { "ID": "422csa0031", "正式名称": "えんどうファミリークリニック", "機関区分": 2, "都道府県コード": 42, "市区町村コード": 202, "所在地": "長崎県佐世保市相生町２－２７", "緯度": 33.176706, "経度": 129.716205, "url": "https://www.iryou.teikyouseido.mhlw.go.jp/znk-web/juminkanja/S2430/initialize?prefCd=42&kikanCd=csa0031&kikanKbn=2", "url2": "http://www.kenzukai.com", "内容": "えんどうファミリークリニック【2:診療所】【診療科目:内科_漢方内科_小児科】長崎県佐世保市相生町２－２７" }, "geometry": { "type": "Point", "coordinates": [ 129.716205, 33.176706 ] } },
{ "type": "Feature", "properties": { "ID": "422csa0032", "正式名称": "医療法人大石医院", "機関区分": 2, "都道府県コード": 42, "市区町村コード": 202, "所在地": "長崎県佐世保市木宮町５ー３１", "緯度": 33.196292, "経度": 129.668339, "url": "https://www.iryou.teikyouseido.mhlw.go.jp/znk-web/juminkanja/S2430/initialize?prefCd=42&kikanCd=csa0032&kikanKbn=2", "url2": null, "内容": "医療法人大石医院【2:診療所】【診療科目:内科_消化器内科_外科_整形外科】長崎県佐世保市木宮町５ー３１" }, "geometry": { "type": "Point", "coordinates": [ 129.668339, 33.196292 ] } },
{ "type": "Feature", "properties": { "ID": "422csa0034", "正式名称": "医療法人ウェルネス　おおさと整形外科・リハビリテーション科", "機関区分": 2, "都道府県コード": 42, "市区町村コード": 202, "所在地": "長崎県佐世保市吉井町直谷１２６０", "緯度": 33.278992, "経度": 129.690614, "url": "https://www.iryou.teikyouseido.mhlw.go.jp/znk-web/juminkanja/S2430/initialize?prefCd=42&kikanCd=csa0034&kikanKbn=2", "url2": "http://www.oosato-seikei.jp", "内容": "医療法人ウェルネス　おおさと整形外科・リハビリテーション科【2:診療所】【診療科目:整形外科_リウマチ科_リハビリテーション科】長崎県佐世保市吉井町直谷１２６０" }, "geometry": { "type": "Point", "coordinates": [ 129.690614, 33.278992 ] } },
{ "type": "Feature", "properties": { "ID": "422csa0038", "正式名称": "尾崎脳神経外科医院", "機関区分": 2, "都道府県コード": 42, "市区町村コード": 202, "所在地": "長崎県佐世保市瀬戸越町１２９９番地", "緯度": 33.203702, "経度": 129.721028, "url": "https://www.iryou.teikyouseido.mhlw.go.jp/znk-web/juminkanja/S2430/initialize?prefCd=42&kikanCd=csa0038&kikanKbn=2", "url2": null, "内容": "尾崎脳神経外科医院【2:診療所】【診療科目:脳神経外科】長崎県佐世保市瀬戸越町１２９９番地" }, "geometry": { "type": "Point", "coordinates": [ 129.721028, 33.203702 ] } },
{ "type": "Feature", "properties": { "ID": "422csa0041", "正式名称": "医療法人梶田医院", "機関区分": 2, "都道府県コード": 42, "市区町村コード": 202, "所在地": "長崎県佐世保市南風崎町１３３－２", "緯度": 33.086793, "経度": 129.805777, "url": "https://www.iryou.teikyouseido.mhlw.go.jp/znk-web/juminkanja/S2430/initialize?prefCd=42&kikanCd=csa0041&kikanKbn=2", "url2": null, "内容": "医療法人梶田医院【2:診療所】【診療科目:内科_循環器内科_胃腸内科】長崎県佐世保市南風崎町１３３－２" }, "geometry": { "type": "Point", "coordinates": [ 129.805777, 33.086793 ] } },
{ "type": "Feature", "properties": { "ID": "422csa0042", "正式名称": "医療法人梶原眼科医院", "機関区分": 2, "都道府県コード": 42, "市区町村コード": 202, "所在地": "長崎県佐世保市三浦町１－１", "緯度": 33.167057, "経度": 129.72419, "url": "https://www.iryou.teikyouseido.mhlw.go.jp/znk-web/juminkanja/S2430/initialize?prefCd=42&kikanCd=csa0042&kikanKbn=2", "url2": "http://www.kajiwara-eye.com", "内容": "医療法人梶原眼科医院【2:診療所】【診療科目:眼科】長崎県佐世保市三浦町１－１" }, "geometry": { "type": "Point", "coordinates": [ 129.72419, 33.167057 ] } },
{ "type": "Feature", "properties": { "ID": "422csa0043", "正式名称": "加瀬クリニック", "機関区分": 2, "都道府県コード": 42, "市区町村コード": 202, "所在地": "長崎県佐世保市日宇町６４９ー９", "緯度": 33.157455, "経度": 129.757404, "url": "https://www.iryou.teikyouseido.mhlw.go.jp/znk-web/juminkanja/S2430/initialize?prefCd=42&kikanCd=csa0043&kikanKbn=2", "url2": "http://www.ne.jp/asahi/kase/clinic/", "内容": "加瀬クリニック【2:診療所】【診療科目:内科_消化器内科_胃腸内科_外科_肛門外科_整形外科】長崎県佐世保市日宇町６４９ー９" }, "geometry": { "type": "Point", "coordinates": [ 129.757404, 33.157455 ] } },
{ "type": "Feature", "properties": { "ID": "422csa0046", "正式名称": "かねうじ小児科", "機関区分": 2, "都道府県コード": 42, "市区町村コード": 202, "所在地": "長崎県佐世保市広田３丁目１７ー２５", "緯度": 33.123056, "経度": 129.802712, "url": "https://www.iryou.teikyouseido.mhlw.go.jp/znk-web/juminkanja/S2430/initialize?prefCd=42&kikanCd=csa0046&kikanKbn=2", "url2": null, "内容": "かねうじ小児科【2:診療所】【診療科目:小児科】長崎県佐世保市広田３丁目１７ー２５" }, "geometry": { "type": "Point", "coordinates": [ 129.802712, 33.123056 ] } },
{ "type": "Feature", "properties": { "ID": "422csa0047", "正式名称": "医療法人　金子内科医院", "機関区分": 2, "都道府県コード": 42, "市区町村コード": 202, "所在地": "長崎県佐世保市宮田町３番地１４号", "緯度": 33.185768, "経度": 129.717927, "url": "https://www.iryou.teikyouseido.mhlw.go.jp/znk-web/juminkanja/S2430/initialize?prefCd=42&kikanCd=csa0047&kikanKbn=2", "url2": "https://kanekonaika.or.jp", "内容": "医療法人　金子内科医院【2:診療所】【診療科目:内科_リウマチ科】長崎県佐世保市宮田町３番地１４号" }, "geometry": { "type": "Point", "coordinates": [ 129.717927, 33.185768 ] } },
{ "type": "Feature", "properties": { "ID": "422csa0048", "正式名称": "上条泌尿器科", "機関区分": 2, "都道府県コード": 42, "市区町村コード": 202, "所在地": "長崎県佐世保市田原町１２－２４", "緯度": 33.207998, "経度": 129.721695, "url": "https://www.iryou.teikyouseido.mhlw.go.jp/znk-web/juminkanja/S2430/initialize?prefCd=42&kikanCd=csa0048&kikanKbn=2", "url2": null, "内容": "上条泌尿器科【2:診療所】【診療科目:泌尿器科】長崎県佐世保市田原町１２－２４" }, "geometry": { "type": "Point", "coordinates": [ 129.721695, 33.207998 ] } },
{ "type": "Feature", "properties": { "ID": "422csa0049", "正式名称": "医療法人　神谷内科医院", "機関区分": 2, "都道府県コード": 42, "市区町村コード": 202, "所在地": "長崎県佐世保市皆瀬町２７０－１２", "緯度": 33.21292, "経度": 129.701471, "url": "https://www.iryou.teikyouseido.mhlw.go.jp/znk-web/juminkanja/S2430/initialize?prefCd=42&kikanCd=csa0049&kikanKbn=2", "url2": null, "内容": "医療法人　神谷内科医院【2:診療所】【診療科目:内科_消化器内科_放射線科】長崎県佐世保市皆瀬町２７０－１２" }, "geometry": { "type": "Point", "coordinates": [ 129.701471, 33.21292 ] } },
{ "type": "Feature", "properties": { "ID": "422csa0050", "正式名称": "かわじり耳鼻咽喉科クリニック", "機関区分": 2, "都道府県コード": 42, "市区町村コード": 202, "所在地": "長崎県佐世保市早岐１ー１ー１７", "緯度": 33.132793, "経度": 129.798228, "url": "https://www.iryou.teikyouseido.mhlw.go.jp/znk-web/juminkanja/S2430/initialize?prefCd=42&kikanCd=csa0050&kikanKbn=2", "url2": "http://kawajiri-iin.com", "内容": "かわじり耳鼻咽喉科クリニック【2:診療所】【診療科目:耳鼻いんこう科】長崎県佐世保市早岐１ー１ー１７" }, "geometry": { "type": "Point", "coordinates": [ 129.798228, 33.132793 ] } },
{ "type": "Feature", "properties": { "ID": "422csa0051", "正式名称": "川冨内科医院", "機関区分": 2, "都道府県コード": 42, "市区町村コード": 202, "所在地": "長崎県佐世保市白南風町１２番１５号", "緯度": 33.164763, "経度": 129.729002, "url": "https://www.iryou.teikyouseido.mhlw.go.jp/znk-web/juminkanja/S2430/initialize?prefCd=42&kikanCd=csa0051&kikanKbn=2", "url2": "http://kawatomi-naika.or.jp", "内容": "川冨内科医院【2:診療所】【診療科目:内科_呼吸器内科_循環器内科_消化器内科】長崎県佐世保市白南風町１２番１５号" }, "geometry": { "type": "Point", "coordinates": [ 129.729002, 33.164763 ] } },
{ "type": "Feature", "properties": { "ID": "422csa0052", "正式名称": "かんべ小児科医院", "機関区分": 2, "都道府県コード": 42, "市区町村コード": 202, "所在地": "長崎県佐世保市木宮町４番８号", "緯度": 33.195434, "経度": 129.667458, "url": "https://www.iryou.teikyouseido.mhlw.go.jp/znk-web/juminkanja/S2430/initialize?prefCd=42&kikanCd=csa0052&kikanKbn=2", "url2": "https://kambe-childrens-clinic.com", "内容": "かんべ小児科医院【2:診療所】【診療科目:小児科】長崎県佐世保市木宮町４番８号" }, "geometry": { "type": "Point", "coordinates": [ 129.667458, 33.195434 ] } },
{ "type": "Feature", "properties": { "ID": "422csa0054", "正式名称": "医療法人　たかさご腎クリニック", "機関区分": 2, "都道府県コード": 42, "市区町村コード": 202, "所在地": "長崎県佐世保市高砂町１－９", "緯度": 33.178823, "経度": 129.716795, "url": "https://www.iryou.teikyouseido.mhlw.go.jp/znk-web/juminkanja/S2430/initialize?prefCd=42&kikanCd=csa0054&kikanKbn=2", "url2": "http://www.kitauro.jp/", "内容": "医療法人　たかさご腎クリニック【2:診療所】【診療科目:腎臓内科】長崎県佐世保市高砂町１－９" }, "geometry": { "type": "Point", "coordinates": [ 129.716795, 33.178823 ] } },
{ "type": "Feature", "properties": { "ID": "422csa0055", "正式名称": "橘川内科医院", "機関区分": 2, "都道府県コード": 42, "市区町村コード": 202, "所在地": "長崎県佐世保市島瀬町", "緯度": 33.172035, "経度": 129.722236, "url": "https://www.iryou.teikyouseido.mhlw.go.jp/znk-web/juminkanja/S2430/initialize?prefCd=42&kikanCd=csa0055&kikanKbn=2", "url2": null, "内容": "橘川内科医院【2:診療所】【診療科目:内科】長崎県佐世保市島瀬町" }, "geometry": { "type": "Point", "coordinates": [ 129.722236, 33.172035 ] } },
{ "type": "Feature", "properties": { "ID": "422csa0057", "正式名称": "くすもと小児科", "機関区分": 2, "都道府県コード": 42, "市区町村コード": 202, "所在地": "長崎県佐世保市稲荷町２０ー１０", "緯度": 33.158123, "経度": 129.73479, "url": "https://www.iryou.teikyouseido.mhlw.go.jp/znk-web/juminkanja/S2430/initialize?prefCd=42&kikanCd=csa0057&kikanKbn=2", "url2": "www.kusu-kodomo.com", "内容": "くすもと小児科【2:診療所】【診療科目:小児科】長崎県佐世保市稲荷町２０ー１０" }, "geometry": { "type": "Point", "coordinates": [ 129.73479, 33.158123 ] } },
{ "type": "Feature", "properties": { "ID": "422csa0058", "正式名称": "くりや内科医院", "機関区分": 2, "都道府県コード": 42, "市区町村コード": 202, "所在地": "長崎県佐世保市指方町２２１７番地１", "緯度": 33.106289, "経度": 129.784937, "url": "https://www.iryou.teikyouseido.mhlw.go.jp/znk-web/juminkanja/S2430/initialize?prefCd=42&kikanCd=csa0058&kikanKbn=2", "url2": "https://kuriya-naika.com/index.html", "内容": "くりや内科医院【2:診療所】【診療科目:内科_糖尿病内科_呼吸器内科_循環器内科_胃腸内科_リハビリテーション科】長崎県佐世保市指方町２２１７番地１" }, "geometry": { "type": "Point", "coordinates": [ 129.784937, 33.106289 ] } },
{ "type": "Feature", "properties": { "ID": "422csa0060", "正式名称": "地方独立行政法人　佐世保市総合医療センター黒島診療所", "機関区分": 2, "都道府県コード": 42, "市区町村コード": 202, "所在地": "長崎県佐世保市黒島町３１８４番地", "緯度": 33.141802, "経度": 129.534492, "url": "https://www.iryou.teikyouseido.mhlw.go.jp/znk-web/juminkanja/S2430/initialize?prefCd=42&kikanCd=csa0060&kikanKbn=2", "url2": "http://www.hospital.sasebo.nagasaki.jp", "内容": "地方独立行政法人　佐世保市総合医療センター黒島診療所【2:診療所】【診療科目:内科_外科_小児科】長崎県佐世保市黒島町３１８４番地" }, "geometry": { "type": "Point", "coordinates": [ 129.534492, 33.141802 ] } },
{ "type": "Feature", "properties": { "ID": "422csa0061", "正式名称": "医療法人桑原整形外科医院", "機関区分": 2, "都道府県コード": 42, "市区町村コード": 202, "所在地": "長崎県佐世保市花高１丁目１０６６番地８", "緯度": 33.136556, "経度": 129.80346, "url": "https://www.iryou.teikyouseido.mhlw.go.jp/znk-web/juminkanja/S2430/initialize?prefCd=42&kikanCd=csa0061&kikanKbn=2", "url2": null, "内容": "医療法人桑原整形外科医院【2:診療所】【診療科目:整形外科_リハビリテーション科】長崎県佐世保市花高１丁目１０６６番地８" }, "geometry": { "type": "Point", "coordinates": [ 129.80346, 33.136556 ] } },
{ "type": "Feature", "properties": { "ID": "422csa0064", "正式名称": "佐世保市子ども発達センター診療所", "機関区分": 2, "都道府県コード": 42, "市区町村コード": 202, "所在地": "長崎県佐世保市常盤町６番１号", "緯度": 33.173659, "経度": 129.718838, "url": "https://www.iryou.teikyouseido.mhlw.go.jp/znk-web/juminkanja/S2430/initialize?prefCd=42&kikanCd=csa0064&kikanKbn=2", "url2": "http://www.city.sasebo.lg.jp/kodomomirai/kodomo/ryoiku.html", "内容": "佐世保市子ども発達センター診療所【2:診療所】【診療科目:整形外科_小児科_精神科_リハビリテーション科】長崎県佐世保市常盤町６番１号" }, "geometry": { "type": "Point", "coordinates": [ 129.718838, 33.173659 ] } },
{ "type": "Feature", "properties": { "ID": "422csa0066", "正式名称": "さいくさ小児科", "機関区分": 2, "都道府県コード": 42, "市区町村コード": 202, "所在地": "長崎県佐世保市権常寺１丁目１０番８号", "緯度": 33.132463, "経度": 129.801205, "url": "https://www.iryou.teikyouseido.mhlw.go.jp/znk-web/juminkanja/S2430/initialize?prefCd=42&kikanCd=csa0066&kikanKbn=2", "url2": null, "内容": "さいくさ小児科【2:診療所】【診療科目:小児科】長崎県佐世保市権常寺１丁目１０番８号" }, "geometry": { "type": "Point", "coordinates": [ 129.801205, 33.132463 ] } },
{ "type": "Feature", "properties": { "ID": "422csa0067", "正式名称": "最勝寺内科医院", "機関区分": 2, "都道府県コード": 42, "市区町村コード": 202, "所在地": "長崎県佐世保市光町１－１８", "緯度": 33.207167, "経度": 129.651715, "url": "https://www.iryou.teikyouseido.mhlw.go.jp/znk-web/juminkanja/S2430/initialize?prefCd=42&kikanCd=csa0067&kikanKbn=2", "url2": "http://www.saishouji-iin.com/", "内容": "最勝寺内科医院【2:診療所】【診療科目:内科_胃腸内科_小児科_皮膚科】長崎県佐世保市光町１－１８" }, "geometry": { "type": "Point", "coordinates": [ 129.651715, 33.207167 ] } },
{ "type": "Feature", "properties": { "ID": "422csa0068", "正式名称": "佐世保クリニック", "機関区分": 2, "都道府県コード": 42, "市区町村コード": 202, "所在地": "長崎県佐世保市三浦町１－１１", "緯度": 33.165222, "経度": 129.72566, "url": "https://www.iryou.teikyouseido.mhlw.go.jp/znk-web/juminkanja/S2430/initialize?prefCd=42&kikanCd=csa0068&kikanKbn=2", "url2": "http://www3.ocn.ne.jp/~s-klinic/", "内容": "佐世保クリニック【2:診療所】【診療科目:内科_精神科_神経科_心療内科】長崎県佐世保市三浦町１－１１" }, "geometry": { "type": "Point", "coordinates": [ 129.72566, 33.165222 ] } },
{ "type": "Feature", "properties": { "ID": "422csa0070", "正式名称": "さとう医院", "機関区分": 2, "都道府県コード": 42, "市区町村コード": 202, "所在地": "長崎県佐世保市城間町９６１", "緯度": 33.099499, "経度": 129.817753, "url": "https://www.iryou.teikyouseido.mhlw.go.jp/znk-web/juminkanja/S2430/initialize?prefCd=42&kikanCd=csa0070&kikanKbn=2", "url2": null, "内容": "さとう医院【2:診療所】【診療科目:内科_皮膚科_泌尿器科】長崎県佐世保市城間町９６１" }, "geometry": { "type": "Point", "coordinates": [ 129.817753, 33.099499 ] } },
{ "type": "Feature", "properties": { "ID": "422csa0073", "正式名称": "重野医院", "機関区分": 2, "都道府県コード": 42, "市区町村コード": 202, "所在地": "長崎県佐世保市花園町１ー７", "緯度": 33.181101, "経度": 129.724572, "url": "https://www.iryou.teikyouseido.mhlw.go.jp/znk-web/juminkanja/S2430/initialize?prefCd=42&kikanCd=csa0073&kikanKbn=2", "url2": null, "内容": "重野医院【2:診療所】【診療科目:内科】長崎県佐世保市花園町１ー７" }, "geometry": { "type": "Point", "coordinates": [ 129.724572, 33.181101 ] } },
{ "type": "Feature", "properties": { "ID": "422csa0074", "正式名称": "重野内科", "機関区分": 2, "都道府県コード": 42, "市区町村コード": 202, "所在地": "長崎県佐世保市大和町", "緯度": 33.159013, "経度": 129.750819, "url": "https://www.iryou.teikyouseido.mhlw.go.jp/znk-web/juminkanja/S2430/initialize?prefCd=42&kikanCd=csa0074&kikanKbn=2", "url2": null, "内容": "重野内科【2:診療所】【診療科目:内科】長崎県佐世保市大和町" }, "geometry": { "type": "Point", "coordinates": [ 129.750819, 33.159013 ] } },
{ "type": "Feature", "properties": { "ID": "422csa0075", "正式名称": "医療法人道仁会品川医院", "機関区分": 2, "都道府県コード": 42, "市区町村コード": 202, "所在地": "長崎県佐世保市柚木町２１８８", "緯度": 33.208761, "経度": 129.764522, "url": "https://www.iryou.teikyouseido.mhlw.go.jp/znk-web/juminkanja/S2430/initialize?prefCd=42&kikanCd=csa0075&kikanKbn=2", "url2": "http://shinagawa-clinic.jp/", "内容": "医療法人道仁会品川医院【2:診療所】【診療科目:内科_循環器内科_小児科】長崎県佐世保市柚木町２１８８" }, "geometry": { "type": "Point", "coordinates": [ 129.764522, 33.208761 ] } },
{ "type": "Feature", "properties": { "ID": "422csa0076", "正式名称": "品川眼科医院", "機関区分": 2, "都道府県コード": 42, "市区町村コード": 202, "所在地": "長崎県佐世保市田原町１３−１５", "緯度": 33.207765, "経度": 129.72096, "url": "https://www.iryou.teikyouseido.mhlw.go.jp/znk-web/juminkanja/S2430/initialize?prefCd=42&kikanCd=csa0076&kikanKbn=2", "url2": null, "内容": "品川眼科医院【2:診療所】【診療科目:眼科】長崎県佐世保市田原町１３−１５" }, "geometry": { "type": "Point", "coordinates": [ 129.72096, 33.207765 ] } },
{ "type": "Feature", "properties": { "ID": "422csa0077", "正式名称": "しもまえ泌尿器科クリニック", "機関区分": 2, "都道府県コード": 42, "市区町村コード": 202, "所在地": "長崎県佐世保市大塔町", "緯度": 33.150988, "経度": 129.778957, "url": "https://www.iryou.teikyouseido.mhlw.go.jp/znk-web/juminkanja/S2430/initialize?prefCd=42&kikanCd=csa0077&kikanKbn=2", "url2": null, "内容": "しもまえ泌尿器科クリニック【2:診療所】【診療科目:泌尿器科_男性泌尿器科】長崎県佐世保市大塔町" }, "geometry": { "type": "Point", "coordinates": [ 129.778957, 33.150988 ] } },
{ "type": "Feature", "properties": { "ID": "422csa0081", "正式名称": "すどう内科", "機関区分": 2, "都道府県コード": 42, "市区町村コード": 202, "所在地": "長崎県佐世保市大潟町", "緯度": 33.184165, "経度": 129.662099, "url": "https://www.iryou.teikyouseido.mhlw.go.jp/znk-web/juminkanja/S2430/initialize?prefCd=42&kikanCd=csa0081&kikanKbn=2", "url2": "sudounaika.com", "内容": "すどう内科【2:診療所】【診療科目:内科_消化器内科】長崎県佐世保市大潟町" }, "geometry": { "type": "Point", "coordinates": [ 129.662099, 33.184165 ] } },
{ "type": "Feature", "properties": { "ID": "422csa0083", "正式名称": "医療法人社団　スヲヤ耳鼻咽喉科医院", "機関区分": 2, "都道府県コード": 42, "市区町村コード": 202, "所在地": "長崎県佐世保市塩浜町　６－２２", "緯度": 33.166718, "経度": 129.721461, "url": "https://www.iryou.teikyouseido.mhlw.go.jp/znk-web/juminkanja/S2430/initialize?prefCd=42&kikanCd=csa0083&kikanKbn=2", "url2": null, "内容": "医療法人社団　スヲヤ耳鼻咽喉科医院【2:診療所】【診療科目:耳鼻いんこう科】長崎県佐世保市塩浜町　６－２２" }, "geometry": { "type": "Point", "coordinates": [ 129.721461, 33.166718 ] } },
{ "type": "Feature", "properties": { "ID": "422csa0084", "正式名称": "世知原クリニック", "機関区分": 2, "都道府県コード": 42, "市区町村コード": 202, "所在地": "長崎県佐世保市世知原町栗迎１５５番地１", "緯度": 33.255208, "経度": 129.754612, "url": "https://www.iryou.teikyouseido.mhlw.go.jp/znk-web/juminkanja/S2430/initialize?prefCd=42&kikanCd=csa0084&kikanKbn=2", "url2": "https://www.sechibaru-clinic.com", "内容": "世知原クリニック【2:診療所】【診療科目:内科_外科_皮膚科_リウマチ科_リハビリテーション科】長崎県佐世保市世知原町栗迎１５５番地１" }, "geometry": { "type": "Point", "coordinates": [ 129.754612, 33.255208 ] } },
{ "type": "Feature", "properties": { "ID": "422csa0088", "正式名称": "大塔内科医院", "機関区分": 2, "都道府県コード": 42, "市区町村コード": 202, "所在地": "長崎県佐世保市大塔町２０１６番地１", "緯度": 33.156312, "経度": 129.774623, "url": "https://www.iryou.teikyouseido.mhlw.go.jp/znk-web/juminkanja/S2430/initialize?prefCd=42&kikanCd=csa0088&kikanKbn=2", "url2": null, "内容": "大塔内科医院【2:診療所】【診療科目:内科_胃腸内科】長崎県佐世保市大塔町２０１６番地１" }, "geometry": { "type": "Point", "coordinates": [ 129.774623, 33.156312 ] } },
{ "type": "Feature", "properties": { "ID": "422csa0089", "正式名称": "たかき内科胃腸科", "機関区分": 2, "都道府県コード": 42, "市区町村コード": 202, "所在地": "長崎県佐世保市椎木町２０６－２", "緯度": 33.175491, "経度": 129.669907, "url": "https://www.iryou.teikyouseido.mhlw.go.jp/znk-web/juminkanja/S2430/initialize?prefCd=42&kikanCd=csa0089&kikanKbn=2", "url2": "https://www.takaki-naika-ityouka.com/", "内容": "たかき内科胃腸科【2:診療所】【診療科目:内科_糖尿病・代謝内科_呼吸器内科_循環器内科_消化器内科_胃腸内科_肝臓内科_漢方内科_内視鏡内科】長崎県佐世保市椎木町２０６－２" }, "geometry": { "type": "Point", "coordinates": [ 129.669907, 33.175491 ] } },
{ "type": "Feature", "properties": { "ID": "422csa0090", "正式名称": "地方独立行政法人　佐世保市総合医療センター高島診療所", "機関区分": 2, "都道府県コード": 42, "市区町村コード": 202, "所在地": "長崎県佐世保市高島町６２６番地３", "緯度": 33.177737, "経度": 129.587269, "url": "https://www.iryou.teikyouseido.mhlw.go.jp/znk-web/juminkanja/S2430/initialize?prefCd=42&kikanCd=csa0090&kikanKbn=2", "url2": "http://www.hospital.sasebo.nagasaki.jp", "内容": "地方独立行政法人　佐世保市総合医療センター高島診療所【2:診療所】【診療科目:内科】長崎県佐世保市高島町６２６番地３" }, "geometry": { "type": "Point", "coordinates": [ 129.587269, 33.177737 ] } },
{ "type": "Feature", "properties": { "ID": "422csa0091", "正式名称": "医療法人高田外科医院", "機関区分": 2, "都道府県コード": 42, "市区町村コード": 202, "所在地": "長崎県佐世保市木場田町６番２６号", "緯度": 33.180207, "経度": 129.713893, "url": "https://www.iryou.teikyouseido.mhlw.go.jp/znk-web/juminkanja/S2430/initialize?prefCd=42&kikanCd=csa0091&kikanKbn=2", "url2": null, "内容": "医療法人高田外科医院【2:診療所】【診療科目:内科_外科_整形外科】長崎県佐世保市木場田町６番２６号" }, "geometry": { "type": "Point", "coordinates": [ 129.713893, 33.180207 ] } },
{ "type": "Feature", "properties": { "ID": "422csa0092", "正式名称": "医療法人　たかはし小児科医院", "機関区分": 2, "都道府県コード": 42, "市区町村コード": 202, "所在地": "長崎県佐世保市もみじが丘町４０番地３", "緯度": 33.160454, "経度": 129.778413, "url": "https://www.iryou.teikyouseido.mhlw.go.jp/znk-web/juminkanja/S2430/initialize?prefCd=42&kikanCd=csa0092&kikanKbn=2", "url2": null, "内容": "医療法人　たかはし小児科医院【2:診療所】【診療科目:小児科_アレルギー科】長崎県佐世保市もみじが丘町４０番地３" }, "geometry": { "type": "Point", "coordinates": [ 129.778413, 33.160454 ] } },
{ "type": "Feature", "properties": { "ID": "422csa0094", "正式名称": "たかひら外科", "機関区分": 2, "都道府県コード": 42, "市区町村コード": 202, "所在地": "長崎県佐世保市日野町１９０１－４", "緯度": 33.173896, "経度": 129.6729, "url": "https://www.iryou.teikyouseido.mhlw.go.jp/znk-web/juminkanja/S2430/initialize?prefCd=42&kikanCd=csa0094&kikanKbn=2", "url2": null, "内容": "たかひら外科【2:診療所】【診療科目:外科_整形外科_リハビリテーション科】長崎県佐世保市日野町１９０１－４" }, "geometry": { "type": "Point", "coordinates": [ 129.6729, 33.173896 ] } },
{ "type": "Feature", "properties": { "ID": "422csa0097", "正式名称": "田中医院", "機関区分": 2, "都道府県コード": 42, "市区町村コード": 202, "所在地": "長崎県佐世保市本島町１番２０号　アソカビル４階", "緯度": 33.171689, "経度": 129.722749, "url": "https://www.iryou.teikyouseido.mhlw.go.jp/znk-web/juminkanja/S2430/initialize?prefCd=42&kikanCd=csa0097&kikanKbn=2", "url2": null, "内容": "田中医院【2:診療所】【診療科目:内科_外科_皮膚科】長崎県佐世保市本島町１番２０号　アソカビル４階" }, "geometry": { "type": "Point", "coordinates": [ 129.722749, 33.171689 ] } },
{ "type": "Feature", "properties": { "ID": "422csa0101", "正式名称": "医療法人田渕医院", "機関区分": 2, "都道府県コード": 42, "市区町村コード": 202, "所在地": "長崎県佐世保市日野町１１８３－１", "緯度": 33.172154, "経度": 129.675077, "url": "https://www.iryou.teikyouseido.mhlw.go.jp/znk-web/juminkanja/S2430/initialize?prefCd=42&kikanCd=csa0101&kikanKbn=2", "url2": null, "内容": "医療法人田渕医院【2:診療所】【診療科目:内科_循環器内科_外科】長崎県佐世保市日野町１１８３－１" }, "geometry": { "type": "Point", "coordinates": [ 129.675077, 33.172154 ] } },
{ "type": "Feature", "properties": { "ID": "422csa0103", "正式名称": "土田医院", "機関区分": 2, "都道府県コード": 42, "市区町村コード": 202, "所在地": "長崎県佐世保市上本山町８４８ー５", "緯度": 33.207104, "経度": 129.688054, "url": "https://www.iryou.teikyouseido.mhlw.go.jp/znk-web/juminkanja/S2430/initialize?prefCd=42&kikanCd=csa0103&kikanKbn=2", "url2": null, "内容": "土田医院【2:診療所】【診療科目:整形外科_形成外科】長崎県佐世保市上本山町８４８ー５" }, "geometry": { "type": "Point", "coordinates": [ 129.688054, 33.207104 ] } },
{ "type": "Feature", "properties": { "ID": "422csa0104", "正式名称": "医療法人社団土井添内科・歯科クリニック", "機関区分": 2, "都道府県コード": 42, "市区町村コード": 202, "所在地": "長崎県佐世保市船越町１２４５番地", "緯度": 33.142501, "経度": 129.695664, "url": "https://www.iryou.teikyouseido.mhlw.go.jp/znk-web/juminkanja/S2430/initialize?prefCd=42&kikanCd=csa0104&kikanKbn=2", "url2": null, "内容": "医療法人社団土井添内科・歯科クリニック【2:診療所】【診療科目:内科_歯科】長崎県佐世保市船越町１２４５番地" }, "geometry": { "type": "Point", "coordinates": [ 129.695664, 33.142501 ] } },
{ "type": "Feature", "properties": { "ID": "422csa0106", "正式名称": "医療法人徳永内科小児科", "機関区分": 2, "都道府県コード": 42, "市区町村コード": 202, "所在地": "長崎県佐世保市京坪町４－１", "緯度": 33.170435, "経度": 129.724528, "url": "https://www.iryou.teikyouseido.mhlw.go.jp/znk-web/juminkanja/S2430/initialize?prefCd=42&kikanCd=csa0106&kikanKbn=2", "url2": null, "内容": "医療法人徳永内科小児科【2:診療所】【診療科目:内科_消化器内科_小児科】長崎県佐世保市京坪町４－１" }, "geometry": { "type": "Point", "coordinates": [ 129.724528, 33.170435 ] } },
{ "type": "Feature", "properties": { "ID": "422csa0107", "正式名称": "医療法人徳永泌尿器科医院", "機関区分": 2, "都道府県コード": 42, "市区町村コード": 202, "所在地": "長崎県佐世保市福石町", "緯度": 33.158945, "経度": 129.731541, "url": "https://www.iryou.teikyouseido.mhlw.go.jp/znk-web/juminkanja/S2430/initialize?prefCd=42&kikanCd=csa0107&kikanKbn=2", "url2": "http://www.tokunaga-uro.com", "内容": "医療法人徳永泌尿器科医院【2:診療所】【診療科目:泌尿器科】長崎県佐世保市福石町" }, "geometry": { "type": "Point", "coordinates": [ 129.731541, 33.158945 ] } },
{ "type": "Feature", "properties": { "ID": "422csa0108", "正式名称": "とみた産婦人科クリニック", "機関区分": 2, "都道府県コード": 42, "市区町村コード": 202, "所在地": "長崎県佐世保市日宇町", "緯度": 33.158416, "経度": 129.765512, "url": "https://www.iryou.teikyouseido.mhlw.go.jp/znk-web/juminkanja/S2430/initialize?prefCd=42&kikanCd=csa0108&kikanKbn=2", "url2": null, "内容": "とみた産婦人科クリニック【2:診療所】【診療科目:産婦人科】長崎県佐世保市日宇町" }, "geometry": { "type": "Point", "coordinates": [ 129.765512, 33.158416 ] } },
{ "type": "Feature", "properties": { "ID": "422csa0109", "正式名称": "医療法人社団　とみむら皮ふ科", "機関区分": 2, "都道府県コード": 42, "市区町村コード": 202, "所在地": "長崎県佐世保市相浦町２５６番地", "緯度": 33.195182, "経度": 129.665946, "url": "https://www.iryou.teikyouseido.mhlw.go.jp/znk-web/juminkanja/S2430/initialize?prefCd=42&kikanCd=csa0109&kikanKbn=2", "url2": "http://www.tomimura-hifuka.or.jp/", "内容": "医療法人社団　とみむら皮ふ科【2:診療所】【診療科目:皮膚科】長崎県佐世保市相浦町２５６番地" }, "geometry": { "type": "Point", "coordinates": [ 129.665946, 33.195182 ] } },
{ "type": "Feature", "properties": { "ID": "422csa0110", "正式名称": "なかた耳鼻咽喉科", "機関区分": 2, "都道府県コード": 42, "市区町村コード": 202, "所在地": "長崎県佐世保市島瀬町４－１３ピカデリービル１Ｆ", "緯度": 33.172694, "経度": 129.72133, "url": "https://www.iryou.teikyouseido.mhlw.go.jp/znk-web/juminkanja/S2430/initialize?prefCd=42&kikanCd=csa0110&kikanKbn=2", "url2": null, "内容": "なかた耳鼻咽喉科【2:診療所】【診療科目:耳鼻いんこう科】長崎県佐世保市島瀬町４－１３ピカデリービル１Ｆ" }, "geometry": { "type": "Point", "coordinates": [ 129.72133, 33.172694 ] } },
{ "type": "Feature", "properties": { "ID": "422csa0111", "正式名称": "医療法人永田医院", "機関区分": 2, "都道府県コード": 42, "市区町村コード": 202, "所在地": "長崎県佐世保市勝富町４－１３", "緯度": 33.174754, "経度": 129.729132, "url": "https://www.iryou.teikyouseido.mhlw.go.jp/znk-web/juminkanja/S2430/initialize?prefCd=42&kikanCd=csa0111&kikanKbn=2", "url2": null, "内容": "医療法人永田医院【2:診療所】【診療科目:皮膚科_美容皮膚科】長崎県佐世保市勝富町４－１３" }, "geometry": { "type": "Point", "coordinates": [ 129.729132, 33.174754 ] } },
{ "type": "Feature", "properties": { "ID": "422csa0112", "正式名称": "長戸医院", "機関区分": 2, "都道府県コード": 42, "市区町村コード": 202, "所在地": "長崎県佐世保市田原町１２番２１号", "緯度": 33.208057, "経度": 129.722109, "url": "https://www.iryou.teikyouseido.mhlw.go.jp/znk-web/juminkanja/S2430/initialize?prefCd=42&kikanCd=csa0112&kikanKbn=2", "url2": null, "内容": "長戸医院【2:診療所】【診療科目:整形外科_皮膚科_リハビリテーション科】長崎県佐世保市田原町１２番２１号" }, "geometry": { "type": "Point", "coordinates": [ 129.722109, 33.208057 ] } },
{ "type": "Feature", "properties": { "ID": "422csa0116", "正式名称": "医療法人英尚会中村内科", "機関区分": 2, "都道府県コード": 42, "市区町村コード": 202, "所在地": "長崎県佐世保市権常寺町１４９１－７", "緯度": 33.13194, "経度": 129.802046, "url": "https://www.iryou.teikyouseido.mhlw.go.jp/znk-web/juminkanja/S2430/initialize?prefCd=42&kikanCd=csa0116&kikanKbn=2", "url2": "https://nakamura-naika-sasebo.com/", "内容": "医療法人英尚会中村内科【2:診療所】【診療科目:内科_呼吸器内科_循環器内科_消化器内科_アレルギー科】長崎県佐世保市権常寺町１４９１－７" }, "geometry": { "type": "Point", "coordinates": [ 129.802046, 33.13194 ] } },
{ "type": "Feature", "properties": { "ID": "422csa0117", "正式名称": "中村泌尿器科", "機関区分": 2, "都道府県コード": 42, "市区町村コード": 202, "所在地": "長崎県佐世保市上相浦町１０－１", "緯度": 33.195399, "経度": 129.669211, "url": "https://www.iryou.teikyouseido.mhlw.go.jp/znk-web/juminkanja/S2430/initialize?prefCd=42&kikanCd=csa0117&kikanKbn=2", "url2": null, "内容": "中村泌尿器科【2:診療所】【診療科目:泌尿器科】長崎県佐世保市上相浦町１０－１" }, "geometry": { "type": "Point", "coordinates": [ 129.669211, 33.195399 ] } },
{ "type": "Feature", "properties": { "ID": "422csa0119", "正式名称": "西九州健康診断本部診療所", "機関区分": 2, "都道府県コード": 42, "市区町村コード": 202, "所在地": "長崎県佐世保市卸本町２５２番地２", "緯度": 33.153123, "経度": 129.77117, "url": "https://www.iryou.teikyouseido.mhlw.go.jp/znk-web/juminkanja/S2430/initialize?prefCd=42&kikanCd=csa0119&kikanKbn=2", "url2": "https://www.kenshinhonbu.com", "内容": "西九州健康診断本部診療所【2:診療所】【診療科目:内科】長崎県佐世保市卸本町２５２番地２" }, "geometry": { "type": "Point", "coordinates": [ 129.77117, 33.153123 ] } },
{ "type": "Feature", "properties": { "ID": "422csa0121", "正式名称": "西村医院", "機関区分": 2, "都道府県コード": 42, "市区町村コード": 202, "所在地": "長崎県佐世保市吉井町立石４５４－１", "緯度": 33.268987, "経度": 129.6862, "url": "https://www.iryou.teikyouseido.mhlw.go.jp/znk-web/juminkanja/S2430/initialize?prefCd=42&kikanCd=csa0121&kikanKbn=2", "url2": null, "内容": "西村医院【2:診療所】【診療科目:内科_消化器内科_胃腸内科_外科_肛門外科_リハビリテーション科】長崎県佐世保市吉井町立石４５４－１" }, "geometry": { "type": "Point", "coordinates": [ 129.6862, 33.268987 ] } },
{ "type": "Feature", "properties": { "ID": "422csa0123", "正式名称": "根井整形外科医院", "機関区分": 2, "都道府県コード": 42, "市区町村コード": 202, "所在地": "長崎県佐世保市田原町　９番２５号", "緯度": 33.208686, "経度": 129.723286, "url": "https://www.iryou.teikyouseido.mhlw.go.jp/znk-web/juminkanja/S2430/initialize?prefCd=42&kikanCd=csa0123&kikanKbn=2", "url2": null, "内容": "根井整形外科医院【2:診療所】【診療科目:整形外科_リハビリテーション科】長崎県佐世保市田原町　９番２５号" }, "geometry": { "type": "Point", "coordinates": [ 129.723286, 33.208686 ] } },
{ "type": "Feature", "properties": { "ID": "422csa0124", "正式名称": "医療法人社団音琴クリニック", "機関区分": 2, "都道府県コード": 42, "市区町村コード": 202, "所在地": "長崎県佐世保市大宮町２９ー５", "緯度": 33.157998, "経度": 129.740896, "url": "https://www.iryou.teikyouseido.mhlw.go.jp/znk-web/juminkanja/S2430/initialize?prefCd=42&kikanCd=csa0124&kikanKbn=2", "url2": null, "内容": "医療法人社団音琴クリニック【2:診療所】【診療科目:内科_胃腸内科_外科_肛門外科_リハビリテーション科】長崎県佐世保市大宮町２９ー５" }, "geometry": { "type": "Point", "coordinates": [ 129.740896, 33.157998 ] } },
{ "type": "Feature", "properties": { "ID": "422csa0126", "正式名称": "野田内科循環器科", "機関区分": 2, "都道府県コード": 42, "市区町村コード": 202, "所在地": "長崎県佐世保市塩浜町３－８", "緯度": 33.167018, "経度": 129.722228, "url": "https://www.iryou.teikyouseido.mhlw.go.jp/znk-web/juminkanja/S2430/initialize?prefCd=42&kikanCd=csa0126&kikanKbn=2", "url2": null, "内容": "野田内科循環器科【2:診療所】【診療科目:内科_循環器内科】長崎県佐世保市塩浜町３－８" }, "geometry": { "type": "Point", "coordinates": [ 129.722228, 33.167018 ] } },
{ "type": "Feature", "properties": { "ID": "422csa0127", "正式名称": "早岐眼科", "機関区分": 2, "都道府県コード": 42, "市区町村コード": 202, "所在地": "長崎県佐世保市早岐１－５－３７", "緯度": 33.136116, "経度": 129.798153, "url": "https://www.iryou.teikyouseido.mhlw.go.jp/znk-web/juminkanja/S2430/initialize?prefCd=42&kikanCd=csa0127&kikanKbn=2", "url2": null, "内容": "早岐眼科【2:診療所】【診療科目:眼科】長崎県佐世保市早岐１－５－３７" }, "geometry": { "type": "Point", "coordinates": [ 129.798153, 33.136116 ] } },
{ "type": "Feature", "properties": { "ID": "422csa0135", "正式名称": "原整形外科", "機関区分": 2, "都道府県コード": 42, "市区町村コード": 202, "所在地": "長崎県佐世保市大宮町２６番５号", "緯度": 33.15848, "経度": 129.739874, "url": "https://www.iryou.teikyouseido.mhlw.go.jp/znk-web/juminkanja/S2430/initialize?prefCd=42&kikanCd=csa0135&kikanKbn=2", "url2": null, "内容": "原整形外科【2:診療所】【診療科目:整形外科_リウマチ科_リハビリテーション科】長崎県佐世保市大宮町２６番５号" }, "geometry": { "type": "Point", "coordinates": [ 129.739874, 33.15848 ] } },
{ "type": "Feature", "properties": { "ID": "422csa0136", "正式名称": "医療法人　原口消化器内科", "機関区分": 2, "都道府県コード": 42, "市区町村コード": 202, "所在地": "長崎県佐世保市松浦町５－２８", "緯度": 33.17436, "経度": 129.717, "url": "https://www.iryou.teikyouseido.mhlw.go.jp/znk-web/juminkanja/S2430/initialize?prefCd=42&kikanCd=csa0136&kikanKbn=2", "url2": null, "内容": "医療法人　原口消化器内科【2:診療所】【診療科目:消化器内科】長崎県佐世保市松浦町５－２８" }, "geometry": { "type": "Point", "coordinates": [ 129.717, 33.17436 ] } },
{ "type": "Feature", "properties": { "ID": "422csa0137", "正式名称": "医療法人はらだ医院", "機関区分": 2, "都道府県コード": 42, "市区町村コード": 202, "所在地": "長崎県佐世保市小佐々町黒石３５４番地３", "緯度": 33.222938, "経度": 129.633709, "url": "https://www.iryou.teikyouseido.mhlw.go.jp/znk-web/juminkanja/S2430/initialize?prefCd=42&kikanCd=csa0137&kikanKbn=2", "url2": null, "内容": "医療法人はらだ医院【2:診療所】【診療科目:内科_呼吸器内科】長崎県佐世保市小佐々町黒石３５４番地３" }, "geometry": { "type": "Point", "coordinates": [ 129.633709, 33.222938 ] } },
{ "type": "Feature", "properties": { "ID": "422csa0139", "正式名称": "日宇記念医院", "機関区分": 2, "都道府県コード": 42, "市区町村コード": 202, "所在地": "長崎県佐世保市日宇町", "緯度": 33.162003, "経度": 129.764993, "url": "https://www.iryou.teikyouseido.mhlw.go.jp/znk-web/juminkanja/S2430/initialize?prefCd=42&kikanCd=csa0139&kikanKbn=2", "url2": null, "内容": "日宇記念医院【2:診療所】【診療科目:内科_外科】長崎県佐世保市日宇町" }, "geometry": { "type": "Point", "coordinates": [ 129.764993, 33.162003 ] } },
{ "type": "Feature", "properties": { "ID": "422csa0141", "正式名称": "産科・婦人科・麻酔科　東島レディースクリニック", "機関区分": 2, "都道府県コード": 42, "市区町村コード": 202, "所在地": "長崎県佐世保市大宮町１７番地１３", "緯度": 33.158254, "経度": 129.739593, "url": "https://www.iryou.teikyouseido.mhlw.go.jp/znk-web/juminkanja/S2430/initialize?prefCd=42&kikanCd=csa0141&kikanKbn=2", "url2": "http://www.higashima-l-c.com/", "内容": "産科・婦人科・麻酔科　東島レディースクリニック【2:診療所】【診療科目:産婦人科】長崎県佐世保市大宮町１７番地１３" }, "geometry": { "type": "Point", "coordinates": [ 129.739593, 33.158254 ] } },
{ "type": "Feature", "properties": { "ID": "422csa0142", "正式名称": "ひふ科しまのせクリニック", "機関区分": 2, "都道府県コード": 42, "市区町村コード": 202, "所在地": "長崎県佐世保市島瀬町３番１４号　太陽ビル５　１０２号", "緯度": 33.172467, "経度": 129.721733, "url": "https://www.iryou.teikyouseido.mhlw.go.jp/znk-web/juminkanja/S2430/initialize?prefCd=42&kikanCd=csa0142&kikanKbn=2", "url2": null, "内容": "ひふ科しまのせクリニック【2:診療所】【診療科目:皮膚科_アレルギー科】長崎県佐世保市島瀬町３番１４号　太陽ビル５　１０２号" }, "geometry": { "type": "Point", "coordinates": [ 129.721733, 33.172467 ] } },
{ "type": "Feature", "properties": { "ID": "422csa0143", "正式名称": "医療法人平川整形外科医院", "機関区分": 2, "都道府県コード": 42, "市区町村コード": 202, "所在地": "長崎県佐世保市早岐１丁目１６‐２９", "緯度": 33.133239, "経度": 129.798608, "url": "https://www.iryou.teikyouseido.mhlw.go.jp/znk-web/juminkanja/S2430/initialize?prefCd=42&kikanCd=csa0143&kikanKbn=2", "url2": "https://hirakawaseikeigeka.wixsite.com/hirakawaseikeigeka", "内容": "医療法人平川整形外科医院【2:診療所】【診療科目:整形外科】長崎県佐世保市早岐１丁目１６‐２９" }, "geometry": { "type": "Point", "coordinates": [ 129.798608, 33.133239 ] } },
{ "type": "Feature", "properties": { "ID": "422csa0145", "正式名称": "福田耳鼻咽喉科医院", "機関区分": 2, "都道府県コード": 42, "市区町村コード": 202, "所在地": "長崎県佐世保市黒髪町６４９番地２", "緯度": 33.165326, "経度": 129.773865, "url": "https://www.iryou.teikyouseido.mhlw.go.jp/znk-web/juminkanja/S2430/initialize?prefCd=42&kikanCd=csa0145&kikanKbn=2", "url2": null, "内容": "福田耳鼻咽喉科医院【2:診療所】【診療科目:耳鼻いんこう科_気管食道・耳鼻いんこう科】長崎県佐世保市黒髪町６４９番地２" }, "geometry": { "type": "Point", "coordinates": [ 129.773865, 33.165326 ] } },
{ "type": "Feature", "properties": { "ID": "422csa0146", "正式名称": "医療法人社団　福田内科胃腸科医院", "機関区分": 2, "都道府県コード": 42, "市区町村コード": 202, "所在地": "長崎県佐世保市稲荷町２７－３８", "緯度": 33.158904, "経度": 129.735114, "url": "https://www.iryou.teikyouseido.mhlw.go.jp/znk-web/juminkanja/S2430/initialize?prefCd=42&kikanCd=csa0146&kikanKbn=2", "url2": "http://www.fukudanaika.or.jp", "内容": "医療法人社団　福田内科胃腸科医院【2:診療所】【診療科目:内科_消化器内科_胃腸内科_放射線科】長崎県佐世保市稲荷町２７－３８" }, "geometry": { "type": "Point", "coordinates": [ 129.735114, 33.158904 ] } },
{ "type": "Feature", "properties": { "ID": "422csa0147", "正式名称": "医療法人社団真友会藤井医院", "機関区分": 2, "都道府県コード": 42, "市区町村コード": 202, "所在地": "長崎県佐世保市金比良町７番２０号", "緯度": 33.169493, "経度": 129.705808, "url": "https://www.iryou.teikyouseido.mhlw.go.jp/znk-web/juminkanja/S2430/initialize?prefCd=42&kikanCd=csa0147&kikanKbn=2", "url2": null, "内容": "医療法人社団真友会藤井医院【2:診療所】【診療科目:内科_胃腸内科_外科】長崎県佐世保市金比良町７番２０号" }, "geometry": { "type": "Point", "coordinates": [ 129.705808, 33.169493 ] } },
{ "type": "Feature", "properties": { "ID": "422csa0148", "正式名称": "医療法人フジイ内科胃腸科医院", "機関区分": 2, "都道府県コード": 42, "市区町村コード": 202, "所在地": "長崎県佐世保市天神町１２２８", "緯度": 33.145349, "経度": 129.733278, "url": "https://www.iryou.teikyouseido.mhlw.go.jp/znk-web/juminkanja/S2430/initialize?prefCd=42&kikanCd=csa0148&kikanKbn=2", "url2": null, "内容": "医療法人フジイ内科胃腸科医院【2:診療所】【診療科目:内科_呼吸器内科_循環器内科_胃腸内科】長崎県佐世保市天神町１２２８" }, "geometry": { "type": "Point", "coordinates": [ 129.733278, 33.145349 ] } },
{ "type": "Feature", "properties": { "ID": "422csa0151", "正式名称": "医療法人　増田整形外科", "機関区分": 2, "都道府県コード": 42, "市区町村コード": 202, "所在地": "長崎県佐世保市高砂町４－２１", "緯度": 33.178868, "経度": 129.715778, "url": "https://www.iryou.teikyouseido.mhlw.go.jp/znk-web/juminkanja/S2430/initialize?prefCd=42&kikanCd=csa0151&kikanKbn=2", "url2": "https://masudaseikeigeka.com", "内容": "医療法人　増田整形外科【2:診療所】【診療科目:整形外科_リウマチ科_リハビリテーション科】長崎県佐世保市高砂町４－２１" }, "geometry": { "type": "Point", "coordinates": [ 129.715778, 33.178868 ] } },
{ "type": "Feature", "properties": { "ID": "422csa0152", "正式名称": "医療法人青秀会　増元内科", "機関区分": 2, "都道府県コード": 42, "市区町村コード": 202, "所在地": "長崎県佐世保市万徳町８－１１", "緯度": 33.182671, "経度": 129.715812, "url": "https://www.iryou.teikyouseido.mhlw.go.jp/znk-web/juminkanja/S2430/initialize?prefCd=42&kikanCd=csa0152&kikanKbn=2", "url2": null, "内容": "医療法人青秀会　増元内科【2:診療所】【診療科目:内科_呼吸器内科_循環器内科_消化器内科_胃腸内科_アレルギー科】長崎県佐世保市万徳町８－１１" }, "geometry": { "type": "Point", "coordinates": [ 129.715812, 33.182671 ] } },
{ "type": "Feature", "properties": { "ID": "422csa0153", "正式名称": "医療法人まつお内科医院", "機関区分": 2, "都道府県コード": 42, "市区町村コード": 202, "所在地": "長崎県佐世保市下本山町１３１６－４", "緯度": 33.206082, "経度": 129.681621, "url": "https://www.iryou.teikyouseido.mhlw.go.jp/znk-web/juminkanja/S2430/initialize?prefCd=42&kikanCd=csa0153&kikanKbn=2", "url2": null, "内容": "医療法人まつお内科医院【2:診療所】【診療科目:内科_人工透析内科_泌尿器科】長崎県佐世保市下本山町１３１６－４" }, "geometry": { "type": "Point", "coordinates": [ 129.681621, 33.206082 ] } },
{ "type": "Feature", "properties": { "ID": "422csa0155", "正式名称": "松瀬医院", "機関区分": 2, "都道府県コード": 42, "市区町村コード": 202, "所在地": "長崎県佐世保市吉井町橋川内４７４－６", "緯度": 33.268564, "経度": 129.715931, "url": "https://www.iryou.teikyouseido.mhlw.go.jp/znk-web/juminkanja/S2430/initialize?prefCd=42&kikanCd=csa0155&kikanKbn=2", "url2": null, "内容": "松瀬医院【2:診療所】【診療科目:内科】長崎県佐世保市吉井町橋川内４７４－６" }, "geometry": { "type": "Point", "coordinates": [ 129.715931, 33.268564 ] } },
{ "type": "Feature", "properties": { "ID": "422csa0156", "正式名称": "医療法人智松会松瀬診療所", "機関区分": 2, "都道府県コード": 42, "市区町村コード": 202, "所在地": "長崎県佐世保市吉井町直谷１２０２－６", "緯度": 33.279358, "経度": 129.691372, "url": "https://www.iryou.teikyouseido.mhlw.go.jp/znk-web/juminkanja/S2430/initialize?prefCd=42&kikanCd=csa0156&kikanKbn=2", "url2": null, "内容": "医療法人智松会松瀬診療所【2:診療所】【診療科目:内科_外科_小児科】長崎県佐世保市吉井町直谷１２０２－６" }, "geometry": { "type": "Point", "coordinates": [ 129.691372, 33.279358 ] } },
{ "type": "Feature", "properties": { "ID": "422csa0157", "正式名称": "医療法人ハートケア　まつせ耳鼻咽喉科クリニック", "機関区分": 2, "都道府県コード": 42, "市区町村コード": 202, "所在地": "長崎県佐世保市吉井町立石２４６－５", "緯度": 33.268588, "経度": 129.685365, "url": "https://www.iryou.teikyouseido.mhlw.go.jp/znk-web/juminkanja/S2430/initialize?prefCd=42&kikanCd=csa0157&kikanKbn=2", "url2": "http://fdoc.jp/sp/clinic/detail/index/id/54036/", "内容": "医療法人ハートケア　まつせ耳鼻咽喉科クリニック【2:診療所】【診療科目:内科_耳鼻いんこう科】長崎県佐世保市吉井町立石２４６－５" }, "geometry": { "type": "Point", "coordinates": [ 129.685365, 33.268588 ] } },
{ "type": "Feature", "properties": { "ID": "422csa0158", "正式名称": "医療法人社団松添胃腸科外科総合診療クリニック", "機関区分": 2, "都道府県コード": 42, "市区町村コード": 202, "所在地": "長崎県佐世保市光月町１番２６号", "緯度": 33.171341, "経度": 129.723549, "url": "https://www.iryou.teikyouseido.mhlw.go.jp/znk-web/juminkanja/S2430/initialize?prefCd=42&kikanCd=csa0158&kikanKbn=2", "url2": null, "内容": "医療法人社団松添胃腸科外科総合診療クリニック【2:診療所】【診療科目:内科_胃腸内科_外科_放射線科】長崎県佐世保市光月町１番２６号" }, "geometry": { "type": "Point", "coordinates": [ 129.723549, 33.171341 ] } },
{ "type": "Feature", "properties": { "ID": "422csa0162", "正式名称": "医療法人　松村耳鼻咽喉科", "機関区分": 2, "都道府県コード": 42, "市区町村コード": 202, "所在地": "長崎県佐世保市八幡町３－５", "緯度": 33.180907062969702, "経度": 129.716157, "url": "https://www.iryou.teikyouseido.mhlw.go.jp/znk-web/juminkanja/S2430/initialize?prefCd=42&kikanCd=csa0162&kikanKbn=2", "url2": null, "内容": "医療法人　松村耳鼻咽喉科【2:診療所】【診療科目:耳鼻いんこう科】長崎県佐世保市八幡町３－５" }, "geometry": { "type": "Point", "coordinates": [ 129.716157, 33.180907062969702 ] } },
{ "type": "Feature", "properties": { "ID": "422csa0164", "正式名称": "松本脳神経外科医院", "機関区分": 2, "都道府県コード": 42, "市区町村コード": 202, "所在地": "長崎県佐世保市広田　１丁目１０番７号", "緯度": 33.129175, "経度": 129.800146, "url": "https://www.iryou.teikyouseido.mhlw.go.jp/znk-web/juminkanja/S2430/initialize?prefCd=42&kikanCd=csa0164&kikanKbn=2", "url2": "http://www2s.biglobe.ne.jp/takasisi", "内容": "松本脳神経外科医院【2:診療所】【診療科目:内科_脳神経外科_リハビリテーション科】長崎県佐世保市広田　１丁目１０番７号" }, "geometry": { "type": "Point", "coordinates": [ 129.800146, 33.129175 ] } },
{ "type": "Feature", "properties": { "ID": "422csa0165", "正式名称": "溝口眼科", "機関区分": 2, "都道府県コード": 42, "市区町村コード": 202, "所在地": "長崎県佐世保市俵町６−１３", "緯度": 33.187403, "経度": 129.718491, "url": "https://www.iryou.teikyouseido.mhlw.go.jp/znk-web/juminkanja/S2430/initialize?prefCd=42&kikanCd=csa0165&kikanKbn=2", "url2": "http://www.mizoguchi-eyeclinic.jp", "内容": "溝口眼科【2:診療所】【診療科目:眼科】長崎県佐世保市俵町６−１３" }, "geometry": { "type": "Point", "coordinates": [ 129.718491, 33.187403 ] } },
{ "type": "Feature", "properties": { "ID": "422csa0166", "正式名称": "医療法人社団みぞぐち循環器内科", "機関区分": 2, "都道府県コード": 42, "市区町村コード": 202, "所在地": "長崎県佐世保市戸尾町７－８", "緯度": 33.168116, "経度": 129.725316, "url": "https://www.iryou.teikyouseido.mhlw.go.jp/znk-web/juminkanja/S2430/initialize?prefCd=42&kikanCd=csa0166&kikanKbn=2", "url2": null, "内容": "医療法人社団みぞぐち循環器内科【2:診療所】【診療科目:内科_呼吸器内科_循環器内科】長崎県佐世保市戸尾町７－８" }, "geometry": { "type": "Point", "coordinates": [ 129.725316, 33.168116 ] } },
{ "type": "Feature", "properties": { "ID": "422csa0168", "正式名称": "医療法人　真医会　南医院", "機関区分": 2, "都道府県コード": 42, "市区町村コード": 202, "所在地": "長崎県佐世保市天神５丁目３２番１０号", "緯度": 33.145617, "経度": 129.738604, "url": "https://www.iryou.teikyouseido.mhlw.go.jp/znk-web/juminkanja/S2430/initialize?prefCd=42&kikanCd=csa0168&kikanKbn=2", "url2": null, "内容": "医療法人　真医会　南医院【2:診療所】【診療科目:内科_循環器内科_胃腸内科】長崎県佐世保市天神５丁目３２番１０号" }, "geometry": { "type": "Point", "coordinates": [ 129.738604, 33.145617 ] } },
{ "type": "Feature", "properties": { "ID": "422csa0169", "正式名称": "医療法人社団　三原整形外科医院", "機関区分": 2, "都道府県コード": 42, "市区町村コード": 202, "所在地": "長崎県佐世保市大和町４０７番地２", "緯度": 33.158415, "経度": 129.751306, "url": "https://www.iryou.teikyouseido.mhlw.go.jp/znk-web/juminkanja/S2430/initialize?prefCd=42&kikanCd=csa0169&kikanKbn=2", "url2": "http://www.miharaseikei.or.jp", "内容": "医療法人社団　三原整形外科医院【2:診療所】【診療科目:整形外科_リハビリテーション科】長崎県佐世保市大和町４０７番地２" }, "geometry": { "type": "Point", "coordinates": [ 129.751306, 33.158415 ] } },
{ "type": "Feature", "properties": { "ID": "422csa0171", "正式名称": "宮原医院", "機関区分": 2, "都道府県コード": 42, "市区町村コード": 202, "所在地": "長崎県佐世保市日野町", "緯度": 33.174507, "経度": 129.672437, "url": "https://www.iryou.teikyouseido.mhlw.go.jp/znk-web/juminkanja/S2430/initialize?prefCd=42&kikanCd=csa0171&kikanKbn=2", "url2": null, "内容": "宮原医院【2:診療所】【診療科目:内科_呼吸器内科_循環器内科_消化器内科】長崎県佐世保市日野町" }, "geometry": { "type": "Point", "coordinates": [ 129.672437, 33.174507 ] } },
{ "type": "Feature", "properties": { "ID": "422csa0172", "正式名称": "医療法人むかい医院", "機関区分": 2, "都道府県コード": 42, "市区町村コード": 202, "所在地": "長崎県佐世保市若葉町１－１７", "緯度": 33.159747, "経度": 129.732465, "url": "https://www.iryou.teikyouseido.mhlw.go.jp/znk-web/juminkanja/S2430/initialize?prefCd=42&kikanCd=csa0172&kikanKbn=2", "url2": null, "内容": "医療法人むかい医院【2:診療所】【診療科目:胃腸内科_肛門外科】長崎県佐世保市若葉町１－１７" }, "geometry": { "type": "Point", "coordinates": [ 129.732465, 33.159747 ] } },
{ "type": "Feature", "properties": { "ID": "422csa0174", "正式名称": "廣心会牟田内科医院", "機関区分": 2, "都道府県コード": 42, "市区町村コード": 202, "所在地": "長崎県佐世保市田原町１７番１７号", "緯度": 33.208055, "経度": 129.719558, "url": "https://www.iryou.teikyouseido.mhlw.go.jp/znk-web/juminkanja/S2430/initialize?prefCd=42&kikanCd=csa0174&kikanKbn=2", "url2": null, "内容": "廣心会牟田内科医院【2:診療所】【診療科目:内科_呼吸器内科_消化器内科】長崎県佐世保市田原町１７番１７号" }, "geometry": { "type": "Point", "coordinates": [ 129.719558, 33.208055 ] } },
{ "type": "Feature", "properties": { "ID": "422csa0175", "正式名称": "医療法人社団平世会村上医院", "機関区分": 2, "都道府県コード": 42, "市区町村コード": 202, "所在地": "長崎県佐世保市広田１丁目５番２５号", "緯度": 33.130256, "経度": 129.800556, "url": "https://www.iryou.teikyouseido.mhlw.go.jp/znk-web/juminkanja/S2430/initialize?prefCd=42&kikanCd=csa0175&kikanKbn=2", "url2": null, "内容": "医療法人社団平世会村上医院【2:診療所】【診療科目:内科_胃腸内科_外科_肛門外科_整形外科_小児外科_リハビリテーション科】長崎県佐世保市広田１丁目５番２５号" }, "geometry": { "type": "Point", "coordinates": [ 129.800556, 33.130256 ] } },
{ "type": "Feature", "properties": { "ID": "422csa0179", "正式名称": "森皮膚科", "機関区分": 2, "都道府県コード": 42, "市区町村コード": 202, "所在地": "長崎県佐世保市松浦町２番６号", "緯度": 33.174661, "経度": 129.718472, "url": "https://www.iryou.teikyouseido.mhlw.go.jp/znk-web/juminkanja/S2430/initialize?prefCd=42&kikanCd=csa0179&kikanKbn=2", "url2": "https://mori-hifuka-sasebo.com", "内容": "森皮膚科【2:診療所】【診療科目:皮膚科】長崎県佐世保市松浦町２番６号" }, "geometry": { "type": "Point", "coordinates": [ 129.718472, 33.174661 ] } },
{ "type": "Feature", "properties": { "ID": "422csa0180", "正式名称": "森本耳鼻咽喉科医院", "機関区分": 2, "都道府県コード": 42, "市区町村コード": 202, "所在地": "長崎県佐世保市宮崎町４－６", "緯度": 33.17132, "経度": 129.724943, "url": "https://www.iryou.teikyouseido.mhlw.go.jp/znk-web/juminkanja/S2430/initialize?prefCd=42&kikanCd=csa0180&kikanKbn=2", "url2": null, "内容": "森本耳鼻咽喉科医院【2:診療所】【診療科目:耳鼻いんこう科】長崎県佐世保市宮崎町４－６" }, "geometry": { "type": "Point", "coordinates": [ 129.724943, 33.17132 ] } },
{ "type": "Feature", "properties": { "ID": "422csa0181", "正式名称": "森山クリニック", "機関区分": 2, "都道府県コード": 42, "市区町村コード": 202, "所在地": "長崎県佐世保市光月町１−９", "緯度": 33.171639, "経度": 129.723082, "url": "https://www.iryou.teikyouseido.mhlw.go.jp/znk-web/juminkanja/S2430/initialize?prefCd=42&kikanCd=csa0181&kikanKbn=2", "url2": null, "内容": "森山クリニック【2:診療所】【診療科目:精神科】長崎県佐世保市光月町１−９" }, "geometry": { "type": "Point", "coordinates": [ 129.723082, 33.171639 ] } },
{ "type": "Feature", "properties": { "ID": "422csa0182", "正式名称": "森山小児科内科医院", "機関区分": 2, "都道府県コード": 42, "市区町村コード": 202, "所在地": "長崎県佐世保市早岐１丁目１３－１７", "緯度": 33.137044, "経度": 129.797785, "url": "https://www.iryou.teikyouseido.mhlw.go.jp/znk-web/juminkanja/S2430/initialize?prefCd=42&kikanCd=csa0182&kikanKbn=2", "url2": null, "内容": "森山小児科内科医院【2:診療所】【診療科目:内科_小児科】長崎県佐世保市早岐１丁目１３－１７" }, "geometry": { "type": "Point", "coordinates": [ 129.797785, 33.137044 ] } },
{ "type": "Feature", "properties": { "ID": "422csa0183", "正式名称": "医療法人　山内皮ふ科医院", "機関区分": 2, "都道府県コード": 42, "市区町村コード": 202, "所在地": "長崎県佐世保市広田３丁目１８－１４", "緯度": 33.122431, "経度": 129.802414, "url": "https://www.iryou.teikyouseido.mhlw.go.jp/znk-web/juminkanja/S2430/initialize?prefCd=42&kikanCd=csa0183&kikanKbn=2", "url2": null, "内容": "医療法人　山内皮ふ科医院【2:診療所】【診療科目:形成外科_皮膚科】長崎県佐世保市広田３丁目１８－１４" }, "geometry": { "type": "Point", "coordinates": [ 129.802414, 33.122431 ] } },
{ "type": "Feature", "properties": { "ID": "422csa0184", "正式名称": "山口医院", "機関区分": 2, "都道府県コード": 42, "市区町村コード": 202, "所在地": "長崎県佐世保市春日町２９番１４号", "緯度": 33.200144, "経度": 129.721759, "url": "https://www.iryou.teikyouseido.mhlw.go.jp/znk-web/juminkanja/S2430/initialize?prefCd=42&kikanCd=csa0184&kikanKbn=2", "url2": "https://yamaguchi-clinic.org", "内容": "山口医院【2:診療所】【診療科目:内科_消化器内科_乳腺外科_病理診断科】長崎県佐世保市春日町２９番１４号" }, "geometry": { "type": "Point", "coordinates": [ 129.721759, 33.200144 ] } },
{ "type": "Feature", "properties": { "ID": "422csa0185", "正式名称": "医療法人　山口消化器科", "機関区分": 2, "都道府県コード": 42, "市区町村コード": 202, "所在地": "長崎県佐世保市広田３丁目３８番３４号", "緯度": 33.121542, "経度": 129.8002, "url": "https://www.iryou.teikyouseido.mhlw.go.jp/znk-web/juminkanja/S2430/initialize?prefCd=42&kikanCd=csa0185&kikanKbn=2", "url2": null, "内容": "医療法人　山口消化器科【2:診療所】【診療科目:消化器内科】長崎県佐世保市広田３丁目３８番３４号" }, "geometry": { "type": "Point", "coordinates": [ 129.8002, 33.121542 ] } },
{ "type": "Feature", "properties": { "ID": "422csa0186", "正式名称": "医療法人善陽会　やまぐち整形外科・リハビリテーション科", "機関区分": 2, "都道府県コード": 42, "市区町村コード": 202, "所在地": "長崎県佐世保市白南風町１－１６エスプラザ２０３", "緯度": 33.163682, "経度": 129.727129, "url": "https://www.iryou.teikyouseido.mhlw.go.jp/znk-web/juminkanja/S2430/initialize?prefCd=42&kikanCd=csa0186&kikanKbn=2", "url2": "http://www.yamaguchiseikei-sasebo.com/", "内容": "医療法人善陽会　やまぐち整形外科・リハビリテーション科【2:診療所】【診療科目:整形外科_リハビリテーション科】長崎県佐世保市白南風町１－１６エスプラザ２０３" }, "geometry": { "type": "Point", "coordinates": [ 129.727129, 33.163682 ] } },
{ "type": "Feature", "properties": { "ID": "422csa0188", "正式名称": "医療法人　育士会　やまさきこどもクリニック", "機関区分": 2, "都道府県コード": 42, "市区町村コード": 202, "所在地": "長崎県佐世保市吉岡町", "緯度": 33.210746, "経度": 129.704719, "url": "https://www.iryou.teikyouseido.mhlw.go.jp/znk-web/juminkanja/S2430/initialize?prefCd=42&kikanCd=csa0188&kikanKbn=2", "url2": "http://www.yamasakikodomoclinic.com", "内容": "医療法人　育士会　やまさきこどもクリニック【2:診療所】【診療科目:小児科】長崎県佐世保市吉岡町" }, "geometry": { "type": "Point", "coordinates": [ 129.704719, 33.210746 ] } },
{ "type": "Feature", "properties": { "ID": "422csa0189", "正式名称": "やまさき耳鼻咽喉科クリニック", "機関区分": 2, "都道府県コード": 42, "市区町村コード": 202, "所在地": "長崎県佐世保市広田３丁目１５ー１５", "緯度": 33.12231, "経度": 129.803953, "url": "https://www.iryou.teikyouseido.mhlw.go.jp/znk-web/juminkanja/S2430/initialize?prefCd=42&kikanCd=csa0189&kikanKbn=2", "url2": null, "内容": "やまさき耳鼻咽喉科クリニック【2:診療所】【診療科目:耳鼻いんこう科_アレルギー科】長崎県佐世保市広田３丁目１５ー１５" }, "geometry": { "type": "Point", "coordinates": [ 129.803953, 33.12231 ] } },
{ "type": "Feature", "properties": { "ID": "422csa0190", "正式名称": "山下医院", "機関区分": 2, "都道府県コード": 42, "市区町村コード": 202, "所在地": "長崎県佐世保市大岳台町２１番１３号", "緯度": 33.148715, "経度": 129.763374, "url": "https://www.iryou.teikyouseido.mhlw.go.jp/znk-web/juminkanja/S2430/initialize?prefCd=42&kikanCd=csa0190&kikanKbn=2", "url2": null, "内容": "山下医院【2:診療所】【診療科目:内科_血液内科_糖尿病内科】長崎県佐世保市大岳台町２１番１３号" }, "geometry": { "type": "Point", "coordinates": [ 129.763374, 33.148715 ] } },
{ "type": "Feature", "properties": { "ID": "422csa0191", "正式名称": "山下医院", "機関区分": 2, "都道府県コード": 42, "市区町村コード": 202, "所在地": "長崎県佐世保市川下町", "緯度": 33.191905, "経度": 129.670237, "url": "https://www.iryou.teikyouseido.mhlw.go.jp/znk-web/juminkanja/S2430/initialize?prefCd=42&kikanCd=csa0191&kikanKbn=2", "url2": null, "内容": "山下医院【2:診療所】【診療科目:皮膚科】長崎県佐世保市川下町" }, "geometry": { "type": "Point", "coordinates": [ 129.670237, 33.191905 ] } },
{ "type": "Feature", "properties": { "ID": "422csa0192", "正式名称": "山下レディースクリニック", "機関区分": 2, "都道府県コード": 42, "市区町村コード": 202, "所在地": "長崎県佐世保市島瀬町４番１９号　バードハウジングビル３階", "緯度": 33.173155, "経度": 129.721045, "url": "https://www.iryou.teikyouseido.mhlw.go.jp/znk-web/juminkanja/S2430/initialize?prefCd=42&kikanCd=csa0192&kikanKbn=2", "url2": null, "内容": "山下レディースクリニック【2:診療所】【診療科目:産科_婦人科】長崎県佐世保市島瀬町４番１９号　バードハウジングビル３階" }, "geometry": { "type": "Point", "coordinates": [ 129.721045, 33.173155 ] } },
{ "type": "Feature", "properties": { "ID": "422csa0193", "正式名称": "山祇診療所", "機関区分": 2, "都道府県コード": 42, "市区町村コード": 202, "所在地": "長崎県佐世保市山祇町１９ー３６", "緯度": 33.167202, "経度": 129.734156, "url": "https://www.iryou.teikyouseido.mhlw.go.jp/znk-web/juminkanja/S2430/initialize?prefCd=42&kikanCd=csa0193&kikanKbn=2", "url2": null, "内容": "山祇診療所【2:診療所】【診療科目:内科_糖尿病内科_小児科】長崎県佐世保市山祇町１９ー３６" }, "geometry": { "type": "Point", "coordinates": [ 129.734156, 33.167202 ] } },
{ "type": "Feature", "properties": { "ID": "422csa0194", "正式名称": "山村みなこスキンクリニック", "機関区分": 2, "都道府県コード": 42, "市区町村コード": 202, "所在地": "長崎県佐世保市常盤町４ー７Ｔビル４Ｆ", "緯度": 33.182369, "経度": 129.715793, "url": "https://www.iryou.teikyouseido.mhlw.go.jp/znk-web/juminkanja/S2430/initialize?prefCd=42&kikanCd=csa0194&kikanKbn=2", "url2": "www.yamamura-iin.com", "内容": "山村みなこスキンクリニック【2:診療所】【診療科目:形成外科_美容外科_皮膚科_美容皮膚科_泌尿器科】長崎県佐世保市常盤町４ー７Ｔビル４Ｆ" }, "geometry": { "type": "Point", "coordinates": [ 129.715793, 33.182369 ] } },
{ "type": "Feature", "properties": { "ID": "422csa0196", "正式名称": "横山内科医院", "機関区分": 2, "都道府県コード": 42, "市区町村コード": 202, "所在地": "長崎県佐世保市陣の内町３７６ー１", "緯度": 33.140265, "経度": 129.795665, "url": "https://www.iryou.teikyouseido.mhlw.go.jp/znk-web/juminkanja/S2430/initialize?prefCd=42&kikanCd=csa0196&kikanKbn=2", "url2": null, "内容": "横山内科医院【2:診療所】【診療科目:内科】長崎県佐世保市陣の内町３７６ー１" }, "geometry": { "type": "Point", "coordinates": [ 129.795665, 33.140265 ] } },
{ "type": "Feature", "properties": { "ID": "422csa0197", "正式名称": "吉居クリニック", "機関区分": 2, "都道府県コード": 42, "市区町村コード": 202, "所在地": "長崎県佐世保市瀬戸越町４３３番地８", "緯度": 33.205555, "経度": 129.720965, "url": "https://www.iryou.teikyouseido.mhlw.go.jp/znk-web/juminkanja/S2430/initialize?prefCd=42&kikanCd=csa0197&kikanKbn=2", "url2": null, "内容": "吉居クリニック【2:診療所】【診療科目:整形外科_形成外科_美容外科_皮膚科】長崎県佐世保市瀬戸越町４３３番地８" }, "geometry": { "type": "Point", "coordinates": [ 129.720965, 33.205555 ] } },
{ "type": "Feature", "properties": { "ID": "422csa0200", "正式名称": "吉村皮膚科医院", "機関区分": 2, "都道府県コード": 42, "市区町村コード": 202, "所在地": "長崎県佐世保市大宮町７－１", "緯度": 33.157768, "経度": 129.737914, "url": "https://www.iryou.teikyouseido.mhlw.go.jp/znk-web/juminkanja/S2430/initialize?prefCd=42&kikanCd=csa0200&kikanKbn=2", "url2": null, "内容": "吉村皮膚科医院【2:診療所】【診療科目:皮膚科】長崎県佐世保市大宮町７－１" }, "geometry": { "type": "Point", "coordinates": [ 129.737914, 33.157768 ] } },
{ "type": "Feature", "properties": { "ID": "422csa0201", "正式名称": "吉本内科医院", "機関区分": 2, "都道府県コード": 42, "市区町村コード": 202, "所在地": "長崎県佐世保市春日町３０－３９", "緯度": 33.198688, "経度": 129.721874, "url": "https://www.iryou.teikyouseido.mhlw.go.jp/znk-web/juminkanja/S2430/initialize?prefCd=42&kikanCd=csa0201&kikanKbn=2", "url2": null, "内容": "吉本内科医院【2:診療所】【診療科目:内科_呼吸器内科_循環器内科_消化器内科_胃腸内科】長崎県佐世保市春日町３０－３９" }, "geometry": { "type": "Point", "coordinates": [ 129.721874, 33.198688 ] } },
{ "type": "Feature", "properties": { "ID": "422csa0215", "正式名称": "長崎県赤十字血液センター西海出張所", "機関区分": 2, "都道府県コード": 42, "市区町村コード": 202, "所在地": "長崎県佐世保市上京町６番１６　オレンジアベニュービル５階", "緯度": 33.169852, "経度": 129.72191, "url": "https://www.iryou.teikyouseido.mhlw.go.jp/znk-web/juminkanja/S2430/initialize?prefCd=42&kikanCd=csa0215&kikanKbn=2", "url2": "http:///www.bs.jrc.or.jp/bc9/nagasaki/", "内容": "長崎県赤十字血液センター西海出張所【2:診療所】【診療科目:内科】長崎県佐世保市上京町６番１６　オレンジアベニュービル５階" }, "geometry": { "type": "Point", "coordinates": [ 129.72191, 33.169852 ] } },
{ "type": "Feature", "properties": { "ID": "422csa0218", "正式名称": "にじいろ診療所", "機関区分": 2, "都道府県コード": 42, "市区町村コード": 202, "所在地": "長崎県佐世保市大潟町５０番地１", "緯度": 33.185587, "経度": 129.662365, "url": "https://www.iryou.teikyouseido.mhlw.go.jp/znk-web/juminkanja/S2430/initialize?prefCd=42&kikanCd=csa0218&kikanKbn=2", "url2": "http://niji-iro.or.jp/", "内容": "にじいろ診療所【2:診療所】【診療科目:内科_肛門外科_整形外科_泌尿器科_精神科_リハビリテーション科】長崎県佐世保市大潟町５０番地１" }, "geometry": { "type": "Point", "coordinates": [ 129.662365, 33.185587 ] } },
{ "type": "Feature", "properties": { "ID": "422csa0231", "正式名称": "花ぞ野　診療所", "機関区分": 2, "都道府県コード": 42, "市区町村コード": 202, "所在地": "長崎県佐世保市折橋町５４番地３４", "緯度": 33.184821, "経度": 129.724207, "url": "https://www.iryou.teikyouseido.mhlw.go.jp/znk-web/juminkanja/S2430/initialize?prefCd=42&kikanCd=csa0231&kikanKbn=2", "url2": null, "内容": "花ぞ野　診療所【2:診療所】【診療科目:内科_整形外科】長崎県佐世保市折橋町５４番地３４" }, "geometry": { "type": "Point", "coordinates": [ 129.724207, 33.184821 ] } },
{ "type": "Feature", "properties": { "ID": "422csa0239", "正式名称": "かなでクリニック", "機関区分": 2, "都道府県コード": 42, "市区町村コード": 202, "所在地": "長崎県佐世保市下京町７番１８号", "緯度": 33.169114, "経度": 129.72272, "url": "https://www.iryou.teikyouseido.mhlw.go.jp/znk-web/juminkanja/S2430/initialize?prefCd=42&kikanCd=csa0239&kikanKbn=2", "url2": "http://www.kanade-c.jp/", "内容": "かなでクリニック【2:診療所】【診療科目:精神科_心療内科】長崎県佐世保市下京町７番１８号" }, "geometry": { "type": "Point", "coordinates": [ 129.72272, 33.169114 ] } },
{ "type": "Feature", "properties": { "ID": "422csa0240", "正式名称": "横尾内科医院", "機関区分": 2, "都道府県コード": 42, "市区町村コード": 202, "所在地": "長崎県佐世保市日宇町２５６４", "緯度": 33.160841, "経度": 129.767438, "url": "https://www.iryou.teikyouseido.mhlw.go.jp/znk-web/juminkanja/S2430/initialize?prefCd=42&kikanCd=csa0240&kikanKbn=2", "url2": null, "内容": "横尾内科医院【2:診療所】【診療科目:内科_呼吸器内科_消化器内科_小児科】長崎県佐世保市日宇町２５６４" }, "geometry": { "type": "Point", "coordinates": [ 129.767438, 33.160841 ] } },
{ "type": "Feature", "properties": { "ID": "422csa0241", "正式名称": "かしわぎ心療内科クリニック", "機関区分": 2, "都道府県コード": 42, "市区町村コード": 202, "所在地": "長崎県佐世保市八幡町四の三八幡ビル二階", "緯度": 33.17976, "経度": 129.716175, "url": "https://www.iryou.teikyouseido.mhlw.go.jp/znk-web/juminkanja/S2430/initialize?prefCd=42&kikanCd=csa0241&kikanKbn=2", "url2": null, "内容": "かしわぎ心療内科クリニック【2:診療所】【診療科目:精神科_心療内科】長崎県佐世保市八幡町四の三八幡ビル二階" }, "geometry": { "type": "Point", "coordinates": [ 129.716175, 33.17976 ] } },
{ "type": "Feature", "properties": { "ID": "422csa0242", "正式名称": "野口内科", "機関区分": 2, "都道府県コード": 42, "市区町村コード": 202, "所在地": "長崎県佐世保市湊町２－８石井ビル４階", "緯度": 33.171547, "経度": 129.718853, "url": "https://www.iryou.teikyouseido.mhlw.go.jp/znk-web/juminkanja/S2430/initialize?prefCd=42&kikanCd=csa0242&kikanKbn=2", "url2": "https://noguchi-naika.jp", "内容": "野口内科【2:診療所】【診療科目:内科_消化器内科_肝臓内科】長崎県佐世保市湊町２－８石井ビル４階" }, "geometry": { "type": "Point", "coordinates": [ 129.718853, 33.171547 ] } },
{ "type": "Feature", "properties": { "ID": "422csa0243", "正式名称": "くろき医院", "機関区分": 2, "都道府県コード": 42, "市区町村コード": 202, "所在地": "長崎県佐世保市浜田町２－１０", "緯度": 33.175405, "経度": 129.716708, "url": "https://www.iryou.teikyouseido.mhlw.go.jp/znk-web/juminkanja/S2430/initialize?prefCd=42&kikanCd=csa0243&kikanKbn=2", "url2": "https://kuroki-clinic.jp/", "内容": "くろき医院【2:診療所】【診療科目:消化器内科_肛門外科】長崎県佐世保市浜田町２－１０" }, "geometry": { "type": "Point", "coordinates": [ 129.716708, 33.175405 ] } },
{ "type": "Feature", "properties": { "ID": "422csa0244", "正式名称": "アイメディクリニック", "機関区分": 2, "都道府県コード": 42, "市区町村コード": 202, "所在地": "長崎県佐世保市上京町", "緯度": 33.169867, "経度": 129.722468, "url": "https://www.iryou.teikyouseido.mhlw.go.jp/znk-web/juminkanja/S2430/initialize?prefCd=42&kikanCd=csa0244&kikanKbn=2", "url2": "http://i-mediclinic.com", "内容": "アイメディクリニック【2:診療所】【診療科目:美容皮膚科】長崎県佐世保市上京町" }, "geometry": { "type": "Point", "coordinates": [ 129.722468, 33.169867 ] } },
{ "type": "Feature", "properties": { "ID": "422csa0245", "正式名称": "医療法人信和会　まつみ内科クリニック", "機関区分": 2, "都道府県コード": 42, "市区町村コード": 202, "所在地": "長崎県佐世保市天満町２－３", "緯度": 33.17727, "経度": 129.715671, "url": "https://www.iryou.teikyouseido.mhlw.go.jp/znk-web/juminkanja/S2430/initialize?prefCd=42&kikanCd=csa0245&kikanKbn=2", "url2": "http://www.myclinic.ne.jp/matsumi_cli/", "内容": "医療法人信和会　まつみ内科クリニック【2:診療所】【診療科目:内科_糖尿病内科_消化器内科】長崎県佐世保市天満町２－３" }, "geometry": { "type": "Point", "coordinates": [ 129.715671, 33.17727 ] } },
{ "type": "Feature", "properties": { "ID": "422csa0246", "正式名称": "村上きんしろう循環器内科", "機関区分": 2, "都道府県コード": 42, "市区町村コード": 202, "所在地": "長崎県佐世保市松浦町２－２１－３階", "緯度": 33.175442, "経度": 129.718193, "url": "https://www.iryou.teikyouseido.mhlw.go.jp/znk-web/juminkanja/S2430/initialize?prefCd=42&kikanCd=csa0246&kikanKbn=2", "url2": "http://www.kin-heart.com", "内容": "村上きんしろう循環器内科【2:診療所】【診療科目:内科_循環器内科】長崎県佐世保市松浦町２－２１－３階" }, "geometry": { "type": "Point", "coordinates": [ 129.718193, 33.175442 ] } },
{ "type": "Feature", "properties": { "ID": "422csa0248", "正式名称": "えぐち内科ステーションクリニック", "機関区分": 2, "都道府県コード": 42, "市区町村コード": 202, "所在地": "長崎県佐世保市白南風町", "緯度": 33.163532, "経度": 129.726982, "url": "https://www.iryou.teikyouseido.mhlw.go.jp/znk-web/juminkanja/S2430/initialize?prefCd=42&kikanCd=csa0248&kikanKbn=2", "url2": "http://eguchinaika.com", "内容": "えぐち内科ステーションクリニック【2:診療所】【診療科目:内科_糖尿病内科_脂質代謝内科_循環器内科】長崎県佐世保市白南風町" }, "geometry": { "type": "Point", "coordinates": [ 129.726982, 33.163532 ] } },
{ "type": "Feature", "properties": { "ID": "422csa0249", "正式名称": "むらはし循環器科内科", "機関区分": 2, "都道府県コード": 42, "市区町村コード": 202, "所在地": "長崎県佐世保市広田３丁目２４番７号", "緯度": 33.121743, "経度": 129.801164, "url": "https://www.iryou.teikyouseido.mhlw.go.jp/znk-web/juminkanja/S2430/initialize?prefCd=42&kikanCd=csa0249&kikanKbn=2", "url2": "http://www.murajyun.com/", "内容": "むらはし循環器科内科【2:診療所】【診療科目:内科_呼吸器内科_循環器内科】長崎県佐世保市広田３丁目２４番７号" }, "geometry": { "type": "Point", "coordinates": [ 129.801164, 33.121743 ] } },
{ "type": "Feature", "properties": { "ID": "422csa0250", "正式名称": "佐世保市立急病診療所", "機関区分": 2, "都道府県コード": 42, "市区町村コード": 202, "所在地": "長崎県佐世保市高砂町　５番１号", "緯度": 33.178584, "経度": 129.715229, "url": "https://www.iryou.teikyouseido.mhlw.go.jp/znk-web/juminkanja/S2430/initialize?prefCd=42&kikanCd=csa0250&kikanKbn=2", "url2": "http://www.city.sasebo.nagasaki.jp", "内容": "佐世保市立急病診療所【2:診療所】【診療科目:内科_外科_小児科】長崎県佐世保市高砂町　５番１号" }, "geometry": { "type": "Point", "coordinates": [ 129.715229, 33.178584 ] } },
{ "type": "Feature", "properties": { "ID": "422csa0252", "正式名称": "しかまち心療内科", "機関区分": 2, "都道府県コード": 42, "市区町村コード": 202, "所在地": "長崎県佐世保市鹿町町上歌ヶ浦４４６－１", "緯度": 33.262548, "経度": 129.594312, "url": "https://www.iryou.teikyouseido.mhlw.go.jp/znk-web/juminkanja/S2430/initialize?prefCd=42&kikanCd=csa0252&kikanKbn=2", "url2": "http://kaouuenno.wix.com/sikasin", "内容": "しかまち心療内科【2:診療所】【診療科目:児童精神科_精神科_心療内科_老年精神科】長崎県佐世保市鹿町町上歌ヶ浦４４６－１" }, "geometry": { "type": "Point", "coordinates": [ 129.594312, 33.262548 ] } },
{ "type": "Feature", "properties": { "ID": "422csa0254", "正式名称": "たいら内科", "機関区分": 2, "都道府県コード": 42, "市区町村コード": 202, "所在地": "長崎県佐世保市江迎町三浦免三浦５１－１", "緯度": 33.301834, "経度": 129.633104, "url": "https://www.iryou.teikyouseido.mhlw.go.jp/znk-web/juminkanja/S2430/initialize?prefCd=42&kikanCd=csa0254&kikanKbn=2", "url2": null, "内容": "たいら内科【2:診療所】【診療科目:内科_呼吸器内科_循環器内科_消化器内科】長崎県佐世保市江迎町三浦免三浦５１－１" }, "geometry": { "type": "Point", "coordinates": [ 129.633104, 33.301834 ] } },
{ "type": "Feature", "properties": { "ID": "422csa0259", "正式名称": "医療法人　かえで　溝口内科・呼吸器内科", "機関区分": 2, "都道府県コード": 42, "市区町村コード": 202, "所在地": "長崎県佐世保市木風町１４５１－２", "緯度": 33.164298, "経度": 129.744258, "url": "https://www.iryou.teikyouseido.mhlw.go.jp/znk-web/juminkanja/S2430/initialize?prefCd=42&kikanCd=csa0259&kikanKbn=2", "url2": "http://mizoguchinaika.com", "内容": "医療法人　かえで　溝口内科・呼吸器内科【2:診療所】【診療科目:内科_呼吸器内科_循環器内科】長崎県佐世保市木風町１４５１－２" }, "geometry": { "type": "Point", "coordinates": [ 129.744258, 33.164298 ] } },
{ "type": "Feature", "properties": { "ID": "422csa0260", "正式名称": "たなか整形外科クリニック", "機関区分": 2, "都道府県コード": 42, "市区町村コード": 202, "所在地": "長崎県佐世保市天神２丁目１５－３３", "緯度": 33.148623, "経度": 129.740143, "url": "https://www.iryou.teikyouseido.mhlw.go.jp/znk-web/juminkanja/S2430/initialize?prefCd=42&kikanCd=csa0260&kikanKbn=2", "url2": "http://tanaka-seikei.net/", "内容": "たなか整形外科クリニック【2:診療所】【診療科目:整形外科_リウマチ科_リハビリテーション科】長崎県佐世保市天神２丁目１５－３３" }, "geometry": { "type": "Point", "coordinates": [ 129.740143, 33.148623 ] } },
{ "type": "Feature", "properties": { "ID": "422csa0261", "正式名称": "医療法人山口てつ整形外科クリニック", "機関区分": 2, "都道府県コード": 42, "市区町村コード": 202, "所在地": "長崎県佐世保市矢峰町９０－２５", "緯度": 33.211339, "経度": 129.745231, "url": "https://www.iryou.teikyouseido.mhlw.go.jp/znk-web/juminkanja/S2430/initialize?prefCd=42&kikanCd=csa0261&kikanKbn=2", "url2": "https://yamaguchi-tetsu.or.jp", "内容": "医療法人山口てつ整形外科クリニック【2:診療所】【診療科目:整形外科_リハビリテーション科】長崎県佐世保市矢峰町９０－２５" }, "geometry": { "type": "Point", "coordinates": [ 129.745231, 33.211339 ] } },
{ "type": "Feature", "properties": { "ID": "422csa0262", "正式名称": "樋口眼科", "機関区分": 2, "都道府県コード": 42, "市区町村コード": 202, "所在地": "長崎県佐世保市日宇町６７７番地１", "緯度": 33.157982, "経度": 129.758353, "url": "https://www.iryou.teikyouseido.mhlw.go.jp/znk-web/juminkanja/S2430/initialize?prefCd=42&kikanCd=csa0262&kikanKbn=2", "url2": "https://higuchi-ganka.com/", "内容": "樋口眼科【2:診療所】【診療科目:眼科】長崎県佐世保市日宇町６７７番地１" }, "geometry": { "type": "Point", "coordinates": [ 129.758353, 33.157982 ] } },
{ "type": "Feature", "properties": { "ID": "422csa0263", "正式名称": "宇野眼科医院", "機関区分": 2, "都道府県コード": 42, "市区町村コード": 202, "所在地": "長崎県佐世保市白南風町１－１３ＪＲ九州佐世保ビル１Ｆ", "緯度": 33.163532, "経度": 129.726982, "url": "https://www.iryou.teikyouseido.mhlw.go.jp/znk-web/juminkanja/S2430/initialize?prefCd=42&kikanCd=csa0263&kikanKbn=2", "url2": "http://uno-ganka.com/", "内容": "宇野眼科医院【2:診療所】【診療科目:眼科】長崎県佐世保市白南風町１－１３ＪＲ九州佐世保ビル１Ｆ" }, "geometry": { "type": "Point", "coordinates": [ 129.726982, 33.163532 ] } },
{ "type": "Feature", "properties": { "ID": "422csa0267", "正式名称": "医療法人　博信会　たなかこどもクリニック", "機関区分": 2, "都道府県コード": 42, "市区町村コード": 202, "所在地": "長崎県佐世保市高天町５－１", "緯度": 33.172238, "経度": 129.725892, "url": "https://www.iryou.teikyouseido.mhlw.go.jp/znk-web/juminkanja/S2430/initialize?prefCd=42&kikanCd=csa0267&kikanKbn=2", "url2": "https://www.tanaka-kodomo.com", "内容": "医療法人　博信会　たなかこどもクリニック【2:診療所】【診療科目:小児科】長崎県佐世保市高天町５－１" }, "geometry": { "type": "Point", "coordinates": [ 129.725892, 33.172238 ] } },
{ "type": "Feature", "properties": { "ID": "422csa0270", "正式名称": "まつむらクリニック", "機関区分": 2, "都道府県コード": 42, "市区町村コード": 202, "所在地": "長崎県佐世保市もみじが丘町４０－３９", "緯度": 33.160199, "経度": 129.779379, "url": "https://www.iryou.teikyouseido.mhlw.go.jp/znk-web/juminkanja/S2430/initialize?prefCd=42&kikanCd=csa0270&kikanKbn=2", "url2": "http://matsumura-clinic.net", "内容": "まつむらクリニック【2:診療所】【診療科目:内科_消化器内科_内視鏡内科】長崎県佐世保市もみじが丘町４０－３９" }, "geometry": { "type": "Point", "coordinates": [ 129.779379, 33.160199 ] } },
{ "type": "Feature", "properties": { "ID": "422csa0271", "正式名称": "武井内科クリニック", "機関区分": 2, "都道府県コード": 42, "市区町村コード": 202, "所在地": "長崎県佐世保市下京町９－１９", "緯度": 33.169066, "経度": 129.723537, "url": "https://www.iryou.teikyouseido.mhlw.go.jp/znk-web/juminkanja/S2430/initialize?prefCd=42&kikanCd=csa0271&kikanKbn=2", "url2": "http://takeinaikacl.jp/", "内容": "武井内科クリニック【2:診療所】【診療科目:内科_糖尿病内科_内分泌内科】長崎県佐世保市下京町９－１９" }, "geometry": { "type": "Point", "coordinates": [ 129.723537, 33.169066 ] } },
{ "type": "Feature", "properties": { "ID": "422csa0274", "正式名称": "医療法人祥仁会　西諫早病院サテライトクリニックＰＥＴ／ＣＴ佐世保", "機関区分": 2, "都道府県コード": 42, "市区町村コード": 202, "所在地": "長崎県佐世保市浜田町２－７", "緯度": 33.17525, "経度": 129.716799, "url": "https://www.iryou.teikyouseido.mhlw.go.jp/znk-web/juminkanja/S2430/initialize?prefCd=42&kikanCd=csa0274&kikanKbn=2", "url2": "http://www.syoujinkai.com", "内容": "医療法人祥仁会　西諫早病院サテライトクリニックＰＥＴ／ＣＴ佐世保【2:診療所】【診療科目:放射線科】長崎県佐世保市浜田町２－７" }, "geometry": { "type": "Point", "coordinates": [ 129.716799, 33.17525 ] } },
{ "type": "Feature", "properties": { "ID": "422csa0277", "正式名称": "医療法人　はた心のクリニック", "機関区分": 2, "都道府県コード": 42, "市区町村コード": 202, "所在地": "長崎県佐世保市京坪町８番４号ソフィアビル２階", "緯度": 33.171207, "経度": 129.724582, "url": "https://www.iryou.teikyouseido.mhlw.go.jp/znk-web/juminkanja/S2430/initialize?prefCd=42&kikanCd=csa0277&kikanKbn=2", "url2": "http://hata-cocoro.com/", "内容": "医療法人　はた心のクリニック【2:診療所】【診療科目:精神科_心療内科】長崎県佐世保市京坪町８番４号ソフィアビル２階" }, "geometry": { "type": "Point", "coordinates": [ 129.724582, 33.171207 ] } },
{ "type": "Feature", "properties": { "ID": "422csa0278", "正式名称": "谷口眼科", "機関区分": 2, "都道府県コード": 42, "市区町村コード": 202, "所在地": "長崎県佐世保市広田１丁目６－１９", "緯度": 33.129686, "経度": 129.80058, "url": "https://www.iryou.teikyouseido.mhlw.go.jp/znk-web/juminkanja/S2430/initialize?prefCd=42&kikanCd=csa0278&kikanKbn=2", "url2": "http://www.taniguchi-eyeclinic.com", "内容": "谷口眼科【2:診療所】【診療科目:眼科】長崎県佐世保市広田１丁目６－１９" }, "geometry": { "type": "Point", "coordinates": [ 129.80058, 33.129686 ] } },
{ "type": "Feature", "properties": { "ID": "422csa0280", "正式名称": "まきの整形外科医院", "機関区分": 2, "都道府県コード": 42, "市区町村コード": 202, "所在地": "長崎県佐世保市栄町５－９サンクル２番館２階", "緯度": 33.173892, "経度": 129.719155, "url": "https://www.iryou.teikyouseido.mhlw.go.jp/znk-web/juminkanja/S2430/initialize?prefCd=42&kikanCd=csa0280&kikanKbn=2", "url2": null, "内容": "まきの整形外科医院【2:診療所】【診療科目:整形外科_リウマチ科_リハビリテーション科】長崎県佐世保市栄町５－９サンクル２番館２階" }, "geometry": { "type": "Point", "coordinates": [ 129.719155, 33.173892 ] } },
{ "type": "Feature", "properties": { "ID": "422csa0282", "正式名称": "臼ノ浦ＣＴ診療所", "機関区分": 2, "都道府県コード": 42, "市区町村コード": 202, "所在地": "長崎県佐世保市小佐々町臼ノ浦２５５－１１", "緯度": 33.206576, "経度": 129.611883, "url": "https://www.iryou.teikyouseido.mhlw.go.jp/znk-web/juminkanja/S2430/initialize?prefCd=42&kikanCd=csa0282&kikanKbn=2", "url2": "http://ct-usunoura.jp", "内容": "臼ノ浦ＣＴ診療所【2:診療所】【診療科目:内科_腫瘍放射線科】長崎県佐世保市小佐々町臼ノ浦２５５－１１" }, "geometry": { "type": "Point", "coordinates": [ 129.611883, 33.206576 ] } },
{ "type": "Feature", "properties": { "ID": "422csa0283", "正式名称": "医療法人愛和会　村上内科", "機関区分": 2, "都道府県コード": 42, "市区町村コード": 202, "所在地": "長崎県佐世保市城山町３番２１号", "緯度": 33.183461, "経度": 129.717215, "url": "https://www.iryou.teikyouseido.mhlw.go.jp/znk-web/juminkanja/S2430/initialize?prefCd=42&kikanCd=csa0283&kikanKbn=2", "url2": "http://www.aiwakai.com", "内容": "医療法人愛和会　村上内科【2:診療所】【診療科目:内科_呼吸器内科_消化器内科】長崎県佐世保市城山町３番２１号" }, "geometry": { "type": "Point", "coordinates": [ 129.717215, 33.183461 ] } },
{ "type": "Feature", "properties": { "ID": "422csa0284", "正式名称": "たかさきクリニック耳鼻いんこう科・アレルギー科", "機関区分": 2, "都道府県コード": 42, "市区町村コード": 202, "所在地": "長崎県佐世保市田原町", "緯度": 33.207873, "経度": 129.720362, "url": "https://www.iryou.teikyouseido.mhlw.go.jp/znk-web/juminkanja/S2430/initialize?prefCd=42&kikanCd=csa0284&kikanKbn=2", "url2": "http://takasaki-clinic.org/cp-bin/wordpress5/", "内容": "たかさきクリニック耳鼻いんこう科・アレルギー科【2:診療所】【診療科目:耳鼻いんこう科_アレルギー科】長崎県佐世保市田原町" }, "geometry": { "type": "Point", "coordinates": [ 129.720362, 33.207873 ] } },
{ "type": "Feature", "properties": { "ID": "422csa0285", "正式名称": "シティ眼科", "機関区分": 2, "都道府県コード": 42, "市区町村コード": 202, "所在地": "長崎県佐世保市上京町", "緯度": 33.169867, "経度": 129.722468, "url": "https://www.iryou.teikyouseido.mhlw.go.jp/znk-web/juminkanja/S2430/initialize?prefCd=42&kikanCd=csa0285&kikanKbn=2", "url2": null, "内容": "シティ眼科【2:診療所】【診療科目:眼科】長崎県佐世保市上京町" }, "geometry": { "type": "Point", "coordinates": [ 129.722468, 33.169867 ] } },
{ "type": "Feature", "properties": { "ID": "422csa0286", "正式名称": "長崎県赤十字血液センター佐世保出張所", "機関区分": 2, "都道府県コード": 42, "市区町村コード": 202, "所在地": "長崎県佐世保市大塔町８番６６", "緯度": 33.143707, "経度": 129.781613, "url": "https://www.iryou.teikyouseido.mhlw.go.jp/znk-web/juminkanja/S2430/initialize?prefCd=42&kikanCd=csa0286&kikanKbn=2", "url2": "http://www.bs.jrc.or.jp/bc9/nagasaki/", "内容": "長崎県赤十字血液センター佐世保出張所【2:診療所】【診療科目:内科】長崎県佐世保市大塔町８番６６" }, "geometry": { "type": "Point", "coordinates": [ 129.781613, 33.143707 ] } },
{ "type": "Feature", "properties": { "ID": "422csa0289", "正式名称": "医療法人　ＴＯＧ　つきやま産婦人科", "機関区分": 2, "都道府県コード": 42, "市区町村コード": 202, "所在地": "長崎県佐世保市光月町１－２３", "緯度": 33.171621, "経度": 129.723324, "url": "https://www.iryou.teikyouseido.mhlw.go.jp/znk-web/juminkanja/S2430/initialize?prefCd=42&kikanCd=csa0289&kikanKbn=2", "url2": "http://tsukiyama-obgyn.com/", "内容": "医療法人　ＴＯＧ　つきやま産婦人科【2:診療所】【診療科目:産婦人科】長崎県佐世保市光月町１－２３" }, "geometry": { "type": "Point", "coordinates": [ 129.723324, 33.171621 ] } },
{ "type": "Feature", "properties": { "ID": "422csa0290", "正式名称": "医療法人　恒明会　ほかお眼科", "機関区分": 2, "都道府県コード": 42, "市区町村コード": 202, "所在地": "長崎県佐世保市松川町", "緯度": 33.171377, "経度": 129.726103, "url": "https://www.iryou.teikyouseido.mhlw.go.jp/znk-web/juminkanja/S2430/initialize?prefCd=42&kikanCd=csa0290&kikanKbn=2", "url2": "https://www.hokao-ganka.com/", "内容": "医療法人　恒明会　ほかお眼科【2:診療所】【診療科目:眼科】長崎県佐世保市松川町" }, "geometry": { "type": "Point", "coordinates": [ 129.726103, 33.171377 ] } },
{ "type": "Feature", "properties": { "ID": "422csa0291", "正式名称": "とも眼科クリニック", "機関区分": 2, "都道府県コード": 42, "市区町村コード": 202, "所在地": "長崎県佐世保市大塔町１４－２イオン大塔ショッピングセンター２階", "緯度": 33.148545, "経度": 129.779987, "url": "https://www.iryou.teikyouseido.mhlw.go.jp/znk-web/juminkanja/S2430/initialize?prefCd=42&kikanCd=csa0291&kikanKbn=2", "url2": "http://www.sasebo-tomoeyeclinic.com/", "内容": "とも眼科クリニック【2:診療所】【診療科目:眼科】長崎県佐世保市大塔町１４－２イオン大塔ショッピングセンター２階" }, "geometry": { "type": "Point", "coordinates": [ 129.779987, 33.148545 ] } },
{ "type": "Feature", "properties": { "ID": "422csa0292", "正式名称": "まさこクリニック", "機関区分": 2, "都道府県コード": 42, "市区町村コード": 202, "所在地": "長崎県佐世保市常盤町７－１３　パークサイドパル２０２", "緯度": 33.174221, "経度": 129.718346, "url": "https://www.iryou.teikyouseido.mhlw.go.jp/znk-web/juminkanja/S2430/initialize?prefCd=42&kikanCd=csa0292&kikanKbn=2", "url2": "https://www.masako-clinic.com/", "内容": "まさこクリニック【2:診療所】【診療科目:内科_糖尿病内科_内分泌内科】長崎県佐世保市常盤町７－１３　パークサイドパル２０２" }, "geometry": { "type": "Point", "coordinates": [ 129.718346, 33.174221 ] } },
{ "type": "Feature", "properties": { "ID": "422csa0293", "正式名称": "医療法人　原心会　原眼科医院", "機関区分": 2, "都道府県コード": 42, "市区町村コード": 202, "所在地": "長崎県佐世保市栄町６番１８号", "緯度": 33.173499, "経度": 129.719928, "url": "https://www.iryou.teikyouseido.mhlw.go.jp/znk-web/juminkanja/S2430/initialize?prefCd=42&kikanCd=csa0293&kikanKbn=2", "url2": "https://sasebo-haraganka.net", "内容": "医療法人　原心会　原眼科医院【2:診療所】【診療科目:眼科】長崎県佐世保市栄町６番１８号" }, "geometry": { "type": "Point", "coordinates": [ 129.719928, 33.173499 ] } },
{ "type": "Feature", "properties": { "ID": "422csa0299", "正式名称": "松永クリニック", "機関区分": 2, "都道府県コード": 42, "市区町村コード": 202, "所在地": "長崎県佐世保市早岐３－６－３", "緯度": 33.139409, "経度": 129.79517, "url": "https://www.iryou.teikyouseido.mhlw.go.jp/znk-web/juminkanja/S2430/initialize?prefCd=42&kikanCd=csa0299&kikanKbn=2", "url2": null, "内容": "松永クリニック【2:診療所】【診療科目:内科】長崎県佐世保市早岐３－６－３" }, "geometry": { "type": "Point", "coordinates": [ 129.79517, 33.139409 ] } },
{ "type": "Feature", "properties": { "ID": "422csa0300", "正式名称": "佐世保駅前メンタルクリニック", "機関区分": 2, "都道府県コード": 42, "市区町村コード": 202, "所在地": "長崎県佐世保市白南風町１－１６", "緯度": 33.163684, "経度": 129.727129, "url": "https://www.iryou.teikyouseido.mhlw.go.jp/znk-web/juminkanja/S2430/initialize?prefCd=42&kikanCd=csa0300&kikanKbn=2", "url2": "https://saseboekimae-mental-clinic.com/information/", "内容": "佐世保駅前メンタルクリニック【2:診療所】【診療科目:精神科_心療内科】長崎県佐世保市白南風町１－１６" }, "geometry": { "type": "Point", "coordinates": [ 129.727129, 33.163684 ] } },
{ "type": "Feature", "properties": { "ID": "422csa0304", "正式名称": "エミナルクリニック佐世保院", "機関区分": 2, "都道府県コード": 42, "市区町村コード": 202, "所在地": "長崎県佐世保市下京町９－１３ＤＫビルⅡ３階", "緯度": 33.169814, "経度": 129.723969, "url": "https://www.iryou.teikyouseido.mhlw.go.jp/znk-web/juminkanja/S2430/initialize?prefCd=42&kikanCd=csa0304&kikanKbn=2", "url2": null, "内容": "エミナルクリニック佐世保院【2:診療所】【診療科目:美容皮膚科】長崎県佐世保市下京町９－１３ＤＫビルⅡ３階" }, "geometry": { "type": "Point", "coordinates": [ 129.723969, 33.169814 ] } },
{ "type": "Feature", "properties": { "ID": "422csa0305", "正式名称": "佐世保乳腺Ｂ．Ｂクリニック", "機関区分": 2, "都道府県コード": 42, "市区町村コード": 202, "所在地": "長崎県佐世保市常盤町５－５サンクル３番館１０１", "緯度": 33.173874, "経度": 129.719141, "url": "https://www.iryou.teikyouseido.mhlw.go.jp/znk-web/juminkanja/S2430/initialize?prefCd=42&kikanCd=csa0305&kikanKbn=2", "url2": "https://sasebo-bbc.jp/clinic/about", "内容": "佐世保乳腺Ｂ．Ｂクリニック【2:診療所】【診療科目:内科_外科_乳腺外科_乳腺・内分泌外科】長崎県佐世保市常盤町５－５サンクル３番館１０１" }, "geometry": { "type": "Point", "coordinates": [ 129.719141, 33.173874 ] } },
{ "type": "Feature", "properties": { "ID": "422ctu0002", "正式名称": "対馬市一重へき地診療所", "機関区分": 2, "都道府県コード": 42, "市区町村コード": 209, "所在地": "長崎県対馬市上対馬町一重５１４番地１０", "緯度": 34.530488, "経度": 129.444751, "url": "https://www.iryou.teikyouseido.mhlw.go.jp/znk-web/juminkanja/S2430/initialize?prefCd=42&kikanCd=ctu0002&kikanKbn=2", "url2": null, "内容": "対馬市一重へき地診療所【2:診療所】【診療科目:内科】長崎県対馬市上対馬町一重５１４番地１０" }, "geometry": { "type": "Point", "coordinates": [ 129.444751, 34.530488 ] } },
{ "type": "Feature", "properties": { "ID": "422ctu0005", "正式名称": "伊奈診療所", "機関区分": 2, "都道府県コード": 42, "市区町村コード": 209, "所在地": "長崎県対馬市上県町伊奈１２７９番地の３", "緯度": 34.560162, "経度": 129.314102, "url": "https://www.iryou.teikyouseido.mhlw.go.jp/znk-web/juminkanja/S2430/initialize?prefCd=42&kikanCd=ctu0005&kikanKbn=2", "url2": null, "内容": "伊奈診療所【2:診療所】【診療科目:内科】長崎県対馬市上県町伊奈１２７９番地の３" }, "geometry": { "type": "Point", "coordinates": [ 129.314102, 34.560162 ] } },
{ "type": "Feature", "properties": { "ID": "422ctu0006", "正式名称": "佐護診療所", "機関区分": 2, "都道府県コード": 42, "市区町村コード": 209, "所在地": "長崎県対馬市上県町佐護北里９１４番地１", "緯度": 34.618579, "経度": 129.354402, "url": "https://www.iryou.teikyouseido.mhlw.go.jp/znk-web/juminkanja/S2430/initialize?prefCd=42&kikanCd=ctu0006&kikanKbn=2", "url2": "http://rxl07105.wixsite.com/my-site-1", "内容": "佐護診療所【2:診療所】【診療科目:内科_小児科】長崎県対馬市上県町佐護北里９１４番地１" }, "geometry": { "type": "Point", "coordinates": [ 129.354402, 34.618579 ] } },
{ "type": "Feature", "properties": { "ID": "422ctu0008", "正式名称": "今里診療所", "機関区分": 2, "都道府県コード": 42, "市区町村コード": 209, "所在地": "長崎県対馬市美津島町今里２６３番地３", "緯度": 34.288832, "経度": 129.220472, "url": "https://www.iryou.teikyouseido.mhlw.go.jp/znk-web/juminkanja/S2430/initialize?prefCd=42&kikanCd=ctu0008&kikanKbn=2", "url2": null, "内容": "今里診療所【2:診療所】【診療科目:内科_外科】長崎県対馬市美津島町今里２６３番地３" }, "geometry": { "type": "Point", "coordinates": [ 129.220472, 34.288832 ] } },
{ "type": "Feature", "properties": { "ID": "422ctu0010", "正式名称": "鹿見診療所", "機関区分": 2, "都道府県コード": 42, "市区町村コード": 209, "所在地": "長崎県対馬市上県町鹿見８３３番地", "緯度": 34.514704, "経度": 129.314269, "url": "https://www.iryou.teikyouseido.mhlw.go.jp/znk-web/juminkanja/S2430/initialize?prefCd=42&kikanCd=ctu0010&kikanKbn=2", "url2": null, "内容": "鹿見診療所【2:診療所】【診療科目:内科】長崎県対馬市上県町鹿見８３３番地" }, "geometry": { "type": "Point", "coordinates": [ 129.314269, 34.514704 ] } },
{ "type": "Feature", "properties": { "ID": "422ctu0012", "正式名称": "豊玉診療所", "機関区分": 2, "都道府県コード": 42, "市区町村コード": 209, "所在地": "長崎県対馬市豊玉町仁位１６５番地１", "緯度": 34.389385, "経度": 129.314395, "url": "https://www.iryou.teikyouseido.mhlw.go.jp/znk-web/juminkanja/S2430/initialize?prefCd=42&kikanCd=ctu0012&kikanKbn=2", "url2": null, "内容": "豊玉診療所【2:診療所】【診療科目:内科_循環器内科_消化器内科_整形外科_小児科_リハビリテーション科】長崎県対馬市豊玉町仁位１６５番地１" }, "geometry": { "type": "Point", "coordinates": [ 129.314395, 34.389385 ] } },
{ "type": "Feature", "properties": { "ID": "422ctu0013", "正式名称": "豆酘出張診療所", "機関区分": 2, "都道府県コード": 42, "市区町村コード": 209, "所在地": "長崎県対馬市厳原町豆酘３１１１番地", "緯度": 34.124424, "経度": 129.190773, "url": "https://www.iryou.teikyouseido.mhlw.go.jp/znk-web/juminkanja/S2430/initialize?prefCd=42&kikanCd=ctu0013&kikanKbn=2", "url2": null, "内容": "豆酘出張診療所【2:診療所】【診療科目:内科_外科_整形外科_泌尿器科】長崎県対馬市厳原町豆酘３１１１番地" }, "geometry": { "type": "Point", "coordinates": [ 129.190773, 34.124424 ] } },
{ "type": "Feature", "properties": { "ID": "422ctu0016", "正式名称": "佐賀診療所", "機関区分": 2, "都道府県コード": 42, "市区町村コード": 209, "所在地": "長崎県対馬市峰町佐賀３９２", "緯度": 34.459572, "経度": 129.376612, "url": "https://www.iryou.teikyouseido.mhlw.go.jp/znk-web/juminkanja/S2430/initialize?prefCd=42&kikanCd=ctu0016&kikanKbn=2", "url2": null, "内容": "佐賀診療所【2:診療所】【診療科目:内科_外科】長崎県対馬市峰町佐賀３９２" }, "geometry": { "type": "Point", "coordinates": [ 129.376612, 34.459572 ] } },
{ "type": "Feature", "properties": { "ID": "422ctu0017", "正式名称": "久根出張診療所", "機関区分": 2, "都道府県コード": 42, "市区町村コード": 209, "所在地": "長崎県対馬市厳原町久根田舎４６７", "緯度": 34.174278, "経度": 129.192662, "url": "https://www.iryou.teikyouseido.mhlw.go.jp/znk-web/juminkanja/S2430/initialize?prefCd=42&kikanCd=ctu0017&kikanKbn=2", "url2": null, "内容": "久根出張診療所【2:診療所】【診療科目:内科_外科】長崎県対馬市厳原町久根田舎４６７" }, "geometry": { "type": "Point", "coordinates": [ 129.192662, 34.174278 ] } },
{ "type": "Feature", "properties": { "ID": "422ctu0019", "正式名称": "三根診療所", "機関区分": 2, "都道府県コード": 42, "市区町村コード": 209, "所在地": "長崎県対馬市峰町三根３番地７０", "緯度": 34.463267, "経度": 129.310585, "url": "https://www.iryou.teikyouseido.mhlw.go.jp/znk-web/juminkanja/S2430/initialize?prefCd=42&kikanCd=ctu0019&kikanKbn=2", "url2": null, "内容": "三根診療所【2:診療所】【診療科目:内科_外科_小児科_産婦人科】長崎県対馬市峰町三根３番地７０" }, "geometry": { "type": "Point", "coordinates": [ 129.310585, 34.463267 ] } },
{ "type": "Feature", "properties": { "ID": "422ctu0022", "正式名称": "仁田診療所", "機関区分": 2, "都道府県コード": 42, "市区町村コード": 209, "所在地": "長崎県対馬市上県町樫滝６７５番地第１", "緯度": 34.529229, "経度": 129.348762, "url": "https://www.iryou.teikyouseido.mhlw.go.jp/znk-web/juminkanja/S2430/initialize?prefCd=42&kikanCd=ctu0022&kikanKbn=2", "url2": null, "内容": "仁田診療所【2:診療所】【診療科目:内科_外科_整形外科_歯科】長崎県対馬市上県町樫滝６７５番地第１" }, "geometry": { "type": "Point", "coordinates": [ 129.348762, 34.529229 ] } },
{ "type": "Feature", "properties": { "ID": "422ctu0023", "正式名称": "鴨居瀬診療所", "機関区分": 2, "都道府県コード": 42, "市区町村コード": 209, "所在地": "長崎県対馬市美津島町鴨居瀬１８２番地２", "緯度": 34.33377, "経度": 129.382612, "url": "https://www.iryou.teikyouseido.mhlw.go.jp/znk-web/juminkanja/S2430/initialize?prefCd=42&kikanCd=ctu0023&kikanKbn=2", "url2": null, "内容": "鴨居瀬診療所【2:診療所】【診療科目:内科】長崎県対馬市美津島町鴨居瀬１８２番地２" }, "geometry": { "type": "Point", "coordinates": [ 129.382612, 34.33377 ] } },
{ "type": "Feature", "properties": { "ID": "422ctu0024", "正式名称": "水崎診療所", "機関区分": 2, "都道府県コード": 42, "市区町村コード": 209, "所在地": "長崎県対馬市豊玉町嵯峨６１５番地", "緯度": 34.358081, "経度": 129.272308, "url": "https://www.iryou.teikyouseido.mhlw.go.jp/znk-web/juminkanja/S2430/initialize?prefCd=42&kikanCd=ctu0024&kikanKbn=2", "url2": null, "内容": "水崎診療所【2:診療所】【診療科目:内科】長崎県対馬市豊玉町嵯峨６１５番地" }, "geometry": { "type": "Point", "coordinates": [ 129.272308, 34.358081 ] } },
{ "type": "Feature", "properties": { "ID": "422ctu0025", "正式名称": "医療法人すとう内科医院", "機関区分": 2, "都道府県コード": 42, "市区町村コード": 209, "所在地": "長崎県対馬市厳原町田渕７９３", "緯度": 34.205371, "経度": 129.29137, "url": "https://www.iryou.teikyouseido.mhlw.go.jp/znk-web/juminkanja/S2430/initialize?prefCd=42&kikanCd=ctu0025&kikanKbn=2", "url2": null, "内容": "医療法人すとう内科医院【2:診療所】【診療科目:内科_消化器内科_小児科_皮膚科_放射線科】長崎県対馬市厳原町田渕７９３" }, "geometry": { "type": "Point", "coordinates": [ 129.29137, 34.205371 ] } },
{ "type": "Feature", "properties": { "ID": "422ctu0028", "正式名称": "佐須奈診療所", "機関区分": 2, "都道府県コード": 42, "市区町村コード": 209, "所在地": "長崎県対馬市上県町佐須奈乙１０７７番地", "緯度": 34.63708, "経度": 129.398405, "url": "https://www.iryou.teikyouseido.mhlw.go.jp/znk-web/juminkanja/S2430/initialize?prefCd=42&kikanCd=ctu0028&kikanKbn=2", "url2": "https://www.489map.com/helios/A2344253/reserve/syoshin", "内容": "佐須奈診療所【2:診療所】【診療科目:内科_小児科_皮膚科_アレルギー科_放射線科】長崎県対馬市上県町佐須奈乙１０７７番地" }, "geometry": { "type": "Point", "coordinates": [ 129.398405, 34.63708 ] } },
{ "type": "Feature", "properties": { "ID": "422ctu0031", "正式名称": "梅野眼科医院対馬診療所", "機関区分": 2, "都道府県コード": 42, "市区町村コード": 209, "所在地": "長崎県対馬市豊玉町曽８００", "緯度": 34.429084, "経度": 129.305056, "url": "https://www.iryou.teikyouseido.mhlw.go.jp/znk-web/juminkanja/S2430/initialize?prefCd=42&kikanCd=ctu0031&kikanKbn=2", "url2": null, "内容": "梅野眼科医院対馬診療所【2:診療所】【診療科目:眼科】長崎県対馬市豊玉町曽８００" }, "geometry": { "type": "Point", "coordinates": [ 129.305056, 34.429084 ] } },
{ "type": "Feature", "properties": { "ID": "422ctu0033", "正式名称": "医療法人東島医院", "機関区分": 2, "都道府県コード": 42, "市区町村コード": 209, "所在地": "長崎県対馬市厳原町今屋敷６９７", "緯度": 34.20351, "経度": 129.290289, "url": "https://www.iryou.teikyouseido.mhlw.go.jp/znk-web/juminkanja/S2430/initialize?prefCd=42&kikanCd=ctu0033&kikanKbn=2", "url2": null, "内容": "医療法人東島医院【2:診療所】【診療科目:内科_外科_肛門外科_皮膚科】長崎県対馬市厳原町今屋敷６９７" }, "geometry": { "type": "Point", "coordinates": [ 129.290289, 34.20351 ] } },
{ "type": "Feature", "properties": { "ID": "422ctu0034", "正式名称": "今屋敷ことう診療所", "機関区分": 2, "都道府県コード": 42, "市区町村コード": 209, "所在地": "長崎県対馬市厳原町今屋敷６８１番地１", "緯度": 34.203621, "経度": 129.28993, "url": "https://www.iryou.teikyouseido.mhlw.go.jp/znk-web/juminkanja/S2430/initialize?prefCd=42&kikanCd=ctu0034&kikanKbn=2", "url2": "https:///www.iimakoto.com", "内容": "今屋敷ことう診療所【2:診療所】【診療科目:内科_消化器内科_外科_肛門外科_眼科】長崎県対馬市厳原町今屋敷６８１番地１" }, "geometry": { "type": "Point", "coordinates": [ 129.28993, 34.203621 ] } },
{ "type": "Feature", "properties": { "ID": "422ctu0037", "正式名称": "対馬整形外科", "機関区分": 2, "都道府県コード": 42, "市区町村コード": 209, "所在地": "長崎県対馬市美津島町鶏知　乙５０７－２", "緯度": 34.267448, "経度": 129.315743, "url": "https://www.iryou.teikyouseido.mhlw.go.jp/znk-web/juminkanja/S2430/initialize?prefCd=42&kikanCd=ctu0037&kikanKbn=2", "url2": "http://tsushimaseikei.jp", "内容": "対馬整形外科【2:診療所】【診療科目:整形外科_リハビリテーション科】長崎県対馬市美津島町鶏知　乙５０７－２" }, "geometry": { "type": "Point", "coordinates": [ 129.315743, 34.267448 ] } },
{ "type": "Feature", "properties": { "ID": "422ctu0038", "正式名称": "いづはらメンタルクリニック", "機関区分": 2, "都道府県コード": 42, "市区町村コード": 209, "所在地": "長崎県対馬市厳原町今屋敷７２４", "緯度": 34.202286, "経度": 129.290388, "url": "https://www.iryou.teikyouseido.mhlw.go.jp/znk-web/juminkanja/S2430/initialize?prefCd=42&kikanCd=ctu0038&kikanKbn=2", "url2": "nakaniwa.main.jp", "内容": "いづはらメンタルクリニック【2:診療所】【診療科目:神経内科_精神科】長崎県対馬市厳原町今屋敷７２４" }, "geometry": { "type": "Point", "coordinates": [ 129.290388, 34.202286 ] } },
{ "type": "Feature", "properties": { "ID": "422ctu0039", "正式名称": "医療法人　清光会　みつしま眼科医院", "機関区分": 2, "都道府県コード": 42, "市区町村コード": 209, "所在地": "長崎県対馬市美津島町鶏知乙５２０ー３５　ライフベース２階", "緯度": 34.271943, "経度": 129.318655, "url": "https://www.iryou.teikyouseido.mhlw.go.jp/znk-web/juminkanja/S2430/initialize?prefCd=42&kikanCd=ctu0039&kikanKbn=2", "url2": "http://www.mitsushimaeye.com/index.htm", "内容": "医療法人　清光会　みつしま眼科医院【2:診療所】【診療科目:眼科】長崎県対馬市美津島町鶏知乙５２０ー３５　ライフベース２階" }, "geometry": { "type": "Point", "coordinates": [ 129.318655, 34.271943 ] } },
{ "type": "Feature", "properties": { "ID": "422ctu0040", "正式名称": "いづはら診療所", "機関区分": 2, "都道府県コード": 42, "市区町村コード": 209, "所在地": "長崎県対馬市厳原町東里３０３番地１", "緯度": 34.197901, "経度": 129.294432, "url": "https://www.iryou.teikyouseido.mhlw.go.jp/znk-web/juminkanja/S2430/initialize?prefCd=42&kikanCd=ctu0040&kikanKbn=2", "url2": null, "内容": "いづはら診療所【2:診療所】【診療科目:内科_整形外科】長崎県対馬市厳原町東里３０３番地１" }, "geometry": { "type": "Point", "coordinates": [ 129.294432, 34.197901 ] } },
{ "type": "Feature", "properties": { "ID": "422ctu0043", "正式名称": "佐須出張診療所", "機関区分": 2, "都道府県コード": 42, "市区町村コード": 209, "所在地": "長崎県対馬市厳原町小茂田７１３番地４", "緯度": 34.232384, "経度": 129.193247, "url": "https://www.iryou.teikyouseido.mhlw.go.jp/znk-web/juminkanja/S2430/initialize?prefCd=42&kikanCd=ctu0043&kikanKbn=2", "url2": null, "内容": "佐須出張診療所【2:診療所】【診療科目:内科_外科】長崎県対馬市厳原町小茂田７１３番地４" }, "geometry": { "type": "Point", "coordinates": [ 129.193247, 34.232384 ] } },
{ "type": "Feature", "properties": { "ID": "422ctu0044", "正式名称": "のぐちクリニック", "機関区分": 2, "都道府県コード": 42, "市区町村コード": 209, "所在地": "長崎県対馬市美津島町鶏知乙４９７番地１４", "緯度": 34.267448, "経度": 129.315743, "url": "https://www.iryou.teikyouseido.mhlw.go.jp/znk-web/juminkanja/S2430/initialize?prefCd=42&kikanCd=ctu0044&kikanKbn=2", "url2": null, "内容": "のぐちクリニック【2:診療所】【診療科目:内科_呼吸器内科】長崎県対馬市美津島町鶏知乙４９７番地１４" }, "geometry": { "type": "Point", "coordinates": [ 129.315743, 34.267448 ] } },
{ "type": "Feature", "properties": { "ID": "422ctu0045", "正式名称": "豊田クリニック", "機関区分": 2, "都道府県コード": 42, "市区町村コード": 209, "所在地": "長崎県対馬市美津島町鶏知乙３８７−１１ショッピングセンターパル２１内", "緯度": 34.268505, "経度": 129.31285, "url": "https://www.iryou.teikyouseido.mhlw.go.jp/znk-web/juminkanja/S2430/initialize?prefCd=42&kikanCd=ctu0045&kikanKbn=2", "url2": null, "内容": "豊田クリニック【2:診療所】【診療科目:皮膚科】長崎県対馬市美津島町鶏知乙３８７−１１ショッピングセンターパル２１内" }, "geometry": { "type": "Point", "coordinates": [ 129.31285, 34.268505 ] } },
{ "type": "Feature", "properties": { "ID": "422kyu0003", "正式名称": "小児の日曜診療所", "機関区分": 2, "都道府県コード": 42, "市区町村コード": 203, "所在地": "長崎県島原市下川尻町７８９５番地", "緯度": 32.769394, "経度": 130.367564, "url": "https://www.iryou.teikyouseido.mhlw.go.jp/znk-web/juminkanja/S2430/initialize?prefCd=42&kikanCd=kyu0003&kikanKbn=2", "url2": null, "内容": "小児の日曜診療所【2:診療所】【診療科目:小児科】長崎県島原市下川尻町７８９５番地" }, "geometry": { "type": "Point", "coordinates": [ 130.367564, 32.769394 ] } }
]
}
